year,age_mother,citizenship,asfr
2025,14,italiani,0.01892213519070299
2025,15,italiani,0.07016450875068113
2025,16,italiani,0.8005940685027347
2025,17,italiani,1.6183900600619083
2025,18,italiani,3.085013562383268
2025,19,italiani,5.56541750115598
2025,20,italiani,7.764788499431397
2025,21,italiani,10.157387413915252
2025,22,italiani,12.960233757046499
2025,23,italiani,16.39416186204363
2025,24,italiani,20.479679937036735
2025,25,italiani,26.818258128837588
2025,26,italiani,34.3773813695167
2025,27,italiani,43.725872887110874
2025,28,italiani,53.18779017123736
2025,29,italiani,64.11488955500532
2025,30,italiani,73.77067556100071
2025,31,italiani,81.30321951952665
2025,32,italiani,85.06491004378147
2025,33,italiani,85.09268953353975
2025,34,italiani,83.07411188391231
2025,35,italiani,78.81919338336951
2025,36,italiani,70.73589593020237
2025,37,italiani,60.243429235542855
2025,38,italiani,49.97537754755986
2025,39,italiani,40.058898327748025
2025,40,italiani,29.97940138157711
2025,41,italiani,21.314975224689697
2025,42,italiani,13.840339960805283
2025,43,italiani,8.387781091756551
2025,44,italiani,5.133061356613531
2025,45,italiani,3.1175952421384556
2025,46,italiani,2.0250026237455185
2025,47,italiani,1.2545110731375189
2025,48,italiani,0.7895866091803829
2025,49,italiani,0.5238057200896858
2025,50,italiani,0.9535899230732984
2026,14,italiani,0.018899864196189872
2026,15,italiani,0.07008192645361722
2026,16,italiani,0.7996517844567133
2026,17,italiani,1.6164852456324332
2026,18,italiani,3.0813825598865465
2026,19,italiani,5.558867110231156
2026,20,italiani,7.755649490523388
2026,21,italiani,10.145432361428675
2026,22,italiani,12.944979807532716
2026,23,italiani,16.37486624422899
2026,24,italiani,20.455575741875275
2026,25,italiani,26.786693547271113
2026,26,italiani,34.336919843154064
2026,27,italiani,43.674408363401696
2026,28,italiani,53.12518915020404
2026,29,italiani,64.03942754508424
2026,30,italiani,73.68384887394399
2026,31,italiani,81.20752717098513
2026,32,italiani,84.96479025678327
2026,33,italiani,84.99253705060858
2026,34,italiani,82.9763352286193
2026,35,italiani,78.72642468651377
2026,36,italiani,70.6526411212569
2026,37,italiani,60.17252386104709
2026,38,italiani,49.916557475303975
2026,39,italiani,40.01174976359987
2026,40,italiani,29.94411619431115
2026,41,italiani,21.289887902804924
2026,42,italiani,13.824050142969172
2026,43,italiani,8.377908832374136
2026,44,italiani,5.127019840676956
2026,45,italiani,3.11392589162214
2026,46,italiani,2.0226192340345808
2026,47,italiani,1.253034537379534
2026,48,italiani,0.788657280705374
2026,49,italiani,0.523189210684141
2026,50,italiani,0.9524675658059765
2027,14,italiani,0.01897342470787171
2027,15,italiani,0.07035469361829431
2027,16,italiani,0.802764123985787
2027,17,italiani,1.6227767978129422
2027,18,italiani,3.0933756660506866
2027,19,italiani,5.580502879925329
2027,20,italiani,7.785835397629688
2027,21,italiani,10.184919586733216
2027,22,italiani,12.9953632033322
2027,23,italiani,16.438599164589863
2027,24,italiani,20.535191267293825
2027,25,italiani,26.890950533625492
2027,26,italiani,34.47056320519207
2027,27,italiani,43.84439433754753
2027,28,italiani,53.33195868338783
2027,29,italiani,64.28867658778253
2027,30,italiani,73.97063514762245
2027,31,italiani,81.52359649238896
2027,32,italiani,85.29548329147126
2027,33,italiani,85.323338079107
2027,34,italiani,83.29928896064301
2027,35,italiani,79.0328372629591
2027,36,italiani,70.92762957506815
2027,37,italiani,60.406722456257015
2027,38,italiani,50.110838633684956
2027,39,italiani,40.16748023633466
2027,40,italiani,30.06066224386202
2027,41,italiani,21.372750670046127
2027,42,italiani,13.877854984711746
2027,43,italiani,8.410516646596284
2027,44,italiani,5.146974809610498
2027,45,italiani,3.1260456602908073
2027,46,italiani,2.0304915078376435
2027,47,italiani,1.2579114963231455
2027,48,italiani,0.791726828322652
2027,49,italiani,0.5252255251065537
2027,50,italiani,0.9561746824695535
2028,14,italiani,0.019097663322300448
2028,15,italiani,0.0708153784861173
2028,16,italiani,0.8080206501012709
2028,17,italiani,1.63340279412049
2028,18,italiani,3.1136311925344358
2028,19,italiani,5.617044197915743
2028,20,italiani,7.83681730610773
2028,21,italiani,10.251610778070901
2028,22,italiani,13.080457272707582
2028,23,italiani,16.546239657268593
2028,24,italiani,20.669656380965122
2028,25,italiani,27.06703336982445
2028,26,italiani,34.696277596617385
2028,27,italiani,44.13148888620348
2028,28,italiani,53.68117811812941
2028,29,italiani,64.70964097485019
2028,30,italiani,74.454997320538
2028,31,italiani,82.05741570675883
2028,32,italiani,85.85400094573352
2028,33,italiani,85.88203812744278
2028,34,italiani,83.84473546820345
2028,35,italiani,79.55034690326396
2028,36,italiani,71.39206604654319
2028,37,italiani,60.80226767888797
2028,38,italiani,50.43896606748073
2028,39,italiani,40.43049822947459
2028,40,italiani,30.257500457494494
2028,41,italiani,21.5127001504726
2028,42,italiani,13.968727639548185
2028,43,italiani,8.465588988616302
2028,44,italiani,5.1806773714142365
2028,45,italiani,3.1465151109806646
2028,46,italiani,2.043787233592331
2028,47,italiani,1.266148342532166
2028,48,italiani,0.7969110818599724
2028,49,italiani,0.5286647192692592
2028,50,italiani,0.9624357460113702
2029,14,italiani,0.019296430081822566
2029,15,italiani,0.07155241856628153
2029,16,italiani,0.8164304562402263
2029,17,italiani,1.6504031032631583
2029,18,italiani,3.1460375855073597
2029,19,italiani,5.675505887938758
2029,20,italiani,7.918382194681452
2029,21,italiani,10.358308619573833
2029,22,italiani,13.216597493701405
2029,23,italiani,16.718451429119824
2029,24,italiani,20.884784302635133
2029,25,italiani,27.34874461491247
2029,26,italiani,35.05739332836801
2029,27,italiani,44.59080544712295
2029,28,italiani,54.239886984329324
2029,29,italiani,65.38313308900803
2029,30,italiani,75.22991822567043
2029,31,italiani,82.91146189762168
2029,32,italiani,86.74756165376347
2029,33,italiani,86.77589064393435
2029,34,italiani,84.71738392213989
2029,35,italiani,80.37829974785927
2029,36,italiani,72.13510823888775
2029,37,italiani,61.43509220376148
2029,38,italiani,50.96393028271916
2029,39,italiani,40.851295213027726
2029,40,italiani,30.572417796630557
2029,41,italiani,21.73660239575343
2029,42,italiani,14.114112898503812
2029,43,italiani,8.553698076221199
2029,44,italiani,5.234597394815379
2029,45,italiani,3.1792637568145605
2029,46,italiani,2.0650587870131862
2029,47,italiani,1.2793263004253468
2029,48,italiani,0.8052052606134331
2029,49,italiani,0.5341670140447733
2029,50,italiani,0.9724526905586933
2030,14,italiani,0.01952932125531803
2030,15,italiani,0.07241599419429563
2030,16,italiani,0.8262840636808242
2030,17,italiani,1.6703220371711245
2030,18,italiani,3.1840075303128414
2030,19,italiani,5.744004321110996
2030,20,italiani,8.013950199420428
2030,21,italiani,10.483324419885685
2030,22,italiani,13.37611036146366
2030,23,italiani,16.920228636398306
2030,24,italiani,21.136845533848163
2030,25,italiani,27.6788202402995
2030,26,italiani,35.480505657297016
2030,27,italiani,45.12897779110854
2030,28,italiani,54.89451537292133
2030,29,italiani,66.17225079250767
2030,30,italiani,76.13787808473516
2030,31,italiani,83.91213132588817
2030,32,italiani,87.79452947867976
2030,33,italiani,87.82320037518963
2030,34,italiani,85.73984926279783
2030,35,italiani,81.34839610622574
2030,36,italiani,73.00571642582915
2030,37,italiani,62.17656047827999
2030,38,italiani,51.579020715465276
2030,39,italiani,41.34433491211351
2030,40,italiani,30.941400361128746
2030,41,italiani,21.99894433248918
2030,42,italiani,14.284457998703276
2030,43,italiani,8.656933792581688
2030,44,italiani,5.2977744449166435
2030,45,italiani,3.2176347126875657
2030,46,italiani,2.089982255354497
2030,47,italiani,1.2947666591925542
2030,48,italiani,0.814923389679474
2030,49,italiani,0.540613946571461
2030,50,italiani,0.9841893510348909
2031,14,italiani,0.019716793551156006
2031,15,italiani,0.0731111536680688
2031,16,italiani,0.8342160019395792
2031,17,italiani,1.6863563428698936
2031,18,italiani,3.2145725045825237
2031,19,italiani,5.799144060137445
2031,20,italiani,8.090880350907769
2031,21,italiani,10.583959402090974
2031,22,italiani,13.504514727701572
2031,23,italiani,17.0826548706283
2031,24,italiani,21.33974930644723
2031,25,italiani,27.94452389219281
2031,26,italiani,35.821101818633366
2031,27,italiani,45.56219474548765
2031,28,italiani,55.42147689356672
2031,29,italiani,66.80747326719862
2031,30,italiani,76.86876589277357
2031,31,italiani,84.71764830738789
2031,32,italiani,88.63731565584406
2031,33,italiani,88.66626177947126
2031,34,italiani,86.56291147658172
2031,35,italiani,82.12930243581046
2031,36,italiani,73.70653695557077
2031,37,italiani,62.773426205858605
2031,38,italiani,52.074155047282865
2031,39,italiani,41.741221075464296
2031,40,italiani,31.238423247193627
2031,41,italiani,22.2101238479524
2031,42,italiani,14.421582074896596
2031,43,italiani,8.740036284050547
2031,44,italiani,5.348630587075185
2031,45,italiani,3.248522492087029
2031,46,italiani,2.11004510170484
2031,47,italiani,1.3071958099551386
2031,48,italiani,0.8227462708128198
2031,49,italiani,0.5458035861088915
2031,50,italiani,0.9936371057604964
2032,14,italiani,0.019859304497549482
2032,15,italiani,0.07363959353199102
2032,16,italiani,0.840245628999605
2032,17,italiani,1.6985451522599953
2032,18,italiani,3.2378071024744126
2032,19,italiani,5.841059674161503
2032,20,italiani,8.149360398029662
2032,21,italiani,10.660459166977626
2032,22,italiani,13.602123964692165
2032,23,italiani,17.20612653483222
2032,24,italiani,21.49399080933516
2032,25,italiani,28.146504023295716
2032,26,italiani,36.08001304107862
2032,27,italiani,45.89151358103242
2032,28,italiani,55.822057601689174
2032,29,italiani,67.29035078056118
2032,30,italiani,77.42436538957082
2032,31,italiani,85.32997871522987
2032,32,italiani,89.27797701424993
2032,33,italiani,89.3071323574676
2032,34,italiani,87.18857925593416
2032,35,italiani,82.72292454715407
2032,36,italiani,74.23928018837235
2032,37,italiani,63.22714604391176
2032,38,italiani,52.45054165898899
2032,39,italiani,42.04292230815459
2032,40,italiani,31.46421134246617
2032,41,italiani,22.370656328087964
2032,42,italiani,14.525819779909448
2032,43,italiani,8.803208363178003
2032,44,italiani,5.387289936268831
2032,45,italiani,3.272002476980448
2032,46,italiani,2.125296289662795
2032,47,italiani,1.316644086193106
2032,48,italiani,0.8286929958414623
2032,49,italiani,0.5497485980297964
2032,50,italiani,1.000819012085488
2033,14,italiani,0.02003250702155531
2033,15,italiani,0.07428183976312555
2033,16,italiani,0.8475738143217826
2033,17,italiani,1.7133589795793558
2033,18,italiani,3.2660455718760866
2033,19,italiani,5.892002358411008
2033,20,italiani,8.220434880529593
2033,21,italiani,10.75343414679172
2033,22,italiani,13.720754614764305
2033,23,italiani,17.356189420698357
2033,24,italiani,21.681450217069923
2033,25,italiani,28.39198319097637
2033,26,italiani,36.394684147795836
2033,27,italiani,46.29175549200485
2033,28,italiani,56.30890855223502
2033,29,italiani,67.87722221897782
2033,30,italiani,78.09962043219721
2033,31,italiani,86.07418240517606
2033,32,italiani,90.05661309180796
2033,33,italiani,90.08602271276402
2033,34,italiani,87.94899269304489
2033,35,italiani,83.44439086670613
2033,36,italiani,74.88675657459669
2033,37,italiani,63.77858032409221
2033,38,italiani,52.9079880011774
2033,39,italiani,42.40959880789061
2033,40,italiani,31.738625827678405
2033,41,italiani,22.56576155647952
2033,42,italiani,14.652506424421322
2033,43,italiani,8.879985367530788
2033,44,italiani,5.43427507689287
2033,45,italiani,3.3005391806518314
2033,46,italiani,2.1438320184278807
2033,47,italiani,1.328127171060158
2033,48,italiani,0.8359204251063393
2033,49,italiani,0.5545432193499527
2033,50,italiani,1.0095476349326586
2034,14,italiani,0.020087121859719757
2034,15,italiani,0.07448435513740473
2034,16,italiani,0.8498845638775819
2034,17,italiani,1.718030128491803
2034,18,italiani,3.274949826852949
2034,19,italiani,5.9080657874627445
2034,20,italiani,8.242846340071747
2034,21,italiani,10.782751349326936
2034,22,italiani,13.75816165483039
2034,23,italiani,17.403507785561175
2034,24,italiani,21.74056058670572
2034,25,italiani,28.469388558436087
2034,26,italiani,36.49390736447257
2034,27,italiani,46.417961200148305
2034,28,italiani,56.46242413191199
2034,29,italiani,68.06227661594136
2034,30,italiani,78.31254426275021
2034,31,italiani,86.30884736933345
2034,32,italiani,90.30213539934316
2034,33,italiani,90.3316252000634
2034,34,italiani,88.18876897254341
2034,35,italiani,83.67188620206342
2034,36,italiani,75.09092114004928
2034,37,italiani,63.95246054981785
2034,38,italiani,53.05223161477911
2034,39,italiani,42.52522055074186
2034,40,italiani,31.8251551827549
2034,41,italiani,22.62728283357871
2034,42,italiani,14.692453709412273
2034,43,italiani,8.904194966620334
2034,44,italiani,5.449090599161064
2034,45,italiani,3.30953747592325
2034,46,italiani,2.1496767705905637
2034,47,italiani,1.3317480583725254
2034,48,italiani,0.8381994039024738
2034,49,italiani,0.5560550764603683
2034,50,italiani,1.0122999754480928
2035,14,italiani,0.02023649750037128
2035,15,italiani,0.07503824973439407
2035,16,italiani,0.856204635617856
2035,17,italiani,1.7308060678670054
2035,18,italiani,3.299303625864282
2035,19,italiani,5.952000459546519
2035,20,italiani,8.304143347250728
2035,21,italiani,10.862936076737869
2035,22,italiani,13.86047268902084
2035,23,italiani,17.53292702955277
2035,24,italiani,21.90223183998141
2035,25,italiani,28.68109799020895
2035,26,italiani,36.765290235075696
2035,27,italiani,46.763143189904326
2035,28,italiani,56.882300649630295
2035,29,italiani,68.56841414249736
2035,30,italiani,78.89490676107093
2035,31,italiani,86.95067348358339
2035,32,italiani,90.97365715450941
2035,33,italiani,91.00336625284264
2035,34,italiani,88.84457491405855
2035,35,italiani,84.29410284879059
2035,36,italiani,75.6493263974446
2035,37,italiani,64.42803588771764
2035,38,italiani,53.44674861630843
2035,39,italiani,42.84145460895965
2035,40,italiani,32.06181939863697
2035,41,italiani,22.795548097914406
2035,42,italiani,14.801712502230536
2035,43,italiani,8.970410019076015
2035,44,italiani,5.489612153463479
2035,45,italiani,3.3341484821280565
2035,46,italiani,2.165662602062248
2035,47,italiani,1.3416514542295859
2035,48,italiani,0.8444325802542703
2035,49,italiani,0.5601901179991146
2035,50,italiani,1.019827831276324
2036,14,italiani,0.020308619897638523
2036,15,italiani,0.07530568427722853
2036,16,italiani,0.8592561286378784
2036,17,italiani,1.7369746196540408
2036,18,italiani,3.311062265757646
2036,19,italiani,5.973213248057491
2036,20,italiani,8.333739117242226
2036,21,italiani,10.901651323346169
2036,22,italiani,13.909871085041246
2036,23,italiani,17.595413965765903
2036,24,italiani,21.980290874939083
2036,25,italiani,28.783316743393517
2036,26,italiani,36.89632085773808
2036,27,italiani,46.92980592344036
2036,28,italiani,57.08502782041921
2036,29,italiani,68.81279034468744
2036,30,italiani,79.17608633810393
2036,31,italiani,87.26056362220653
2036,32,italiani,91.29788511154747
2036,33,italiani,91.32770009240272
2036,34,italiani,89.16121487247395
2036,35,italiani,84.59452503266083
2036,36,italiani,75.91893880301703
2036,37,italiani,64.65765587997947
2036,38,italiani,53.63723156111036
2036,39,italiani,42.99414053737968
2036,40,italiani,32.176086962761474
2036,41,italiani,22.876790890834084
2036,42,italiani,14.854465454627647
2036,43,italiani,9.002380347688165
2036,44,italiani,5.509177001015182
2036,45,italiani,3.346031308262944
2036,46,italiani,2.1733809722263473
2036,47,italiani,1.3464330682007952
2036,48,italiani,0.847442117948102
2036,49,italiani,0.5621866222970927
2036,50,italiani,1.023462473486032
2037,14,italiani,0.02038155306487604
2037,15,italiani,0.07557612520787815
2037,16,italiani,0.8623419252722965
2037,17,italiani,1.7432125157327045
2037,18,italiani,3.3229530913863443
2037,19,italiani,5.994664501907419
2037,20,italiani,8.363667590561201
2037,21,italiani,10.940801790642233
2037,22,italiani,13.959824797268416
2037,23,italiani,17.658603354106752
2037,24,italiani,22.05922741707692
2037,25,italiani,28.88668459725445
2037,26,italiani,37.02882447212103
2037,27,italiani,47.0983422100561
2037,28,italiani,57.29003396568017
2037,29,italiani,69.05991372242484
2037,30,italiani,79.46042681890542
2037,31,italiani,87.57393741678125
2037,32,italiani,91.62575790432383
2037,33,italiani,91.65567995798835
2037,34,italiani,89.4814143655055
2037,35,italiani,84.89832443767617
2037,36,italiani,76.19158207903104
2037,37,italiani,64.88985716461865
2037,38,italiani,53.82985583589227
2037,39,italiani,43.14854289745392
2037,40,italiani,32.29163907527981
2037,41,italiani,22.958946981415746
2037,42,italiani,14.90781143375803
2037,43,italiani,9.034710073427432
2037,44,italiani,5.528961788439504
2037,45,italiani,3.358047716183203
2037,46,italiani,2.181186109095183
2037,47,italiani,1.351268435085998
2037,48,italiani,0.8504854876120156
2037,49,italiani,0.5642055704653754
2037,50,italiani,1.0271379748305995
2038,14,italiani,0.020398109250965465
2038,15,italiani,0.07563751662338396
2038,16,italiani,0.8630424162183042
2038,17,italiani,1.744628548687211
2038,18,italiani,3.3256523670289955
2038,19,italiani,5.99953404157014
2038,20,italiani,8.370461500553176
2038,21,italiani,10.949689138423672
2038,22,italiani,13.971164534548675
2038,23,italiani,17.672947654674985
2038,24,italiani,22.077146398665004
2038,25,italiani,28.910149606234697
2038,26,italiani,37.05890344140672
2038,27,italiani,47.13660077237719
2038,28,italiani,57.336571364493025
2038,29,italiani,69.1160119392422
2038,30,italiani,79.52497350035661
2038,31,italiani,87.64507480262426
2038,32,italiani,91.70018663375481
2038,33,italiani,91.73013299347133
2038,34,italiani,89.55410121832112
2038,35,italiani,84.96728839020699
2038,36,italiani,76.25347343771861
2038,37,italiani,64.9425679932348
2038,38,italiani,53.873582489476966
2038,39,italiani,43.183592989241525
2038,40,italiani,32.317869970637055
2038,41,italiani,22.977596816265507
2038,42,italiani,14.919921232235984
2038,43,italiani,9.04204907947685
2038,44,italiani,5.533453032063547
2038,45,italiani,3.3607754996209684
2038,46,italiani,2.1829579133832517
2038,47,italiani,1.3523660870459266
2038,48,italiani,0.8511763474279698
2038,49,italiani,0.5646638815856116
2038,50,italiani,1.027972331633375
2039,14,italiani,0.020511880581174653
2039,15,italiani,0.07605938812010392
2039,16,italiani,0.8678560723524119
2039,17,italiani,1.7543592893290516
2039,18,italiani,3.3442013359042515
2039,19,italiani,6.032996700297318
2039,20,italiani,8.417148108986634
2039,21,italiani,11.01076149975523
2039,22,italiani,14.049089304639404
2039,23,italiani,17.77151927906682
2039,24,italiani,22.200282630660634
2039,25,italiani,29.07139720701869
2039,26,italiani,37.265601066600745
2039,27,italiani,47.39950718715478
2039,28,italiani,57.65636855321843
2039,29,italiani,69.50150946356347
2039,30,italiani,79.968527454729
2039,31,italiani,88.13391897067412
2039,32,italiani,92.21164836216276
2039,33,italiani,92.24176174898645
2039,34,italiani,90.05359306317506
2039,35,italiani,85.44119708956177
2039,36,italiani,76.67878046001871
2039,37,italiani,65.30478795474625
2039,38,italiani,54.17406470905681
2039,39,italiani,43.424451333372886
2039,40,italiani,32.49812427807552
2039,41,italiani,23.105755349129193
2039,42,italiani,15.003137733546145
2039,43,italiani,9.092481496468645
2039,44,italiani,5.5643161039474345
2039,45,italiani,3.3795203692763867
2039,46,italiani,2.1951334548778405
2039,47,italiani,1.359908966964845
2039,48,italiani,0.8559238200538895
2039,49,italiani,0.5678133186309122
2039,50,italiani,1.033705891452535
2040,14,italiani,0.020513188641658908
2040,15,italiani,0.07606423849350887
2040,16,italiani,0.8679114162897837
2040,17,italiani,1.7544711663484438
2040,18,italiani,3.3444145985352214
2040,19,italiani,6.033381429749795
2040,20,italiani,8.417684877850313
2040,21,italiani,11.011463665603085
2040,22,italiani,14.049985227296833
2040,23,italiani,17.772652584324817
2040,24,italiani,22.201698362013666
2040,25,italiani,29.0732511153309
2040,26,italiani,37.26797752642773
2040,27,italiani,47.402529894998615
2040,28,italiani,57.660045350042175
2040,29,italiani,69.50594163533657
2040,30,italiani,79.97362711735299
2040,31,italiani,88.13953934742464
2040,32,italiani,92.21752877926703
2040,33,italiani,92.24764408644762
2040,34,italiani,90.0593358592139
2040,35,italiani,85.44664574909339
2040,36,italiani,76.68367033261248
2040,37,italiani,65.30895249793468
2040,38,italiani,54.17751943633239
2040,39,italiani,43.42722054844387
2040,40,italiani,32.500196711756686
2040,41,italiani,23.107228823265874
2040,42,italiani,15.004094496702571
2040,43,italiani,9.093061331930452
2040,44,italiani,5.564670945230205
2040,45,italiani,3.3797358842328666
2040,46,italiani,2.19527344044955
2040,47,italiani,1.3599956895437342
2040,48,italiani,0.8559784030611428
2040,49,italiani,0.5678495285806334
2040,50,italiani,1.0337718117772754
2041,14,italiani,0.020543821853356726
2041,15,italiani,0.0761778284361116
2041,16,italiani,0.8692075050946303
2041,17,italiani,1.7570911923032253
2041,18,italiani,3.349408954224719
2041,19,italiani,6.042391333271858
2041,20,italiani,8.430255362496716
2041,21,italiani,11.02790754975312
2041,22,italiani,14.070966664134252
2041,23,italiani,17.799193237684857
2041,24,italiani,22.234853096650752
2041,25,italiani,29.116667430157314
2041,26,italiani,37.32363137259761
2041,27,italiani,47.47331809661135
2041,28,italiani,57.74615153307248
2041,29,italiani,69.60973779601963
2041,30,italiani,80.09305511523885
2041,31,italiani,88.27116184721946
2041,32,italiani,92.35524111305838
2041,33,italiani,92.38540139270017
2041,34,italiani,90.19382527229021
2041,35,italiani,85.57424683704834
2041,36,italiani,76.79818529896414
2041,37,italiani,65.40648111733074
2041,38,italiani,54.258425016208236
2041,39,italiani,43.49207225257175
2041,40,italiani,32.54873062930036
2041,41,italiani,23.141735824817818
2041,42,italiani,15.026500745242506
2041,43,italiani,9.106640384784118
2041,44,italiani,5.572980903573189
2041,45,italiani,3.384782986691339
2041,46,italiani,2.1985517350731034
2041,47,italiani,1.3620266285943952
2041,48,italiani,0.8572566717929228
2041,49,italiani,0.5686975222848493
2041,50,italiani,1.035315586921677
2042,14,italiani,0.02061166931034201
2042,15,italiani,0.07642941122216496
2042,16,italiani,0.8720781257237493
2042,17,italiani,1.7628941130031794
2042,18,italiani,3.3604706194577028
2042,19,italiani,6.062346767513779
2042,20,italiani,8.458096890337286
2042,21,italiani,11.064328011751885
2042,22,italiani,14.117437048870878
2042,23,italiani,17.857976360230737
2042,24,italiani,22.308285306578263
2042,25,italiani,29.21282732947515
2042,26,italiani,37.44689536369736
2042,27,italiani,47.63010216193765
2042,28,italiani,57.93686237354667
2042,29,italiani,69.83962898786233
2042,30,italiani,80.3575682204702
2042,31,italiani,88.56268374120882
2042,32,italiani,92.66025097410134
2042,33,italiani,92.69051086024723
2042,34,italiani,90.49169690124907
2042,35,italiani,85.85686197423011
2042,36,italiani,77.05181685840876
2042,37,italiani,65.62249075009738
2042,38,italiani,54.437617387698495
2042,39,italiani,43.63570796565477
2042,40,italiani,32.65622516547091
2042,41,italiani,23.218163080522558
2042,42,italiani,15.076126850366933
2042,43,italiani,9.136715723063306
2042,44,italiani,5.591386075932742
2042,45,italiani,3.3959614772240796
2042,46,italiani,2.205812611133072
2042,47,italiani,1.366524820009605
2042,48,italiani,0.8600878239310198
2042,49,italiani,0.5705756869689221
2042,50,italiani,1.038734791500614
2043,14,italiani,0.020600790151531795
2043,15,italiani,0.0763890705932747
2043,16,italiani,0.8716178293604702
2043,17,italiani,1.761963630142612
2043,18,italiani,3.3586969109338716
2043,19,italiani,6.05914696684488
2043,20,italiani,8.45363257558836
2043,21,italiani,11.058488087786689
2043,22,italiani,14.1099856465931
2043,23,italiani,17.848550643277548
2043,24,italiani,22.296510647525682
2043,25,italiani,29.197408346032926
2043,26,italiani,37.427130311411815
2043,27,italiani,47.60496225513221
2043,28,italiani,57.906282398813076
2043,29,italiani,69.80276654826244
2043,30,italiani,80.31515424937886
2043,31,italiani,88.51593898285991
2043,32,italiani,92.61134345620148
2043,33,italiani,92.64158737071004
2043,34,italiani,90.44393397982957
2043,35,italiani,85.81154539058515
2043,36,italiani,77.01114771416833
2043,37,italiani,65.58785418147973
2043,38,italiani,54.40888436875212
2043,39,italiani,43.61267636207104
2043,40,italiani,32.63898870323352
2043,41,italiani,23.205908173865982
2043,42,italiani,15.0681694367398
2043,43,italiani,9.131893222767072
2043,44,italiani,5.588434855622857
2043,45,italiani,3.394169036074951
2043,46,italiani,2.20464834901821
2043,47,italiani,1.3658035470107446
2043,48,italiani,0.8596338562350321
2043,49,italiani,0.5702745282700161
2043,50,italiani,1.0381865311637979
2044,14,italiani,0.020649412857502308
2044,15,italiani,0.07656936675140733
2044,16,italiani,0.8736750522691021
2044,17,italiani,1.766122278373529
2044,18,italiani,3.366624224941886
2044,19,italiani,6.073447977594174
2044,20,italiani,8.473585135081569
2044,21,italiani,11.084588718433173
2044,22,italiani,14.143288528584325
2044,23,italiani,17.890677417228662
2044,24,italiani,22.349135652363298
2044,25,italiani,29.266321091159092
2044,26,italiani,37.51546713437181
2044,27,italiani,47.71732115328333
2044,28,italiani,58.04295483332713
2044,29,italiani,69.96751748105868
2044,30,italiani,80.50471688757473
2044,31,italiani,88.72485740022204
2044,32,italiani,92.82992799054617
2044,33,italiani,92.86024328780032
2044,34,italiani,90.65740291846592
2044,35,italiani,86.01408080353346
2044,36,italiani,77.19291212049521
2044,37,italiani,65.74265693058038
2044,38,italiani,54.53730212202207
2044,39,italiani,43.71561252732209
2044,40,italiani,32.71602438677861
2044,41,italiani,23.26067957057538
2044,42,italiani,15.103733857650225
2044,43,italiani,9.15344663677977
2044,44,italiani,5.601624875171701
2044,45,italiani,3.4021800726342946
2044,46,italiani,2.209851837217167
2044,47,italiani,1.3690271643473277
2044,48,italiani,0.8616627941508385
2044,49,italiani,0.5716205101720008
2044,50,italiani,1.0406368953525504
2045,14,italiani,0.02065840025669158
2045,15,italiani,0.07660269261250632
2045,16,italiani,0.8740553084299256
2045,17,italiani,1.7668909610495136
2045,18,italiani,3.368089506111798
2045,19,italiani,6.076091370014415
2045,20,italiani,8.477273157239818
2045,21,italiani,11.08941314730914
2045,22,italiani,14.149444218372343
2045,23,italiani,17.89846411125356
2045,24,italiani,22.358862834682192
2045,25,italiani,29.279058892096238
2045,26,italiani,37.53179527315403
2045,27,italiani,47.73808952168232
2045,28,italiani,58.068217304895306
2045,29,italiani,69.99796996967055
2045,30,italiani,80.53975556069736
2045,31,italiani,88.76347378689462
2045,32,italiani,92.87033105795152
2045,33,italiani,92.90065954956039
2045,34,italiani,90.69686042145227
2045,35,italiani,86.0515173585297
2045,36,italiani,77.22650937193268
2045,37,italiani,65.77127060137461
2045,38,italiani,54.56103880200707
2045,39,italiani,43.734639201993076
2045,40,italiani,32.73026362801414
2045,41,italiani,23.2708034910063
2045,42,italiani,15.110307569278929
2045,43,italiani,9.15743056017024
2045,44,italiani,5.6040629124761585
2045,45,italiani,3.403660829043088
2045,46,italiani,2.21081364764477
2045,47,italiani,1.3696230163316847
2045,48,italiani,0.8620378221262593
2045,49,italiani,0.571869300863782
2045,50,italiani,1.0410898195714695
2046,14,italiani,0.02065937602607708
2046,15,italiani,0.07660631082889138
2046,16,italiani,0.8740965931567487
2046,17,italiani,1.766974417565308
2046,18,italiani,3.368248592903943
2046,19,italiani,6.076378365322313
2046,20,italiani,8.477673568864947
2046,21,italiani,11.08993693955432
2046,22,italiani,14.150112546719097
2046,23,italiani,17.899309519083314
2046,24,italiani,22.359918922935762
2046,25,italiani,29.28044184571066
2046,26,italiani,37.53356803272667
2046,27,italiani,47.740344360667855
2046,28,italiani,58.070960072390015
2046,29,italiani,70.00127622162108
2046,30,italiani,80.54355973850471
2046,31,italiani,88.76766640003
2046,32,italiani,92.87471765249619
2046,33,italiani,92.9050475766271
2046,34,italiani,90.70114435528357
2046,35,italiani,86.05558187636123
2046,36,italiani,77.23015705339192
2046,37,italiani,65.77437721134929
2046,38,italiani,54.56361591304387
2046,39,italiani,43.73670494384574
2046,40,italiani,32.73180959424728
2046,41,italiani,23.27190265344581
2046,42,italiani,15.111021282603698
2046,43,italiani,9.15786309803762
2046,44,italiani,5.604327612208784
2046,45,italiani,3.4038215959947555
2046,46,italiani,2.210918072200767
2046,47,italiani,1.369687708475917
2046,48,italiani,0.8620785392246563
2046,49,italiani,0.5718963122755736
2046,50,italiani,1.041138993929642
2047,14,italiani,0.020723685273173104
2047,15,italiani,0.07684477370240661
2047,16,italiani,0.8768175124005901
2047,17,italiani,1.7724747189436325
2047,18,italiani,3.3787333980001124
2047,19,italiani,6.095293133960591
2047,20,italiani,8.50406317538798
2047,21,italiani,11.124458093243808
2047,22,italiani,14.194159524858943
2047,23,italiani,17.955027132105993
2047,24,italiani,22.42952168098843
2047,25,italiani,29.371587055873817
2047,26,italiani,37.65040387026432
2047,27,italiani,47.888952217849216
2047,28,italiani,58.251725440893146
2047,29,italiani,70.21917870637623
2047,30,italiani,80.79427862172165
2047,31,italiani,89.04398557760105
2047,32,italiani,93.16382140659547
2047,33,italiani,93.19424574280268
2047,34,italiani,90.98348213242038
2047,35,italiani,86.32345877989856
2047,36,italiani,77.47056185782272
2047,37,italiani,65.97912205317473
2047,38,italiani,54.73346349477989
2047,39,italiani,43.872850128572
2047,40,italiani,32.83369834579715
2047,41,italiani,23.344344267183125
2047,42,italiani,15.158059411940691
2047,43,italiani,9.18637002293699
2047,44,italiani,5.621772964322306
2047,45,italiani,3.414417134011553
2047,46,italiani,2.217800297319026
2047,47,italiani,1.3739513215287789
2047,48,italiani,0.8647620482389266
2047,49,italiani,0.573676531640041
2047,50,italiani,1.044379888753252
2048,14,italiani,0.020649972384893023
2048,15,italiani,0.07657144151538646
2048,16,italiani,0.8736987258294935
2048,17,italiani,1.766170134155043
2048,18,italiani,3.3667154487689794
2048,19,italiani,6.073612546946484
2048,20,italiani,8.473814739817227
2048,21,italiani,11.084889072300161
2048,22,italiani,14.143671762595924
2048,23,italiani,17.891162192467668
2048,24,italiani,22.34974123634007
2048,25,italiani,29.2671141068438
2048,26,italiani,37.51648367327207
2048,27,italiani,47.7186141270052
2048,28,italiani,58.044527595869646
2048,29,italiani,69.96941335784516
2048,30,italiani,80.50689828587846
2048,31,italiani,88.72726153579215
2048,32,italiani,92.83244335927589
2048,33,italiani,92.86275947796933
2048,34,italiani,90.6598594193095
2048,35,italiani,86.01641148647
2048,36,italiani,77.1950037803888
2048,37,italiani,65.74443832831527
2048,38,italiani,54.53877989354824
2048,39,italiani,43.7167970686347
2048,40,italiani,32.71691087744476
2048,41,italiani,23.261309854227324
2048,42,italiani,15.104143116395438
2048,43,italiani,9.153694663401549
2048,44,italiani,5.6017766597561724
2048,45,italiani,3.4022722599014057
2048,46,italiani,2.209911716529033
2048,47,italiani,1.3690642602300227
2048,48,italiani,0.8616861422207431
2048,49,italiani,0.571635999103078
2048,50,italiani,1.0406650929991739
2049,14,italiani,0.02066452824145922
2049,15,italiani,0.07662541557883752
2049,16,italiani,0.8743145829889223
2049,17,italiani,1.7674150810569125
2049,18,italiani,3.369088596115527
2049,19,italiani,6.077893745556546
2049,20,italiani,8.479787805040866
2049,21,italiani,11.092702644753489
2049,22,italiani,14.153641425201688
2049,23,italiani,17.903773405006948
2049,24,italiani,22.365495234537462
2049,25,italiani,29.28774405767886
2049,26,italiani,37.542928481286225
2049,27,italiani,47.75225026413043
2049,28,italiani,58.08544231490124
2049,29,italiani,70.01873375042848
2049,30,italiani,80.56364639392416
2049,31,italiani,88.78980405489844
2049,32,italiani,92.89787955962721
2049,33,italiani,92.92821704769914
2049,34,italiani,90.72376419774807
2049,35,italiani,86.07704316793667
2049,36,italiani,77.24941738355064
2049,37,italiani,65.79078059921497
2049,38,italiani,54.57722346347798
2049,39,italiani,43.74761238479125
2049,40,italiani,32.73997253840705
2049,41,italiani,23.277706403504443
2049,42,italiani,15.114789800887781
2049,43,italiani,9.16014696581086
2049,44,italiani,5.605725268309031
2049,45,italiani,3.404670470712114
2049,46,italiani,2.2114694502329915
2049,47,italiani,1.3700292931429188
2049,48,italiani,0.8622935318897201
2049,49,italiani,0.5720389367659442
2049,50,italiani,1.0413986422526453
2050,14,italiani,0.020696358856375687
2050,15,italiani,0.0767434455705027
2050,16,italiani,0.8756613338308378
2050,17,italiani,1.7701375196330718
2050,18,italiani,3.37427817317576
2050,19,italiani,6.087255831787475
2050,20,italiani,8.492849649813788
2050,21,italiani,11.1097892940175
2050,22,italiani,14.175442992825548
2050,23,italiani,17.93135149003011
2050,24,italiani,22.399945934689345
2050,25,italiani,29.332857446766624
2050,26,italiani,37.600757747232244
2050,27,italiani,47.825805463251925
2050,28,italiani,58.17491425081841
2050,29,italiani,70.1265871369131
2050,30,italiani,80.68774264111003
2050,31,italiani,88.92657146755631
2050,32,italiani,93.04097484814612
2050,33,italiani,93.07135906658078
2050,34,italiani,90.86351058673928
2050,35,italiani,86.20963197820186
2050,36,italiani,77.36840855666264
2050,37,italiani,65.89212145625451
2050,38,italiani,54.66129151298663
2050,39,italiani,43.81499903824223
2050,40,italiani,32.79040356911188
2050,41,italiani,23.313562228520663
2050,42,italiani,15.138071873823284
2050,43,italiani,9.174256802108113
2050,44,italiani,5.614360049624051
2050,45,italiani,3.4099148563281028
2050,46,italiani,2.2148758881466657
2050,47,italiani,1.3721396183506736
2050,48,italiani,0.8636217661004327
2050,49,italiani,0.5729200771868946
2050,50,italiani,1.0430027610967219
2051,14,italiani,0.020660620599138386
2051,15,italiani,0.07661092578680025
2051,16,italiani,0.8741492509461924
2051,17,italiani,1.7670808645730656
2051,18,italiani,3.368451504717795
2051,19,italiani,6.076744421722769
2051,20,italiani,8.478184285361564
2051,21,italiani,11.090605025403047
2051,22,italiani,14.150964985285867
2051,23,italiani,17.90038781875777
2051,24,italiani,22.361265941002006
2051,25,italiani,29.28220577358042
2051,26,italiani,37.535829149790864
2051,27,italiani,47.74322035975193
2051,28,italiani,58.074458413891655
2051,29,italiani,70.00549327554045
2051,30,italiani,80.54841188624555
2051,31,italiani,88.77301398875565
2051,32,italiani,92.88031266037642
2051,33,italiani,92.91064441165867
2051,34,italiani,90.70660842161121
2051,35,italiani,86.06076608225607
2051,36,italiani,77.2348095933751
2051,37,italiani,65.77833962618205
2051,38,italiani,54.56690296326295
2051,39,italiani,43.739339753565766
2051,40,italiani,32.733781441239046
2051,41,italiani,23.27330461171847
2051,42,italiani,15.111931608742946
2051,43,italiani,9.158414790871737
2051,44,italiani,5.604665231078011
2051,45,italiani,3.4040266508162813
2051,46,italiani,2.211051263497055
2051,47,italiani,1.3697702219275438
2051,48,italiani,0.8621304730161363
2051,49,italiani,0.5719307647558043
2051,50,italiani,1.0412017147757742
2052,14,italiani,0.020691193109942548
2052,15,italiani,0.07672429064653885
2052,16,italiani,0.8754427715009486
2052,17,italiani,1.7696956988450934
2052,18,italiani,3.3734359638983475
2052,19,italiani,6.085736471772563
2052,20,italiani,8.490729861106502
2052,21,italiani,11.107016325360705
2052,22,italiani,14.171904846594778
2052,23,italiani,17.926875880786774
2052,24,italiani,22.394354978250217
2052,25,italiani,29.32553605729996
2052,26,italiani,37.591372715712254
2052,27,italiani,47.813868291805576
2052,28,italiani,58.1603939741903
2052,29,italiani,70.109083760117
2052,30,italiani,80.66760323293497
2052,31,italiani,88.9043756734769
2052,32,italiani,93.01775211185262
2052,33,italiani,93.04812874648138
2052,34,italiani,90.8408313387144
2052,35,italiani,86.18811432372051
2052,36,italiani,77.3490976438923
2052,37,italiani,65.87567498884705
2052,38,italiani,54.647648225603405
2052,39,italiani,43.804062951533915
2052,40,italiani,32.78221918694815
2052,41,italiani,23.30774323631235
2052,42,italiani,15.134293458434882
2052,43,italiani,9.17196693630703
2052,44,italiani,5.612958722917167
2052,45,italiani,3.4090637522460456
2052,46,italiani,2.2143230620530305
2052,47,italiani,1.3717971365939332
2052,48,italiani,0.8634062088089897
2052,49,italiani,0.5727770781277007
2052,50,italiani,1.0427424308700246
2053,14,italiani,0.020678529305498836
2053,15,italiani,0.0766773324354938
2053,16,italiani,0.8749069669196929
2053,17,italiani,1.768612577145152
2053,18,italiani,3.371371291594377
2053,19,italiani,6.082011767442319
2053,20,italiani,8.485533208502945
2053,21,italiani,11.100218405011205
2053,22,italiani,14.163231096820244
2053,23,italiani,17.915903944599492
2053,24,italiani,22.380648773364843
2053,25,italiani,29.307587703531116
2053,26,italiani,37.568365352612744
2053,27,italiani,47.78460436900868
2053,28,italiani,58.124797580509906
2053,29,italiani,70.06617430962042
2053,30,italiani,80.61823156321746
2053,31,italiani,88.84996278284575
2053,32,italiani,92.96082167694345
2053,33,italiani,92.99117971990579
2053,34,italiani,90.78523326288256
2053,35,italiani,86.13536388930291
2053,36,italiani,77.30175702698078
2053,37,italiani,65.83535654702384
2053,38,italiani,54.61420176716282
2053,39,italiani,43.777253183527264
2053,40,italiani,32.762155210414335
2053,41,italiani,23.293478002751357
2053,42,italiani,15.125030689887268
2053,43,italiani,9.16635334046321
2053,44,italiani,5.609523376717459
2053,45,italiani,3.406977274367984
2053,46,italiani,2.212967811339162
2053,47,italiani,1.370957544087983
2053,48,italiani,0.8628777710661419
2053,49,italiani,0.5724265165690362
2053,50,italiani,1.0421042324752035
2054,14,italiani,0.020693618626465196
2054,15,italiani,0.07673328461965885
2054,16,italiani,0.8755453949164097
2054,17,italiani,1.7699031506887255
2054,18,italiani,3.3738314135287797
2054,19,italiani,6.086449869704056
2054,20,italiani,8.49172518338966
2054,21,italiani,11.10831834073852
2054,22,italiani,14.17356614225715
2054,23,italiani,17.928977351369802
2054,24,italiani,22.39698014721583
2054,25,italiani,29.328973731090183
2054,26,italiani,37.59577934877331
2054,27,italiani,47.81947325266681
2054,28,italiani,58.16721180222944
2054,29,italiani,70.11730226835596
2054,30,italiani,80.67705945923589
2054,31,italiani,88.9147974520078
2054,32,italiani,93.02865607922888
2054,33,italiani,93.05903627474603
2054,34,italiani,90.85148011745676
2054,35,italiani,86.19821768964229
2054,36,italiani,77.35816485975319
2054,37,italiani,65.88339723750025
2054,38,italiani,54.65405427348043
2054,39,italiani,43.80919786462876
2054,40,italiani,32.78606206898325
2054,41,italiani,23.31047547683734
2054,42,italiani,15.136067569702755
2054,43,italiani,9.173042116323522
2054,44,italiani,5.613616699673318
2054,45,italiani,3.4094633783291766
2054,46,italiani,2.214582635154734
2054,47,italiani,1.3719579449437875
2054,48,italiani,0.8635074212433861
2054,49,italiani,0.5728442216829037
2054,50,italiani,1.0428646659186032
2055,14,italiani,0.020648993677839556
2055,15,italiani,0.0765678124059374
2055,16,italiani,0.8736573168101672
2055,17,italiani,1.766086426383638
2055,18,italiani,3.366555883027423
2055,19,italiani,6.073324687605614
2055,20,italiani,8.473413122706026
2055,21,italiani,11.084363703117107
2055,22,italiani,14.143001422168444
2055,23,italiani,17.890314239438673
2055,24,italiani,22.348681968609178
2055,25,italiani,29.265726989685625
2055,26,italiani,37.514705576599205
2055,27,italiani,47.71635249956294
2055,28,italiani,58.041776570952315
2055,29,italiani,69.96609715203608
2055,30,italiani,80.50308265514849
2055,31,italiani,88.72305630030412
2055,32,italiani,92.82804355837482
2055,33,italiani,92.85835824023346
2055,34,italiani,90.6555625881939
2055,35,italiani,86.01233473193172
2055,36,italiani,77.1913451171575
2055,37,italiani,65.74132236552758
2055,38,italiani,54.53619502381697
2055,39,italiani,43.71472510762437
2055,40,italiani,32.715360256899295
2055,41,italiani,23.260207382630618
2055,42,italiani,15.103427254353154
2055,43,italiani,9.153260823328287
2055,44,italiani,5.601511163114015
2055,45,italiani,3.4021110089420095
2055,46,italiani,2.2098069775906857
2055,47,italiani,1.3689993733225172
2055,48,italiani,0.8616453025387549
2055,49,italiani,0.5716089063702691
2055,50,italiani,1.0406157705958394
2056,14,italiani,0.02067669349433201
2056,15,italiani,0.07667052512821156
2056,16,italiani,0.8748292938919802
2056,17,italiani,1.7684555621722327
2056,18,italiani,3.3710719859245595
2056,19,italiani,6.08147181486859
2056,20,italiani,8.48477987462748
2056,21,italiani,11.099232943008513
2056,22,italiani,14.161973704796772
2056,23,italiani,17.91431339548261
2056,24,italiani,22.378661850391165
2056,25,italiani,29.304985816521455
2056,26,italiani,37.56503008521462
2056,27,italiani,47.7803621180726
2056,28,italiani,58.11963734155425
2056,29,italiani,70.0599539317921
2056,30,italiani,80.6110743883736
2056,31,italiani,88.84207480631515
2056,32,italiani,92.95256874405878
2056,33,italiani,92.98292409187614
2056,34,italiani,90.77717347572145
2056,35,italiani,86.12771691109906
2056,36,italiani,77.29489428414888
2056,37,italiani,65.82951177533162
2056,38,italiani,54.60935319403703
2056,39,italiani,43.773366699674376
2056,40,italiani,32.75924663169019
2056,41,italiani,23.291410040064072
2056,42,italiani,15.123687910629185
2056,43,italiani,9.165539564320193
2056,44,italiani,5.609025371008087
2056,45,italiani,3.4066748076483733
2056,46,italiani,2.2127713471245234
2056,47,italiani,1.3708358323776628
2056,48,italiani,0.8628011659737619
2056,49,italiani,0.5723756973364021
2056,50,italiani,1.0420117159060263
2057,14,italiani,0.020656025159878282
2057,15,italiani,0.07659388559894992
2057,16,italiani,0.8739548182684462
2057,17,italiani,1.7666878215498962
2057,18,italiani,3.3677022767739264
2057,19,italiani,6.075392801632017
2057,20,italiani,8.476298524925065
2057,21,italiani,11.088138197191983
2057,22,italiani,14.147817456403581
2057,23,italiani,17.89640632437048
2057,24,italiani,22.356292235642194
2057,25,italiani,29.27569267793604
2057,26,italiani,37.52748024167806
2057,27,italiani,47.73260107229189
2057,28,italiani,58.061541200445724
2057,29,italiani,69.98992230124769
2057,30,italiani,80.5304959029117
2057,31,italiani,88.7532686480112
2057,32,italiani,92.85965375358113
2057,33,italiani,92.88997875832254
2057,34,italiani,90.68643300105732
2057,35,italiani,86.04162401334717
2057,36,italiani,77.21763063814726
2057,37,italiani,65.76370887668774
2057,38,italiani,54.55476591796092
2057,39,italiani,43.72961102938974
2057,40,italiani,32.72650062875594
2057,41,italiani,23.268128046125394
2057,42,italiani,15.108570336825792
2057,43,italiani,9.156377730141234
2057,44,italiani,5.603418613217766
2057,45,italiani,3.4032695100692965
2057,46,italiani,2.2105594703423614
2057,47,italiani,1.369465550737975
2057,48,italiani,0.861938713615492
2057,49,italiani,0.5718035530354298
2057,50,italiani,1.040970125447912
2058,14,italiani,0.02066768359825876
2058,15,italiani,0.07663711584720269
2058,16,italiani,0.8744480858897453
2058,17,italiani,1.767684955361734
2058,18,italiani,3.3696030369237464
2058,19,italiani,6.078821805618351
2058,20,italiani,8.481082620765505
2058,21,italiani,11.094396437822775
2058,22,italiani,14.15580260634202
2058,23,italiani,17.906507210128986
2058,24,italiani,22.36891031939393
2058,25,italiani,29.29221613085062
2058,26,italiani,37.54866107451429
2058,27,italiani,47.75954176315735
2058,28,italiani,58.094311634017615
2058,29,italiani,70.0294252157769
2058,30,italiani,80.57594800790125
2058,31,italiani,88.80336175670905
2058,32,italiani,92.91206454137499
2058,33,italiani,92.94240666181007
2058,34,italiani,90.7376172043542
2058,35,italiani,86.0901866464749
2058,36,italiani,77.26121293346854
2058,37,italiani,65.80082647998637
2058,38,italiani,54.58555709738162
2058,39,italiani,43.75429239822244
2058,40,italiani,32.74497174737804
2058,41,italiani,23.281260777856463
2058,42,italiani,15.117097743958855
2058,43,italiani,9.161545668538338
2058,44,italiani,5.606581230910018
2058,45,italiani,3.4051903446717047
2058,46,italiani,2.2118071291330486
2058,47,italiani,1.370238488881393
2058,48,italiani,0.8624251992439059
2058,49,italiani,0.5721262838821056
2058,50,italiani,1.0415576579460342
2059,14,italiani,0.020672215415180023
2059,15,italiani,0.07665392011928
2059,16,italiani,0.8746398267112825
2059,17,italiani,1.7680725568340558
2059,18,italiani,3.370341892054176
2059,19,italiani,6.0801547129753395
2059,20,italiani,8.482942273471561
2059,21,italiani,11.096829113611964
2059,22,italiani,14.158906558726448
2059,23,italiani,17.91043358204143
2059,24,italiani,22.373815165445674
2059,25,italiani,29.298639054836848
2059,26,italiani,37.55689439475162
2059,27,italiani,47.77001403008968
2059,28,italiani,58.1070500129095
2059,29,italiani,70.04478061507311
2059,30,italiani,80.59361595036286
2059,31,italiani,88.82283372973208
2059,32,italiani,92.9324374324286
2059,33,italiani,92.9627862060009
2059,34,italiani,90.75751330287373
2059,35,italiani,86.1090636997617
2059,36,italiani,77.27815405173486
2059,37,italiani,65.81525467158595
2059,38,italiani,54.59752610929988
2059,39,italiani,43.76388643142531
2059,40,italiani,32.75215175941691
2059,41,italiani,23.28636567560854
2059,42,italiani,15.120412480176425
2059,43,italiani,9.163554526835796
2059,44,italiani,5.607810589757703
2059,45,italiani,3.405937003055105
2059,46,italiani,2.2122921135739375
2059,47,italiani,1.3705389419989644
2059,48,italiani,0.8626143037989797
2059,49,italiani,0.5722517343982251
2059,50,italiani,1.041786040996138
2060,14,italiani,0.020691292407048215
2060,15,italiani,0.07672465884666897
2060,16,italiani,0.8754469727537678
2060,17,italiani,1.7697041916207332
2060,18,italiani,3.3734521530289396
2060,19,italiani,6.085765677242459
2060,20,italiani,8.490770608147802
2060,21,italiani,11.10706962796959
2060,22,italiani,14.171972857614035
2060,23,italiani,17.926961911924714
2060,24,italiani,22.394462448835444
2060,25,italiani,29.325676790646614
2060,26,italiani,37.59155311683697
2060,27,italiani,47.81409775072111
2060,28,italiani,58.16067308611755
2060,29,italiani,70.10942021384692
2060,30,italiani,80.6679903570355
2060,31,italiani,88.90480232587623
2060,32,italiani,93.01819850435938
2060,33,italiani,93.04857528476572
2060,34,italiani,90.84126728417101
2060,35,italiani,86.18852794077245
2060,36,italiani,77.34946884247331
2060,37,italiani,65.87599112643397
2060,38,italiani,54.64791047985194
2060,39,italiani,43.80427316738007
2060,40,italiani,32.78237650892882
2060,41,italiani,23.307855090250914
2060,42,italiani,15.13436608796034
2060,43,italiani,9.172010952607355
2060,44,italiani,5.612985659525049
2060,45,italiani,3.4090801123545145
2060,46,italiani,2.214333688596889
2060,47,italiani,1.371803719853028
2060,48,italiani,0.8634103522983039
2060,49,italiani,0.5727798268868346
2060,50,italiani,1.0427474349944745
2061,14,italiani,0.020706244533213382
2061,15,italiani,0.07678010230358247
2061,16,italiani,0.8760795960491145
2061,17,italiani,1.7709830310391508
2061,18,italiani,3.3758899070953343
2061,19,italiani,6.090163427485783
2061,20,italiani,8.496906284492953
2061,21,italiani,11.115095917634614
2061,22,italiani,14.182213934971976
2061,23,italiani,17.939916452945745
2061,24,italiani,22.41064533491858
2061,25,italiani,29.346868372623547
2061,26,italiani,37.61871786004828
2061,27,italiani,47.848649600261396
2061,28,italiani,58.20270167015798
2061,29,italiani,70.16008330805012
2061,30,italiani,80.72628337931661
2061,31,italiani,88.96904750664672
2061,32,italiani,93.08541614414392
2061,33,italiani,93.11581487569012
2061,34,italiani,90.90691181051166
2061,35,italiani,86.2508102631334
2061,36,italiani,77.40536380515566
2061,37,italiani,65.92359502237247
2061,38,italiani,54.68740064006441
2061,39,italiani,43.835927401735624
2061,40,italiani,32.80606600206984
2061,41,italiani,23.32469802026674
2061,42,italiani,15.145302618493345
2061,43,italiani,9.17863891292292
2061,44,italiani,5.617041765257521
2061,45,italiani,3.4115436122144716
2061,46,italiani,2.215933830145921
2061,47,italiani,1.372795024885579
2061,48,italiani,0.8640342775836803
2061,49,italiani,0.5731937341512042
2061,50,italiani,1.0435009544411928
2062,14,italiani,0.020718839908580092
2062,15,italiani,0.07682680677515659
2062,16,italiani,0.8766125054014432
2062,17,italiani,1.772060300073052
2062,18,italiani,3.3779434229083227
2062,19,italiani,6.093868005314503
2062,20,italiani,8.502074856898117
2062,21,italiani,11.121857105308944
2062,22,italiani,14.190840815995982
2062,23,italiani,17.95082910209416
2062,24,italiani,22.4242774780989
2062,25,italiani,29.364719742165608
2062,26,italiani,37.64160090248031
2062,27,italiani,47.87775539496689
2062,28,italiani,58.2381057181357
2062,29,italiani,70.20276089662042
2062,30,italiani,80.77538826839928
2062,31,italiani,89.02316637632237
2062,32,italiani,93.14203895450538
2062,33,italiani,93.17245617725763
2062,34,italiani,90.96220946122014
2062,35,italiani,86.30327565970516
2062,36,italiani,77.45244861625982
2062,37,italiani,65.96369560282768
2062,38,italiani,54.720666370013
2062,39,italiani,43.862592302716926
2062,40,italiani,32.826021562574226
2062,41,italiani,23.338886171401978
2062,42,italiani,15.154515335517736
2062,43,italiani,9.184222175608644
2062,44,italiani,5.620458548507155
2062,45,italiani,3.4136188157747704
2062,46,italiani,2.2172817577401167
2062,47,italiani,1.3736300806395207
2062,48,italiani,0.8645598599044346
2062,49,italiani,0.5735424014446818
2062,50,italiani,1.04413570432042
2063,14,italiani,0.020700621017953516
2063,15,italiani,0.07675924994301725
2063,16,italiani,0.8758416655557633
2063,17,italiani,1.7705020577712056
2063,18,italiani,3.374973064430904
2063,19,italiani,6.088509427557664
2063,20,italiani,8.49459864816248
2063,21,italiani,11.112077219028626
2063,22,italiani,14.178362251661946
2063,23,italiani,17.935044232211947
2063,24,italiani,22.404558929157158
2063,25,italiani,29.338898189432772
2063,26,italiani,37.60850116268419
2063,27,italiani,47.83565460202502
2063,28,italiani,58.1868946617706
2063,29,italiani,70.14102884848921
2063,30,italiani,80.70435929328896
2063,31,italiani,88.9448848056071
2063,32,italiani,93.06013549717206
2063,33,italiani,93.09052597286428
2063,34,italiani,90.88222281367433
2063,35,italiani,86.2273857958471
2063,36,italiani,77.38434163264844
2063,37,italiani,65.90569113149554
2063,38,italiani,54.67254833637755
2063,39,italiani,43.82402220056414
2063,40,italiani,32.79715635104728
2063,41,italiani,23.31836337107247
2063,42,italiani,15.1411893742856
2063,43,italiani,9.17614612791264
2063,44,italiani,5.615516258300837
2063,45,italiani,3.410617086521596
2063,46,italiani,2.2153320147037876
2063,47,italiani,1.3724221936964789
2063,48,italiani,0.8637996184238678
2063,49,italiani,0.573038063058569
2063,50,italiani,1.0432175547386744
2064,14,italiani,0.020687766476612277
2064,15,italiani,0.07671158446714291
2064,16,italiani,0.8752977909112053
2064,17,italiani,1.7694026225476618
2064,18,italiani,3.372877294900866
2064,19,italiani,6.084728623297
2064,20,italiani,8.489323725762551
2064,21,italiani,11.10517691126128
2064,22,italiani,14.169557861515536
2064,23,italiani,17.923907041335404
2064,24,italiani,22.390646287177127
2064,25,italiani,29.32067950510657
2064,26,italiani,37.585147272356046
2064,27,italiani,47.80594991832815
2064,28,italiani,58.15076213017653
2064,29,italiani,70.09747311389226
2064,30,italiani,80.65424400824249
2064,31,italiani,88.88965237089735
2064,32,italiani,93.00234759999098
2064,33,italiani,93.0327192039969
2064,34,italiani,90.82578734300274
2064,35,italiani,86.17384085656732
2064,36,italiani,77.33628799127128
2064,37,italiani,65.86476543025508
2064,38,italiani,54.638598121443835
2064,39,italiani,43.79680863510501
2064,40,italiani,32.77679017933561
2064,41,italiani,23.30388328056197
2064,42,italiani,15.131787093813026
2064,43,italiani,9.170447982448684
2064,44,italiani,5.612029170361199
2064,45,italiani,3.4084991829910782
2064,46,italiani,2.213956351773536
2064,47,italiani,1.3715699556012446
2064,48,italiani,0.8632632215739401
2064,49,italiani,0.5726822214891155
2064,50,italiani,1.0425697440679866
2065,14,italiani,0.020700730597085843
2065,15,italiani,0.07675965626957137
2065,16,italiani,0.8758463018403309
2065,17,italiani,1.7705114299576294
2065,18,italiani,3.3749909299152145
2065,19,italiani,6.088541657198487
2065,20,italiani,8.4946436144825
2065,21,italiani,11.112136041021401
2065,22,italiani,14.178437305093047
2065,23,italiani,17.935139171710787
2065,24,italiani,22.404677528117325
2065,25,italiani,29.33905349545012
2065,26,italiani,37.60870024400266
2065,27,italiani,47.83590782097536
2065,28,italiani,58.18720267520769
2065,29,italiani,70.1414001413637
2065,30,italiani,80.70478650335471
2065,31,italiani,88.94535563705188
2065,32,italiani,93.06062811277488
2065,33,italiani,93.09101874933968
2065,34,italiani,90.88270390045481
2065,35,italiani,86.22784224215901
2065,36,italiani,77.38475126813736
2065,37,italiani,65.90604000452902
2065,38,italiani,54.67283774655532
2065,39,italiani,43.82425418386181
2065,40,italiani,32.79732996342019
2065,41,italiani,23.318486807273885
2065,42,italiani,15.141269524460446
2065,43,italiani,9.176194702017249
2065,44,italiani,5.615545984143294
2065,45,italiani,3.4106351406882176
2065,46,italiani,2.215343741606076
2065,47,italiani,1.372429458639547
2065,48,italiani,0.863804190963629
2065,49,italiani,0.5730410964464893
2065,50,italiani,1.043223077030705
2066,14,italiani,0.02070338255799818
2066,15,italiani,0.07676948991322549
2066,16,italiani,0.8759585061003111
2066,17,italiani,1.7707382493486203
2066,18,italiani,3.375423298424319
2066,19,italiani,6.089321657421779
2066,20,italiani,8.49573185930189
2066,21,italiani,11.11355961157101
2066,22,italiani,14.180253698063083
2066,23,italiani,17.937436833999453
2066,24,italiani,22.40754778087384
2066,25,italiani,29.34281210786769
2066,26,italiani,37.61351827699639
2066,27,italiani,47.84203605674716
2066,28,italiani,58.19465701052061
2066,29,italiani,70.15038592332147
2066,30,italiani,80.71512555579741
2066,31,italiani,88.9567503849511
2066,32,italiani,93.07255006630572
2066,33,italiani,93.10294459620076
2066,34,italiani,90.89434684113371
2066,35,italiani,86.23888885068855
2066,36,italiani,77.3946649924193
2066,37,italiani,65.91448319648107
2066,38,italiani,54.67984185822135
2066,39,italiani,43.829868488562944
2066,40,italiani,32.80153161401818
2066,41,italiani,23.321474127709642
2066,42,italiani,15.143209265415662
2066,43,italiani,9.17737026002761
2066,44,italiani,5.616265389112193
2066,45,italiani,3.411072075560489
2066,46,italiani,2.2156275482564056
2066,47,italiani,1.3726052799354276
2066,48,italiani,0.8639148525144186
2066,49,italiani,0.5731145084732684
2066,50,italiani,1.0433567238510508
2067,14,italiani,0.02067495966047403
2067,15,italiani,0.07666409595942725
2067,16,italiani,0.8747559355162748
2067,17,italiani,1.7683072692098756
2067,18,italiani,3.370789306358386
2067,19,italiani,6.080961856071656
2067,20,italiani,8.484068387627484
2067,21,italiani,11.098302222345684
2067,22,italiani,14.160786159529348
2067,23,italiani,17.912811199635097
2067,24,italiani,22.37678529882246
2067,25,italiani,29.302528461498508
2067,26,italiani,37.561880088284234
2067,27,italiani,47.77635551955097
2067,28,italiani,58.11476374824671
2067,29,italiani,70.05407908917044
2067,30,italiani,80.60431478678929
2067,31,italiani,88.83462499828109
2067,32,italiani,92.94477425259821
2067,33,italiani,92.97512705498296
2067,34,italiani,90.76956140095007
2067,35,italiani,86.12049471419742
2067,36,italiani,77.28841275919929
2067,37,italiani,65.82399167433475
2067,38,italiani,54.604773953862285
2067,39,italiani,43.76969610576233
2067,40,italiani,32.75649962134313
2067,41,italiani,23.289456950449498
2067,42,italiani,15.122419721294941
2067,43,italiani,9.164770992554713
2067,44,italiani,5.608555028972927
2067,45,italiani,3.4063891426252764
2067,46,italiani,2.2125857962828155
2067,47,italiani,1.3707208816201562
2067,48,italiani,0.862728816210746
2067,49,italiani,0.572327701056736
2067,50,italiani,1.0419243385314019
2068,14,italiani,0.020685275179252526
2068,15,italiani,0.07670234657439787
2068,16,italiani,0.8751923843136415
2068,17,italiani,1.769189544539126
2068,18,italiani,3.3724711205412965
2068,19,italiani,6.083995877769774
2068,20,italiani,8.488301409998884
2068,21,italiani,11.103839584781406
2068,22,italiani,14.167851510946992
2068,23,italiani,17.921748578151906
2068,24,italiani,22.387949922731913
2068,25,italiani,29.3171486004282
2068,26,italiani,37.580621129900244
2068,27,italiani,47.80019294901266
2068,28,italiani,58.14375940031073
2068,29,italiani,70.08903171690089
2068,30,italiani,80.64453132585226
2068,31,italiani,88.87894795017067
2068,32,italiani,92.99114791329264
2068,33,italiani,93.02151585983766
2068,34,italiani,90.81484976574129
2068,35,italiani,86.16346348390854
2068,36,italiani,77.32697486941717
2068,37,italiani,65.85683375157905
2068,38,italiani,54.63201833935888
2068,39,italiani,43.791534461412
2068,40,italiani,32.77284307702627
2068,41,italiani,23.3010769407401
2068,42,italiani,15.1299648680412
2068,43,italiani,9.169343643182662
2068,44,italiani,5.611353349050533
2068,45,italiani,3.4080887189119857
2068,46,italiani,2.213689738960596
2068,47,italiani,1.37140478607398
2068,48,italiani,0.8631592642237297
2068,49,italiani,0.5726132569777466
2068,50,italiani,1.0424441939631122
2069,14,italiani,0.020714305099619936
2069,15,italiani,0.07680999140840432
2069,16,italiani,0.876420637986973
2069,17,italiani,1.7716724426948314
2069,18,italiani,3.3772040799639926
2069,19,italiani,6.092534217932852
2069,20,italiani,8.500213976394617
2069,21,italiani,11.119422823395608
2069,22,italiani,14.187734814290842
2069,23,italiani,17.94690013787543
2069,24,italiani,22.41936939372345
2069,25,italiani,29.358292577575945
2069,26,italiani,37.63336214636267
2069,27,italiani,47.867276213935746
2069,28,italiani,58.225358928991206
2069,29,italiani,70.1873953592377
2069,30,italiani,80.75770866104212
2069,31,italiani,89.0036815473297
2069,32,italiani,93.12165261266954
2069,33,italiani,93.15206317789199
2069,34,italiani,90.94230022671084
2069,35,italiani,86.28438614323227
2069,36,italiani,77.43549631296865
2069,37,italiani,65.94925788531143
2069,38,italiani,54.708689455800844
2069,39,italiani,43.852991935251
2069,40,italiani,32.818836810080114
2069,41,italiani,23.333777903246176
2069,42,italiani,15.151198410813768
2069,43,italiani,9.182211991003822
2069,44,italiani,5.619228378000582
2069,45,italiani,3.4128716644255324
2069,46,italiani,2.2167964530982274
2069,47,italiani,1.3733294291539593
2069,48,italiani,0.8643706304969684
2069,49,italiani,0.5734168681024399
2069,50,italiani,1.0439071704851057
2070,14,italiani,0.020696539603465635
2070,15,italiani,0.07674411579247536
2070,16,italiani,0.8756689812261584
2070,17,italiani,1.770152978739077
2070,18,italiani,3.374307641690715
2070,19,italiani,6.087308993495049
2070,20,italiani,8.492923820244936
2070,21,italiani,11.109886318914427
2070,22,italiani,14.175566790933585
2070,23,italiani,17.931508089537452
2070,24,italiani,22.400141559681686
2070,25,italiani,29.333113618814096
2070,26,italiani,37.60108612516528
2070,27,italiani,47.826223139386265
2070,28,italiani,58.17542230861408
2070,29,italiani,70.12719957201055
2070,30,italiani,80.68844730973208
2070,31,italiani,88.92734808817464
2070,32,italiani,93.04178740099982
2070,33,italiani,93.07217188478835
2070,34,italiani,90.86430412318862
2070,35,italiani,86.21038487102778
2070,36,italiani,77.36908423661184
2070,37,italiani,65.89269691057895
2070,38,italiani,54.66176888533229
2070,39,italiani,43.815381686882375
2070,40,italiani,32.79068993687659
2070,41,italiani,23.313765832379605
2070,42,italiani,15.138204078838553
2070,43,italiani,9.174336923458489
2070,44,italiani,5.614409081400507
2070,45,italiani,3.4099446360681784
2070,46,italiani,2.214895231277221
2070,47,italiani,1.3721516016297006
2070,48,italiani,0.8636293083508413
2070,49,italiani,0.5729250806581547
2070,50,italiani,1.0430118699315265
2071,14,italiani,0.020713009696642287
2071,15,italiani,0.07680518796985761
2071,16,italiani,0.8763658295877212
2071,17,italiani,1.7715616482584913
2071,18,italiani,3.376992880978544
2071,19,italiani,6.09215321133237
2071,20,italiani,8.499682401599193
2071,21,italiani,11.118727452087427
2071,22,italiani,14.186847561069643
2071,23,italiani,17.94577779909716
2071,24,italiani,22.417967361759068
2071,25,italiani,29.3564566086916
2071,26,italiani,37.63100868245699
2071,27,italiani,47.86428275546145
2071,28,italiani,58.22171771085868
2071,29,italiani,70.18300607557578
2071,30,italiani,80.7526583455348
2071,31,italiani,88.99811555640972
2071,32,italiani,93.11582909768808
2071,33,italiani,93.14623776113605
2071,34,italiani,90.93661300109832
2071,35,italiani,86.27899020790171
2071,36,italiani,77.43065375744882
2071,37,italiani,65.94513364051404
2071,38,italiani,54.70526815835043
2071,39,italiani,43.85024951661525
2071,40,italiani,32.816784430397455
2071,41,italiani,23.332318687248808
2071,42,italiani,15.15025090581942
2071,43,italiani,9.181637766346158
2071,44,italiani,5.6188769703555765
2071,45,italiani,3.412658234909303
2071,46,italiani,2.216657822103252
2071,47,italiani,1.3732435457500378
2071,48,italiani,0.8643165756646602
2071,49,italiani,0.5733810085399393
2071,50,italiani,1.0438418880413773
2072,14,italiani,0.02067030936679012
2072,15,italiani,0.0766468523678035
2072,16,italiani,0.874559181952123
2072,17,italiani,1.7679095345462892
2072,18,italiani,3.3700311350981482
2072,19,italiani,6.079594102084427
2072,20,italiani,8.482160117416331
2072,21,italiani,11.095805948322699
2072,22,italiani,14.157601059508922
2072,23,italiani,17.90878217930564
2072,24,italiani,22.37175222378627
2072,25,italiani,29.295937620923006
2072,26,italiani,37.553431521680054
2072,27,italiani,47.76560947274065
2072,28,italiani,58.10169234577538
2072,29,italiani,70.0383222486798
2072,30,italiani,80.58618494556568
2072,31,italiani,88.81464396313876
2072,32,italiani,92.92386874643243
2072,33,italiani,92.95421472174485
2072,34,italiani,90.74914515226055
2072,35,italiani,86.10112415197136
2072,36,italiani,77.27102874377213
2072,37,italiani,65.80918628183292
2072,38,italiani,54.59249203217542
2072,39,italiani,43.7598512526313
2072,40,italiani,32.74913189991597
2072,41,italiani,23.28421859369636
2072,42,italiani,15.11901832685112
2072,43,italiani,9.162709616021889
2072,44,italiani,5.607293530597336
2072,45,italiani,3.4056229641090896
2072,46,italiani,2.212088132736065
2072,47,italiani,1.3704125736590824
2072,48,italiani,0.8625347678338284
2072,49,italiani,0.5721989708470012
2072,50,italiani,1.0416899847889929
2073,14,italiani,0.020696354760348885
2073,15,italiani,0.07674343038216876
2073,16,italiani,0.8756611605282624
2073,17,italiani,1.770137169304264
2073,18,italiani,3.3742775053706677
2073,19,italiani,6.087254627055609
2073,20,italiani,8.492847968989638
2073,21,italiani,11.109787095273505
2073,22,italiani,14.175440187356488
2073,23,italiani,17.93134794122731
2073,24,italiani,22.39994150150477
2073,25,italiani,29.33285164148604
2073,26,italiani,37.600750305647345
2073,27,italiani,47.825795998022684
2073,28,italiani,58.17490273739185
2073,29,italiani,70.12657325812495
2073,30,italiani,80.68772667215826
2073,31,italiani,88.92655386805379
2073,32,italiani,93.04095643435994
2073,33,italiani,93.07134064678125
2073,34,italiani,90.86349260389616
2073,35,italiani,86.20961491641019
2073,36,italiani,77.36839324464195
2073,37,italiani,65.89210841551159
2073,38,italiani,54.66128069494291
2073,39,italiani,43.81499036679371
2073,40,italiani,32.7903970795466
2073,41,italiani,23.313557614521827
2073,42,italiani,15.138068877839858
2073,43,italiani,9.17425498642633
2073,44,italiani,5.614358938483227
2073,45,italiani,3.409914181470137
2073,46,italiani,2.2148754497994636
2073,47,italiani,1.3721393467898308
2073,48,italiani,0.8636215951806142
2073,49,italiani,0.5729199637999938
2073,50,italiani,1.0430025546755204
2074,14,italiani,0.02067680295052772
2074,15,italiani,0.07667093099890872
2074,16,italiani,0.8748339249751093
2074,17,italiani,1.7684649238440189
2074,18,italiani,3.371089831365618
2074,19,italiani,6.081504008351042
2074,20,italiani,8.484824790499873
2074,21,italiani,11.09929169900901
2074,22,italiani,14.162048674025575
2074,23,italiani,17.914408228469014
2074,24,italiani,22.378780316295394
2074,25,italiani,29.305140948301286
2074,26,italiani,37.56522894318415
2074,27,italiani,47.780615052937094
2074,28,italiani,58.119945009431675
2074,29,italiani,70.06032480811385
2074,30,italiani,80.6115011191532
2074,31,italiani,88.84254510953507
2074,32,italiani,92.95306080699714
2074,33,italiani,92.98341631550657
2074,34,italiani,90.77765402277161
2074,35,italiani,86.12817284532476
2074,36,italiani,77.29530346006855
2074,37,italiani,65.82986025696513
2074,38,italiani,54.60964227952608
2074,39,italiani,43.77359842271044
2074,40,italiani,32.75942004928772
2074,41,italiani,23.291533337782656
2074,42,italiani,15.123767970883707
2074,43,italiani,9.16558808392961
2074,44,italiani,5.609055063501179
2074,45,italiani,3.406692841560061
2074,46,italiani,2.212783060870423
2074,47,italiani,1.3708430891702053
2074,48,italiani,0.8628057333835999
2074,49,italiani,0.5723787273211706
2074,50,italiani,1.0420172320026082
2075,14,italiani,0.020710991472264895
2075,15,italiani,0.07679770426251903
2075,16,italiani,0.8762804386712543
2075,17,italiani,1.771389031678046
2075,18,italiani,3.376663835153988
2075,19,italiani,6.091559607008229
2075,20,italiani,8.49885421359203
2075,21,italiani,11.11764407081556
2075,22,italiani,14.185465229771323
2075,23,italiani,17.94402920694393
2075,24,italiani,22.41578301052843
2075,25,italiani,29.353596188249124
2075,26,italiani,37.62734201014905
2075,27,italiani,47.85961897826643
2075,28,italiani,58.216044730847635
2075,29,italiani,70.1761676172438
2075,30,italiani,80.74479000645714
2075,31,italiani,88.98944380039799
2075,32,italiani,93.10675612186476
2075,33,italiani,93.13716182236786
2075,34,italiani,90.9277523626955
2075,35,italiani,86.27058339673114
2075,36,italiani,77.4231091062726
2075,37,italiani,65.93870810997875
2075,38,italiani,54.699937812476705
2075,39,italiani,43.845976856879886
2075,40,italiani,32.81358684418015
2075,41,italiani,23.330045243889042
2075,42,italiani,15.148774702884669
2075,43,italiani,9.180743130296845
2075,44,italiani,5.618329480896477
2075,45,italiani,3.4123257139409713
2075,46,italiani,2.216441836453729
2075,47,italiani,1.373109740299226
2075,48,italiani,0.8642323587976605
2075,49,italiani,0.573325139714215
2075,50,italiani,1.0437401786724618
2025,14,stranieri,0.05295376278546131
2025,15,stranieri,0.17885366718834383
2025,16,stranieri,1.8202433794536506
2025,17,stranieri,4.59133116101281
2025,18,stranieri,11.439602500328599
2025,19,stranieri,28.420749400521835
2025,20,stranieri,47.95810294640673
2025,21,stranieri,64.25340254809372
2025,22,stranieri,78.75602311926166
2025,23,stranieri,91.65826559409382
2025,24,stranieri,102.23324399736362
2025,25,stranieri,108.53459461000065
2025,26,stranieri,112.28673093179636
2025,27,stranieri,112.36913969582152
2025,28,stranieri,111.88828491809434
2025,29,stranieri,106.16830364211644
2025,30,stranieri,101.47806518325102
2025,31,stranieri,96.35246159740727
2025,32,stranieri,87.25772728855078
2025,33,stranieri,80.15987914630585
2025,34,stranieri,73.64322905112351
2025,35,stranieri,65.91364280744968
2025,36,stranieri,59.00091804198654
2025,37,stranieri,50.8474777513969
2025,38,stranieri,42.606260259172025
2025,39,stranieri,35.31264741717118
2025,40,stranieri,28.01416294562039
2025,41,stranieri,20.255159871833023
2025,42,stranieri,13.772349107091253
2025,43,stranieri,8.917296861304461
2025,44,stranieri,5.196062943632016
2025,45,stranieri,3.0370235873199296
2025,46,stranieri,1.7443598101404674
2025,47,stranieri,1.0221428478254106
2025,48,stranieri,0.6645999629509455
2025,49,stranieri,0.47498302480820914
2025,50,stranieri,0.9461250814555392
2026,14,stranieri,0.052335411832165266
2026,15,stranieri,0.17676515959626823
2026,16,stranieri,1.798988058401659
2026,17,stranieri,4.537717331683772
2026,18,stranieri,11.306020130742048
2026,19,stranieri,28.088875015005538
2026,20,stranieri,47.39808724373938
2026,21,stranieri,63.50310359617417
2026,22,stranieri,77.83637436510416
2026,23,stranieri,90.58795495087865
2026,24,stranieri,101.03944736122214
2026,25,stranieri,107.26721592881808
2026,26,stranieri,110.97553785576369
2026,27,stranieri,111.05698431729864
2026,28,stranieri,110.5817445703939
2026,29,stranieri,104.92855658140425
2026,30,stranieri,100.29308691081124
2026,31,stranieri,95.22733595293587
2026,32,stranieri,86.23880255094676
2026,33,stranieri,79.22383730378314
2026,34,stranieri,72.78328334580975
2026,35,stranieri,65.14395692071999
2026,36,stranieri,58.31195333017911
2026,37,stranieri,50.2537222808431
2026,38,stranieri,42.10873902060819
2026,39,stranieri,34.900295054558526
2026,40,stranieri,27.68703634588476
2026,41,stranieri,20.018636596487035
2026,42,stranieri,13.61152682078842
2026,43,stranieri,8.813167924568631
2026,44,stranieri,5.135387548616211
2026,45,stranieri,3.0015596970953533
2026,46,stranieri,1.7239905956644037
2026,47,stranieri,1.0102070953668318
2026,48,stranieri,0.6568393053690433
2026,49,stranieri,0.4694365595385072
2026,50,stranieri,0.9350770026169197
2027,14,stranieri,0.05082643974613513
2027,15,stranieri,0.17166853988361896
2027,16,stranieri,1.7471183459412851
2027,17,stranieri,4.40688261484301
2027,18,stranieri,10.980036858916542
2027,19,stranieri,27.27899644824163
2027,20,stranieri,46.031471637247364
2027,21,stranieri,61.67213662088396
2027,22,stranieri,75.59214025892392
2027,23,stranieri,87.97605813826164
2027,24,stranieri,98.12620563218141
2027,25,stranieri,104.17441071498247
2027,26,stranieri,107.77581164755969
2027,27,stranieri,107.85490978636899
2027,28,stranieri,107.39337249229965
2027,29,stranieri,101.90318126924397
2027,30,stranieri,97.40136478095506
2027,31,stranieri,92.48167318370398
2027,32,stranieri,83.75230361597391
2027,33,stranieri,76.93959887220308
2027,34,stranieri,70.68474357983528
2027,35,stranieri,63.26567968690062
2027,36,stranieri,56.63066131819854
2027,37,stranieri,48.80477095923914
2027,38,stranieri,40.894629691273096
2027,39,stranieri,33.89402474564357
2027,40,stranieri,26.88874387949846
2027,41,stranieri,19.441444925169854
2027,42,stranieri,13.219069528454726
2027,43,stranieri,8.55906035338302
2027,44,stranieri,4.987320375921374
2027,45,stranieri,2.9150165776489083
2027,46,stranieri,1.674283263776414
2027,47,stranieri,0.9810800807002297
2027,48,stranieri,0.637900843969564
2027,49,stranieri,0.4559014283585463
2027,50,stranieri,0.9081161926062404
2028,14,stranieri,0.05013042943777005
2028,15,stranieri,0.16931773439777797
2028,16,stranieri,1.7231935464711168
2028,17,stranieri,4.346535367563727
2028,18,stranieri,10.829677737203406
2028,19,stranieri,26.90544160504067
2028,20,stranieri,45.40112296579285
2028,21,stranieri,60.82760682415944
2028,22,stranieri,74.55699183785848
2028,23,stranieri,86.77132604096356
2028,24,stranieri,96.78247880453276
2028,25,stranieri,102.7478605948553
2028,26,stranieri,106.2999444360496
2028,27,stranieri,106.3779594157736
2028,28,stranieri,105.92274235023042
2028,29,stranieri,100.5077330542432
2028,30,stranieri,96.06756382470125
2028,31,stranieri,91.21524181073725
2028,32,stranieri,82.60541103492368
2028,33,stranieri,75.885998537338
2028,34,stranieri,69.71679637713063
2028,35,stranieri,62.39932812956664
2028,36,stranieri,55.85516879415263
2028,37,stranieri,48.13644510650007
2028,38,stranieri,40.33462423025587
2028,39,stranieri,33.42988461045452
2028,40,stranieri,26.52053310155306
2028,41,stranieri,19.17521643966081
2028,42,stranieri,13.038049399861146
2028,43,stranieri,8.441853752534561
2028,44,stranieri,4.919024693396721
2028,45,stranieri,2.8750987396647316
2028,46,stranieri,1.6513558579511787
2028,47,stranieri,0.9676453043729949
2028,48,stranieri,0.6291655171330752
2028,49,stranieri,0.44965837660593877
2028,50,stranieri,0.8956805737747001
2029,14,stranieri,0.048696407218878336
2029,15,stranieri,0.16447426116401626
2029,16,stranieri,1.6739001759413885
2029,17,stranieri,4.222199143793243
2029,18,stranieri,10.51988588676923
2029,19,stranieri,26.135789290000815
2029,20,stranieri,44.10238645334382
2029,21,stranieri,59.08758303648901
2029,22,stranieri,72.42422768506104
2029,23,stranieri,84.28916079919351
2029,24,stranieri,94.0139362932941
2029,25,stranieri,99.8086734247251
2029,26,stranieri,103.25914698232982
2029,27,stranieri,103.33493027930973
2029,28,stranieri,102.8927350728196
2029,29,stranieri,97.63262657726519
2029,30,stranieri,93.31947204522761
2029,31,stranieri,88.60595469859405
2029,32,stranieri,80.24241522273314
2029,33,stranieri,73.71521705340089
2029,34,stranieri,67.72249000162152
2029,35,stranieri,60.6143439595668
2029,36,stranieri,54.257385691372875
2029,37,stranieri,46.75946245154651
2029,38,stranieri,39.18081908664272
2029,39,stranieri,32.47359523005159
2029,40,stranieri,25.761891411246168
2029,41,stranieri,18.626693581689572
2029,42,stranieri,12.665085259316166
2029,43,stranieri,8.200367573669952
2029,44,stranieri,4.778311940988237
2029,45,stranieri,2.792854172434266
2029,46,stranieri,1.6041174636633615
2029,47,stranieri,0.9399650135388689
2029,48,stranieri,0.6111677193673622
2029,49,stranieri,0.43679552842778485
2029,50,stranieri,0.8700588933257617
2030,14,stranieri,0.047945710863409964
2030,15,stranieri,0.16193875114437126
2030,16,stranieri,1.6480955871993692
2030,17,stranieri,4.157110368453807
2030,18,stranieri,10.35771293713776
2030,19,stranieri,25.732883965197168
2030,20,stranieri,43.422510818388396
2030,21,stranieri,58.176697906102405
2030,22,stranieri,71.30774688337863
2030,23,stranieri,82.9897720058266
2030,24,stranieri,92.564631850332
2030,25,stranieri,98.27003820165207
2030,26,stranieri,101.66731978735852
2030,27,stranieri,101.74193482063896
2030,28,stranieri,101.30655642772659
2030,29,stranieri,96.1275369591148
2030,30,stranieri,91.88087335675134
2030,31,stranieri,87.24001887162315
2030,32,stranieri,79.0054104393837
2030,33,stranieri,72.5788345573408
2030,34,stranieri,66.67849046796083
2030,35,stranieri,59.679922516624856
2030,36,stranieri,53.42096214347785
2030,37,stranieri,46.0386257399538
2030,38,stranieri,38.57681358043762
2030,39,stranieri,31.97298725955836
2030,40,stranieri,25.364750038876153
2030,41,stranieri,18.339547326251253
2030,42,stranieri,12.46984224471079
2030,43,stranieri,8.073951963101695
2030,44,stranieri,4.704650215940064
2030,45,stranieri,2.74979996025846
2030,46,stranieri,1.5793886345260773
2030,47,stranieri,0.9254746568528041
2030,48,stranieri,0.6017460514104883
2030,49,stranieri,0.4300619554600342
2030,50,stranieri,0.8566461986822587
2031,14,stranieri,0.046539711705478944
2031,15,stranieri,0.15718992703382612
2031,16,stranieri,1.5997654870493567
2031,17,stranieri,4.035203871037936
2031,18,stranieri,10.053974909158688
2031,19,stranieri,24.97827187300656
2031,20,stranieri,42.14915367034584
2031,21,stranieri,56.47067693375281
2031,22,stranieri,69.21666031345352
2031,23,stranieri,80.55611219651658
2031,24,stranieri,89.85019103608425
2031,25,stranieri,95.38828739489085
2031,26,stranieri,98.68594432256761
2031,27,stranieri,98.75837128371245
2031,28,stranieri,98.33576028214318
2031,29,stranieri,93.30861460746722
2031,30,stranieri,89.18648363464281
2031,31,stranieri,84.68172135423258
2031,32,stranieri,76.6885913006244
2031,33,stranieri,70.45047357502168
2031,34,stranieri,64.72315599149131
2031,35,stranieri,57.92981975888685
2031,36,stranieri,51.85440224819188
2031,37,stranieri,44.688551502717374
2031,38,stranieri,37.44555561318638
2031,39,stranieri,31.035385285284885
2031,40,stranieri,24.620933406406387
2031,41,stranieri,17.801743471991923
2031,42,stranieri,12.104166413028084
2031,43,stranieri,7.83718480589682
2031,44,stranieri,4.56668721314267
2031,45,stranieri,2.6691625818782247
2031,46,stranieri,1.533073353133844
2031,47,stranieri,0.8983352826566741
2031,48,stranieri,0.5840999590627964
2031,49,stranieri,0.41745046766798577
2031,50,stranieri,0.8315252063702802
2032,14,stranieri,0.04560104801459819
2032,15,stranieri,0.15401954905614137
2032,16,stranieri,1.5674996710056226
2032,17,stranieri,3.9538174760594975
2032,18,stranieri,9.851195372061934
2032,19,stranieri,24.474482829006547
2032,20,stranieri,41.29904354499564
2032,21,stranieri,55.331714699250384
2032,22,stranieri,67.82062317743883
2032,23,stranieri,78.93136862105338
2032,24,stranieri,88.0379943366719
2032,25,stranieri,93.46439232481586
2032,26,stranieri,96.69553850909608
2032,27,stranieri,96.7665046842546
2032,28,stranieri,96.35241736252783
2032,29,stranieri,91.42666464755581
2032,30,stranieri,87.38767331035551
2032,31,stranieri,82.97376799131688
2032,32,stranieri,75.14185210691737
2032,33,stranieri,69.02955154678226
2032,34,stranieri,63.417748754057314
2032,35,stranieri,56.76142793963688
2032,36,stranieri,50.80854607893304
2032,37,stranieri,43.78722403083454
2032,38,stranieri,36.690312786127436
2032,39,stranieri,30.40942976832447
2032,40,stranieri,24.12435155453673
2032,41,stranieri,17.442698483976553
2032,42,stranieri,11.860036376465132
2032,43,stranieri,7.679115910615038
2032,44,stranieri,4.474581282153806
2032,45,stranieri,2.6153279982752573
2032,46,stranieri,1.5021526568229098
2032,47,stranieri,0.880216676391916
2032,48,stranieri,0.572319193705098
2032,49,stranieri,0.40903087110449876
2032,50,stranieri,0.8147540986287592
2033,14,stranieri,0.04419526268505488
2033,15,stranieri,0.14927144716039795
2033,16,stranieri,1.5191769210359674
2033,17,stranieri,3.8319295185336735
2033,18,stranieri,9.547503537434004
2033,19,stranieri,23.71998550038895
2033,20,stranieri,40.02588005276319
2033,21,stranieri,53.62595318346721
2033,22,stranieri,65.72985462596154
2033,23,stranieri,76.49807892971272
2033,24,stranieri,85.32396634237469
2033,25,stranieri,90.58307978298909
2033,26,stranieri,93.71461646044357
2033,27,stranieri,93.78339489623478
2033,28,stranieri,93.38207302414959
2033,29,stranieri,88.60817100571089
2033,30,stranieri,84.69369335876988
2033,31,stranieri,80.41585954715606
2033,32,stranieri,72.82538531666287
2033,33,stranieri,66.90151425171055
2033,34,stranieri,61.462711650467554
2033,35,stranieri,55.01159134254975
2033,36,stranieri,49.24222443057259
2033,37,stranieri,42.43735511676336
2033,38,stranieri,35.559226863835
2033,39,stranieri,29.47197038725053
2033,40,stranieri,23.38064804383548
2033,41,stranieri,16.904976420471087
2033,42,stranieri,11.494416157812541
2033,43,stranieri,7.442384761639045
2033,44,stranieri,4.336639261165884
2033,45,stranieri,2.534702883458987
2033,46,stranieri,1.4558444191916138
2033,47,stranieri,0.8530814296297143
2033,48,stranieri,0.5546757850257816
2033,49,stranieri,0.39642130130371367
2033,50,stranieri,0.7896369267893987
2034,14,stranieri,0.04375588176102941
2034,15,stranieri,0.14778741872840645
2034,16,stranieri,1.5040735520599828
2034,17,stranieri,3.793833201635366
2034,18,stranieri,9.45258406707564
2034,19,stranieri,23.48416590086984
2034,20,stranieri,39.6279503405259
2034,21,stranieri,53.092814122174424
2034,22,stranieri,65.07638087092532
2034,23,stranieri,75.73754952985746
2034,24,stranieri,84.47569164288505
2034,25,stranieri,89.6825199745827
2034,26,stranieri,92.78292350799944
2034,27,stranieri,92.85101816161956
2034,28,stranieri,92.45368615551266
2034,29,stranieri,87.72724536600738
2034,30,stranieri,83.85168471380962
2034,31,stranieri,79.61638031505095
2034,32,stranieri,72.10136914051812
2034,33,stranieri,66.23639207877322
2034,34,stranieri,60.85166102202032
2034,35,stranieri,54.4646765293389
2034,36,stranieri,48.75266756956787
2034,37,stranieri,42.01545097655545
2034,38,stranieri,35.205703770909786
2034,39,stranieri,29.17896564432408
2034,40,stranieri,23.148202072985107
2034,41,stranieri,16.736910349381365
2034,42,stranieri,11.380140851236282
2034,43,stranieri,7.368393983106398
2034,44,stranieri,4.293525215678367
2034,45,stranieri,2.5095033478662088
2034,46,stranieri,1.441370689943749
2034,47,stranieri,0.8446002557652037
2034,48,stranieri,0.5491613035145857
2034,49,stranieri,0.39248015587119417
2034,50,stranieri,0.7817865061456792
2035,14,stranieri,0.041962230663679344
2035,15,stranieri,0.14172928311078925
2035,16,stranieri,1.4424182255399642
2035,17,stranieri,3.6383155246647467
2035,18,stranieri,9.065101582382477
2035,19,stranieri,22.52149760935887
2035,20,stranieri,38.00351235062979
2035,21,stranieri,50.91642136127121
2035,22,stranieri,62.40875500526021
2035,23,stranieri,72.63289860391443
2035,24,stranieri,81.01284479998094
2035,25,stranieri,86.00623363566137
2035,26,stranieri,88.97954471942045
2035,27,stranieri,89.0448480214491
2035,28,stranieri,88.66380353967224
2035,29,stranieri,84.13111009035215
2035,30,stranieri,80.41441730544193
2035,31,stranieri,76.35272747178182
2035,32,stranieri,69.14577335146208
2035,33,stranieri,63.52121476877298
2035,34,stranieri,58.357215837169065
2035,35,stranieri,52.232048071359294
2035,36,stranieri,46.75418708727577
2035,37,stranieri,40.293144015371645
2035,38,stranieri,33.762543522270605
2035,39,stranieri,27.982854821250807
2035,40,stranieri,22.199305687428325
2035,41,stranieri,16.050827098257066
2035,42,stranieri,10.913643518665145
2035,43,stranieri,7.066347094286131
2035,44,stranieri,4.117524049557187
2035,45,stranieri,2.4066332135540534
2035,46,stranieri,1.3822856934665806
2035,47,stranieri,0.8099782092058622
2035,48,stranieri,0.5266499579530752
2035,49,stranieri,0.376391519693978
2035,50,stranieri,0.7497393351550453
2036,14,stranieri,0.04106501027282513
2036,15,stranieri,0.13869888170512193
2036,16,stranieri,1.4115769898948252
2036,17,stranieri,3.5605224515735165
2036,18,stranieri,8.871275042271531
2036,19,stranieri,22.039951548339257
2036,20,stranieri,37.190935762927595
2036,21,stranieri,49.82774588448825
2036,22,stranieri,61.07435483937459
2036,23,stranieri,71.07988970415913
2036,24,stranieri,79.28065909092699
2036,25,stranieri,84.16728119347677
2036,26,stranieri,87.07701807513769
2036,27,stranieri,87.14092508690142
2036,28,stranieri,86.76802795271468
2036,29,stranieri,82.33225082371168
2036,30,stranieri,78.69502694453931
2036,31,stranieri,74.72018261176052
2036,32,stranieri,67.66732483213649
2036,33,stranieri,62.16302841306756
2036,34,stranieri,57.10944413451007
2036,35,stranieri,51.11524236669345
2036,36,stranieri,45.754506914199894
2036,37,stranieri,39.431611397814486
2036,38,stranieri,33.04064571044851
2036,39,stranieri,27.3845361059955
2036,40,stranieri,21.72464861103971
2036,41,stranieri,15.707634442984412
2036,42,stranieri,10.680292160822871
2036,43,stranieri,6.915257159323864
2036,44,stranieri,4.029484722794395
2036,45,stranieri,2.355175501264781
2036,46,stranieri,1.3527301886578778
2036,47,stranieri,0.7926595644638393
2036,48,stranieri,0.515389329677491
2036,49,stranieri,0.3683436599621943
2036,50,stranieri,0.7337086950130085
2037,14,stranieri,0.03945870278175871
2037,15,stranieri,0.1332735073729278
2037,16,stranieri,1.3563614504849757
2037,17,stranieri,3.421248314100392
2037,18,stranieri,8.524264400826707
2037,19,stranieri,21.177832215125154
2037,20,stranieri,35.73616737692542
2037,21,stranieri,47.878673402941274
2037,22,stranieri,58.68535766054138
2037,23,stranieri,68.2995139405246
2037,24,stranieri,76.17950032465943
2037,25,stranieri,80.87497629971071
2037,26,stranieri,83.67089530773684
2037,27,stranieri,83.73230251952376
2037,28,stranieri,83.37399170727049
2037,29,stranieri,79.1117253599203
2037,30,stranieri,75.61677588723133
2037,31,stranieri,71.79741239288765
2037,32,stranieri,65.02043566649041
2037,33,stranieri,59.7314464520772
2037,34,stranieri,54.87553922825442
2037,35,stranieri,49.11580790470746
2037,36,stranieri,43.964764096213415
2037,37,stranieri,37.88919627719672
2037,38,stranieri,31.748220934178907
2037,39,stranieri,26.313356890546757
2037,40,stranieri,20.874862733163244
2037,41,stranieri,15.093211343974605
2037,42,stranieri,10.262519629153479
2037,43,stranieri,6.644758520607502
2037,44,stranieri,3.871866559487966
2037,45,stranieri,2.2630499660384755
2037,46,stranieri,1.2998165129763994
2037,47,stranieri,0.7616537279182123
2037,48,stranieri,0.49522925336004997
2037,49,stranieri,0.3539354526744529
2037,50,stranieri,0.7050087929496726
2038,14,stranieri,0.03914209821128115
2038,15,stranieri,0.13220416148512157
2038,16,stranieri,1.3454784207812818
2038,17,stranieri,3.3937972633404683
2038,18,stranieri,8.455868308735496
2038,19,stranieri,21.007907762484123
2038,20,stranieri,35.44943129273474
2038,21,stranieri,47.49450956178274
2038,22,stranieri,58.214484287987766
2038,23,stranieri,67.7514995165694
2038,24,stranieri,75.56825929849389
2038,25,stranieri,80.22606020950438
2038,26,stranieri,82.99954561798918
2038,27,stranieri,83.06046011707798
2038,28,stranieri,82.7050242812637
2038,29,stranieri,78.47695705631314
2038,30,stranieri,75.01004998995369
2038,31,stranieri,71.22133190089139
2038,32,stranieri,64.49873156434823
2038,33,stranieri,59.25217958279975
2038,34,stranieri,54.435234674321705
2038,35,stranieri,48.72171767443976
2038,36,stranieri,43.61200426703668
2038,37,stranieri,37.585184947188495
2038,38,stranieri,31.49348291331982
2038,39,stranieri,26.102226557595078
2038,40,stranieri,20.70736921504216
2038,41,stranieri,14.972108029425321
2038,42,stranieri,10.180176308411884
2038,43,stranieri,6.591443009223875
2038,44,stranieri,3.840799885659555
2038,45,stranieri,2.244891944817411
2038,46,stranieri,1.2893871825681842
2038,47,stranieri,0.7555424512066106
2038,48,stranieri,0.49125568519904944
2038,49,stranieri,0.3510955827833784
2038,50,stranieri,0.6993520178826038
2039,14,stranieri,0.03767451606194238
2039,15,stranieri,0.12724733810747377
2039,16,stranieri,1.2950314543973993
2039,17,stranieri,3.266551241543973
2039,18,stranieri,8.138826505813368
2039,19,stranieri,20.220243538130116
2039,20,stranieri,34.120300894854466
2039,21,stranieri,45.71376459383968
2039,22,stranieri,56.03180778677276
2039,23,stranieri,65.21124501246122
2039,24,stranieri,72.73492553584163
2039,25,stranieri,77.21808824950065
2039,26,stranieri,79.88758542375813
2039,27,stranieri,79.94621601279651
2039,28,stranieri,79.6041067821392
2039,29,stranieri,75.53456544795841
2039,30,stranieri,72.19764556053202
2039,31,stranieri,68.55098053685144
2039,32,stranieri,62.08043537113216
2039,33,stranieri,57.03059604387566
2039,34,stranieri,52.39425623029754
2039,35,stranieri,46.89496013175077
2039,36,stranieri,41.97682879397677
2039,37,stranieri,36.1759772391512
2039,38,stranieri,30.312675663421988
2039,39,stranieri,25.123557464611135
2039,40,stranieri,19.930973293297615
2039,41,stranieri,14.410748279026874
2039,42,stranieri,9.798483815927135
2039,43,stranieri,6.344305412089831
2039,44,stranieri,3.696794080938749
2039,45,stranieri,2.1607226361711285
2039,46,stranieri,1.2410432843308152
2039,47,stranieri,0.7272143680141029
2039,48,stranieri,0.4728366911413542
2039,49,stranieri,0.3379317097783264
2039,50,stranieri,0.6731307220284957
2040,14,stranieri,0.03671999171837039
2040,15,stranieri,0.1240233900764328
2040,16,stranieri,1.2622204410619826
2040,17,stranieri,3.1837896561143793
2040,18,stranieri,7.932620591578532
2040,19,stranieri,19.707941942580323
2040,20,stranieri,33.25582641134439
2040,21,stranieri,44.55555725099293
2040,22,stranieri,54.61218173347758
2040,23,stranieri,63.55904805426563
2040,24,stranieri,70.89210804781581
2040,25,stranieri,75.2616850172188
2040,26,stranieri,77.86354761234229
2040,27,stranieri,77.92069273241214
2040,28,stranieri,77.5872512066906
2040,29,stranieri,73.62081607470392
2040,30,stranieri,70.3684406379577
2040,31,stranieri,66.81416779078796
2040,32,stranieri,60.50756083907803
2040,33,stranieri,55.585664616945124
2040,34,stranieri,51.06679145402965
2040,35,stranieri,45.70682593082306
2040,36,stranieri,40.9133007347463
2040,37,stranieri,35.259419986750075
2040,38,stranieri,29.544671456228812
2040,39,stranieri,24.487025142399673
2040,40,stranieri,19.426000670205216
2040,41,stranieri,14.045636487841463
2040,42,stranieri,9.55022870053239
2040,43,stranieri,6.183565617876186
2040,44,stranieri,3.6031318309014235
2040,45,stranieri,2.105978406609124
2040,46,stranieri,1.2096001192912793
2040,47,stranieri,0.7087896106496417
2040,48,stranieri,0.46085686553493116
2040,49,stranieri,0.3293698468225295
2040,50,stranieri,0.6560762319449073
2041,14,stranieri,0.03542713594142163
2041,15,stranieri,0.11965671272076041
2041,16,stranieri,1.2177795544320056
2041,17,stranieri,3.07169320246954
2041,18,stranieri,7.65332493059846
2041,19,stranieri,19.014054896318033
2041,20,stranieri,32.084938693752605
2041,21,stranieri,42.986822975971315
2041,22,stranieri,52.689368809459964
2041,23,stranieri,61.32122939993266
2041,24,stranieri,68.3961033609781
2041,25,stranieri,72.61183408577834
2041,26,stranieri,75.12208900536827
2041,27,stranieri,75.17722213155822
2041,28,stranieri,74.85552058132768
2041,29,stranieri,71.02873767512614
2041,30,stranieri,67.890873494386
2041,31,stranieri,64.4617412577741
2041,32,stranieri,58.37718046808397
2041,33,stranieri,53.6285768221894
2041,34,stranieri,49.2688063986967
2041,35,stranieri,44.097557214101286
2041,36,stranieri,39.4728048431719
2041,37,stranieri,34.017988747566896
2041,38,stranieri,28.504447932672587
2041,39,stranieri,23.624873751995004
2041,40,stranieri,18.74204035283617
2041,41,stranieri,13.551110715245946
2041,42,stranieri,9.21397948671549
2041,43,stranieri,5.965851556486203
2041,44,stranieri,3.4762709688833535
2041,45,stranieri,2.0318300688318085
2041,46,stranieri,1.1670119151866123
2041,47,stranieri,0.6838341926365377
2041,48,stranieri,0.4446307872306908
2041,49,stranieri,0.3177732290323299
2041,50,stranieri,0.6329767728520447
2042,14,stranieri,0.03448425527371166
2042,15,stranieri,0.11647209171801608
2042,16,stranieri,1.1853687831716653
2042,17,stranieri,2.9899411764933634
2042,18,stranieri,7.44963439990764
2042,19,stranieri,18.50800256383036
2042,20,stranieri,31.231009421315214
2042,21,stranieri,41.84274391698862
2042,22,stranieri,51.28705993169957
2042,23,stranieri,59.68918661168676
2042,24,stranieri,66.5757653095931
2042,25,stranieri,70.67929585520704
2042,26,stranieri,73.122741229746
2042,27,stranieri,73.17640700732159
2042,28,stranieri,72.86326742983945
2042,29,stranieri,69.13833299447525
2042,30,stranieri,66.08398195684697
2042,31,stranieri,62.746114859428616
2042,32,stranieri,56.82349249878878
2042,33,stranieri,52.201271256025365
2042,34,stranieri,47.95753457725202
2042,35,stranieri,42.92391635701478
2042,36,stranieri,38.422250131426225
2042,37,stranieri,33.11261203301985
2042,38,stranieri,27.74581215291602
2042,39,stranieri,22.996106109736907
2042,40,stranieri,18.24322759102136
2042,41,stranieri,13.190452706071014
2042,42,stranieri,8.968752688109324
2042,43,stranieri,5.807072531607103
2042,44,stranieri,3.383751249036365
2042,45,stranieri,1.9777536316300819
2042,46,stranieri,1.1359523066527455
2042,47,stranieri,0.6656341879502381
2042,48,stranieri,0.4327970964056216
2042,49,stranieri,0.30931580716041296
2042,50,stranieri,0.6161303203694485
2043,14,stranieri,0.032648092055801804
2043,15,stranieri,0.11027036953993331
2043,16,stranieri,1.122252136399316
2043,17,stranieri,2.830737506052597
2043,18,stranieri,7.052968020906145
2043,19,stranieri,17.522517643974965
2043,20,stranieri,29.568069905804457
2043,21,stranieri,39.61476750552277
2043,22,stranieri,48.556207481679714
2043,23,stranieri,56.51095097651306
2043,24,stranieri,63.03084399708721
2043,25,stranieri,66.91587622247877
2043,26,stranieri,69.22921687281563
2043,27,stranieri,69.28002513973708
2043,28,stranieri,68.98355912442646
2043,29,stranieri,65.45696412092917
2043,30,stranieri,62.565246348405886
2043,31,stranieri,59.40510873193194
2043,32,stranieri,53.79784482244205
2043,33,stranieri,49.42174032378806
2043,34,stranieri,45.40396744020789
2043,35,stranieri,40.63837138126252
2043,36,stranieri,36.37640277643233
2043,37,stranieri,31.349483910305242
2043,38,stranieri,26.268446922846568
2043,39,stranieri,21.771645733292583
2043,40,stranieri,17.271840991174212
2043,41,stranieri,12.488108291374298
2043,42,stranieri,8.491198695258836
2043,43,stranieri,5.497866695446849
2043,44,stranieri,3.2035786011794873
2043,45,stranieri,1.8724453266177599
2043,46,stranieri,1.0754669104561312
2043,47,stranieri,0.6301915489024621
2043,48,stranieri,0.4097521994539393
2043,49,stranieri,0.29284584707810785
2043,50,stranieri,0.5833235851587903
2044,14,stranieri,0.03221976791580359
2044,15,stranieri,0.1088236858832054
2044,16,stranieri,1.107528835559475
2044,17,stranieri,2.7935998624264915
2044,18,stranieri,6.960437147836254
2044,19,stranieri,17.29263231751757
2044,20,stranieri,29.18015388020136
2044,21,stranieri,39.0950446012247
2044,22,stranieri,47.91917804131861
2044,23,stranieri,55.76955988890754
2044,24,stranieri,62.203915672998015
2044,25,stranieri,66.03797851604521
2044,26,stranieri,68.32096947112623
2044,27,stranieri,68.3711111628862
2044,28,stranieri,68.07853461072797
2044,29,stranieri,64.59820649993036
2044,30,stranieri,61.744426396962666
2044,31,stranieri,58.62574796360234
2044,32,stranieri,53.09204812296127
2044,33,stranieri,48.77335559168119
2044,34,stranieri,44.808293571330836
2044,35,stranieri,40.10521938441516
2044,36,stranieri,35.89916534985275
2044,37,stranieri,30.938196760283773
2044,38,stranieri,25.923820047925787
2044,39,stranieri,21.486014296725955
2044,40,stranieri,17.045244397839262
2044,41,stranieri,12.324271512337866
2044,42,stranieri,8.379799065152293
2044,43,stranieri,5.425737854958187
2044,44,stranieri,3.1615494973984277
2044,45,stranieri,1.847879923749916
2044,46,stranieri,1.0613574048001706
2044,47,stranieri,0.6219237992049781
2044,48,stranieri,0.40437648689641803
2044,49,stranieri,0.28900387844522757
2044,50,stranieri,0.5756707161174152
2045,14,stranieri,0.03097788209447847
2045,15,stranieri,0.10462916179861685
2045,16,stranieri,1.0648400005193135
2045,17,stranieri,2.6859227348733294
2045,18,stranieri,6.692152527453168
2045,19,stranieri,16.626101293934994
2045,20,stranieri,28.055427610831416
2045,21,stranieri,37.588156603110974
2045,22,stranieri,46.072170703010684
2045,23,stranieri,53.6199657059648
2045,24,stranieri,59.806314265468664
2045,25,stranieri,63.492596146986514
2045,26,stranieri,65.68759099654817
2045,27,stranieri,65.73580001591222
2045,28,stranieri,65.45450059873295
2045,29,stranieri,62.10831902014045
2045,30,stranieri,59.364535645154064
2045,31,stranieri,56.36606423928642
2045,32,stranieri,51.04565654244724
2045,33,stranieri,46.893424645994656
2045,34,stranieri,43.081192848277055
2045,35,stranieri,38.55939498726893
2045,36,stranieri,34.51546002454156
2045,37,stranieri,29.745708099460195
2045,38,stranieri,24.924606626021784
2045,39,stranieri,20.65785263579714
2045,40,stranieri,16.38824874864605
2045,41,stranieri,11.84924208042733
2045,42,stranieri,8.056806246837743
2045,43,stranieri,5.216607021678828
2045,44,stranieri,3.0396900381839234
2045,45,stranieri,1.776654833525391
2045,46,stranieri,1.0204482115426599
2045,47,stranieri,0.5979522314955013
2045,48,stranieri,0.38879011064236674
2045,49,stranieri,0.277864449387669
2045,50,stranieri,0.553481937415889
2046,14,stranieri,0.029935681246099393
2046,15,stranieri,0.10110908250916968
2046,16,stranieri,1.0290151772294407
2046,17,stranieri,2.5955591992246294
2046,18,stranieri,6.467005856020875
2046,19,stranieri,16.06674294848942
2046,20,stranieri,27.111548027053868
2046,21,stranieri,36.32356373710125
2046,22,stranieri,44.52214687481935
2046,23,stranieri,51.81600849616013
2046,24,stranieri,57.79422734242473
2046,25,stranieri,61.356490219268046
2046,26,stranieri,63.477638009581945
2046,27,stranieri,63.52422511429322
2046,28,stranieri,63.2523895620205
2046,29,stranieri,60.01878486229284
2046,30,stranieri,57.36731165081143
2046,31,stranieri,54.46971897621098
2046,32,stranieri,49.3283078098143
2046,33,stranieri,45.31577105429973
2046,34,stranieri,41.63179564291873
2046,35,stranieri,37.26212637328972
2046,36,stranieri,33.354243075943806
2046,37,stranieri,28.744961756558354
2046,38,stranieri,24.086058461498144
2046,39,stranieri,19.962852523231177
2046,40,stranieri,15.83689256822045
2046,41,stranieri,11.45059345392644
2046,42,stranieri,7.785748003408738
2046,43,stranieri,5.041102697429916
2046,44,stranieri,2.9374245725545163
2046,45,stranieri,1.716882148965171
2046,46,stranieri,0.9861168783497353
2046,47,stranieri,0.577835093692015
2046,48,stranieri,0.37570989483170963
2046,49,stranieri,0.2685161484288429
2046,50,stranieri,0.534860930886842
2047,14,stranieri,0.028886819779842123
2047,15,stranieri,0.09756650668934219
2047,16,stranieri,0.9929614005100453
2047,17,stranieri,2.504618157827383
2047,18,stranieri,6.2404202911667515
2047,19,stranieri,15.503809790950971
2047,20,stranieri,26.16163618832244
2047,21,stranieri,35.05088896455203
2047,22,stranieri,42.96221697483989
2047,23,stranieri,50.00052234770432
2047,24,stranieri,55.76928134125497
2047,25,stranieri,59.206732618406136
2047,26,stranieri,61.25356139913388
2047,27,stranieri,61.298516223672394
2047,28,stranieri,61.036205019070046
2047,29,stranieri,57.91589666756212
2047,30,stranieri,55.35732356606897
2047,31,stranieri,52.561254330214176
2047,32,stranieri,47.59998364601617
2047,33,stranieri,43.728034811324314
2047,34,stranieri,40.173135462046965
2047,35,stranieri,35.956567024816735
2047,36,stranieri,32.185604887591424
2047,37,stranieri,27.73781972803273
2047,38,stranieri,23.242151206253133
2047,39,stranieri,19.263410723458467
2047,40,stranieri,15.282012716864905
2047,41,stranieri,11.049397097616154
2047,42,stranieri,7.512957449566608
2047,43,stranieri,4.86447673982059
2047,44,stranieri,2.83450553694409
2047,45,stranieri,1.656727462210241
2047,46,stranieri,0.9515661364967595
2047,47,stranieri,0.5575893889545059
2047,48,stranieri,0.3625460844630413
2047,49,stranieri,0.2591081032656306
2047,50,stranieri,0.5161209190727865
2048,14,stranieri,0.0276973522966604
2048,15,stranieri,0.0935490278516202
2048,16,stranieri,0.9520744040541226
2048,17,stranieri,2.4014859376928177
2048,18,stranieri,5.983459605487186
2048,19,stranieri,14.8654121496627
2048,20,stranieri,25.084383109236352
2048,21,stranieri,33.60760469173494
2048,22,stranieri,41.19316934389818
2048,23,stranieri,47.94165965780041
2048,24,stranieri,53.47287947973449
2048,25,stranieri,56.768787431924494
2048,26,stranieri,58.73133430495621
2048,27,stranieri,58.77443803261359
2048,28,stranieri,58.5229279702182
2048,29,stranieri,55.53110400535808
2048,30,stranieri,53.07788481719856
2048,31,stranieri,50.39694883111378
2048,32,stranieri,45.63996751483832
2048,33,stranieri,41.92745323440027
2048,34,stranieri,38.5189333486352
2048,35,stranieri,34.47598980625047
2048,36,stranieri,30.86030391184885
2048,37,stranieri,26.595664417330273
2048,38,stranieri,22.28511324535157
2048,39,stranieri,18.470204657669342
2048,40,stranieri,14.65274797457697
2048,41,stranieri,10.594418022157376
2048,42,stranieri,7.203597725758471
2048,43,stranieri,4.664173039073715
2048,44,stranieri,2.7177896023832946
2048,45,stranieri,1.5885086877029688
2048,46,stranieri,0.9123836655260508
2048,47,stranieri,0.5346296290299687
2048,48,stranieri,0.34761758828692124
2048,49,stranieri,0.24843885459747403
2048,50,stranieri,0.49486869901859604
2049,14,stranieri,0.026250347942148297
2049,15,stranieri,0.08866170688274946
2049,16,stranieri,0.9023347829621837
2049,17,stranieri,2.276024103943457
2049,18,stranieri,5.670863224018941
2049,19,stranieri,14.08879220845725
2049,20,stranieri,23.773889196296835
2049,21,stranieri,31.851828550651398
2049,22,stranieri,39.041097377656044
2049,23,stranieri,45.43702349098027
2049,24,stranieri,50.67927348351057
2049,25,stranieri,53.80299193874765
2049,26,stranieri,55.663008655077235
2049,27,stranieri,55.70386049667171
2049,28,stranieri,55.465490179606185
2049,29,stranieri,52.629969324831016
2049,30,stranieri,50.30491469225132
2049,31,stranieri,47.764039965614096
2049,32,stranieri,43.25557961283207
2049,33,stranieri,39.73701976790987
2049,34,stranieri,36.50657261141929
2049,35,stranieri,32.67484625861344
2049,36,stranieri,29.248056153878263
2049,37,stranieri,25.206216003242705
2049,38,stranieri,21.12086275810528
2049,39,stranieri,17.505258034536713
2049,40,stranieri,13.887238336771707
2049,41,stranieri,10.04092941258253
2049,42,stranieri,6.827257158411794
2049,43,stranieri,4.420500697203283
2049,44,stranieri,2.575802984053335
2049,45,stranieri,1.5055195642782127
2049,46,stranieri,0.8647176242791734
2049,47,stranieri,0.5066987498263694
2049,48,stranieri,0.3294568573055408
2049,49,stranieri,0.235459559660467
2049,50,stranieri,0.4690150667030628
2050,14,stranieri,0.02563893993273617
2050,15,stranieri,0.08659664938957908
2050,16,stranieri,0.881318120071083
2050,17,stranieri,2.223012259306848
2050,18,stranieri,5.5387807387472385
2050,19,stranieri,13.760644161879814
2050,20,stranieri,23.220161439943798
2050,21,stranieri,31.109954075950764
2050,22,stranieri,38.13177458751461
2050,23,stranieri,44.378730467685635
2050,24,stranieri,49.49888098786466
2050,25,stranieri,52.54984358908832
2050,26,stranieri,54.36653786563498
2050,27,stranieri,54.40643820962626
2050,28,stranieri,54.173619876914664
2050,29,stranieri,51.40414234336652
2050,30,stranieri,49.13324154630219
2050,31,stranieri,46.6515474127071
2050,32,stranieri,42.248095525941714
2050,33,stranieri,38.81148795363404
2050,34,stranieri,35.65628251469379
2050,35,stranieri,31.913802528722556
2050,36,stranieri,28.566827248584243
2050,37,stranieri,24.61912731453965
2050,38,stranieri,20.6289277679688
2050,39,stranieri,17.097535630524042
2050,40,stranieri,13.563784767073138
2050,41,stranieri,9.807061858585746
2050,42,stranieri,6.668240610586651
2050,43,stranieri,4.317540936904548
2050,44,stranieri,2.5158088621244135
2050,45,stranieri,1.470453868312774
2050,46,stranieri,0.8445771186169523
2050,47,stranieri,0.4948970139146891
2050,48,stranieri,0.321783337634248
2050,49,stranieri,0.22997537099423174
2050,50,stranieri,0.45809103746927177
2051,14,stranieri,0.024556743652330376
2051,15,stranieri,0.08294148376608343
2051,16,stranieri,0.8441184856908261
2051,17,stranieri,2.1291809384866505
2051,18,stranieri,5.30499385328392
2051,19,stranieri,13.179819916921073
2051,20,stranieri,22.24005959460017
2051,21,stranieri,29.79683127629857
2051,22,stranieri,36.52226714562575
2051,23,stranieri,42.50554471323329
2051,24,stranieri,47.40957834782375
2051,25,stranieri,50.33176259910924
2051,26,stranieri,52.07177586646164
2051,27,stranieri,52.109992053308844
2051,28,stranieri,51.8870007701684
2051,29,stranieri,49.234420358472256
2051,30,stranieri,47.0593722137485
2051,31,stranieri,44.6824281270558
2051,32,stranieri,40.46484192995252
2051,33,stranieri,37.17329043023298
2051,34,stranieri,34.15126333637624
2051,35,stranieri,30.56675001872033
2051,36,stranieri,27.361047513832414
2051,37,stranieri,23.579976395019237
2051,38,stranieri,19.758199533579074
2051,39,stranieri,16.375864238805
2051,40,stranieri,12.991269777699129
2051,41,stranieri,9.393114718301682
2051,42,stranieri,6.386780253623383
2051,43,stranieri,4.135301470113957
2051,44,stranieri,2.409618863632053
2051,45,stranieri,1.4083873510943854
2051,46,stranieri,0.808928288412545
2051,47,stranieri,0.4740078621382313
2051,48,stranieri,0.30820115631169975
2051,49,stranieri,0.22026832024533832
2051,50,stranieri,0.43875543240381026
2052,14,stranieri,0.024278249407502006
2052,15,stranieri,0.08200085718246929
2052,16,stranieri,0.8345454680486509
2052,17,stranieri,2.105034225634088
2052,18,stranieri,5.24483073565292
2052,19,stranieri,13.030349610649886
2052,20,stranieri,21.987838506599836
2052,21,stranieri,29.45891000538187
2052,22,stranieri,36.108073743106935
2052,23,stranieri,42.023495882023255
2052,24,stranieri,46.871913627022884
2052,25,stranieri,49.76095783711102
2052,26,stranieri,51.481237882186754
2052,27,stranieri,51.519020665149185
2052,28,stranieri,51.29855829178117
2052,29,stranieri,48.67606038569166
2052,30,stranieri,46.52567912673689
2052,31,stranieri,44.175691596572804
2052,32,stranieri,40.005936394474
2052,33,stranieri,36.751713872985704
2052,34,stranieri,33.76395912261513
2052,35,stranieri,30.22009721801346
2052,36,stranieri,27.050750091138312
2052,37,stranieri,23.312559517106823
2052,38,stranieri,19.534124838001507
2052,39,stranieri,16.190148086485877
2052,40,stranieri,12.843937789495612
2052,41,stranieri,9.286588852042886
2052,42,stranieri,6.314348763161951
2052,43,stranieri,4.088403653515715
2052,44,stranieri,2.3822917474943353
2052,45,stranieri,1.3924150472204704
2052,46,stranieri,0.7997543573738352
2052,47,stranieri,0.46863221203258837
2052,48,stranieri,0.30470589450103575
2052,49,stranieri,0.2177702911754084
2052,50,stranieri,0.4337795746703258
2053,14,stranieri,0.022549941852857858
2053,15,stranieri,0.07616342225967106
2053,16,stranieri,0.7751362737153548
2053,17,stranieri,1.9551821298802776
2053,18,stranieri,4.871464417879705
2053,19,stranieri,12.102751772200225
2053,20,stranieri,20.422579547298206
2053,21,stranieri,27.361804243788075
2053,22,stranieri,33.537630726957005
2053,23,stranieri,39.031948831558594
2053,24,stranieri,43.53521990324971
2053,25,stranieri,46.218600317312536
2053,26,stranieri,47.81641794971162
2053,27,stranieri,47.85151107131777
2053,28,stranieri,47.64674286020221
2053,29,stranieri,45.210933988690805
2053,30,stranieri,43.21363296681722
2053,31,stranieri,41.03093514249359
2053,32,stranieri,37.1580143330169
2053,33,stranieri,34.135451733707484
2053,34,stranieri,31.360387734626986
2053,35,stranieri,28.068804451911703
2053,36,stranieri,25.12507518119778
2053,37,stranieri,21.65299699860592
2053,38,stranieri,18.143539587631363
2053,39,stranieri,15.037612136343
2053,40,stranieri,11.929610140068572
2053,41,stranieri,8.625499932472747
2053,42,stranieri,5.864846145124814
2053,43,stranieri,3.797360473169172
2053,44,stranieri,2.2127023856151955
2053,45,stranieri,1.2932925196889875
2053,46,stranieri,0.7428218547658972
2053,47,stranieri,0.4352714627128599
2053,48,stranieri,0.2830146477158365
2053,49,stranieri,0.20226777148800398
2053,50,stranieri,0.40289989700619444
2054,14,stranieri,0.021563315977266646
2054,15,stranieri,0.07283104988969762
2054,16,stranieri,0.7412217958090626
2054,17,stranieri,1.8696371961762048
2054,18,stranieri,4.658323609000286
2054,19,stranieri,11.573221002576673
2054,20,stranieri,19.529031991425875
2054,21,stranieri,26.164645322229198
2054,22,stranieri,32.07026134316211
2054,23,stranieri,37.3241869693218
2054,24,stranieri,41.630426767357164
2054,25,stranieri,44.196401444064016
2054,26,stranieri,45.72430988419612
2054,27,stranieri,45.75786757914539
2054,28,stranieri,45.56205857585854
2054,29,stranieri,43.232823462998454
2054,30,stranieri,41.32291019947847
2054,31,stranieri,39.23571178558021
2054,32,stranieri,35.5322425831045
2054,33,stranieri,32.6419259332761
2054,34,stranieri,29.988279096411805
2054,35,stranieri,26.840712204496167
2054,36,stranieri,24.02577969468624
2054,37,stranieri,20.70561508239863
2054,38,stranieri,17.349706692239575
2054,39,stranieri,14.379672646404131
2054,40,stranieri,11.407654822990214
2054,41,stranieri,8.248109095777117
2054,42,stranieri,5.608241981757175
2054,43,stranieri,3.6312148517647795
2054,44,stranieri,2.115890187921937
2054,45,stranieri,1.236707191311655
2054,46,stranieri,0.7103212271523581
2054,47,stranieri,0.4162270638039325
2054,48,stranieri,0.27063192955053944
2054,49,stranieri,0.1934179652024528
2054,50,stranieri,0.3852718487277033
2055,14,stranieri,0.020360995243579663
2055,15,stranieri,0.06877015863202221
2055,16,stranieri,0.6998929791140108
2055,17,stranieri,1.765390540986209
2055,18,stranieri,4.398586235340812
2055,19,stranieri,10.92792490889566
2055,20,stranieri,18.44013823793815
2055,21,stranieri,24.705765083510464
2055,22,stranieri,30.282097584476066
2055,23,stranieri,35.24307644306806
2055,24,stranieri,39.30921024818172
2055,25,stranieri,41.732112098836545
2055,26,stranieri,43.1748278905521
2055,27,stranieri,43.20651448587761
2055,28,stranieri,43.02162334071344
2055,29,stranieri,40.82226100218806
2055,30,stranieri,39.01884009442146
2055,31,stranieri,37.04801904711163
2055,32,stranieri,33.5510467402619
2055,33,stranieri,30.821887476369557
2055,34,stranieri,28.316201862872227
2055,35,stranieri,25.344136036692795
2055,36,stranieri,22.686157667147846
2055,37,stranieri,19.551117771152285
2055,38,stranieri,16.3823270878476
2055,39,stranieri,13.577895285972632
2055,40,stranieri,10.771590317378678
2055,41,stranieri,7.7882135681124485
2055,42,stranieri,5.295539351915401
2055,43,stranieri,3.4287466919812064
2055,44,stranieri,1.9979130342306677
2055,45,stranieri,1.1677512524763944
2055,46,stranieri,0.6707153548512874
2055,47,stranieri,0.3930192033217731
2055,48,stranieri,0.25554211774054836
2055,49,stranieri,0.1826334258451654
2055,50,stranieri,0.3637899795977612
2056,14,stranieri,0.019548166171173463
2056,15,stranieri,0.06602479262307331
2056,16,stranieri,0.6719526277612821
2056,17,stranieri,1.694914577571946
2056,18,stranieri,4.2229907535483315
2056,19,stranieri,10.491672409410244
2056,20,stranieri,17.703991488740726
2056,21,stranieri,23.719488927768637
2056,22,stranieri,29.073209266609325
2056,23,stranieri,33.836141428779264
2056,24,stranieri,37.73995154934061
2056,25,stranieri,40.06612899923609
2056,26,stranieri,41.451250291041546
2056,27,stranieri,41.481671929247916
2056,28,stranieri,41.30416180334248
2056,29,stranieri,39.19259996907155
2056,30,stranieri,37.461173230847336
2056,31,stranieri,35.569029115809194
2056,32,stranieri,32.21165905936043
2056,33,stranieri,29.591450265048778
2056,34,stranieri,27.18579385388638
2056,35,stranieri,24.33237554369148
2056,36,stranieri,21.780506039000485
2056,37,stranieri,18.7706197290715
2056,38,stranieri,15.728329993335775
2056,39,stranieri,13.035853607827956
2056,40,stranieri,10.341578834085624
2056,41,stranieri,7.477301142931936
2056,42,stranieri,5.08413670249603
2056,43,stranieri,3.291868068916957
2056,44,stranieri,1.9181545657012844
2056,45,stranieri,1.1211335819747097
2056,46,stranieri,0.6439398002573009
2056,47,stranieri,0.3773295265327864
2056,48,stranieri,0.24534064870433983
2056,49,stranieri,0.17534253675334155
2056,50,stranieri,0.349267159463988
2057,14,stranieri,0.01887016708651418
2057,15,stranieri,0.06373482083895401
2057,16,stranieri,0.6486469497469233
2057,17,stranieri,1.6361289849947744
2057,18,stranieri,4.076522596875275
2057,19,stranieri,10.127784348103766
2057,20,stranieri,17.08995486151569
2057,21,stranieri,22.896813714104454
2057,22,stranieri,28.0648482214727
2057,23,stranieri,32.66258516185209
2057,24,stranieri,36.430997431523096
2057,25,stranieri,38.67649487450775
2057,26,stranieri,40.013575293335
2057,27,stranieri,40.04294180224294
2057,28,stranieri,39.87158835117994
2057,29,stranieri,37.833262900225016
2057,30,stranieri,36.16188812459368
2057,31,stranieri,34.33537021545157
2057,32,stranieri,31.094445548570416
2057,33,stranieri,28.565114801263462
2057,34,stranieri,26.242895006635358
2057,35,stranieri,23.488443268829997
2057,36,stranieri,21.025081564471794
2057,37,stranieri,18.119588686908326
2057,38,stranieri,15.182816248193479
2057,39,stranieri,12.583724403662858
2057,40,stranieri,9.982896545320274
2057,41,stranieri,7.2179620680418575
2057,42,stranieri,4.907800978705319
2057,43,stranieri,3.177694518416039
2057,44,stranieri,1.8516262259893848
2057,45,stranieri,1.0822487302856265
2057,46,stranieri,0.6216057055229341
2057,47,stranieri,0.36424241281766945
2057,48,stranieri,0.23683137301092214
2057,49,stranieri,0.16926104151846316
2057,50,stranieri,0.3371533472350266
2058,14,stranieri,0.01777011968347024
2058,15,stranieri,0.060019362262147435
2058,16,stranieri,0.61083369725742
2058,17,stranieri,1.5407498909604302
2058,18,stranieri,3.838879333008926
2058,19,stranieri,9.537379248899175
2058,20,stranieri,16.0936859690699
2058,21,stranieri,21.562030595931528
2058,22,stranieri,26.42879151559875
2058,23,stranieri,30.758500697773602
2058,24,stranieri,34.30723117491755
2058,25,stranieri,36.42182603397848
2058,26,stranieri,37.68096056946255
2058,27,stranieri,37.708615140595235
2058,28,stranieri,37.547250838964786
2058,29,stranieri,35.62775075975148
2058,30,stranieri,34.053809752089286
2058,31,stranieri,32.333769770426734
2058,32,stranieri,29.281776698423272
2058,33,stranieri,26.899894763162223
2058,34,stranieri,24.71305012672249
2058,35,stranieri,22.11917076048601
2058,36,stranieri,19.799412164315108
2058,37,stranieri,17.06329668971118
2058,38,stranieri,14.297725114228122
2058,39,stranieri,11.850148845619026
2058,40,stranieri,9.400937765136282
2058,41,stranieri,6.797186756842116
2058,42,stranieri,4.62169785643145
2058,43,stranieri,2.99244896194459
2058,44,stranieri,1.7436845945258583
2058,45,stranieri,1.0191584089471826
2058,46,stranieri,0.5853688381468904
2058,47,stranieri,0.3430086887885435
2058,48,stranieri,0.2230251499051297
2058,49,stranieri,0.15939387032144897
2058,50,stranieri,0.31749879609337184
2059,14,stranieri,0.017533458782752063
2059,15,stranieri,0.05922002964163035
2059,16,stranieri,0.6026986674682606
2059,17,stranieri,1.520230318584375
2059,18,stranieri,3.787753473595419
2059,19,stranieri,9.410361265692515
2059,20,stranieri,15.87935166602868
2059,21,stranieri,21.274869357119343
2059,22,stranieri,26.07681518024561
2059,23,stranieri,30.348861673977545
2059,24,stranieri,33.85033046880946
2059,25,stranieri,35.93676333836703
2059,26,stranieri,37.17912883016423
2059,27,stranieri,37.206415100135764
2059,28,stranieri,37.04719983417012
2059,29,stranieri,35.15326348923474
2059,30,stranieri,33.60028409033971
2059,31,stranieri,31.903151450810046
2059,32,stranieri,28.891804555775096
2059,33,stranieri,26.541644315935578
2059,34,stranieri,24.383923885219232
2059,35,stranieri,21.824589577660035
2059,36,stranieri,19.535725323710654
2059,37,stranieri,16.836049195842868
2059,38,stranieri,14.107309260872801
2059,39,stranieri,11.692329599074649
2059,40,stranieri,9.275736897684489
2059,41,stranieri,6.706662417733681
2059,42,stranieri,4.560146488346532
2059,43,stranieri,2.9525957882292917
2059,44,stranieri,1.7204623555055574
2059,45,stranieri,1.005585346338026
2059,46,stranieri,0.5775729471255676
2059,47,stranieri,0.3384405290524913
2059,48,stranieri,0.22005492045256997
2059,49,stranieri,0.15727107668858897
2059,50,stranieri,0.3132703748785001
2060,14,stranieri,0.016155824283025682
2060,15,stranieri,0.054567008414045534
2060,16,stranieri,0.5553435798308932
2060,17,stranieri,1.4007831655519067
2060,18,stranieri,3.4901430633313213
2060,19,stranieri,8.670972734591068
2060,20,stranieri,14.63168325334057
2060,21,stranieri,19.603265689714547
2060,22,stranieri,24.0279142371736
2060,23,stranieri,27.964298571652066
2060,24,stranieri,31.190650843769077
2060,25,stranieri,33.11314903631397
2060,26,stranieri,34.257899700142765
2060,27,stranieri,34.28304204019452
2060,28,stranieri,34.13633659593577
2060,29,stranieri,32.39121013964799
2060,30,stranieri,30.960251046260893
2060,31,stranieri,29.396465084291947
2060,32,stranieri,26.621724977720493
2060,33,stranieri,24.456220935292126
2060,34,stranieri,22.46803636985773
2060,35,stranieri,20.109793431783217
2060,36,stranieri,18.000769242506816
2060,37,stranieri,15.513211386220279
2060,38,stranieri,12.998873316950199
2060,39,stranieri,10.773642827831168
2060,40,stranieri,8.546926038459976
2060,41,stranieri,6.179708230361528
2060,42,stranieri,4.201847809004827
2060,43,stranieri,2.7206051769066226
2060,44,stranieri,1.5852826213873503
2060,45,stranieri,0.9265747482181996
2060,46,stranieri,0.5321920312476606
2060,47,stranieri,0.31184866519348964
2060,48,stranieri,0.20276482076338467
2060,49,stranieri,0.14491401333104725
2060,50,stranieri,0.2886561740227407
2061,14,stranieri,0.015197719164726562
2061,15,stranieri,0.05133096615857871
2061,16,stranieri,0.5224094802189305
2061,17,stranieri,1.317711110729386
2061,18,stranieri,3.283163594256058
2061,19,stranieri,8.156749305807407
2061,20,stranieri,13.763965805516753
2061,21,stranieri,18.440713481689695
2061,22,stranieri,22.602962640189727
2061,23,stranieri,26.305903610071883
2061,24,stranieri,29.340920264073816
2061,25,stranieri,31.14940661012114
2061,26,stranieri,32.22626897243238
2061,27,stranieri,32.24992027097071
2061,28,stranieri,32.11191504742272
2061,29,stranieri,30.470281582922752
2061,30,stranieri,29.12418409779735
2061,31,stranieri,27.653136909650108
2061,32,stranieri,25.042950010113046
2061,33,stranieri,23.00586903483378
2061,34,stranieri,21.135591781022434
2061,35,stranieri,18.917202098936592
2061,36,stranieri,16.93325149519587
2061,37,stranieri,14.593215787728278
2061,38,stranieri,12.22798804121858
2061,39,stranieri,10.134722636868403
2061,40,stranieri,8.040059075826802
2061,41,stranieri,5.813226769472817
2061,42,stranieri,3.952661396625284
2061,43,stranieri,2.5592623881264798
2061,44,stranieri,1.4912690095224528
2061,45,stranieri,0.8716251527532808
2061,46,stranieri,0.5006309112377013
2061,47,stranieri,0.2933547897327029
2061,48,stranieri,0.19074005438928426
2061,49,stranieri,0.13632003165277287
2061,50,stranieri,0.271537706223459
2062,14,stranieri,0.015083293475794294
2062,15,stranieri,0.05094448835210057
2062,16,stranieri,0.5184761883854072
2062,17,stranieri,1.307789885049096
2062,18,stranieri,3.258444210243355
2062,19,stranieri,8.095336033944147
2062,20,stranieri,13.66033504009296
2062,21,stranieri,18.30187084868182
2062,22,stranieri,22.432781868721275
2062,23,stranieri,26.10784289379318
2062,24,stranieri,29.120008495752966
2062,25,stranieri,30.914878502807042
2062,26,stranieri,31.98363302233233
2062,27,stranieri,32.00710624703602
2062,28,stranieri,31.87014008353445
2062,29,stranieri,30.240866700051484
2062,30,stranieri,28.904904165469382
2062,31,stranieri,27.444932691127033
2062,32,stranieri,24.85439824278901
2062,33,stranieri,22.832654726471883
2062,34,stranieri,20.976459043779347
2062,35,stranieri,18.774771918500978
2062,36,stranieri,16.80575874794875
2062,37,stranieri,14.483341486713181
2062,38,stranieri,12.135921860714372
2062,39,stranieri,10.058416935513382
2062,40,stranieri,7.979524380532333
2062,41,stranieri,5.769458196649054
2062,42,stranieri,3.922901272851279
2062,43,stranieri,2.5399933544809903
2062,44,stranieri,1.4800410428816426
2062,45,stranieri,0.8650625687554152
2062,46,stranieri,0.49686159320397155
2062,47,stranieri,0.2911460817316593
2062,48,stranieri,0.18930394664878009
2062,49,stranieri,0.13529365964470597
2062,50,stranieri,0.2694932620033143
2063,14,stranieri,0.014188566724755446
2063,15,stranieri,0.04792250932479062
2063,16,stranieri,0.4877206696209186
2063,17,stranieri,1.2302130218282588
2063,18,stranieri,3.065156371194738
2063,19,stranieri,7.615128331306635
2063,20,stranieri,12.85001684213846
2063,21,stranieri,17.216221121806676
2063,22,stranieri,21.102090394052663
2063,23,stranieri,24.559150263335287
2063,24,stranieri,27.392637041140556
2063,25,stranieri,29.08103705127216
2063,26,stranieri,30.086394060137888
2063,27,stranieri,30.10847487527869
2063,28,stranieri,29.979633415487797
2063,29,stranieri,28.447006993313195
2063,30,stranieri,27.190292496965878
2063,31,stranieri,25.81692515427051
2063,32,stranieri,23.380058767495786
2063,33,stranieri,21.478243170813137
2063,34,stranieri,19.732155266314603
2063,35,stranieri,17.661070145934286
2063,36,stranieri,15.808856980610894
2063,37,stranieri,13.624203322134663
2063,38,stranieri,11.416030415605002
2063,39,stranieri,9.461761124251174
2063,40,stranieri,7.506186516007822
2063,41,stranieri,5.427219374880692
2063,42,stranieri,3.690198467185055
2063,43,stranieri,2.389323342963803
2063,44,stranieri,1.392246403347063
2063,45,stranieri,0.8137478726096458
2063,46,stranieri,0.46738823185110795
2063,47,stranieri,0.2738755706059888
2063,48,stranieri,0.17807461497690696
2063,49,stranieri,0.12726816728626808
2063,50,stranieri,0.25350717573336
2064,14,stranieri,0.013546136448081935
2064,15,stranieri,0.045752672756964576
2064,16,stranieri,0.4656376410245712
2064,17,stranieri,1.1745114060617015
2064,18,stranieri,2.9263721448670323
2064,19,stranieri,7.2703303615265025
2064,20,stranieri,12.26819346030589
2064,21,stranieri,16.436704634122453
2064,22,stranieri,20.146629420916607
2064,23,stranieri,23.447160447548395
2064,24,stranieri,26.152352540631195
2064,25,stranieri,27.76430513315635
2064,26,stranieri,28.724141562396905
2064,27,stranieri,28.745222601841174
2064,28,stranieri,28.622214828867712
2064,29,stranieri,27.158982703913907
2064,30,stranieri,25.95916975775484
2064,31,stranieri,24.64798577572287
2064,32,stranieri,22.321455885751636
2064,33,stranieri,20.505750742905533
2064,34,stranieri,18.838722249927834
2064,35,stranieri,16.86141177308349
2064,36,stranieri,15.093063161477208
2064,37,stranieri,13.00732630562643
2064,38,stranieri,10.89913510681991
2064,39,stranieri,9.033351268993146
2064,40,stranieri,7.166321216447411
2064,41,stranieri,5.181485601187455
2064,42,stranieri,3.523113569306145
2064,43,stranieri,2.2811395012791755
2064,44,stranieri,1.329208236106434
2064,45,stranieri,0.7769029762163416
2064,46,stranieri,0.44622581587725446
2064,47,stranieri,0.261475025715747
2064,48,stranieri,0.17001174813578032
2064,49,stranieri,0.12150571604594682
2064,50,stranieri,0.2420288715322068
2065,14,stranieri,0.012565188419046075
2065,15,stranieri,0.04243947756392324
2065,16,stranieri,0.431918334567073
2065,17,stranieri,1.0894587673796587
2065,18,stranieri,2.7144579212996756
2065,19,stranieri,6.743846941998507
2065,20,stranieri,11.379788102745675
2065,21,stranieri,15.246435137245355
2065,22,stranieri,18.687704472248875
2065,23,stranieri,21.749226433989353
2065,24,stranieri,24.25852113137977
2065,25,stranieri,25.753743634510265
2065,26,stranieri,26.644073185751402
2065,27,stranieri,26.66362763463074
2065,28,stranieri,26.549527510928115
2065,29,stranieri,25.192255832666742
2065,30,stranieri,24.0793277447296
2065,31,stranieri,22.8630935919576
2065,32,stranieri,20.705040146824146
2065,33,stranieri,19.020819902865014
2065,34,stranieri,17.474509839145767
2065,35,stranieri,15.640386965828554
2065,36,stranieri,14.000093913964482
2065,37,stranieri,12.06539639436105
2065,38,stranieri,10.109870570602691
2065,39,stranieri,8.379198097210933
2065,40,stranieri,6.64736965415842
2065,41,stranieri,4.806266577856104
2065,42,stranieri,3.267986114690131
2065,43,stranieri,2.115950016711973
2065,44,stranieri,1.2329531744226678
2065,45,stranieri,0.7206432857730622
2065,46,stranieri,0.41391222326969657
2065,47,stranieri,0.24254022374464468
2065,48,stranieri,0.1577002901871673
2065,49,stranieri,0.11270683873294446
2065,50,stranieri,0.22450226935975423
2066,14,stranieri,0.012136138399573483
2066,15,stranieri,0.0409903422172851
2066,16,stranieri,0.4171700821989927
2066,17,stranieri,1.0522581867142464
2066,18,stranieri,2.621770236471502
2066,19,stranieri,6.513572029654272
2066,20,stranieri,10.991214677163278
2066,21,stranieri,14.725831460295531
2066,22,stranieri,18.04959546024529
2066,23,stranieri,21.006578913410003
2066,24,stranieri,23.430191414650785
2066,25,stranieri,24.874358157796685
2066,26,stranieri,25.734286580255862
2066,27,stranieri,25.75317332433105
2066,28,stranieri,25.642969255240885
2066,29,stranieri,24.332042878026087
2066,30,stranieri,23.257116752485086
2066,31,stranieri,22.08241204356441
2066,32,stranieri,19.99804733605895
2066,33,stranieri,18.371336355341064
2066,34,stranieri,16.87782648377363
2066,35,stranieri,15.106331438091624
2066,36,stranieri,13.52204771472885
2066,37,stranieri,11.653412237394612
2066,38,stranieri,9.764659657680165
2066,39,stranieri,8.093082602012814
2066,40,stranieri,6.420389048341551
2066,41,stranieri,4.642152145183221
2066,42,stranieri,3.1563976960064415
2066,43,stranieri,2.0436989397207834
2066,44,stranieri,1.1908528440612869
2066,45,stranieri,0.6960362519998912
2066,46,stranieri,0.3997788062821231
2066,47,stranieri,0.23425846271965348
2066,48,stranieri,0.15231546742771884
2066,49,stranieri,0.10885835912878941
2066,50,stranieri,0.21683643102704453
2067,14,stranieri,0.011667934627789254
2067,15,stranieri,0.039408963346924356
2067,16,stranieri,0.4010759508097223
2067,17,stranieri,1.0116627983221895
2067,18,stranieri,2.520624165699046
2067,19,stranieri,6.262282954689573
2067,20,stranieri,10.567181265636027
2067,21,stranieri,14.157719132851117
2067,22,stranieri,17.353254631274243
2067,23,stranieri,20.196159721100262
2067,24,stranieri,22.526270939060996
2067,25,stranieri,23.91472273450574
2067,26,stranieri,24.74147571700174
2067,27,stranieri,24.759633823637113
2067,28,stranieri,24.65368135082207
2067,29,stranieri,23.39332960073619
2067,30,stranieri,22.359873376888583
2067,31,stranieri,21.230487957954633
2067,32,stranieri,19.226536589989063
2067,33,stranieri,17.662582986593254
2067,34,stranieri,16.226691686274926
2067,35,stranieri,14.523539686360635
2067,36,stranieri,13.000376526263757
2067,37,stranieri,11.203831704933283
2067,38,stranieri,9.3879458850294
2067,39,stranieri,7.7808571086254865
2067,40,stranieri,6.1726949079334865
2067,41,stranieri,4.463061146711465
2067,42,stranieri,3.034626069986323
2067,43,stranieri,1.9648544571955735
2067,44,stranieri,1.1449105702611575
2067,45,stranieri,0.669183657891673
2067,46,stranieri,0.3843556182120806
2067,47,stranieri,0.22522093428955817
2067,48,stranieri,0.14643924271745665
2067,49,stranieri,0.1046586794072618
2067,50,stranieri,0.20847103245259677
2068,14,stranieri,0.01079648673047072
2068,15,stranieri,0.03646560967382553
2068,16,stranieri,0.3711206240832828
2068,17,stranieri,0.9361043171927578
2068,18,stranieri,2.3323652579145313
2068,19,stranieri,5.794569217223088
2068,20,stranieri,9.77794579352513
2068,21,stranieri,13.100315662337575
2068,22,stranieri,16.057184868932563
2068,23,stranieri,18.68776072125115
2068,24,stranieri,20.843841951370333
2068,25,stranieri,22.128593868793242
2068,26,stranieri,22.893598806653987
2068,27,stranieri,22.910400731209887
2068,28,stranieri,22.812361574898215
2068,29,stranieri,21.64614224134801
2068,30,stranieri,20.68987219328663
2068,31,stranieri,19.644837653920362
2068,32,stranieri,17.79055623712018
2068,33,stranieri,16.343410288434487
2068,34,stranieri,15.014762000213624
2068,35,stranieri,13.438814023675008
2068,36,stranieri,12.029411985446103
2068,37,stranieri,10.367046456075167
2068,38,stranieri,8.68678445735356
2068,39,stranieri,7.1997249903070974
2068,40,stranieri,5.711672270259807
2068,41,stranieri,4.129726638422171
2068,42,stranieri,2.807977687714862
2068,43,stranieri,1.818104553302389
2068,44,stranieri,1.0594001572446514
2068,45,stranieri,0.6192040590858374
2068,46,stranieri,0.3556490899362236
2068,47,stranieri,0.2083997644870377
2068,48,stranieri,0.13550207395349131
2068,49,stranieri,0.09684199299145235
2068,50,stranieri,0.19290086955076183
2069,14,stranieri,0.010205829226267801
2069,15,stranieri,0.03447063792635963
2069,16,stranieri,0.3508172432658357
2069,17,stranieri,0.8848916353759808
2069,18,stranieri,2.204765504724326
2069,19,stranieri,5.477558148972849
2069,20,stranieri,9.243010938991837
2069,21,stranieri,12.383619579013684
2069,22,stranieri,15.178723479039755
2069,23,stranieri,17.665384981594748
2069,24,stranieri,19.703510659131556
2069,25,stranieri,20.91797597499516
2069,26,stranieri,21.641128788310198
2069,27,stranieri,21.65701150802921
2069,28,stranieri,21.564335907921226
2069,29,stranieri,20.461918459012242
2069,30,stranieri,19.55796432575098
2069,31,stranieri,18.570101856173476
2069,32,stranieri,16.81726503529411
2069,33,stranieri,15.449289990589216
2069,34,stranieri,14.193329800031561
2069,35,stranieri,12.703599268279762
2069,36,stranieri,11.37130322861327
2069,37,stranieri,9.799882901988708
2069,38,stranieri,8.211545191542372
2069,39,stranieri,6.805840229469091
2069,40,stranieri,5.399196353584495
2069,41,stranieri,3.9037962880975154
2069,42,stranieri,2.6543579839826994
2069,43,stranieri,1.7186391323147665
2069,44,stranieri,1.0014421688312278
2069,45,stranieri,0.5853284536910062
2069,46,stranieri,0.3361921305495278
2069,47,stranieri,0.19699856631569304
2069,48,stranieri,0.12808898497244284
2069,49,stranieri,0.09154393156551348
2069,50,stranieri,0.18234758967260853
2070,14,stranieri,0.009861257720510897
2070,15,stranieri,0.03330683248229869
2070,16,stranieri,0.33897287245797725
2070,17,stranieri,0.8550157246123149
2070,18,stranieri,2.1303277150101474
2070,19,stranieri,5.2926235966285144
2070,20,stranieri,8.930946321177275
2070,21,stranieri,11.965521024701323
2070,22,stranieri,14.666255997105118
2070,23,stranieri,17.068962273754725
2070,24,stranieri,19.038276292967566
2070,25,stranieri,20.21173855721244
2070,26,stranieri,20.910476122314723
2070,27,stranieri,20.925822606072135
2070,28,stranieri,20.836275940455227
2070,29,stranieri,19.771078557835963
2070,30,stranieri,18.89764392768684
2070,31,stranieri,17.94313389337711
2070,32,stranieri,16.249476744166362
2070,33,stranieri,14.927687581131782
2070,34,stranieri,13.714131401501268
2070,35,stranieri,12.274697487605522
2070,36,stranieri,10.987382727002595
2070,37,stranieri,9.469017047493665
2070,38,stranieri,7.934305152687114
2070,39,stranieri,6.576059918255059
2070,40,stranieri,5.216907469831329
2070,41,stranieri,3.7719954382757437
2070,42,stranieri,2.5647409516885733
2070,43,stranieri,1.6606140507123577
2070,44,stranieri,0.9676312526976816
2070,45,stranieri,0.5655664625603329
2070,46,stranieri,0.3248415360923016
2070,47,stranieri,0.19034745633507144
2070,48,stranieri,0.1237644158027735
2070,49,stranieri,0.08845320472273531
2070,50,stranieri,0.17619112926634226
2071,14,stranieri,0.009325691019422879
2071,15,stranieri,0.03149793234990139
2071,16,stranieri,0.32056319407759687
2071,17,stranieri,0.8085796650358011
2071,18,stranieri,2.014629229188072
2071,19,stranieri,5.005180246085994
2071,20,stranieri,8.44590500146017
2071,21,stranieri,11.31567140068535
2071,22,stranieri,13.869728965330612
2071,23,stranieri,16.141943826915362
2071,24,stranieri,18.004304043421833
2071,25,stranieri,19.11403535858039
2071,26,stranieri,19.774824359384453
2071,27,stranieri,19.78933737281666
2071,28,stranieri,19.704654002902707
2071,29,stranieri,18.697307683949532
2071,30,stranieri,17.871309447488006
2071,31,stranieri,16.96863902681776
2071,32,stranieri,15.366964705546932
2071,33,stranieri,14.116962152460484
2071,34,stranieri,12.969314429756093
2071,35,stranieri,11.608056433633584
2071,36,stranieri,10.39065597191
2071,37,stranieri,8.954753008726644
2071,38,stranieri,7.503391596172726
2071,39,stranieri,6.218912907559699
2071,40,stranieri,4.933576275911954
2071,41,stranieri,3.567137679696472
2071,42,stranieri,2.425449403939628
2071,43,stranieri,1.570425799464184
2071,44,stranieri,0.9150790233000996
2071,45,stranieri,0.5348504450720722
2071,46,stranieri,0.3071993331611825
2071,47,stranieri,0.1800096513471912
2071,48,stranieri,0.11704274786119746
2071,49,stranieri,0.08364929507990282
2071,50,stranieri,0.16662215697735325
2072,14,stranieri,0.008760751702739218
2072,15,stranieri,0.029589824914040552
2072,16,stranieri,0.301143855452829
2072,17,stranieri,0.7595968666031444
2072,18,stranieri,1.8925853765944145
2072,19,stranieri,4.701972354873085
2072,20,stranieri,7.9342620797332515
2072,21,stranieri,10.63018142942147
2072,22,stranieri,13.029517211805633
2072,23,stranieri,15.164083988268475
2072,24,stranieri,16.913624628623353
2072,25,stranieri,17.956129735066394
2072,26,stranieri,18.576888920834893
2072,27,stranieri,18.590522753102473
2072,28,stranieri,18.51096940143961
2072,29,stranieri,17.56464692939579
2072,30,stranieri,16.788686687793472
2072,31,stranieri,15.940698972091889
2072,32,stranieri,14.436052184193544
2072,33,stranieri,13.261773305280164
2072,34,stranieri,12.183648722352528
2072,35,stranieri,10.904854123372166
2072,36,stranieri,9.761202339740542
2072,37,stranieri,8.412284677394984
2072,38,stranieri,7.04884502023287
2072,39,stranieri,5.842178529249855
2072,40,stranieri,4.634706068405025
2072,41,stranieri,3.3510447039494617
2072,42,stranieri,2.278518551731612
2072,43,stranieri,1.4752912645322522
2072,44,stranieri,0.8596446198807697
2072,45,stranieri,0.5024498385821452
2072,46,stranieri,0.28858956140268227
2072,47,stranieri,0.16910487987055273
2072,48,stranieri,0.10995243682024955
2072,49,stranieri,0.0785819198575105
2072,50,stranieri,0.15652838405359956
2073,14,stranieri,0.00851270401711362
2073,15,stranieri,0.028752032925745814
2073,16,stranieri,0.2926174140103569
2073,17,stranieri,0.7380900083833807
2073,18,stranieri,1.838999629795277
2073,19,stranieri,4.568842984235045
2073,20,stranieri,7.709615221472284
2073,21,stranieri,10.32920361486661
2073,22,stranieri,12.660605764606787
2073,23,stranieri,14.73473544997511
2073,24,stranieri,16.434740442993668
2073,25,stranieri,17.44772856417331
2073,26,stranieri,18.050911874653327
2073,27,stranieri,18.06415968518956
2073,28,stranieri,17.98685876864109
2073,29,stranieri,17.06733001327943
2073,30,stranieri,16.31333993458069
2073,31,stranieri,15.48936173284044
2073,32,stranieri,14.02731678620938
2073,33,stranieri,12.886285871406477
2073,34,stranieri,11.838686786368212
2073,35,stranieri,10.596099359035964
2073,36,stranieri,9.48482837875512
2073,37,stranieri,8.17410331855119
2073,38,stranieri,6.849267432266806
2073,39,stranieri,5.676765912574635
2073,40,stranieri,4.503481242861422
2073,41,stranieri,3.2561648452973
2073,42,stranieri,2.2140056797099907
2073,43,stranieri,1.4335205813525809
2073,44,stranieri,0.8353050579736275
2073,45,stranieri,0.4882237169167762
2073,46,stranieri,0.2804185761687029
2073,47,stranieri,0.1643169261077757
2073,48,stranieri,0.10683929671451751
2073,49,stranieri,0.0763569893933156
2073,50,stranieri,0.1520965151094004
2074,14,stranieri,0.007711962502495777
2074,15,stranieri,0.026047493175859134
2074,16,stranieri,0.2650925628200465
2074,17,stranieri,0.6686620909967262
2074,18,stranieri,1.6660154233687954
2074,19,stranieri,4.139077983138725
2074,20,stranieri,6.984415689437374
2074,21,stranieri,9.3575943435074
2074,22,stranieri,11.46969479019139
2074,23,stranieri,13.348722925871535
2074,24,stranieri,14.88881814518823
2074,25,stranieri,15.806520251393946
2074,26,stranieri,16.3529655481177
2074,27,stranieri,16.36496721267578
2074,28,stranieri,16.29493755246066
2074,29,stranieri,15.461903622576632
2074,30,stranieri,14.778837090192937
2074,31,stranieri,14.03236581832446
2074,32,stranieri,12.70784710103852
2074,33,stranieri,11.674146456512638
2074,34,stranieri,10.72508904241458
2074,35,stranieri,9.599384727264647
2074,36,stranieri,8.592644669956343
2074,37,stranieri,7.405212040435457
2074,38,stranieri,6.204995909762302
2074,39,stranieri,5.142784920656249
2074,40,stranieri,4.079864447984931
2074,41,stranieri,2.949875989861116
2074,42,stranieri,2.0057467930178867
2074,43,stranieri,1.2986774763602702
2074,44,stranieri,0.7567326753387926
2074,45,stranieri,0.44229929645409366
2074,46,stranieri,0.25404120007799263
2074,47,stranieri,0.14886057005165368
2074,48,stranieri,0.09678953343132335
2074,49,stranieri,0.06917452290375552
2074,50,stranieri,0.13778966341668852
2075,14,stranieri,0.007553338184268957
2075,15,stranieri,0.02551173255134867
2075,16,stranieri,0.2596399783409698
2075,17,stranieri,0.654908643897606
2075,18,stranieri,1.631747808529937
2075,19,stranieri,4.053942918886203
2075,20,stranieri,6.840755994957381
2075,21,stranieri,9.165121672316163
2075,22,stranieri,11.233779157072709
2075,23,stranieri,13.074158303360747
2075,24,stranieri,14.5825759109036
2075,25,stranieri,15.481402164058283
2075,26,stranieri,16.016607842771318
2075,27,stranieri,16.028362649819716
2075,28,stranieri,15.959773402094111
2075,29,stranieri,15.14387381890133
2075,30,stranieri,14.474857012896344
2075,31,stranieri,13.743739614511785
2075,32,stranieri,12.446464400865828
2075,33,stranieri,11.434025537622656
2075,34,stranieri,10.504488911549787
2075,35,stranieri,9.401938764934497
2075,36,stranieri,8.415905947212808
2075,37,stranieri,7.252897151604117
2075,38,stranieri,6.077367793641701
2075,39,stranieri,5.037005003863051
2075,40,stranieri,3.995947323607055
2075,41,stranieri,2.8892011528667774
2075,42,stranieri,1.9644913774897212
2075,43,stranieri,1.2719654910235276
2075,44,stranieri,0.7411677390898512
2075,45,stranieri,0.433201816489749
2075,46,stranieri,0.2488159267249578
2075,47,stranieri,0.14579871563681987
2075,48,stranieri,0.09479870765292167
2075,49,stranieri,0.0677516993966751
2075,50,stranieri,0.13495552211852974
