"","year","sex","age","low95","median","high95","source"
"1",2026,"Maschi",0,185992,192216,198446,"Istat"
"2",2026,"Maschi",1,188498,193113,197964,"Istat"
"3",2026,"Maschi",2,199171,199430,199691,"Istat"
"4",2026,"Maschi",3,208004,208272,208539,"Istat"
"5",2026,"Maschi",4,211962,212232,212500,"Istat"
"6",2026,"Maschi",5,216299,216565,216829,"Istat"
"7",2026,"Maschi",6,223968,224228,224485,"Istat"
"8",2026,"Maschi",7,234292,234545,234794,"Istat"
"9",2026,"Maschi",8,244037,244283,244525,"Istat"
"10",2026,"Maschi",9,250638,250876,251112,"Istat"
"11",2026,"Maschi",10,257306,257539,257769,"Istat"
"12",2026,"Maschi",11,264855,265084,265310,"Istat"
"13",2026,"Maschi",12,268693,268919,269144,"Istat"
"14",2026,"Maschi",13,280365,280593,280820,"Istat"
"15",2026,"Maschi",14,285232,285466,285701,"Istat"
"16",2026,"Maschi",15,294267,294514,294761,"Istat"
"17",2026,"Maschi",16,299217,299488,299763,"Istat"
"18",2026,"Maschi",17,303488,303804,304124,"Istat"
"19",2026,"Maschi",18,305590,305968,306352,"Istat"
"20",2026,"Maschi",19,309532,309977,310431,"Istat"
"21",2026,"Maschi",20,312787,313300,313820,"Istat"
"22",2026,"Maschi",21,319408,319983,320568,"Istat"
"23",2026,"Maschi",22,315096,315730,316374,"Istat"
"24",2026,"Maschi",23,313002,313691,314389,"Istat"
"25",2026,"Maschi",24,316739,317478,318223,"Istat"
"26",2026,"Maschi",25,325680,326458,327236,"Istat"
"27",2026,"Maschi",26,323899,324707,325519,"Istat"
"28",2026,"Maschi",27,327806,328624,329445,"Istat"
"29",2026,"Maschi",28,323262,324081,324896,"Istat"
"30",2026,"Maschi",29,322953,323760,324562,"Istat"
"31",2026,"Maschi",30,320158,320941,321720,"Istat"
"32",2026,"Maschi",31,321307,322061,322811,"Istat"
"33",2026,"Maschi",32,324638,325360,326078,"Istat"
"34",2026,"Maschi",33,337230,337917,338600,"Istat"
"35",2026,"Maschi",34,333827,334477,335123,"Istat"
"36",2026,"Maschi",35,340713,341325,341934,"Istat"
"37",2026,"Maschi",36,336825,337397,337968,"Istat"
"38",2026,"Maschi",37,344969,345503,346037,"Istat"
"39",2026,"Maschi",38,336528,337027,337526,"Istat"
"40",2026,"Maschi",39,336748,337212,337677,"Istat"
"41",2026,"Maschi",40,345245,345677,346111,"Istat"
"42",2026,"Maschi",41,350929,351330,351735,"Istat"
"43",2026,"Maschi",42,356304,356676,357053,"Istat"
"44",2026,"Maschi",43,367042,367389,367739,"Istat"
"45",2026,"Maschi",44,367446,367768,368094,"Istat"
"46",2026,"Maschi",45,377382,377683,377986,"Istat"
"47",2026,"Maschi",46,385852,386132,386415,"Istat"
"48",2026,"Maschi",47,406015,406277,406542,"Istat"
"49",2026,"Maschi",48,417032,417278,417528,"Istat"
"50",2026,"Maschi",49,433969,434200,434436,"Istat"
"51",2026,"Maschi",50,453411,453630,453853,"Istat"
"52",2026,"Maschi",51,470470,470676,470888,"Istat"
"53",2026,"Maschi",52,465821,466018,466220,"Istat"
"54",2026,"Maschi",53,469960,470150,470343,"Istat"
"55",2026,"Maschi",54,471571,471756,471943,"Istat"
"56",2026,"Maschi",55,466372,466552,466734,"Istat"
"57",2026,"Maschi",56,476860,477038,477220,"Istat"
"58",2026,"Maschi",57,471376,471554,471737,"Istat"
"59",2026,"Maschi",58,470722,470904,471087,"Istat"
"60",2026,"Maschi",59,474963,475153,475343,"Istat"
"61",2026,"Maschi",60,471586,471785,471979,"Istat"
"62",2026,"Maschi",61,474938,475149,475354,"Istat"
"63",2026,"Maschi",62,440851,441064,441271,"Istat"
"64",2026,"Maschi",63,422329,422550,422766,"Istat"
"65",2026,"Maschi",64,410179,410411,410634,"Istat"
"66",2026,"Maschi",65,394847,395089,395321,"Istat"
"67",2026,"Maschi",66,381526,381780,382025,"Istat"
"68",2026,"Maschi",67,359974,360238,360490,"Istat"
"69",2026,"Maschi",68,352798,353082,353353,"Istat"
"70",2026,"Maschi",69,342284,342585,342872,"Istat"
"71",2026,"Maschi",70,331559,331880,332185,"Istat"
"72",2026,"Maschi",71,322034,322378,322708,"Istat"
"73",2026,"Maschi",72,303803,304163,304508,"Istat"
"74",2026,"Maschi",73,292744,293128,293497,"Istat"
"75",2026,"Maschi",74,286526,286946,287346,"Istat"
"76",2026,"Maschi",75,290828,291302,291755,"Istat"
"77",2026,"Maschi",76,286153,286674,287170,"Istat"
"78",2026,"Maschi",77,289894,290486,291048,"Istat"
"79",2026,"Maschi",78,274851,275484,276082,"Istat"
"80",2026,"Maschi",79,263980,264663,265308,"Istat"
"81",2026,"Maschi",80,194517,195088,195626,"Istat"
"82",2026,"Maschi",81,190996,191625,192219,"Istat"
"83",2026,"Maschi",82,181102,181779,182417,"Istat"
"84",2026,"Maschi",83,169244,169963,170642,"Istat"
"85",2026,"Maschi",84,158849,159618,160348,"Istat"
"86",2026,"Maschi",85,160719,161611,162457,"Istat"
"87",2026,"Maschi",86,144899,145817,146691,"Istat"
"88",2026,"Maschi",87,125325,126233,127096,"Istat"
"89",2026,"Maschi",88,102136,102980,103783,"Istat"
"90",2026,"Maschi",89,81622,82390,83122,"Istat"
"91",2026,"Maschi",90,70453,71206,71925,"Istat"
"92",2026,"Maschi",91,56092,56770,57418,"Istat"
"93",2026,"Maschi",92,43355,43945,44511,"Istat"
"94",2026,"Maschi",93,32558,33056,33534,"Istat"
"95",2026,"Maschi",94,24608,25030,25436,"Istat"
"96",2026,"Maschi",95,18308,18661,19000,"Istat"
"97",2026,"Maschi",96,11768,12022,12267,"Istat"
"98",2026,"Maschi",97,7695,7881,8058,"Istat"
"99",2026,"Maschi",98,5022,5154,5281,"Istat"
"100",2026,"Maschi",99,3027,3113,3196,"Istat"
"101",2026,"Maschi",100,1767,23887,1872,"Istat"
"102",2026,"Femmine",0,174915,180780,186647,"Istat"
"103",2026,"Femmine",1,176792,181135,185702,"Istat"
"104",2026,"Femmine",2,187240,187455,187667,"Istat"
"105",2026,"Femmine",3,194520,194740,194956,"Istat"
"106",2026,"Femmine",4,200500,200716,200930,"Istat"
"107",2026,"Femmine",5,202827,203040,203251,"Istat"
"108",2026,"Femmine",6,211802,212008,212214,"Istat"
"109",2026,"Femmine",7,220189,220390,220592,"Istat"
"110",2026,"Femmine",8,229182,229377,229575,"Istat"
"111",2026,"Femmine",9,236744,236934,237126,"Istat"
"112",2026,"Femmine",10,242148,242333,242519,"Istat"
"113",2026,"Femmine",11,249134,249313,249494,"Istat"
"114",2026,"Femmine",12,252754,252928,253104,"Istat"
"115",2026,"Femmine",13,263501,263670,263842,"Istat"
"116",2026,"Femmine",14,267547,267713,267880,"Istat"
"117",2026,"Femmine",15,274645,274810,274974,"Istat"
"118",2026,"Femmine",16,279419,279587,279754,"Istat"
"119",2026,"Femmine",17,283629,283805,283980,"Istat"
"120",2026,"Femmine",18,282502,282694,282884,"Istat"
"121",2026,"Femmine",19,283282,283499,283715,"Istat"
"122",2026,"Femmine",20,282441,282695,282949,"Istat"
"123",2026,"Femmine",21,287754,288054,288357,"Istat"
"124",2026,"Femmine",22,283763,284117,284472,"Istat"
"125",2026,"Femmine",23,282649,283061,283471,"Istat"
"126",2026,"Femmine",24,285208,285680,286146,"Istat"
"127",2026,"Femmine",25,290277,290800,291315,"Istat"
"128",2026,"Femmine",26,286976,287526,288078,"Istat"
"129",2026,"Femmine",27,287696,288262,288831,"Istat"
"130",2026,"Femmine",28,288783,289352,289926,"Istat"
"131",2026,"Femmine",29,290859,291421,291988,"Istat"
"132",2026,"Femmine",30,291333,291881,292434,"Istat"
"133",2026,"Femmine",31,296642,297171,297706,"Istat"
"134",2026,"Femmine",32,303665,304172,304684,"Istat"
"135",2026,"Femmine",33,317145,317629,318119,"Istat"
"136",2026,"Femmine",34,317224,317685,318151,"Istat"
"137",2026,"Femmine",35,323250,323687,324128,"Istat"
"138",2026,"Femmine",36,324648,325062,325480,"Istat"
"139",2026,"Femmine",37,332345,332738,333133,"Istat"
"140",2026,"Femmine",38,327169,327542,327915,"Istat"
"141",2026,"Femmine",39,329073,329427,329780,"Istat"
"142",2026,"Femmine",40,339892,340228,340563,"Istat"
"143",2026,"Femmine",41,346012,346331,346650,"Istat"
"144",2026,"Femmine",42,351828,352132,352436,"Istat"
"145",2026,"Femmine",43,364251,364539,364829,"Istat"
"146",2026,"Femmine",44,367036,367313,367590,"Istat"
"147",2026,"Femmine",45,374524,374787,375052,"Istat"
"148",2026,"Femmine",46,387885,388137,388391,"Istat"
"149",2026,"Femmine",47,407447,407690,407935,"Istat"
"150",2026,"Femmine",48,421444,421678,421912,"Istat"
"151",2026,"Femmine",49,439323,439548,439775,"Istat"
"152",2026,"Femmine",50,459877,460094,460314,"Istat"
"153",2026,"Femmine",51,477726,477936,478146,"Istat"
"154",2026,"Femmine",52,475846,476048,476253,"Istat"
"155",2026,"Femmine",53,479014,479209,479408,"Istat"
"156",2026,"Femmine",54,484962,485152,485346,"Istat"
"157",2026,"Femmine",55,479510,479696,479884,"Istat"
"158",2026,"Femmine",56,492282,492464,492650,"Istat"
"159",2026,"Femmine",57,488130,488310,488493,"Istat"
"160",2026,"Femmine",58,490463,490644,490826,"Istat"
"161",2026,"Femmine",59,492731,492912,493094,"Istat"
"162",2026,"Femmine",60,490836,491019,491200,"Istat"
"163",2026,"Femmine",61,496830,497016,497199,"Istat"
"164",2026,"Femmine",62,467168,467351,467531,"Istat"
"165",2026,"Femmine",63,450769,450951,451132,"Istat"
"166",2026,"Femmine",64,440978,441164,441349,"Istat"
"167",2026,"Femmine",65,425651,425842,426030,"Istat"
"168",2026,"Femmine",66,413216,413412,413605,"Istat"
"169",2026,"Femmine",67,394275,394475,394671,"Istat"
"170",2026,"Femmine",68,388726,388934,389138,"Istat"
"171",2026,"Femmine",69,378674,378888,379100,"Istat"
"172",2026,"Femmine",70,370184,370409,370634,"Istat"
"173",2026,"Femmine",71,363233,363473,363718,"Istat"
"174",2026,"Femmine",72,342711,342964,343217,"Istat"
"175",2026,"Femmine",73,335670,335942,336216,"Istat"
"176",2026,"Femmine",74,331508,331807,332106,"Istat"
"177",2026,"Femmine",75,339897,340238,340582,"Istat"
"178",2026,"Femmine",76,337620,337999,338386,"Istat"
"179",2026,"Femmine",77,347756,348196,348651,"Istat"
"180",2026,"Femmine",78,333837,334318,334811,"Istat"
"181",2026,"Femmine",79,327978,328520,329075,"Istat"
"182",2026,"Femmine",80,247232,247705,248188,"Istat"
"183",2026,"Femmine",81,248660,249204,249763,"Istat"
"184",2026,"Femmine",82,244133,244752,245389,"Istat"
"185",2026,"Femmine",83,234219,234907,235616,"Istat"
"186",2026,"Femmine",84,226816,227590,228388,"Istat"
"187",2026,"Femmine",85,237152,238098,239069,"Istat"
"188",2026,"Femmine",86,219625,220646,221695,"Istat"
"189",2026,"Femmine",87,198805,199883,200989,"Istat"
"190",2026,"Femmine",88,168764,169831,170925,"Istat"
"191",2026,"Femmine",89,143300,144354,145436,"Istat"
"192",2026,"Femmine",90,129934,131043,132181,"Istat"
"193",2026,"Femmine",91,110332,111418,112534,"Istat"
"194",2026,"Femmine",92,90861,91889,92945,"Istat"
"195",2026,"Femmine",93,74319,75278,76264,"Istat"
"196",2026,"Femmine",94,60162,61046,61954,"Istat"
"197",2026,"Femmine",95,49626,50452,51302,"Istat"
"198",2026,"Femmine",96,34737,35390,36062,"Istat"
"199",2026,"Femmine",97,25106,25637,26183,"Istat"
"200",2026,"Femmine",98,17715,18133,18563,"Istat"
"201",2026,"Femmine",99,11922,12233,12553,"Istat"
"202",2026,"Femmine",100,7826,23887,8281,"Istat"
"203",2027,"Maschi",0,185642,193273,200976,"Istat"
"204",2027,"Maschi",1,187820,194036,200279,"Istat"
"205",2027,"Maschi",2,190273,194853,199692,"Istat"
"206",2027,"Maschi",3,200610,201050,201490,"Istat"
"207",2027,"Maschi",4,209338,209789,210238,"Istat"
"208",2027,"Maschi",5,213220,213666,214109,"Istat"
"209",2027,"Maschi",6,217488,217925,218359,"Istat"
"210",2027,"Maschi",7,225096,225523,225946,"Istat"
"211",2027,"Maschi",8,235374,235788,236198,"Istat"
"212",2027,"Maschi",9,245092,245494,245893,"Istat"
"213",2027,"Maschi",10,251686,252078,252467,"Istat"
"214",2027,"Maschi",11,258366,258751,259132,"Istat"
"215",2027,"Maschi",12,265953,266333,266711,"Istat"
"216",2027,"Maschi",13,269865,270244,270623,"Istat"
"217",2027,"Maschi",14,281662,282051,282439,"Istat"
"218",2027,"Maschi",15,286747,287151,287555,"Istat"
"219",2027,"Maschi",16,296126,296564,297003,"Istat"
"220",2027,"Maschi",17,301629,302130,302634,"Istat"
"221",2027,"Maschi",18,306547,307136,307733,"Istat"
"222",2027,"Maschi",19,309256,309953,310659,"Istat"
"223",2027,"Maschi",20,313724,314531,315350,"Istat"
"224",2027,"Maschi",21,317370,318285,319213,"Istat"
"225",2027,"Maschi",22,324185,325204,326235,"Istat"
"226",2027,"Maschi",23,319865,320977,322102,"Istat"
"227",2027,"Maschi",24,317602,318804,320008,"Istat"
"228",2027,"Maschi",25,321107,322375,323648,"Istat"
"229",2027,"Maschi",26,329798,331122,332452,"Istat"
"230",2027,"Maschi",27,327800,329164,330529,"Istat"
"231",2027,"Maschi",28,331528,332890,334254,"Istat"
"232",2027,"Maschi",29,326810,328162,329515,"Istat"
"233",2027,"Maschi",30,326328,327648,328969,"Istat"
"234",2027,"Maschi",31,323353,324628,325905,"Istat"
"235",2027,"Maschi",32,324310,325537,326760,"Istat"
"236",2027,"Maschi",33,327449,328619,329784,"Istat"
"237",2027,"Maschi",34,339842,340952,342057,"Istat"
"238",2027,"Maschi",35,336250,337296,338339,"Istat"
"239",2027,"Maschi",36,342939,343921,344902,"Istat"
"240",2027,"Maschi",37,338859,339777,340695,"Istat"
"241",2027,"Maschi",38,346803,347661,348519,"Istat"
"242",2027,"Maschi",39,338181,338979,339781,"Istat"
"243",2027,"Maschi",40,338214,338958,339705,"Istat"
"244",2027,"Maschi",41,346524,347218,347914,"Istat"
"245",2027,"Maschi",42,352031,352675,353325,"Istat"
"246",2027,"Maschi",43,357237,357836,358440,"Istat"
"247",2027,"Maschi",44,367811,368367,368929,"Istat"
"248",2027,"Maschi",45,368068,368587,369109,"Istat"
"249",2027,"Maschi",46,377854,378336,378823,"Istat"
"250",2027,"Maschi",47,386175,386626,387082,"Istat"
"251",2027,"Maschi",48,406171,406595,407026,"Istat"
"252",2027,"Maschi",49,417037,417434,417836,"Istat"
"253",2027,"Maschi",50,433802,434177,434558,"Istat"
"254",2027,"Maschi",51,453059,453414,453775,"Istat"
"255",2027,"Maschi",52,469926,470263,470608,"Istat"
"256",2027,"Maschi",53,465129,465450,465779,"Istat"
"257",2027,"Maschi",54,469080,469394,469711,"Istat"
"258",2027,"Maschi",55,470503,470808,471116,"Istat"
"259",2027,"Maschi",56,465125,465424,465728,"Istat"
"260",2027,"Maschi",57,475358,475660,475968,"Istat"
"261",2027,"Maschi",58,469673,469975,470281,"Istat"
"262",2027,"Maschi",59,468775,469086,469399,"Istat"
"263",2027,"Maschi",60,472723,473052,473376,"Istat"
"264",2027,"Maschi",61,469067,469413,469747,"Istat"
"265",2027,"Maschi",62,472068,472435,472794,"Istat"
"266",2027,"Maschi",63,437882,438254,438617,"Istat"
"267",2027,"Maschi",64,419153,419541,419916,"Istat"
"268",2027,"Maschi",65,406735,407144,407533,"Istat"
"269",2027,"Maschi",66,391153,391577,391985,"Istat"
"270",2027,"Maschi",67,377548,377998,378427,"Istat"
"271",2027,"Maschi",68,355809,356275,356720,"Istat"
"272",2027,"Maschi",69,348259,348757,349236,"Istat"
"273",2027,"Maschi",70,337391,337923,338426,"Istat"
"274",2027,"Maschi",71,326263,326830,327371,"Istat"
"275",2027,"Maschi",72,316287,316897,317480,"Istat"
"276",2027,"Maschi",73,297768,298404,299012,"Istat"
"277",2027,"Maschi",74,286246,286926,287577,"Istat"
"278",2027,"Maschi",75,279405,280148,280853,"Istat"
"279",2027,"Maschi",76,282725,283565,284361,"Istat"
"280",2027,"Maschi",77,277199,278122,278991,"Istat"
"281",2027,"Maschi",78,279684,280729,281713,"Istat"
"282",2027,"Maschi",79,263957,265066,266111,"Istat"
"283",2027,"Maschi",80,252202,253396,254516,"Istat"
"284",2027,"Maschi",81,184724,185716,186649,"Istat"
"285",2027,"Maschi",82,180176,181267,182293,"Istat"
"286",2027,"Maschi",83,169466,170633,171732,"Istat"
"287",2027,"Maschi",84,156892,158125,159289,"Istat"
"288",2027,"Maschi",85,145705,147013,148252,"Istat"
"289",2027,"Maschi",86,145638,147133,148552,"Istat"
"290",2027,"Maschi",87,129547,131068,132514,"Istat"
"291",2027,"Maschi",88,110384,111866,113276,"Istat"
"292",2027,"Maschi",89,88474,89828,91119,"Istat"
"293",2027,"Maschi",90,69431,70641,71796,"Istat"
"294",2027,"Maschi",91,58767,59928,61042,"Istat"
"295",2027,"Maschi",92,45806,46828,47812,"Istat"
"296",2027,"Maschi",93,34599,35470,36309,"Istat"
"297",2027,"Maschi",94,25351,26068,26761,"Istat"
"298",2027,"Maschi",95,18646,19237,19812,"Istat"
"299",2027,"Maschi",96,13469,13949,14414,"Istat"
"300",2027,"Maschi",97,8421,8756,9080,"Istat"
"301",2027,"Maschi",98,5356,5591,5819,"Istat"
"302",2027,"Maschi",99,3389,3550,3708,"Istat"
"303",2027,"Maschi",100,1970,25277,2170,"Istat"
"304",2027,"Femmine",0,174588,181778,189031,"Istat"
"305",2027,"Femmine",1,176162,182015,187867,"Istat"
"306",2027,"Femmine",2,177952,182268,186814,"Istat"
"307",2027,"Femmine",3,188110,188471,188829,"Istat"
"308",2027,"Femmine",4,195309,195672,196034,"Istat"
"309",2027,"Femmine",5,201227,201584,201939,"Istat"
"310",2027,"Femmine",6,203509,203858,204205,"Istat"
"311",2027,"Femmine",7,212448,212787,213127,"Istat"
"312",2027,"Femmine",8,220806,221136,221469,"Istat"
"313",2027,"Femmine",9,229777,230098,230422,"Istat"
"314",2027,"Femmine",10,237320,237633,237947,"Istat"
"315",2027,"Femmine",11,242709,243013,243318,"Istat"
"316",2027,"Femmine",12,249681,249976,250273,"Istat"
"317",2027,"Femmine",13,253291,253577,253867,"Istat"
"318",2027,"Femmine",14,264038,264318,264600,"Istat"
"319",2027,"Femmine",15,268109,268386,268663,"Istat"
"320",2027,"Femmine",16,275278,275557,275835,"Istat"
"321",2027,"Femmine",17,280192,280482,280770,"Istat"
"322",2027,"Femmine",18,284631,284942,285250,"Istat"
"323",2027,"Femmine",19,283827,284174,284521,"Istat"
"324",2027,"Femmine",20,284994,285393,285792,"Istat"
"325",2027,"Femmine",21,284518,284990,285462,"Istat"
"326",2027,"Femmine",22,290047,290604,291160,"Istat"
"327",2027,"Femmine",23,286049,286695,287340,"Istat"
"328",2027,"Femmine",24,284758,285503,286245,"Istat"
"329",2027,"Femmine",25,287120,287955,288783,"Istat"
"330",2027,"Femmine",26,292041,292942,293838,"Istat"
"331",2027,"Femmine",27,288652,289585,290525,"Istat"
"332",2027,"Femmine",28,289325,290270,291225,"Istat"
"333",2027,"Femmine",29,290380,291322,292273,"Istat"
"334",2027,"Femmine",30,292424,293348,294282,"Istat"
"335",2027,"Femmine",31,292862,293757,294663,"Istat"
"336",2027,"Femmine",32,298125,298986,299858,"Istat"
"337",2027,"Femmine",33,305094,305917,306751,"Istat"
"338",2027,"Femmine",34,318512,319297,320091,"Istat"
"339",2027,"Femmine",35,318529,319275,320030,"Istat"
"340",2027,"Femmine",36,324490,325196,325912,"Istat"
"341",2027,"Femmine",37,325822,326493,327170,"Istat"
"342",2027,"Femmine",38,333453,334089,334729,"Istat"
"343",2027,"Femmine",39,328218,328822,329427,"Istat"
"344",2027,"Femmine",40,330063,330636,331208,"Istat"
"345",2027,"Femmine",41,340820,341364,341909,"Istat"
"346",2027,"Femmine",42,346878,347397,347916,"Istat"
"347",2027,"Femmine",43,352634,353128,353624,"Istat"
"348",2027,"Femmine",44,364991,365460,365932,"Istat"
"349",2027,"Femmine",45,367718,368165,368616,"Istat"
"350",2027,"Femmine",46,375140,375567,375997,"Istat"
"351",2027,"Femmine",47,388425,388837,389252,"Istat"
"352",2027,"Femmine",48,407904,408300,408699,"Istat"
"353",2027,"Femmine",49,421816,422197,422581,"Istat"
"354",2027,"Femmine",50,439592,439960,440331,"Istat"
"355",2027,"Femmine",51,460032,460385,460742,"Istat"
"356",2027,"Femmine",52,477754,478098,478444,"Istat"
"357",2027,"Femmine",53,475775,476105,476441,"Istat"
"358",2027,"Femmine",54,478824,479146,479475,"Istat"
"359",2027,"Femmine",55,484642,484957,485274,"Istat"
"360",2027,"Femmine",56,479078,479385,479696,"Istat"
"361",2027,"Femmine",57,491681,491986,492295,"Istat"
"362",2027,"Femmine",58,487391,487693,487999,"Istat"
"363",2027,"Femmine",59,489554,489858,490162,"Istat"
"364",2027,"Femmine",60,491637,491944,492248,"Istat"
"365",2027,"Femmine",61,489558,489867,490173,"Istat"
"366",2027,"Femmine",62,495323,495637,495947,"Istat"
"367",2027,"Femmine",63,465563,465872,466179,"Istat"
"368",2027,"Femmine",64,448994,449310,449618,"Istat"
"369",2027,"Femmine",65,439005,439329,439647,"Istat"
"370",2027,"Femmine",66,423507,423839,424163,"Istat"
"371",2027,"Femmine",67,410884,411226,411559,"Istat"
"372",2027,"Femmine",68,391793,392140,392479,"Istat"
"373",2027,"Femmine",69,385981,386340,386695,"Istat"
"374",2027,"Femmine",70,375662,376037,376407,"Istat"
"375",2027,"Femmine",71,366860,367258,367659,"Istat"
"376",2027,"Femmine",72,359543,359976,360406,"Istat"
"377",2027,"Femmine",73,338795,339244,339691,"Istat"
"378",2027,"Femmine",74,331335,331820,332304,"Istat"
"379",2027,"Femmine",75,326649,327183,327714,"Istat"
"380",2027,"Femmine",76,334217,334828,335445,"Istat"
"381",2027,"Femmine",77,331170,331852,332544,"Istat"
"382",2027,"Femmine",78,340152,340941,341746,"Istat"
"383",2027,"Femmine",79,325441,326308,327191,"Istat"
"384",2027,"Femmine",80,318495,319468,320460,"Istat"
"385",2027,"Femmine",81,238927,239773,240635,"Istat"
"386",2027,"Femmine",82,239070,240044,241041,"Istat"
"387",2027,"Femmine",83,233256,234357,235490,"Istat"
"388",2027,"Femmine",84,222164,223383,224638,"Istat"
"389",2027,"Femmine",85,213326,214694,216094,"Istat"
"390",2027,"Femmine",86,220842,222496,224183,"Istat"
"391",2027,"Femmine",87,202195,203960,205761,"Istat"
"392",2027,"Femmine",88,180658,182496,184372,"Istat"
"393",2027,"Femmine",89,151080,152872,154703,"Istat"
"394",2027,"Femmine",90,126158,127898,129677,"Istat"
"395",2027,"Femmine",91,112343,114133,115969,"Istat"
"396",2027,"Femmine",92,93541,95258,97020,"Istat"
"397",2027,"Femmine",93,75412,76998,78628,"Istat"
"398",2027,"Femmine",94,60289,61733,63221,"Istat"
"399",2027,"Femmine",95,47603,48900,50238,"Istat"
"400",2027,"Femmine",96,38242,39424,40643,"Istat"
"401",2027,"Femmine",97,26054,26962,27899,"Istat"
"402",2027,"Femmine",98,18269,18982,19719,"Istat"
"403",2027,"Femmine",99,12446,12985,13545,"Istat"
"404",2027,"Femmine",100,8055,25277,8840,"Istat"
"405",2028,"Maschi",0,185292,194273,203488,"Istat"
"406",2028,"Maschi",1,187428,195030,202787,"Istat"
"407",2028,"Maschi",2,189542,195714,201963,"Istat"
"408",2028,"Maschi",3,191779,196416,201255,"Istat"
"409",2028,"Maschi",4,201866,202514,203162,"Istat"
"410",2028,"Maschi",5,210520,211171,211822,"Istat"
"411",2028,"Maschi",6,214335,214977,215618,"Istat"
"412",2028,"Maschi",7,218544,219173,219799,"Istat"
"413",2028,"Maschi",8,226107,226721,227329,"Istat"
"414",2028,"Maschi",9,236359,236956,237546,"Istat"
"415",2028,"Maschi",10,246072,246652,247228,"Istat"
"416",2028,"Maschi",11,252679,253247,253810,"Istat"
"417",2028,"Maschi",12,259397,259955,260512,"Istat"
"418",2028,"Maschi",13,267055,267610,268165,"Istat"
"419",2028,"Maschi",14,271089,271652,272215,"Istat"
"420",2028,"Maschi",15,283092,283677,284263,"Istat"
"421",2028,"Maschi",16,288508,289131,289756,"Istat"
"422",2028,"Maschi",17,298413,299115,299819,"Istat"
"423",2028,"Maschi",18,304537,305348,306170,"Istat"
"424",2028,"Maschi",19,310027,310985,311947,"Istat"
"425",2028,"Maschi",20,313241,314352,315478,"Istat"
"426",2028,"Maschi",21,318073,319346,320632,"Istat"
"427",2028,"Maschi",22,321902,323328,324769,"Istat"
"428",2028,"Maschi",23,328702,330266,331846,"Istat"
"429",2028,"Maschi",24,324216,325909,327616,"Istat"
"430",2028,"Maschi",25,321722,323528,325340,"Istat"
"431",2028,"Maschi",26,324977,326874,328777,"Istat"
"432",2028,"Maschi",27,333443,335415,337384,"Istat"
"433",2028,"Maschi",28,331300,333276,335262,"Istat"
"434",2028,"Maschi",29,334839,336819,338800,"Istat"
"435",2028,"Maschi",30,329963,331906,333852,"Istat"
"436",2028,"Maschi",31,329305,331196,333087,"Istat"
"437",2028,"Maschi",32,326147,327974,329798,"Istat"
"438",2028,"Maschi",33,326924,328675,330417,"Istat"
"439",2028,"Maschi",34,329883,331546,333201,"Istat"
"440",2028,"Maschi",35,342092,343661,345226,"Istat"
"441",2028,"Maschi",36,338322,339796,341270,"Istat"
"442",2028,"Maschi",37,344826,346205,347589,"Istat"
"443",2028,"Maschi",38,340566,341855,343149,"Istat"
"444",2028,"Maschi",39,348330,349529,350736,"Istat"
"445",2028,"Maschi",40,339535,340654,341776,"Istat"
"446",2028,"Maschi",41,339397,340440,341487,"Istat"
"447",2028,"Maschi",42,347536,348509,349486,"Istat"
"448",2028,"Maschi",43,352884,353787,354698,"Istat"
"449",2028,"Maschi",44,357938,358779,359624,"Istat"
"450",2028,"Maschi",45,368362,369142,369930,"Istat"
"451",2028,"Maschi",46,368488,369215,369949,"Istat"
"452",2028,"Maschi",47,378128,378809,379491,"Istat"
"453",2028,"Maschi",48,386313,386947,387587,"Istat"
"454",2028,"Maschi",49,406148,406745,407348,"Istat"
"455",2028,"Maschi",50,416860,417423,417991,"Istat"
"456",2028,"Maschi",51,433455,433986,434523,"Istat"
"457",2028,"Maschi",52,452528,453029,453542,"Istat"
"458",2028,"Maschi",53,469197,469675,470166,"Istat"
"459",2028,"Maschi",54,464237,464701,465169,"Istat"
"460",2028,"Maschi",55,467999,468451,468908,"Istat"
"461",2028,"Maschi",56,469224,469666,470117,"Istat"
"462",2028,"Maschi",57,463661,464098,464543,"Istat"
"463",2028,"Maschi",58,473627,474073,474524,"Istat"
"464",2028,"Maschi",59,467724,468177,468630,"Istat"
"465",2028,"Maschi",60,466561,467033,467502,"Istat"
"466",2028,"Maschi",61,470196,470695,471181,"Istat"
"467",2028,"Maschi",62,466238,466765,467273,"Istat"
"468",2028,"Maschi",63,468863,469429,469979,"Istat"
"469",2028,"Maschi",64,434580,435155,435708,"Istat"
"470",2028,"Maschi",65,415626,416228,416796,"Istat"
"471",2028,"Maschi",66,402929,403554,404153,"Istat"
"472",2028,"Maschi",67,387074,387731,388358,"Istat"
"473",2028,"Maschi",68,373167,373868,374530,"Istat"
"474",2028,"Maschi",69,351237,351958,352647,"Istat"
"475",2028,"Maschi",70,343277,344050,344782,"Istat"
"476",2028,"Maschi",71,332017,332841,333621,"Istat"
"477",2028,"Maschi",72,320448,321328,322164,"Istat"
"478",2028,"Maschi",73,309991,310936,311836,"Istat"
"479",2028,"Maschi",74,291157,292145,293084,"Istat"
"480",2028,"Maschi",75,279137,280195,281200,"Istat"
"481",2028,"Maschi",76,271626,272780,273868,"Istat"
"482",2028,"Maschi",77,273880,275180,276404,"Istat"
"483",2028,"Maschi",78,267435,268863,270196,"Istat"
"484",2028,"Maschi",79,268580,270192,271700,"Istat"
"485",2028,"Maschi",80,252136,253843,255433,"Istat"
"486",2028,"Maschi",81,239476,241301,243007,"Istat"
"487",2028,"Maschi",82,174178,175689,177099,"Istat"
"488",2028,"Maschi",83,168555,170210,171759,"Istat"
"489",2028,"Maschi",84,157040,158798,160446,"Istat"
"490",2028,"Maschi",85,143829,145669,147399,"Istat"
"491",2028,"Maschi",86,131968,133900,135722,"Istat"
"492",2028,"Maschi",87,130091,132270,134335,"Istat"
"493",2028,"Maschi",88,113969,116151,118226,"Istat"
"494",2028,"Maschi",89,95481,97572,99564,"Istat"
"495",2028,"Maschi",90,75128,77003,78793,"Istat"
"496",2028,"Maschi",91,57795,59434,61004,"Istat"
"497",2028,"Maschi",92,47867,49407,50885,"Istat"
"498",2028,"Maschi",93,36447,37771,39047,"Istat"
"499",2028,"Maschi",94,26842,27941,29005,"Istat"
"500",2028,"Maschi",95,19133,20015,20872,"Istat"
"501",2028,"Maschi",96,13656,14363,15053,"Istat"
"502",2028,"Maschi",97,9591,10146,10688,"Istat"
"503",2028,"Maschi",98,5829,6202,6568,"Istat"
"504",2028,"Maschi",99,3593,3844,4092,"Istat"
"505",2028,"Maschi",100,2191,26924,2522,"Istat"
"506",2028,"Femmine",0,174265,182725,191412,"Istat"
"507",2028,"Femmine",1,175799,182968,190264,"Istat"
"508",2028,"Femmine",2,177290,183106,189005,"Istat"
"509",2028,"Femmine",3,178911,183247,187796,"Istat"
"510",2028,"Femmine",4,188841,189369,189893,"Istat"
"511",2028,"Femmine",5,195983,196507,197029,"Istat"
"512",2028,"Femmine",6,201854,202370,202883,"Istat"
"513",2028,"Femmine",7,204104,204606,205108,"Istat"
"514",2028,"Femmine",8,213017,213505,213995,"Istat"
"515",2028,"Femmine",9,221356,221829,222306,"Istat"
"516",2028,"Femmine",10,230310,230770,231233,"Istat"
"517",2028,"Femmine",11,237840,238287,238737,"Istat"
"518",2028,"Femmine",12,243215,243650,244088,"Istat"
"519",2028,"Femmine",13,250178,250600,251026,"Istat"
"520",2028,"Femmine",14,253788,254200,254616,"Istat"
"521",2028,"Femmine",15,264558,264965,265374,"Istat"
"522",2028,"Femmine",16,268697,269105,269512,"Istat"
"523",2028,"Femmine",17,276000,276418,276836,"Istat"
"524",2028,"Femmine",18,281132,281577,282018,"Istat"
"525",2028,"Femmine",19,285881,286369,286856,"Istat"
"526",2028,"Femmine",20,285446,286001,286556,"Istat"
"527",2028,"Femmine",21,286957,287607,288255,"Istat"
"528",2028,"Femmine",22,286687,287450,288212,"Istat"
"529",2028,"Femmine",23,292198,293087,293978,"Istat"
"530",2028,"Femmine",24,288016,289046,290076,"Istat"
"531",2028,"Femmine",25,286529,287691,288840,"Istat"
"532",2028,"Femmine",26,288746,290013,291279,"Istat"
"533",2028,"Femmine",27,293582,294918,296259,"Istat"
"534",2028,"Femmine",28,290146,291513,292890,"Istat"
"535",2028,"Femmine",29,290784,292160,293548,"Istat"
"536",2028,"Femmine",30,291813,293171,294542,"Istat"
"537",2028,"Femmine",31,293823,295148,296486,"Istat"
"538",2028,"Femmine",32,294220,295500,296792,"Istat"
"539",2028,"Femmine",33,299436,300662,301901,"Istat"
"540",2028,"Femmine",34,306352,307520,308702,"Istat"
"541",2028,"Femmine",35,319712,320822,321945,"Istat"
"542",2028,"Femmine",36,319669,320724,321792,"Istat"
"543",2028,"Femmine",37,325568,326568,327580,"Istat"
"544",2028,"Femmine",38,326842,327791,328747,"Istat"
"545",2028,"Femmine",39,334414,335313,336217,"Istat"
"546",2028,"Femmine",40,329127,329980,330838,"Istat"
"547",2028,"Femmine",41,330918,331728,332543,"Istat"
"548",2028,"Femmine",42,341615,342387,343163,"Istat"
"549",2028,"Femmine",43,347617,348352,349090,"Istat"
"550",2028,"Femmine",44,353314,354015,354718,"Istat"
"551",2028,"Femmine",45,365606,366272,366943,"Istat"
"552",2028,"Femmine",46,368275,368911,369553,"Istat"
"553",2028,"Femmine",47,375630,376242,376859,"Istat"
"554",2028,"Femmine",48,388843,389431,390025,"Istat"
"555",2028,"Femmine",49,408235,408800,409368,"Istat"
"556",2028,"Femmine",50,422054,422599,423148,"Istat"
"557",2028,"Femmine",51,439724,440249,440780,"Istat"
"558",2028,"Femmine",52,460036,460546,461057,"Istat"
"559",2028,"Femmine",53,477635,478123,478620,"Istat"
"560",2028,"Femmine",54,475549,476023,476506,"Istat"
"561",2028,"Femmine",55,478475,478940,479409,"Istat"
"562",2028,"Femmine",56,484158,484612,485072,"Istat"
"563",2028,"Femmine",57,478475,478920,479372,"Istat"
"564",2028,"Femmine",58,490896,491343,491793,"Istat"
"565",2028,"Femmine",59,486455,486902,487346,"Istat"
"566",2028,"Femmine",60,488439,488888,489332,"Istat"
"567",2028,"Femmine",61,490328,490780,491226,"Istat"
"568",2028,"Femmine",62,488054,488510,488961,"Istat"
"569",2028,"Femmine",63,493570,494037,494500,"Istat"
"570",2028,"Femmine",64,463695,464164,464620,"Istat"
"571",2028,"Femmine",65,446959,447435,447901,"Istat"
"572",2028,"Femmine",66,436765,437257,437737,"Istat"
"573",2028,"Femmine",67,421091,421596,422087,"Istat"
"574",2028,"Femmine",68,408272,408790,409296,"Istat"
"575",2028,"Femmine",69,389014,389538,390053,"Istat"
"576",2028,"Femmine",70,382894,383445,383981,"Istat"
"577",2028,"Femmine",71,372284,372861,373442,"Istat"
"578",2028,"Femmine",72,363128,363753,364370,"Istat"
"579",2028,"Femmine",73,355415,356087,356754,"Istat"
"580",2028,"Femmine",74,334414,335112,335806,"Istat"
"581",2028,"Femmine",75,326476,327238,327992,"Istat"
"582",2028,"Femmine",76,321188,322029,322864,"Istat"
"583",2028,"Femmine",77,327835,328797,329769,"Istat"
"584",2028,"Femmine",78,323929,324998,326082,"Istat"
"585",2028,"Femmine",79,331599,332842,334107,"Istat"
"586",2028,"Femmine",80,316003,317369,318755,"Istat"
"587",2028,"Femmine",81,307834,309364,310922,"Istat"
"588",2028,"Femmine",82,229639,230966,232318,"Istat"
"589",2028,"Femmine",83,228398,229924,231481,"Istat"
"590",2028,"Femmine",84,221201,222923,224681,"Istat"
"591",2028,"Femmine",85,208894,210784,212716,"Istat"
"592",2028,"Femmine",86,198609,200705,202844,"Istat"
"593",2028,"Femmine",87,203232,205737,208289,"Istat"
"594",2028,"Femmine",88,183619,186261,188953,"Istat"
"595",2028,"Femmine",89,161608,164321,167087,"Istat"
"596",2028,"Femmine",90,132882,135481,138134,"Istat"
"597",2028,"Femmine",91,108937,111409,113937,"Istat"
"598",2028,"Femmine",92,95101,97589,100140,"Istat"
"599",2028,"Femmine",93,77502,79830,82223,"Istat"
"600",2028,"Femmine",94,61033,63132,65294,"Istat"
"601",2028,"Femmine",95,47582,49448,51373,"Istat"
"602",2028,"Femmine",96,36576,38205,39890,"Istat"
"603",2028,"Femmine",97,28586,30024,31517,"Istat"
"604",2028,"Femmine",98,18893,19959,21070,"Istat"
"605",2028,"Femmine",99,12783,13587,14429,"Istat"
"606",2028,"Femmine",100,8371,26924,9567,"Istat"
"607",2029,"Maschi",0,185015,195347,205921,"Istat"
"608",2029,"Maschi",1,186994,195964,205194,"Istat"
"609",2029,"Maschi",2,189061,196644,204390,"Istat"
"610",2029,"Maschi",3,191032,197216,203466,"Istat"
"611",2029,"Maschi",4,193145,197822,202724,"Istat"
"612",2029,"Maschi",5,202964,203841,204717,"Istat"
"613",2029,"Maschi",6,211561,212430,213300,"Istat"
"614",2029,"Maschi",7,215316,216174,217029,"Istat"
"615",2029,"Maschi",8,219483,220323,221154,"Istat"
"616",2029,"Maschi",9,227024,227842,228651,"Istat"
"617",2029,"Maschi",10,237271,238068,238856,"Istat"
"618",2029,"Maschi",11,246996,247774,248544,"Istat"
"619",2029,"Maschi",12,253639,254403,255160,"Istat"
"620",2029,"Maschi",13,260426,261183,261937,"Istat"
"621",2029,"Maschi",14,268206,268964,269725,"Istat"
"622",2029,"Maschi",15,272432,273218,274001,"Istat"
"623",2029,"Maschi",16,284757,285584,286415,"Istat"
"624",2029,"Maschi",17,290673,291591,292508,"Istat"
"625",2029,"Maschi",18,301171,302218,303275,"Istat"
"626",2029,"Maschi",19,307838,309059,310291,"Istat"
"627",2029,"Maschi",20,313802,315225,316661,"Istat"
"628",2029,"Maschi",21,317362,318994,320643,"Istat"
"629",2029,"Maschi",22,322362,324206,326066,"Istat"
"630",2029,"Maschi",23,326168,328204,330256,"Istat"
"631",2029,"Maschi",24,332801,335008,337246,"Istat"
"632",2029,"Maschi",25,328073,330448,332829,"Istat"
"633",2029,"Maschi",26,325348,327850,330358,"Istat"
"634",2029,"Maschi",27,328386,330999,333624,"Istat"
"635",2029,"Maschi",28,336699,339359,342024,"Istat"
"636",2029,"Maschi",29,334381,337045,339720,"Istat"
"637",2029,"Maschi",30,337754,340406,343058,"Istat"
"638",2029,"Maschi",31,332721,335306,337890,"Istat"
"639",2029,"Maschi",32,331892,334401,336903,"Istat"
"640",2029,"Maschi",33,328573,330982,333384,"Istat"
"641",2029,"Maschi",34,329188,331480,333774,"Istat"
"642",2029,"Maschi",35,331978,334147,336321,"Istat"
"643",2029,"Maschi",36,344010,346050,348101,"Istat"
"644",2029,"Maschi",37,340069,341984,343912,"Istat"
"645",2029,"Maschi",38,346394,348188,349995,"Istat"
"646",2029,"Maschi",39,341970,343643,345329,"Istat"
"647",2029,"Maschi",40,349559,351119,352685,"Istat"
"648",2029,"Maschi",41,340612,342064,343524,"Istat"
"649",2029,"Maschi",42,340321,341674,343032,"Istat"
"650",2029,"Maschi",43,348305,349567,350835,"Istat"
"651",2029,"Maschi",44,353511,354682,355862,"Istat"
"652",2029,"Maschi",45,358432,359519,360620,"Istat"
"653",2029,"Maschi",46,368714,369727,370749,"Istat"
"654",2029,"Maschi",47,368717,369664,370614,"Istat"
"655",2029,"Maschi",48,378223,379109,380000,"Istat"
"656",2029,"Maschi",49,386272,387102,387938,"Istat"
"657",2029,"Maschi",50,405950,406730,407515,"Istat"
"658",2029,"Maschi",51,416509,417247,417993,"Istat"
"659",2029,"Maschi",52,432931,433628,434332,"Istat"
"660",2029,"Maschi",53,451804,452471,453146,"Istat"
"661",2029,"Maschi",54,468267,468905,469551,"Istat"
"662",2029,"Maschi",55,463146,463768,464394,"Istat"
"663",2029,"Maschi",56,466711,467317,467926,"Istat"
"664",2029,"Maschi",57,467729,468326,468932,"Istat"
"665",2029,"Maschi",58,461968,462567,463176,"Istat"
"666",2029,"Maschi",59,471650,472265,472883,"Istat"
"667",2029,"Maschi",60,465511,466145,466775,"Istat"
"668",2029,"Maschi",61,464064,464727,465375,"Istat"
"669",2029,"Maschi",62,467358,468063,468745,"Istat"
"670",2029,"Maschi",63,463086,463830,464552,"Istat"
"671",2029,"Maschi",64,465302,466116,466893,"Istat"
"672",2029,"Maschi",65,430916,431743,432524,"Istat"
"673",2029,"Maschi",66,411739,412586,413394,"Istat"
"674",2029,"Maschi",67,398723,399622,400470,"Istat"
"675",2029,"Maschi",68,382579,383530,384426,"Istat"
"676",2029,"Maschi",69,368368,369368,370322,"Istat"
"677",2029,"Maschi",70,346225,347257,348238,"Istat"
"678",2029,"Maschi",71,337804,338917,339963,"Istat"
"679",2029,"Maschi",72,326114,327301,328418,"Istat"
"680",2029,"Maschi",73,314072,315339,316540,"Istat"
"681",2029,"Maschi",74,303092,304454,305746,"Istat"
"682",2029,"Maschi",75,283921,285346,286696,"Istat"
"683",2029,"Maschi",76,271372,272894,274326,"Istat"
"684",2029,"Maschi",77,263132,264787,266340,"Istat"
"685",2029,"Maschi",78,264230,266093,267829,"Istat"
"686",2029,"Maschi",79,256812,258851,260743,"Istat"
"687",2029,"Maschi",80,256533,258828,260954,"Istat"
"688",2029,"Maschi",81,239370,241781,244021,"Istat"
"689",2029,"Maschi",82,225778,228348,230749,"Istat"
"690",2029,"Maschi",83,162860,164977,166946,"Istat"
"691",2029,"Maschi",84,156149,158453,160613,"Istat"
"692",2029,"Maschi",85,143902,146328,148613,"Istat"
"693",2029,"Maschi",86,130179,132696,135071,"Istat"
"694",2029,"Maschi",87,117803,120415,122886,"Istat"
"695",2029,"Maschi",88,114324,117219,119976,"Istat"
"696",2029,"Maschi",89,98444,101296,104020,"Istat"
"697",2029,"Maschi",90,80939,83620,86189,"Istat"
"698",2029,"Maschi",91,62410,64763,67027,"Istat"
"699",2029,"Maschi",92,46965,48976,50917,"Istat"
"700",2029,"Maschi",93,37977,39821,41607,"Istat"
"701",2029,"Maschi",94,28181,29727,31230,"Istat"
"702",2029,"Maschi",95,20177,21426,22647,"Istat"
"703",2029,"Maschi",96,13955,14926,15883,"Istat"
"704",2029,"Maschi",97,9676,10433,11181,"Istat"
"705",2029,"Maschi",98,6604,7177,7747,"Istat"
"706",2029,"Maschi",99,3887,4257,4629,"Istat"
"707",2029,"Maschi",100,2307,28533,2789,"Istat"
"708",2029,"Femmine",0,174026,183746,193736,"Istat"
"709",2029,"Femmine",1,175428,183875,192560,"Istat"
"710",2029,"Femmine",2,176862,184023,191326,"Istat"
"711",2029,"Femmine",3,178247,184053,189932,"Istat"
"712",2029,"Femmine",4,179744,184115,188684,"Istat"
"713",2029,"Femmine",5,189467,190176,190882,"Istat"
"714",2029,"Femmine",6,196568,197267,197966,"Istat"
"715",2029,"Femmine",7,202409,203093,203777,"Istat"
"716",2029,"Femmine",8,204636,205300,205969,"Istat"
"717",2029,"Femmine",9,213528,214174,214828,"Istat"
"718",2029,"Femmine",10,221849,222479,223114,"Istat"
"719",2029,"Femmine",11,230790,231402,232020,"Istat"
"720",2029,"Femmine",12,238308,238902,239503,"Istat"
"721",2029,"Femmine",13,243675,244253,244837,"Istat"
"722",2029,"Femmine",14,250639,251201,251771,"Istat"
"723",2029,"Femmine",15,254275,254826,255384,"Istat"
"724",2029,"Femmine",16,265108,265659,266213,"Istat"
"725",2029,"Femmine",17,269374,269938,270501,"Istat"
"726",2029,"Femmine",18,276886,277478,278070,"Istat"
"727",2029,"Femmine",19,282318,282958,283598,"Istat"
"728",2029,"Femmine",20,287417,288137,288862,"Istat"
"729",2029,"Femmine",21,287318,288144,288978,"Istat"
"730",2029,"Femmine",22,289014,289987,290961,"Istat"
"731",2029,"Femmine",23,288720,289853,290995,"Istat"
"732",2029,"Femmine",24,294046,295360,296681,"Istat"
"733",2029,"Femmine",25,289669,291159,292644,"Istat"
"734",2029,"Femmine",26,288030,289679,291326,"Istat"
"735",2029,"Femmine",27,290163,291922,293684,"Istat"
"736",2029,"Femmine",28,294963,296777,298614,"Istat"
"737",2029,"Femmine",29,291484,293337,295201,"Istat"
"738",2029,"Femmine",30,292106,293945,295805,"Istat"
"739",2029,"Femmine",31,293105,294909,296735,"Istat"
"740",2029,"Femmine",32,295077,296830,298602,"Istat"
"741",2029,"Femmine",33,295430,297118,298822,"Istat"
"742",2029,"Femmine",34,300597,302211,303837,"Istat"
"743",2029,"Femmine",35,307459,308995,310544,"Istat"
"744",2029,"Femmine",36,320762,322219,323694,"Istat"
"745",2029,"Femmine",37,320668,322049,323449,"Istat"
"746",2029,"Femmine",38,326510,327819,329143,"Istat"
"747",2029,"Femmine",39,327729,328972,330229,"Istat"
"748",2029,"Femmine",40,335247,336425,337614,"Istat"
"749",2029,"Femmine",41,329913,331032,332158,"Istat"
"750",2029,"Femmine",42,331653,332717,333788,"Istat"
"751",2029,"Femmine",43,342294,343307,344326,"Istat"
"752",2029,"Femmine",44,348240,349205,350176,"Istat"
"753",2029,"Femmine",45,353881,354801,355726,"Istat"
"754",2029,"Femmine",46,366110,366987,367871,"Istat"
"755",2029,"Femmine",47,368722,369561,370409,"Istat"
"756",2029,"Femmine",48,376011,376819,377636,"Istat"
"757",2029,"Femmine",49,389147,389924,390708,"Istat"
"758",2029,"Femmine",50,408445,409191,409942,"Istat"
"759",2029,"Femmine",51,422167,422886,423612,"Istat"
"760",2029,"Femmine",52,439722,440416,441119,"Istat"
"761",2029,"Femmine",53,459905,460579,461258,"Istat"
"762",2029,"Femmine",54,477367,478015,478677,"Istat"
"763",2029,"Femmine",55,475170,475803,476445,"Istat"
"764",2029,"Femmine",56,477973,478592,479219,"Istat"
"765",2029,"Femmine",57,483508,484119,484736,"Istat"
"766",2029,"Femmine",58,477696,478298,478907,"Istat"
"767",2029,"Femmine",59,489922,490531,491136,"Istat"
"768",2029,"Femmine",60,485325,485934,486536,"Istat"
"769",2029,"Femmine",61,487118,487729,488335,"Istat"
"770",2029,"Femmine",62,488799,489418,490029,"Istat"
"771",2029,"Femmine",63,486317,486942,487562,"Istat"
"772",2029,"Femmine",64,491551,492205,492839,"Istat"
"773",2029,"Femmine",65,461566,462222,462860,"Istat"
"774",2029,"Femmine",66,444657,445327,445976,"Istat"
"775",2029,"Femmine",67,434252,434947,435619,"Istat"
"776",2029,"Femmine",68,418401,419107,419794,"Istat"
"777",2029,"Femmine",69,405362,406086,406797,"Istat"
"778",2029,"Femmine",70,385897,386640,387362,"Istat"
"779",2029,"Femmine",71,379442,380226,381007,"Istat"
"780",2029,"Femmine",72,368495,369335,370165,"Istat"
"781",2029,"Femmine",73,358962,359861,360751,"Istat"
"782",2029,"Femmine",74,350808,351775,352734,"Istat"
"783",2029,"Femmine",75,329510,330525,331523,"Istat"
"784",2029,"Femmine",76,321028,322136,323229,"Istat"
"785",2029,"Femmine",77,315068,316288,317508,"Istat"
"786",2029,"Femmine",78,320677,322076,323483,"Istat"
"787",2029,"Femmine",79,315788,317349,318924,"Istat"
"788",2029,"Femmine",80,321985,323805,325648,"Istat"
"789",2029,"Femmine",81,305399,307392,309412,"Istat"
"790",2029,"Femmine",82,295907,298142,300413,"Istat"
"791",2029,"Femmine",83,219312,221240,223199,"Istat"
"792",2029,"Femmine",84,216586,218789,221031,"Istat"
"793",2029,"Femmine",85,207952,210419,212930,"Istat"
"794",2029,"Femmine",86,194427,197117,199857,"Istat"
"795",2029,"Femmine",87,182722,185674,188683,"Istat"
"796",2029,"Femmine",88,184468,187955,191503,"Istat"
"797",2029,"Femmine",89,164133,167758,171447,"Istat"
"798",2029,"Femmine",90,142023,145679,149406,"Istat"
"799",2029,"Femmine",91,114624,118054,121559,"Istat"
"800",2029,"Femmine",92,92093,95280,98549,"Istat"
"801",2029,"Femmine",93,78664,81799,85025,"Istat"
"802",2029,"Femmine",94,62610,65470,68424,"Istat"
"803",2029,"Femmine",95,48058,50568,53168,"Istat"
"804",2029,"Femmine",96,36470,38638,40891,"Istat"
"805",2029,"Femmine",97,27260,29096,31013,"Istat"
"806",2029,"Femmine",98,20656,22222,23867,"Istat"
"807",2029,"Femmine",99,13171,14286,15466,"Istat"
"808",2029,"Femmine",100,8560,28533,10224,"Istat"
"809",2030,"Maschi",0,184912,196735,208490,"Istat"
"810",2030,"Maschi",1,186683,196973,207571,"Istat"
"811",2030,"Maschi",2,188577,197514,206691,"Istat"
"812",2030,"Maschi",3,190528,198085,205825,"Istat"
"813",2030,"Maschi",4,192310,198564,204874,"Istat"
"814",2030,"Maschi",5,194341,199095,204147,"Istat"
"815",2030,"Maschi",6,203933,205047,206163,"Istat"
"816",2030,"Maschi",7,212471,213576,214680,"Istat"
"817",2030,"Maschi",8,216188,217276,218354,"Istat"
"818",2030,"Maschi",9,220337,221397,222449,"Istat"
"819",2030,"Maschi",10,227875,228908,229934,"Istat"
"820",2030,"Maschi",11,238135,239143,240145,"Istat"
"821",2030,"Maschi",12,247893,248884,249866,"Istat"
"822",2030,"Maschi",13,254603,255581,256555,"Istat"
"823",2030,"Maschi",14,261503,262483,263463,"Istat"
"824",2030,"Maschi",15,269469,270468,271473,"Istat"
"825",2030,"Maschi",16,274002,275053,276108,"Istat"
"826",2030,"Maschi",17,286809,287952,289097,"Istat"
"827",2030,"Maschi",18,293284,294580,295875,"Istat"
"828",2030,"Maschi",19,304303,305793,307299,"Istat"
"829",2030,"Maschi",20,311415,313143,314891,"Istat"
"830",2030,"Maschi",21,317704,319695,321700,"Istat"
"831",2030,"Maschi",22,321414,323671,325944,"Istat"
"832",2030,"Maschi",23,326389,328895,331425,"Istat"
"833",2030,"Maschi",24,330028,332762,335524,"Istat"
"834",2030,"Maschi",25,336405,339361,342326,"Istat"
"835",2030,"Maschi",26,331459,334590,337725,"Istat"
"836",2030,"Maschi",27,328518,331803,335103,"Istat"
"837",2030,"Maschi",28,331398,334779,338173,"Istat"
"838",2030,"Maschi",29,339572,342966,346384,"Istat"
"839",2030,"Maschi",30,337086,340480,343896,"Istat"
"840",2030,"Maschi",31,340305,343657,347002,"Istat"
"841",2030,"Maschi",32,335109,338372,341626,"Istat"
"842",2030,"Maschi",33,334136,337275,340414,"Istat"
"843",2030,"Maschi",34,330664,333663,336671,"Istat"
"844",2030,"Maschi",35,331119,333966,336827,"Istat"
"845",2030,"Maschi",36,333748,336436,339141,"Istat"
"846",2030,"Maschi",37,345613,348136,350687,"Istat"
"847",2030,"Maschi",38,341512,343878,346270,"Istat"
"848",2030,"Maschi",39,347672,349888,352118,"Istat"
"849",2030,"Maschi",40,343094,345161,347235,"Istat"
"850",2030,"Maschi",41,350526,352450,354383,"Istat"
"851",2030,"Maschi",42,341443,343233,345038,"Istat"
"852",2030,"Maschi",43,341011,342682,344362,"Istat"
"853",2030,"Maschi",44,348860,350415,351977,"Istat"
"854",2030,"Maschi",45,353940,355380,356839,"Istat"
"855",2030,"Maschi",46,358740,360075,361431,"Istat"
"856",2030,"Maschi",47,368889,370137,371397,"Istat"
"857",2030,"Maschi",48,368777,369945,371122,"Istat"
"858",2030,"Maschi",49,378155,379248,380352,"Istat"
"859",2030,"Maschi",50,386068,387097,388134,"Istat"
"860",2030,"Maschi",51,405588,406554,407532,"Istat"
"861",2030,"Maschi",52,415995,416911,417835,"Istat"
"862",2030,"Maschi",53,432237,433105,433986,"Istat"
"863",2030,"Maschi",54,450914,451740,452588,"Istat"
"864",2030,"Maschi",55,467140,467952,468766,"Istat"
"865",2030,"Maschi",56,461858,462646,463441,"Istat"
"866",2030,"Maschi",57,465215,465987,466771,"Istat"
"867",2030,"Maschi",58,466009,466783,467569,"Istat"
"868",2030,"Maschi",59,460046,460824,461614,"Istat"
"869",2030,"Maschi",60,469411,470226,471034,"Istat"
"870",2030,"Maschi",61,463020,463865,464693,"Istat"
"871",2030,"Maschi",62,461260,462153,463013,"Istat"
"872",2030,"Maschi",63,464197,465145,466060,"Istat"
"873",2030,"Maschi",64,459581,460596,461568,"Istat"
"874",2030,"Maschi",65,461371,462474,463518,"Istat"
"875",2030,"Maschi",66,426884,427995,429045,"Istat"
"876",2030,"Maschi",67,407442,408600,409694,"Istat"
"877",2030,"Maschi",68,394098,395329,396485,"Istat"
"878",2030,"Maschi",69,377668,378955,380176,"Istat"
"879",2030,"Maschi",70,363108,364471,365757,"Istat"
"880",2030,"Maschi",71,340713,342131,343458,"Istat"
"881",2030,"Maschi",72,331794,333319,334754,"Istat"
"882",2030,"Maschi",73,319647,321269,322802,"Istat"
"883",2030,"Maschi",74,307089,308826,310459,"Istat"
"884",2030,"Maschi",75,295543,297414,299172,"Istat"
"885",2030,"Maschi",76,276019,277969,279797,"Istat"
"886",2030,"Maschi",77,262882,264969,266915,"Istat"
"887",2030,"Maschi",78,253862,256118,258210,"Istat"
"888",2030,"Maschi",79,253726,256260,258600,"Istat"
"889",2030,"Maschi",80,245280,248043,250585,"Istat"
"890",2030,"Maschi",81,243525,246605,249461,"Istat"
"891",2030,"Maschi",82,225615,228851,231864,"Istat"
"892",2030,"Maschi",83,211049,214497,217716,"Istat"
"893",2030,"Maschi",84,150769,153579,156201,"Istat"
"894",2030,"Maschi",85,143001,146050,148906,"Istat"
"895",2030,"Maschi",86,130153,133325,136313,"Istat"
"896",2030,"Maschi",87,116104,119342,122412,"Istat"
"897",2030,"Maschi",88,103438,106740,109895,"Istat"
"898",2030,"Maschi",89,98615,102220,105681,"Istat"
"899",2030,"Maschi",90,83305,86790,90145,"Istat"
"900",2030,"Maschi",91,67095,70301,73401,"Istat"
"901",2030,"Maschi",92,50589,53339,56012,"Istat"
"902",2030,"Maschi",93,37155,39448,41687,"Istat"
"903",2030,"Maschi",94,29268,31312,33323,"Istat"
"904",2030,"Maschi",95,21105,22770,24419,"Istat"
"905",2030,"Maschi",96,14651,15957,17257,"Istat"
"906",2030,"Maschi",97,9841,10828,11818,"Istat"
"907",2030,"Maschi",98,6627,7368,8118,"Istat"
"908",2030,"Maschi",99,4379,4918,5470,"Istat"
"909",2030,"Maschi",100,2481,30256,3161,"Istat"
"910",2030,"Femmine",0,173943,185065,196126,"Istat"
"911",2030,"Femmine",1,175164,184863,194834,"Istat"
"912",2030,"Femmine",2,176478,184899,193544,"Istat"
"913",2030,"Femmine",3,177772,184941,192196,"Istat"
"914",2030,"Femmine",4,179013,184895,190793,"Istat"
"915",2030,"Femmine",5,180423,184898,189581,"Istat"
"916",2030,"Femmine",6,190016,190913,191812,"Istat"
"917",2030,"Femmine",7,197086,197969,198857,"Istat"
"918",2030,"Femmine",8,202904,203767,204636,"Istat"
"919",2030,"Femmine",9,205110,205951,206800,"Istat"
"920",2030,"Femmine",10,213985,214805,215632,"Istat"
"921",2030,"Femmine",11,222294,223092,223898,"Istat"
"922",2030,"Femmine",12,231224,231999,232783,"Istat"
"923",2030,"Femmine",13,238734,239488,240250,"Istat"
"924",2030,"Femmine",14,244103,244837,245579,"Istat"
"925",2030,"Femmine",15,251092,251809,252536,"Istat"
"926",2030,"Femmine",16,254790,255501,256220,"Istat"
"927",2030,"Femmine",17,265745,266468,267192,"Istat"
"928",2030,"Femmine",18,270214,270967,271721,"Istat"
"929",2030,"Femmine",19,278010,278818,279624,"Istat"
"930",2030,"Femmine",20,283780,284673,285576,"Istat"
"931",2030,"Femmine",21,289195,290215,291244,"Istat"
"932",2030,"Femmine",22,289272,290453,291651,"Istat"
"933",2030,"Femmine",23,290936,292318,293712,"Istat"
"934",2030,"Femmine",24,290461,292058,293673,"Istat"
"935",2030,"Femmine",25,295582,297409,299235,"Istat"
"936",2030,"Femmine",26,291057,293088,295121,"Istat"
"937",2030,"Femmine",27,289350,291531,293722,"Istat"
"938",2030,"Femmine",28,291445,293726,296030,"Istat"
"939",2030,"Femmine",29,296193,298546,300919,"Istat"
"940",2030,"Femmine",30,292706,295068,297454,"Istat"
"941",2030,"Femmine",31,293299,295631,297991,"Istat"
"942",2030,"Femmine",32,294264,296540,298843,"Istat"
"943",2030,"Femmine",33,296197,298399,300625,"Istat"
"944",2030,"Femmine",34,296508,298621,300757,"Istat"
"945",2030,"Femmine",35,301624,303642,305677,"Istat"
"946",2030,"Femmine",36,308438,310353,312292,"Istat"
"947",2030,"Femmine",37,321688,323502,325344,"Istat"
"948",2030,"Femmine",38,321543,323262,325009,"Istat"
"949",2030,"Femmine",39,327333,328963,330620,"Istat"
"950",2030,"Femmine",40,328504,330052,331620,"Istat"
"951",2030,"Femmine",41,335970,337438,338924,"Istat"
"952",2030,"Femmine",42,330593,331987,333400,"Istat"
"953",2030,"Femmine",43,332285,333611,334953,"Istat"
"954",2030,"Femmine",44,342870,344134,345411,"Istat"
"955",2030,"Femmine",45,348761,349966,351181,"Istat"
"956",2030,"Femmine",46,354349,355497,356659,"Istat"
"957",2030,"Femmine",47,366515,367611,368725,"Istat"
"958",2030,"Femmine",48,369063,370119,371189,"Istat"
"959",2030,"Femmine",49,376289,377302,378328,"Istat"
"960",2030,"Femmine",50,389340,390316,391304,"Istat"
"961",2030,"Femmine",51,408535,409475,410424,"Istat"
"962",2030,"Femmine",52,422152,423060,423979,"Istat"
"963",2030,"Femmine",53,439587,440464,441351,"Istat"
"964",2030,"Femmine",54,459643,460487,461344,"Istat"
"965",2030,"Femmine",55,476948,477776,478617,"Istat"
"966",2030,"Femmine",56,474644,475448,476262,"Istat"
"967",2030,"Femmine",57,477312,478101,478895,"Istat"
"968",2030,"Femmine",58,482690,483473,484264,"Istat"
"969",2030,"Femmine",59,476737,477516,478301,"Istat"
"970",2030,"Femmine",60,488759,489547,490326,"Istat"
"971",2030,"Femmine",61,483994,484783,485567,"Istat"
"972",2030,"Femmine",62,485583,486378,487168,"Istat"
"973",2030,"Femmine",63,487041,487849,488645,"Istat"
"974",2030,"Femmine",64,484317,485149,485960,"Istat"
"975",2030,"Femmine",65,489259,490134,490979,"Istat"
"976",2030,"Femmine",66,459174,460048,460895,"Istat"
"977",2030,"Femmine",67,442087,442983,443851,"Istat"
"978",2030,"Femmine",68,431467,432390,433284,"Istat"
"979",2030,"Femmine",69,415407,416350,417267,"Istat"
"980",2030,"Femmine",70,402103,403081,404030,"Istat"
"981",2030,"Femmine",71,382417,383422,384406,"Istat"
"982",2030,"Femmine",72,375572,376658,377725,"Istat"
"983",2030,"Femmine",73,364271,365422,366552,"Istat"
"984",2030,"Femmine",74,354318,355550,356762,"Istat"
"985",2030,"Femmine",75,345653,346993,348304,"Istat"
"986",2030,"Femmine",76,324014,325420,326798,"Istat"
"987",2030,"Femmine",77,314921,316452,317966,"Istat"
"988",2030,"Femmine",78,308194,309887,311576,"Istat"
"989",2030,"Femmine",79,312644,314573,316514,"Istat"
"990",2030,"Femmine",80,306643,308809,310991,"Istat"
"991",2030,"Femmine",81,311170,313714,316266,"Istat"
"992",2030,"Femmine",82,293533,296305,299097,"Istat"
"993",2030,"Femmine",83,282639,285736,288851,"Istat"
"994",2030,"Femmine",84,207879,210536,213211,"Istat"
"995",2030,"Femmine",85,203579,206600,209650,"Istat"
"996",2030,"Femmine",86,193485,196843,200235,"Istat"
"997",2030,"Femmine",87,178793,182417,186080,"Istat"
"998",2030,"Femmine",88,165781,169706,173680,"Istat"
"999",2030,"Femmine",89,164784,169346,173973,"Istat"
"1000",2030,"Femmine",90,144107,148765,153500,"Istat"
"1001",2030,"Femmine",91,122382,126984,131680,"Istat"
"1002",2030,"Femmine",92,96779,100996,105320,"Istat"
"1003",2030,"Femmine",93,76060,79881,83823,"Istat"
"1004",2030,"Femmine",94,63435,67098,70895,"Istat"
"1005",2030,"Femmine",95,49198,52453,55843,"Istat"
"1006",2030,"Femmine",96,36737,39513,42416,"Istat"
"1007",2030,"Femmine",97,27103,29431,31878,"Istat"
"1008",2030,"Femmine",98,19632,21536,23553,"Istat"
"1009",2030,"Femmine",99,14344,15903,17571,"Istat"
"1010",2030,"Femmine",100,8784,30256,10997,"Istat"
"1011",2031,"Maschi",0,185137,198254,211463,"Istat"
"1012",2031,"Maschi",1,186559,198305,210137,"Istat"
"1013",2031,"Maschi",2,188135,198469,209093,"Istat"
"1014",2031,"Maschi",3,189894,198904,208124,"Istat"
"1015",2031,"Maschi",4,191697,199385,207241,"Istat"
"1016",2031,"Maschi",5,193419,199791,206267,"Istat"
"1017",2031,"Maschi",6,195406,200257,205358,"Istat"
"1018",2031,"Maschi",7,204791,206152,207528,"Istat"
"1019",2031,"Maschi",8,213286,214638,215989,"Istat"
"1020",2031,"Maschi",9,216985,218310,219628,"Istat"
"1021",2031,"Maschi",10,221128,222424,223713,"Istat"
"1022",2031,"Maschi",11,228678,229945,231204,"Istat"
"1023",2031,"Maschi",12,238973,240213,241446,"Istat"
"1024",2031,"Maschi",13,248797,250020,251235,"Istat"
"1025",2031,"Maschi",14,255621,256835,258054,"Istat"
"1026",2031,"Maschi",15,262707,263935,265182,"Istat"
"1027",2031,"Maschi",16,270952,272240,273543,"Istat"
"1028",2031,"Maschi",17,275959,277341,278742,"Istat"
"1029",2031,"Maschi",18,289291,290840,292397,"Istat"
"1030",2031,"Maschi",19,296267,298036,299815,"Istat"
"1031",2031,"Maschi",20,307705,309740,311792,"Istat"
"1032",2031,"Maschi",21,315126,317462,319826,"Istat"
"1033",2031,"Maschi",22,321559,324212,326894,"Istat"
"1034",2031,"Maschi",23,325235,328198,331188,"Istat"
"1035",2031,"Maschi",24,330036,333292,336580,"Istat"
"1036",2031,"Maschi",25,333414,336960,340519,"Istat"
"1037",2031,"Maschi",26,339592,343348,347145,"Istat"
"1038",2031,"Maschi",27,334430,338394,342394,"Istat"
"1039",2031,"Maschi",28,331337,335442,339594,"Istat"
"1040",2031,"Maschi",29,334103,338254,342468,"Istat"
"1041",2031,"Maschi",30,342100,346269,350494,"Istat"
"1042",2031,"Maschi",31,339465,343608,347781,"Istat"
"1043",2031,"Maschi",32,342535,346603,350673,"Istat"
"1044",2031,"Maschi",33,337198,341135,345078,"Istat"
"1045",2031,"Maschi",34,336078,339851,343635,"Istat"
"1046",2031,"Maschi",35,332459,336052,339666,"Istat"
"1047",2031,"Maschi",36,332761,336166,339597,"Istat"
"1048",2031,"Maschi",37,335231,338445,341688,"Istat"
"1049",2031,"Maschi",38,346933,349950,353000,"Istat"
"1050",2031,"Maschi",39,342685,345512,348365,"Istat"
"1051",2031,"Maschi",40,348694,351337,353999,"Istat"
"1052",2031,"Maschi",41,343976,346440,348916,"Istat"
"1053",2031,"Maschi",42,351266,353557,355869,"Istat"
"1054",2031,"Maschi",43,342058,344191,346347,"Istat"
"1055",2031,"Maschi",44,341509,343494,345494,"Istat"
"1056",2031,"Maschi",45,349238,351079,352938,"Istat"
"1057",2031,"Maschi",46,354197,355906,357645,"Istat"
"1058",2031,"Maschi",47,358877,360468,362086,"Istat"
"1059",2031,"Maschi",48,368901,370391,371897,"Istat"
"1060",2031,"Maschi",49,368680,370077,371481,"Istat"
"1061",2031,"Maschi",50,377930,379238,380559,"Istat"
"1062",2031,"Maschi",51,385716,386944,388186,"Istat"
"1063",2031,"Maschi",52,405064,406228,407407,"Istat"
"1064",2031,"Maschi",53,415319,416421,417527,"Istat"
"1065",2031,"Maschi",54,431372,432420,433482,"Istat"
"1066",2031,"Maschi",55,449822,450836,451859,"Istat"
"1067",2031,"Maschi",56,465825,466817,467819,"Istat"
"1068",2031,"Maschi",57,460372,461338,462319,"Istat"
"1069",2031,"Maschi",58,463500,464462,465439,"Istat"
"1070",2031,"Maschi",59,464064,465033,466018,"Istat"
"1071",2031,"Maschi",60,457869,458860,459851,"Istat"
"1072",2031,"Maschi",61,466887,467942,468973,"Istat"
"1073",2031,"Maschi",62,460226,461321,462379,"Istat"
"1074",2031,"Maschi",63,458146,459301,460413,"Istat"
"1075",2031,"Maschi",64,460686,461933,463121,"Istat"
"1076",2031,"Maschi",65,455701,457040,458304,"Istat"
"1077",2031,"Maschi",66,457037,458480,459846,"Istat"
"1078",2031,"Maschi",67,422439,423897,425278,"Istat"
"1079",2031,"Maschi",68,402718,404250,405683,"Istat"
"1080",2031,"Maschi",69,389041,390656,392176,"Istat"
"1081",2031,"Maschi",70,372274,373977,375572,"Istat"
"1082",2031,"Maschi",71,357328,359133,360815,"Istat"
"1083",2031,"Maschi",72,334668,336540,338296,"Istat"
"1084",2031,"Maschi",73,325214,327226,329124,"Istat"
"1085",2031,"Maschi",74,312559,314707,316721,"Istat"
"1086",2031,"Maschi",75,299443,301749,303902,"Istat"
"1087",2031,"Maschi",76,287304,289773,292076,"Istat"
"1088",2031,"Maschi",77,267389,269957,272346,"Istat"
"1089",2031,"Maschi",78,253631,256367,258894,"Istat"
"1090",2031,"Maschi",79,243762,246728,249455,"Istat"
"1091",2031,"Maschi",80,242319,245635,248687,"Istat"
"1092",2031,"Maschi",81,232811,236404,239714,"Istat"
"1093",2031,"Maschi",82,229479,233487,237200,"Istat"
"1094",2031,"Maschi",83,210834,215010,218910,"Istat"
"1095",2031,"Maschi",84,195341,199743,203882,"Istat"
"1096",2031,"Maschi",85,137972,141544,144893,"Istat"
"1097",2031,"Maschi",86,129281,133099,136709,"Istat"
"1098",2031,"Maschi",87,115996,119922,123656,"Istat"
"1099",2031,"Maschi",88,101836,105788,109563,"Istat"
"1100",2031,"Maschi",89,89130,93095,96907,"Istat"
"1101",2031,"Maschi",90,83314,87562,91673,"Istat"
"1102",2031,"Maschi",91,68922,72938,76849,"Istat"
"1103",2031,"Maschi",92,54260,57866,61404,"Istat"
"1104",2031,"Maschi",93,39915,42932,45912,"Istat"
"1105",2031,"Maschi",94,28544,30991,33429,"Istat"
"1106",2031,"Maschi",95,21834,23958,26090,"Istat"
"1107",2031,"Maschi",96,15254,16936,18633,"Istat"
"1108",2031,"Maschi",97,10280,11557,12855,"Istat"
"1109",2031,"Maschi",98,6704,7635,8590,"Istat"
"1110",2031,"Maschi",99,4367,5039,5737,"Istat"
"1111",2031,"Maschi",100,2777,32845,3739,"Istat"
"1112",2031,"Femmine",0,174157,186509,198939,"Istat"
"1113",2031,"Femmine",1,175101,186158,197323,"Istat"
"1114",2031,"Femmine",2,176163,185866,195837,"Istat"
"1115",2031,"Femmine",3,177340,185800,194448,"Istat"
"1116",2031,"Femmine",4,178579,185768,193093,"Istat"
"1117",2031,"Femmine",5,179690,185664,191694,"Istat"
"1118",2031,"Femmine",6,181122,185624,190388,"Istat"
"1119",2031,"Femmine",7,190507,191604,192710,"Istat"
"1120",2031,"Femmine",8,197556,198631,199721,"Istat"
"1121",2031,"Femmine",9,203359,204406,205475,"Istat"
"1122",2031,"Femmine",10,205546,206571,207614,"Istat"
"1123",2031,"Femmine",11,214408,215408,216424,"Istat"
"1124",2031,"Femmine",12,222705,223680,224668,"Istat"
"1125",2031,"Femmine",13,231627,232575,233536,"Istat"
"1126",2031,"Femmine",14,239140,240062,240997,"Istat"
"1127",2031,"Femmine",15,244534,245433,246348,"Istat"
"1128",2031,"Femmine",16,251586,252471,253373,"Istat"
"1129",2031,"Femmine",17,255400,256294,257198,"Istat"
"1130",2031,"Femmine",18,266549,267476,268409,"Istat"
"1131",2031,"Femmine",19,271288,272279,273271,"Istat"
"1132",2031,"Femmine",20,279414,280497,281592,"Istat"
"1133",2031,"Femmine",21,285490,286708,287946,"Istat"
"1134",2031,"Femmine",22,291069,292476,293903,"Istat"
"1135",2031,"Femmine",23,291104,292737,294392,"Istat"
"1136",2031,"Femmine",24,292597,294481,296387,"Istat"
"1137",2031,"Femmine",25,291915,294071,296242,"Istat"
"1138",2031,"Femmine",26,296889,299303,301710,"Istat"
"1139",2031,"Femmine",27,292301,294907,297527,"Istat"
"1140",2031,"Femmine",28,290562,293305,296088,"Istat"
"1141",2031,"Femmine",29,292621,295466,298362,"Istat"
"1142",2031,"Femmine",30,297348,300247,303196,"Istat"
"1143",2031,"Femmine",31,293831,296725,299660,"Istat"
"1144",2031,"Femmine",32,294391,297234,300118,"Istat"
"1145",2031,"Femmine",33,295321,298082,300884,"Istat"
"1146",2031,"Femmine",34,297214,299875,302575,"Istat"
"1147",2031,"Femmine",35,297479,300028,302616,"Istat"
"1148",2031,"Femmine",36,302547,304978,307444,"Istat"
"1149",2031,"Femmine",37,309310,311616,313961,"Istat"
"1150",2031,"Femmine",38,322508,324692,326917,"Istat"
"1151",2031,"Femmine",39,322319,324386,326493,"Istat"
"1152",2031,"Femmine",40,328065,330022,332018,"Istat"
"1153",2031,"Femmine",41,329192,331048,332936,"Istat"
"1154",2031,"Femmine",42,336609,338371,340162,"Istat"
"1155",2031,"Femmine",43,331189,332864,334569,"Istat"
"1156",2031,"Femmine",44,332828,334428,336048,"Istat"
"1157",2031,"Femmine",45,343355,344882,346425,"Istat"
"1158",2031,"Femmine",46,349194,350651,352125,"Istat"
"1159",2031,"Femmine",47,354730,356118,357526,"Istat"
"1160",2031,"Femmine",48,366827,368157,369506,"Istat"
"1161",2031,"Femmine",49,369315,370597,371895,"Istat"
"1162",2031,"Femmine",50,376469,377699,378942,"Istat"
"1163",2031,"Femmine",51,389435,390616,391810,"Istat"
"1164",2031,"Femmine",52,408516,409661,410816,"Istat"
"1165",2031,"Femmine",53,422028,423130,424245,"Istat"
"1166",2031,"Femmine",54,439333,440402,441482,"Istat"
"1167",2031,"Femmine",55,459240,460278,461329,"Istat"
"1168",2031,"Femmine",56,476402,477413,478433,"Istat"
"1169",2031,"Femmine",57,473977,474963,475963,"Istat"
"1170",2031,"Femmine",58,476492,477471,478456,"Istat"
"1171",2031,"Femmine",59,481700,482678,483661,"Istat"
"1172",2031,"Femmine",60,475603,476576,477543,"Istat"
"1173",2031,"Femmine",61,487406,488390,489368,"Istat"
"1174",2031,"Femmine",62,482463,483453,484435,"Istat"
"1175",2031,"Femmine",63,483826,484833,485815,"Istat"
"1176",2031,"Femmine",64,485037,486066,487072,"Istat"
"1177",2031,"Femmine",65,482065,483131,484164,"Istat"
"1178",2031,"Femmine",66,486704,487829,488909,"Istat"
"1179",2031,"Femmine",67,456513,457642,458733,"Istat"
"1180",2031,"Femmine",68,439246,440398,441509,"Istat"
"1181",2031,"Femmine",69,428382,429567,430717,"Istat"
"1182",2031,"Femmine",70,412069,413293,414486,"Istat"
"1183",2031,"Femmine",71,398473,399753,400992,"Istat"
"1184",2031,"Femmine",72,378528,379862,381172,"Istat"
"1185",2031,"Femmine",73,371274,372705,374099,"Istat"
"1186",2031,"Femmine",74,359577,361095,362583,"Istat"
"1187",2031,"Femmine",75,349142,350773,352365,"Istat"
"1188",2031,"Femmine",76,339888,341676,343417,"Istat"
"1189",2031,"Femmine",77,317864,319737,321576,"Istat"
"1190",2031,"Femmine",78,308069,310119,312146,"Istat"
"1191",2031,"Femmine",79,300487,302742,304994,"Istat"
"1192",2031,"Femmine",80,303604,306195,308798,"Istat"
"1193",2031,"Femmine",81,296346,299269,302187,"Istat"
"1194",2031,"Femmine",82,299083,302495,305906,"Istat"
"1195",2031,"Femmine",83,280340,284044,287748,"Istat"
"1196",2031,"Femmine",84,267950,272070,276191,"Istat"
"1197",2031,"Femmine",85,195311,198819,202336,"Istat"
"1198",2031,"Femmine",86,189392,193355,197329,"Istat"
"1199",2031,"Femmine",87,177876,182231,186599,"Istat"
"1200",2031,"Femmine",88,162157,166793,171467,"Istat"
"1201",2031,"Femmine",89,148032,152983,157990,"Istat"
"1202",2031,"Femmine",90,144587,150237,155974,"Istat"
"1203",2031,"Femmine",91,124067,129715,135479,"Istat"
"1204",2031,"Femmine",92,103228,108681,114278,"Istat"
"1205",2031,"Femmine",93,79830,84707,89745,"Istat"
"1206",2031,"Femmine",94,61237,65546,70030,"Istat"
"1207",2031,"Femmine",95,49755,53772,57987,"Istat"
"1208",2031,"Femmine",96,37533,40999,44665,"Istat"
"1209",2031,"Femmine",97,27236,30101,33158,"Istat"
"1210",2031,"Femmine",98,19471,21790,24288,"Istat"
"1211",2031,"Femmine",99,13593,15415,17400,"Istat"
"1212",2031,"Femmine",100,9534,32845,12538,"Istat"
"1213",2032,"Maschi",0,185211,199645,214149,"Istat"
"1214",2032,"Maschi",1,186727,199768,212965,"Istat"
"1215",2032,"Maschi",2,187927,199747,211614,"Istat"
"1216",2032,"Maschi",3,189427,199809,210488,"Istat"
"1217",2032,"Maschi",4,191022,200156,209516,"Istat"
"1218",2032,"Maschi",5,192814,200565,208565,"Istat"
"1219",2032,"Maschi",6,194470,200909,207429,"Istat"
"1220",2032,"Maschi",7,196329,201320,206497,"Istat"
"1221",2032,"Maschi",8,205549,207173,208807,"Istat"
"1222",2032,"Maschi",9,214025,215633,217236,"Istat"
"1223",2032,"Maschi",10,217726,219298,220872,"Istat"
"1224",2032,"Maschi",11,221883,223422,224961,"Istat"
"1225",2032,"Maschi",12,229468,230975,232483,"Istat"
"1226",2032,"Maschi",13,239824,241308,242792,"Istat"
"1227",2032,"Maschi",14,249753,251229,252710,"Istat"
"1228",2032,"Maschi",15,256758,258236,259741,"Istat"
"1229",2032,"Maschi",16,264103,265645,267211,"Istat"
"1230",2032,"Maschi",17,272798,274449,276111,"Istat"
"1231",2032,"Maschi",18,278318,280133,281966,"Istat"
"1232",2032,"Maschi",19,292123,294179,296251,"Istat"
"1233",2032,"Maschi",20,299507,301851,304223,"Istat"
"1234",2032,"Maschi",21,311232,313911,316618,"Istat"
"1235",2032,"Maschi",22,318782,321823,324889,"Istat"
"1236",2032,"Maschi",23,325169,328579,332020,"Istat"
"1237",2032,"Maschi",24,328666,332436,336246,"Istat"
"1238",2032,"Maschi",25,333215,337334,341468,"Istat"
"1239",2032,"Maschi",26,336407,340797,345234,"Istat"
"1240",2032,"Maschi",27,342359,347002,351699,"Istat"
"1241",2032,"Maschi",28,337051,341889,346806,"Istat"
"1242",2032,"Maschi",29,333830,338782,343810,"Istat"
"1243",2032,"Maschi",30,336474,341429,346495,"Istat"
"1244",2032,"Maschi",31,344295,349272,354292,"Istat"
"1245",2032,"Maschi",32,341524,346437,351368,"Istat"
"1246",2032,"Maschi",33,344471,349251,354050,"Istat"
"1247",2032,"Maschi",34,339003,343605,348251,"Istat"
"1248",2032,"Maschi",35,337741,342140,346597,"Istat"
"1249",2032,"Maschi",36,333981,338162,342403,"Istat"
"1250",2032,"Maschi",37,334136,338093,342106,"Istat"
"1251",2032,"Maschi",38,336461,340190,343966,"Istat"
"1252",2032,"Maschi",39,348012,351510,355048,"Istat"
"1253",2032,"Maschi",40,343624,346901,350207,"Istat"
"1254",2032,"Maschi",41,349499,352553,355641,"Istat"
"1255",2032,"Maschi",42,344652,347499,350382,"Istat"
"1256",2032,"Maschi",43,351814,354458,357142,"Istat"
"1257",2032,"Maschi",44,342500,344959,347450,"Istat"
"1258",2032,"Maschi",45,341838,344128,346448,"Istat"
"1259",2032,"Maschi",46,349452,351577,353744,"Istat"
"1260",2032,"Maschi",47,354297,356275,358290,"Istat"
"1261",2032,"Maschi",48,358865,360710,362586,"Istat"
"1262",2032,"Maschi",49,368771,370498,372246,"Istat"
"1263",2032,"Maschi",50,368445,370065,371703,"Istat"
"1264",2032,"Maschi",51,377558,379084,380624,"Istat"
"1265",2032,"Maschi",52,385221,386648,388101,"Istat"
"1266",2032,"Maschi",53,404390,405754,407128,"Istat"
"1267",2032,"Maschi",54,414480,415775,417077,"Istat"
"1268",2032,"Maschi",55,430346,431571,432831,"Istat"
"1269",2032,"Maschi",56,448550,449759,450973,"Istat"
"1270",2032,"Maschi",57,464312,465497,466694,"Istat"
"1271",2032,"Maschi",58,458680,459838,461021,"Istat"
"1272",2032,"Maschi",59,461555,462733,463925,"Istat"
"1273",2032,"Maschi",60,461864,463063,464265,"Istat"
"1274",2032,"Maschi",61,455419,456660,457875,"Istat"
"1275",2032,"Maschi",62,464077,465396,466673,"Istat"
"1276",2032,"Maschi",63,457124,458505,459833,"Istat"
"1277",2032,"Maschi",64,454691,456162,457554,"Istat"
"1278",2032,"Maschi",65,456809,458403,459895,"Istat"
"1279",2032,"Maschi",66,451433,453143,454742,"Istat"
"1280",2032,"Maschi",67,452271,454118,455854,"Istat"
"1281",2032,"Maschi",68,417548,419428,421177,"Istat"
"1282",2032,"Maschi",69,397559,399517,401346,"Istat"
"1283",2032,"Maschi",70,383501,385575,387512,"Istat"
"1284",2032,"Maschi",71,366356,368552,370582,"Istat"
"1285",2032,"Maschi",72,350986,353314,355482,"Istat"
"1286",2032,"Maschi",73,328052,330454,332718,"Istat"
"1287",2032,"Maschi",74,318000,320597,323015,"Istat"
"1288",2032,"Maschi",75,304797,307577,310155,"Istat"
"1289",2032,"Maschi",76,291102,294067,296810,"Istat"
"1290",2032,"Maschi",77,278314,281475,284402,"Istat"
"1291",2032,"Maschi",78,257964,261260,264294,"Istat"
"1292",2032,"Maschi",79,243545,247046,250249,"Istat"
"1293",2032,"Maschi",80,232792,236574,240038,"Istat"
"1294",2032,"Maschi",81,229968,234186,238050,"Istat"
"1295",2032,"Maschi",82,219369,223904,228087,"Istat"
"1296",2032,"Maschi",83,214409,219434,224112,"Istat"
"1297",2032,"Maschi",84,195043,200258,205140,"Istat"
"1298",2032,"Maschi",85,178702,184154,189291,"Istat"
"1299",2032,"Maschi",86,124597,128974,133095,"Istat"
"1300",2032,"Maschi",87,115117,119740,124126,"Istat"
"1301",2032,"Maschi",88,101625,106309,110782,"Istat"
"1302",2032,"Maschi",89,87626,92258,96712,"Istat"
"1303",2032,"Maschi",90,75192,79752,84167,"Istat"
"1304",2032,"Maschi",91,68789,73565,78225,"Istat"
"1305",2032,"Maschi",92,55597,60010,64349,"Istat"
"1306",2032,"Maschi",93,42674,46542,50377,"Istat"
"1307",2032,"Maschi",94,30551,33701,36853,"Istat"
"1308",2032,"Maschi",95,21206,23689,26200,"Istat"
"1309",2032,"Maschi",96,15708,17799,19932,"Istat"
"1310",2032,"Maschi",97,10649,12249,13899,"Istat"
"1311",2032,"Maschi",98,6963,8137,9360,"Istat"
"1312",2032,"Maschi",99,4392,5215,6084,"Istat"
"1313",2032,"Maschi",100,2751,34193,3928,"Istat"
"1314",2032,"Femmine",0,174256,187835,201498,"Istat"
"1315",2032,"Femmine",1,175279,187584,200027,"Istat"
"1316",2032,"Femmine",2,175984,187146,198301,"Istat"
"1317",2032,"Femmine",3,177004,186754,196770,"Istat"
"1318",2032,"Femmine",4,178076,186615,195307,"Istat"
"1319",2032,"Femmine",5,179211,186527,193994,"Istat"
"1320",2032,"Femmine",6,180338,186380,192465,"Istat"
"1321",2032,"Femmine",7,181719,186306,191128,"Istat"
"1322",2032,"Femmine",8,190957,192259,193583,"Istat"
"1323",2032,"Femmine",9,197990,199264,200566,"Istat"
"1324",2032,"Femmine",10,203774,205019,206296,"Istat"
"1325",2032,"Femmine",11,205950,207168,208411,"Istat"
"1326",2032,"Femmine",12,214805,215990,217200,"Istat"
"1327",2032,"Femmine",13,223097,224249,225426,"Istat"
"1328",2032,"Femmine",14,232020,233142,234288,"Istat"
"1329",2032,"Femmine",15,239555,240651,241771,"Istat"
"1330",2032,"Femmine",16,245010,246087,247190,"Istat"
"1331",2032,"Femmine",17,252170,253253,254355,"Istat"
"1332",2032,"Femmine",18,256173,257287,258419,"Istat"
"1333",2032,"Femmine",19,267579,268766,269955,"Istat"
"1334",2032,"Femmine",20,272645,273930,275230,"Istat"
"1335",2032,"Femmine",21,281072,282498,283954,"Istat"
"1336",2032,"Femmine",22,287293,288931,290592,"Istat"
"1337",2032,"Femmine",23,292832,294724,296640,"Istat"
"1338",2032,"Femmine",24,292700,294869,297081,"Istat"
"1339",2032,"Femmine",25,293993,296468,298977,"Istat"
"1340",2032,"Femmine",26,293149,295944,298723,"Istat"
"1341",2032,"Femmine",27,298068,301102,304144,"Istat"
"1342",2032,"Femmine",28,293456,296663,299931,"Istat"
"1343",2032,"Femmine",29,291678,295026,298448,"Istat"
"1344",2032,"Femmine",30,293715,297149,300666,"Istat"
"1345",2032,"Femmine",31,298424,301884,305429,"Istat"
"1346",2032,"Femmine",32,294879,298309,301816,"Istat"
"1347",2032,"Femmine",33,295402,298758,302185,"Istat"
"1348",2032,"Femmine",34,296294,299541,302857,"Istat"
"1349",2032,"Femmine",35,298144,301265,304455,"Istat"
"1350",2032,"Femmine",36,298367,301349,304398,"Istat"
"1351",2032,"Femmine",37,303386,306228,309130,"Istat"
"1352",2032,"Femmine",38,310099,312797,315550,"Istat"
"1353",2032,"Femmine",39,323249,325801,328414,"Istat"
"1354",2032,"Femmine",40,323017,325434,327904,"Istat"
"1355",2032,"Femmine",41,328715,331006,333349,"Istat"
"1356",2032,"Femmine",42,329797,331973,334200,"Istat"
"1357",2032,"Femmine",43,337160,339233,341347,"Istat"
"1358",2032,"Femmine",44,331698,333670,335680,"Istat"
"1359",2032,"Femmine",45,333290,335173,337084,"Istat"
"1360",2032,"Femmine",46,343762,345562,347385,"Istat"
"1361",2032,"Femmine",47,349552,351267,353004,"Istat"
"1362",2032,"Femmine",48,355034,356668,358327,"Istat"
"1363",2032,"Femmine",49,367056,368630,370224,"Istat"
"1364",2032,"Femmine",50,369485,370995,372525,"Istat"
"1365",2032,"Femmine",51,376555,378010,379474,"Istat"
"1366",2032,"Femmine",52,389423,390825,392244,"Istat"
"1367",2032,"Femmine",53,408394,409749,411116,"Istat"
"1368",2032,"Femmine",54,421795,423097,424428,"Istat"
"1369",2032,"Femmine",55,438972,440232,441513,"Istat"
"1370",2032,"Femmine",56,458719,459953,461199,"Istat"
"1371",2032,"Femmine",57,475717,476924,478151,"Istat"
"1372",2032,"Femmine",58,473152,474345,475538,"Istat"
"1373",2032,"Femmine",59,475515,476698,477886,"Istat"
"1374",2032,"Femmine",60,480544,481729,482914,"Istat"
"1375",2032,"Femmine",61,474290,475471,476645,"Istat"
"1376",2032,"Femmine",62,485855,487058,488247,"Istat"
"1377",2032,"Femmine",63,480720,481932,483123,"Istat"
"1378",2032,"Femmine",64,481844,483078,484288,"Istat"
"1379",2032,"Femmine",65,482781,484062,485302,"Istat"
"1380",2032,"Femmine",66,479550,480887,482174,"Istat"
"1381",2032,"Femmine",67,483875,485286,486654,"Istat"
"1382",2032,"Femmine",68,453583,454994,456350,"Istat"
"1383",2032,"Femmine",69,436109,437548,438944,"Istat"
"1384",2032,"Femmine",70,424942,426442,427897,"Istat"
"1385",2032,"Femmine",71,408350,409912,411418,"Istat"
"1386",2032,"Femmine",72,394426,396074,397676,"Istat"
"1387",2032,"Femmine",73,374204,375920,377582,"Istat"
"1388",2032,"Femmine",74,366501,368335,370127,"Istat"
"1389",2032,"Femmine",75,354340,356302,358218,"Istat"
"1390",2032,"Femmine",76,343340,345463,347523,"Istat"
"1391",2032,"Femmine",77,333440,335759,338027,"Istat"
"1392",2032,"Femmine",78,310962,313402,315796,"Istat"
"1393",2032,"Femmine",79,300380,303046,305674,"Istat"
"1394",2032,"Femmine",80,291836,294758,297682,"Istat"
"1395",2032,"Femmine",81,293439,296828,300220,"Istat"
"1396",2032,"Femmine",82,284840,288654,292455,"Istat"
"1397",2032,"Femmine",83,285636,290077,294493,"Istat"
"1398",2032,"Femmine",84,265710,270529,275319,"Istat"
"1399",2032,"Femmine",85,251779,257092,262394,"Istat"
"1400",2032,"Femmine",86,181601,186082,190571,"Istat"
"1401",2032,"Femmine",87,174081,179084,184118,"Istat"
"1402",2032,"Femmine",88,161266,166686,172172,"Istat"
"1403",2032,"Femmine",89,144727,150413,156194,"Istat"
"1404",2032,"Femmine",90,129821,135789,141873,"Istat"
"1405",2032,"Femmine",91,124373,131052,137886,"Istat"
"1406",2032,"Femmine",92,104521,111052,117782,"Istat"
"1407",2032,"Femmine",93,85031,91188,97584,"Istat"
"1408",2032,"Femmine",94,64166,69531,75153,"Istat"
"1409",2032,"Femmine",95,47938,52546,57423,"Istat"
"1410",2032,"Femmine",96,37868,42042,46509,"Istat"
"1411",2032,"Femmine",97,27755,31244,35024,"Istat"
"1412",2032,"Femmine",98,19509,22290,25344,"Istat"
"1413",2032,"Femmine",99,13440,15601,18007,"Istat"
"1414",2032,"Femmine",100,9003,34193,12462,"Istat"
"1415",2033,"Maschi",0,185516,200994,217032,"Istat"
"1416",2033,"Maschi",1,186724,201106,215692,"Istat"
"1417",2033,"Maschi",2,187951,201159,214480,"Istat"
"1418",2033,"Maschi",3,189088,201038,212971,"Istat"
"1419",2033,"Maschi",4,190505,201013,211869,"Istat"
"1420",2033,"Maschi",5,192102,201291,210813,"Istat"
"1421",2033,"Maschi",6,193830,201640,209766,"Istat"
"1422",2033,"Maschi",7,195355,201931,208539,"Istat"
"1423",2033,"Maschi",8,197174,202302,207547,"Istat"
"1424",2033,"Maschi",9,206234,208130,210032,"Istat"
"1425",2033,"Maschi",10,214713,216583,218452,"Istat"
"1426",2033,"Maschi",11,218425,220258,222092,"Istat"
"1427",2033,"Maschi",12,222616,224414,226212,"Istat"
"1428",2033,"Maschi",13,230261,232029,233798,"Istat"
"1429",2033,"Maschi",14,240717,242473,244230,"Istat"
"1430",2033,"Maschi",15,250830,252579,254358,"Istat"
"1431",2033,"Maschi",16,258081,259886,261731,"Istat"
"1432",2033,"Maschi",17,265855,267779,269730,"Istat"
"1433",2033,"Maschi",18,275051,277145,279262,"Istat"
"1434",2033,"Maschi",19,280998,283360,285720,"Istat"
"1435",2033,"Maschi",20,295191,297863,300554,"Istat"
"1436",2033,"Maschi",21,302867,305881,308932,"Istat"
"1437",2033,"Maschi",22,314709,318121,321568,"Istat"
"1438",2033,"Maschi",23,322210,326036,329910,"Istat"
"1439",2033,"Maschi",24,328399,332662,336967,"Istat"
"1440",2033,"Maschi",25,331647,336327,341013,"Istat"
"1441",2033,"Maschi",26,336006,341024,346076,"Istat"
"1442",2033,"Maschi",27,338997,344310,349683,"Istat"
"1443",2033,"Maschi",28,344775,350357,356021,"Istat"
"1444",2033,"Maschi",29,339332,345094,350940,"Istat"
"1445",2033,"Maschi",30,336069,341831,347722,"Istat"
"1446",2033,"Maschi",31,338510,344315,350224,"Istat"
"1447",2033,"Maschi",32,346204,351985,357817,"Istat"
"1448",2033,"Maschi",33,343321,348979,354684,"Istat"
"1449",2033,"Maschi",34,346136,351617,357171,"Istat"
"1450",2033,"Maschi",35,340535,345799,351147,"Istat"
"1451",2033,"Maschi",36,339135,344159,349267,"Istat"
"1452",2033,"Maschi",37,335238,340007,344844,"Istat"
"1453",2033,"Maschi",38,335260,339764,344330,"Istat"
"1454",2033,"Maschi",39,337451,341688,345978,"Istat"
"1455",2033,"Maschi",40,348866,352832,356846,"Istat"
"1456",2033,"Maschi",41,344362,348063,351819,"Istat"
"1457",2033,"Maschi",42,350103,353556,357064,"Istat"
"1458",2033,"Maschi",43,345148,348360,351629,"Istat"
"1459",2033,"Maschi",44,352186,355173,358214,"Istat"
"1460",2033,"Maschi",45,342774,345553,348383,"Istat"
"1461",2033,"Maschi",46,342009,344601,347231,"Istat"
"1462",2033,"Maschi",47,349515,351922,354371,"Istat"
"1463",2033,"Maschi",48,354253,356496,358784,"Istat"
"1464",2033,"Maschi",49,358717,360810,362929,"Istat"
"1465",2033,"Maschi",50,368492,370464,372450,"Istat"
"1466",2033,"Maschi",51,368069,369913,371785,"Istat"
"1467",2033,"Maschi",52,377059,378791,380545,"Istat"
"1468",2033,"Maschi",53,384563,386210,387871,"Istat"
"1469",2033,"Maschi",54,403563,405129,406701,"Istat"
"1470",2033,"Maschi",55,413483,414973,416469,"Istat"
"1471",2033,"Maschi",56,429120,430555,432001,"Istat"
"1472",2033,"Maschi",57,447100,448503,449921,"Istat"
"1473",2033,"Maschi",58,462601,463987,465396,"Istat"
"1474",2033,"Maschi",59,456755,458139,459543,"Istat"
"1475",2033,"Maschi",60,459371,460788,462210,"Istat"
"1476",2033,"Maschi",61,459391,460858,462298,"Istat"
"1477",2033,"Maschi",62,452690,454206,455686,"Istat"
"1478",2033,"Maschi",63,460950,462579,464140,"Istat"
"1479",2033,"Maschi",64,453702,455405,457028,"Istat"
"1480",2033,"Maschi",65,450877,452712,454434,"Istat"
"1481",2033,"Maschi",66,452537,454534,456393,"Istat"
"1482",2033,"Maschi",67,446748,448884,450881,"Istat"
"1483",2033,"Maschi",68,447041,449363,451523,"Istat"
"1484",2033,"Maschi",69,412208,414566,416752,"Istat"
"1485",2033,"Maschi",70,391906,394370,396655,"Istat"
"1486",2033,"Maschi",71,377417,380035,382455,"Istat"
"1487",2033,"Maschi",72,359863,362635,365201,"Istat"
"1488",2033,"Maschi",73,344047,346977,349720,"Istat"
"1489",2033,"Maschi",74,320787,323829,326643,"Istat"
"1490",2033,"Maschi",75,310106,313390,316411,"Istat"
"1491",2033,"Maschi",76,296337,299831,303042,"Istat"
"1492",2033,"Maschi",77,282001,285717,289151,"Istat"
"1493",2033,"Maschi",78,268481,272460,276107,"Istat"
"1494",2033,"Maschi",79,247696,251826,255592,"Istat"
"1495",2033,"Maschi",80,232563,236955,240945,"Istat"
"1496",2033,"Maschi",81,220925,225619,229906,"Istat"
"1497",2033,"Maschi",82,216658,221873,226647,"Istat"
"1498",2033,"Maschi",83,204890,210492,215637,"Istat"
"1499",2033,"Maschi",84,198262,204433,210144,"Istat"
"1500",2033,"Maschi",85,178314,184649,190560,"Istat"
"1501",2033,"Maschi",86,161288,167848,174012,"Istat"
"1502",2033,"Maschi",87,110800,115999,120880,"Istat"
"1503",2033,"Maschi",88,100742,106154,111286,"Istat"
"1504",2033,"Maschi",89,87312,92704,97858,"Istat"
"1505",2033,"Maschi",90,73781,79015,84061,"Istat"
"1506",2033,"Maschi",91,61954,66995,71902,"Istat"
"1507",2033,"Maschi",92,55333,60494,65570,"Istat"
"1508",2033,"Maschi",93,43586,48234,52852,"Istat"
"1509",2033,"Maschi",94,32537,36499,40479,"Istat"
"1510",2033,"Maschi",95,22600,25732,28915,"Istat"
"1511",2033,"Maschi",96,15183,17578,20041,"Istat"
"1512",2033,"Maschi",97,10903,12856,14889,"Istat"
"1513",2033,"Maschi",98,7166,8610,10133,"Istat"
"1514",2033,"Maschi",99,4530,5547,6636,"Istat"
"1515",2033,"Maschi",100,2747,35245,4172,"Istat"
"1516",2033,"Femmine",0,174568,189130,204227,"Istat"
"1517",2033,"Femmine",1,175379,188909,202612,"Istat"
"1518",2033,"Femmine",2,176182,188573,201103,"Istat"
"1519",2033,"Femmine",3,176825,188037,199272,"Istat"
"1520",2033,"Femmine",4,177729,187574,197703,"Istat"
"1521",2033,"Femmine",5,178738,187380,196260,"Istat"
"1522",2033,"Femmine",6,179944,187249,194755,"Istat"
"1523",2033,"Femmine",7,180974,187069,193202,"Istat"
"1524",2033,"Femmine",8,182281,186968,191813,"Istat"
"1525",2033,"Femmine",9,191378,192898,194449,"Istat"
"1526",2033,"Femmine",10,198392,199883,201410,"Istat"
"1527",2033,"Femmine",11,204167,205622,207111,"Istat"
"1528",2033,"Femmine",12,206338,207755,209208,"Istat"
"1529",2033,"Femmine",13,215186,216565,217978,"Istat"
"1530",2033,"Femmine",14,223479,224822,226198,"Istat"
"1531",2033,"Femmine",15,232423,233736,235082,"Istat"
"1532",2033,"Femmine",16,240018,241308,242632,"Istat"
"1533",2033,"Femmine",17,245582,246871,248187,"Istat"
"1534",2033,"Femmine",18,252923,254245,255592,"Istat"
"1535",2033,"Femmine",19,257181,258576,259983,"Istat"
"1536",2033,"Femmine",20,268911,270412,271926,"Istat"
"1537",2033,"Femmine",21,274273,275924,277613,"Istat"
"1538",2033,"Femmine",22,282832,284715,286628,"Istat"
"1539",2033,"Femmine",23,289019,291179,293368,"Istat"
"1540",2033,"Femmine",24,294398,296862,299370,"Istat"
"1541",2033,"Femmine",25,294073,296870,299715,"Istat"
"1542",2033,"Femmine",26,295200,298359,301521,"Istat"
"1543",2033,"Femmine",27,294307,297764,301250,"Istat"
"1544",2033,"Femmine",28,299195,302878,306640,"Istat"
"1545",2033,"Femmine",29,294540,298404,302345,"Istat"
"1546",2033,"Femmine",30,292741,296730,300803,"Istat"
"1547",2033,"Femmine",31,294758,298806,302951,"Istat"
"1548",2033,"Femmine",32,299433,303486,307626,"Istat"
"1549",2033,"Femmine",33,295861,299850,303920,"Istat"
"1550",2033,"Femmine",34,296346,300232,304198,"Istat"
"1551",2033,"Femmine",35,297191,300945,304773,"Istat"
"1552",2033,"Femmine",36,298998,302599,306276,"Istat"
"1553",2033,"Femmine",37,299180,302612,306124,"Istat"
"1554",2033,"Femmine",38,304162,307422,310758,"Istat"
"1555",2033,"Femmine",39,310827,313923,317089,"Istat"
"1556",2033,"Femmine",40,323926,326859,329854,"Istat"
"1557",2033,"Femmine",41,323648,326430,329275,"Istat"
"1558",2033,"Femmine",42,329296,331940,334644,"Istat"
"1559",2033,"Femmine",43,330339,332848,335416,"Istat"
"1560",2033,"Femmine",44,337653,340043,342483,"Istat"
"1561",2033,"Femmine",45,332145,334425,336747,"Istat"
"1562",2033,"Femmine",46,333694,335870,338081,"Istat"
"1563",2033,"Femmine",47,344108,346191,348300,"Istat"
"1564",2033,"Femmine",48,349848,351830,353842,"Istat"
"1565",2033,"Femmine",49,355264,357162,359087,"Istat"
"1566",2033,"Femmine",50,367212,369039,370889,"Istat"
"1567",2033,"Femmine",51,369567,371324,373099,"Istat"
"1568",2033,"Femmine",52,376566,378248,379950,"Istat"
"1569",2033,"Femmine",53,389318,390954,392600,"Istat"
"1570",2033,"Femmine",54,408179,409751,411353,"Istat"
"1571",2033,"Femmine",55,421453,422973,424513,"Istat"
"1572",2033,"Femmine",56,438477,439962,441458,"Istat"
"1573",2033,"Femmine",57,458086,459520,460971,"Istat"
"1574",2033,"Femmine",58,474892,476316,477755,"Istat"
"1575",2033,"Femmine",59,472189,473598,475005,"Istat"
"1576",2033,"Femmine",60,474382,475786,477195,"Istat"
"1577",2033,"Femmine",61,479220,480628,482027,"Istat"
"1578",2033,"Femmine",62,472799,474208,475604,"Istat"
"1579",2033,"Femmine",63,484101,485549,486971,"Istat"
"1580",2033,"Femmine",64,478754,480218,481643,"Istat"
"1581",2033,"Femmine",65,479608,481118,482574,"Istat"
"1582",2033,"Femmine",66,480266,481846,483361,"Istat"
"1583",2033,"Femmine",67,476785,478422,480002,"Istat"
"1584",2033,"Femmine",68,480778,482503,484159,"Istat"
"1585",2033,"Femmine",69,450364,452088,453754,"Istat"
"1586",2033,"Femmine",70,432631,434407,436130,"Istat"
"1587",2033,"Femmine",71,421127,423000,424801,"Istat"
"1588",2033,"Femmine",72,404229,406189,408085,"Istat"
"1589",2033,"Femmine",73,389942,392018,394016,"Istat"
"1590",2033,"Femmine",74,369420,371577,373655,"Istat"
"1591",2033,"Femmine",75,361189,363511,365749,"Istat"
"1592",2033,"Femmine",76,348500,350989,353403,"Istat"
"1593",2033,"Femmine",77,336864,339569,342190,"Istat"
"1594",2033,"Femmine",78,326230,329181,332061,"Istat"
"1595",2033,"Femmine",79,303248,306343,309387,"Istat"
"1596",2033,"Femmine",80,291776,295157,298512,"Istat"
"1597",2033,"Femmine",81,282091,285845,289588,"Istat"
"1598",2033,"Femmine",82,282102,286423,290728,"Istat"
"1599",2033,"Femmine",83,272068,276924,281754,"Istat"
"1600",2033,"Femmine",84,270788,276408,282001,"Istat"
"1601",2033,"Femmine",85,249677,255738,261772,"Istat"
"1602",2033,"Femmine",86,234206,240825,247451,"Istat"
"1603",2033,"Femmine",87,166847,172386,177946,"Istat"
"1604",2033,"Femmine",88,157819,163919,170088,"Istat"
"1605",2033,"Femmine",89,143897,150414,157049,"Istat"
"1606",2033,"Femmine",90,126871,133599,140494,"Istat"
"1607",2033,"Femmine",91,111634,118552,125695,"Istat"
"1608",2033,"Femmine",92,104722,112290,120149,"Istat"
"1609",2033,"Femmine",93,86032,93252,100810,"Istat"
"1610",2033,"Femmine",94,68290,74922,81932,"Istat"
"1611",2033,"Femmine",95,50178,55796,61799,"Istat"
"1612",2033,"Femmine",96,36446,41126,46198,"Istat"
"1613",2033,"Femmine",97,27971,32073,36589,"Istat"
"1614",2033,"Femmine",98,19851,23164,26865,"Istat"
"1615",2033,"Femmine",99,13439,15977,18860,"Istat"
"1616",2033,"Femmine",100,8883,35245,12952,"Istat"
"1617",2034,"Maschi",0,185995,202769,219993,"Istat"
"1618",2034,"Maschi",1,186908,202395,218438,"Istat"
"1619",2034,"Maschi",2,187957,202437,217022,"Istat"
"1620",2034,"Maschi",3,189144,202391,215801,"Istat"
"1621",2034,"Maschi",4,190143,202186,214312,"Istat"
"1622",2034,"Maschi",5,191600,202095,213042,"Istat"
"1623",2034,"Maschi",6,193069,202314,211931,"Istat"
"1624",2034,"Maschi",7,194663,202613,210826,"Istat"
"1625",2034,"Maschi",8,196202,202864,209524,"Istat"
"1626",2034,"Maschi",9,197920,203212,208581,"Istat"
"1627",2034,"Maschi",10,206864,209034,211217,"Istat"
"1628",2034,"Maschi",11,215358,217497,219642,"Istat"
"1629",2034,"Maschi",12,219100,221203,223310,"Istat"
"1630",2034,"Maschi",13,223351,225420,227495,"Istat"
"1631",2034,"Maschi",14,231095,233143,235204,"Istat"
"1632",2034,"Maschi",15,241729,243766,245836,"Istat"
"1633",2034,"Maschi",16,252086,254162,256290,"Istat"
"1634",2034,"Maschi",17,259725,261936,264182,"Istat"
"1635",2034,"Maschi",18,267985,270372,272779,"Istat"
"1636",2034,"Maschi",19,277592,280250,282922,"Istat"
"1637",2034,"Maschi",20,283902,286909,289916,"Istat"
"1638",2034,"Maschi",21,298374,301741,305141,"Istat"
"1639",2034,"Maschi",22,306141,309930,313759,"Istat"
"1640",2034,"Maschi",23,317915,322165,326461,"Istat"
"1641",2034,"Maschi",24,325193,329948,334720,"Istat"
"1642",2034,"Maschi",25,331161,336381,341593,"Istat"
"1643",2034,"Maschi",26,334216,339848,345519,"Istat"
"1644",2034,"Maschi",27,338388,344371,350396,"Istat"
"1645",2034,"Maschi",28,341189,347504,353892,"Istat"
"1646",2034,"Maschi",29,346899,353402,360007,"Istat"
"1647",2034,"Maschi",30,341379,347991,354743,"Istat"
"1648",2034,"Maschi",31,337929,344574,351359,"Istat"
"1649",2034,"Maschi",32,340232,346895,353651,"Istat"
"1650",2034,"Maschi",33,347845,354396,361040,"Istat"
"1651",2034,"Maschi",34,344837,351224,357716,"Istat"
"1652",2034,"Maschi",35,347529,353694,359978,"Istat"
"1653",2034,"Maschi",36,341797,347711,353738,"Istat"
"1654",2034,"Maschi",37,340269,345903,351624,"Istat"
"1655",2034,"Maschi",38,336251,341586,347005,"Istat"
"1656",2034,"Maschi",39,336149,341179,346284,"Istat"
"1657",2034,"Maschi",40,338222,342940,347729,"Istat"
"1658",2034,"Maschi",41,349509,353919,358408,"Istat"
"1659",2034,"Maschi",42,344894,349005,353207,"Istat"
"1660",2034,"Maschi",43,350519,354352,358266,"Istat"
"1661",2034,"Maschi",44,345464,349027,352682,"Istat"
"1662",2034,"Maschi",45,352391,355707,359105,"Istat"
"1663",2034,"Maschi",46,342883,345980,349132,"Istat"
"1664",2034,"Maschi",47,342029,344915,347859,"Istat"
"1665",2034,"Maschi",48,349426,352114,354851,"Istat"
"1666",2034,"Maschi",49,354075,356570,359109,"Istat"
"1667",2034,"Maschi",50,358411,360766,363135,"Istat"
"1668",2034,"Maschi",51,368078,370285,372514,"Istat"
"1669",2034,"Maschi",52,367541,369619,371707,"Istat"
"1670",2034,"Maschi",53,376404,378354,380326,"Istat"
"1671",2034,"Maschi",54,383759,385621,387480,"Istat"
"1672",2034,"Maschi",55,402565,404346,406119,"Istat"
"1673",2034,"Maschi",56,412329,414005,415715,"Istat"
"1674",2034,"Maschi",57,427718,429365,431014,"Istat"
"1675",2034,"Maschi",58,445439,447062,448696,"Istat"
"1676",2034,"Maschi",59,460651,462275,463923,"Istat"
"1677",2034,"Maschi",60,454586,456226,457875,"Istat"
"1678",2034,"Maschi",61,456921,458610,460271,"Istat"
"1679",2034,"Maschi",62,456635,458398,460113,"Istat"
"1680",2034,"Maschi",63,449637,451488,453259,"Istat"
"1681",2034,"Maschi",64,457509,459478,461354,"Istat"
"1682",2034,"Maschi",65,449905,451998,453964,"Istat"
"1683",2034,"Maschi",66,446664,448929,451031,"Istat"
"1684",2034,"Maschi",67,447848,450306,452580,"Istat"
"1685",2034,"Maschi",68,441619,444244,446684,"Istat"
"1686",2034,"Maschi",69,441329,444196,446850,"Istat"
"1687",2034,"Maschi",70,406357,409281,411958,"Istat"
"1688",2034,"Maschi",71,385704,388760,391570,"Istat"
"1689",2034,"Maschi",72,370740,373996,376999,"Istat"
"1690",2034,"Maschi",73,352765,356195,359368,"Istat"
"1691",2034,"Maschi",74,336441,340082,343427,"Istat"
"1692",2034,"Maschi",75,312845,316626,320086,"Istat"
"1693",2034,"Maschi",76,301500,305562,309279,"Istat"
"1694",2034,"Maschi",77,287100,291412,295371,"Istat"
"1695",2034,"Maschi",78,272057,276647,280848,"Istat"
"1696",2034,"Maschi",79,257778,262682,267145,"Istat"
"1697",2034,"Maschi",80,236541,241612,246242,"Istat"
"1698",2034,"Maschi",81,220708,226065,230939,"Istat"
"1699",2034,"Maschi",82,208098,213832,219052,"Istat"
"1700",2034,"Maschi",83,202322,208657,214440,"Istat"
"1701",2034,"Maschi",84,189420,196170,202372,"Istat"
"1702",2034,"Maschi",85,181166,188556,195365,"Istat"
"1703",2034,"Maschi",86,160795,168320,175302,"Istat"
"1704",2034,"Maschi",87,143299,151009,158210,"Istat"
"1705",2034,"Maschi",88,96806,102808,108437,"Istat"
"1706",2034,"Maschi",89,86411,92571,98399,"Istat"
"1707",2034,"Maschi",90,73365,79389,85133,"Istat"
"1708",2034,"Maschi",91,60637,66361,71872,"Istat"
"1709",2034,"Maschi",92,49700,55087,60335,"Istat"
"1710",2034,"Maschi",93,43226,48599,53906,"Istat"
"1711",2034,"Maschi",94,33098,37802,42509,"Istat"
"1712",2034,"Maschi",95,23951,27843,31793,"Istat"
"1713",2034,"Maschi",96,16094,19076,22147,"Istat"
"1714",2034,"Maschi",97,10479,12682,14991,"Istat"
"1715",2034,"Maschi",98,7294,9024,10870,"Istat"
"1716",2034,"Maschi",99,4632,5860,7193,"Istat"
"1717",2034,"Maschi",100,2814,36374,4556,"Istat"
"1718",2034,"Femmine",0,175028,190828,207020,"Istat"
"1719",2034,"Femmine",1,175612,190200,205353,"Istat"
"1720",2034,"Femmine",2,176232,189896,203632,"Istat"
"1721",2034,"Femmine",3,177004,189463,202015,"Istat"
"1722",2034,"Femmine",4,177571,188857,200209,"Istat"
"1723",2034,"Femmine",5,178399,188339,198557,"Istat"
"1724",2034,"Femmine",6,179445,188104,197005,"Istat"
"1725",2034,"Femmine",7,180520,187940,195594,"Istat"
"1726",2034,"Femmine",8,181563,187732,193947,"Istat"
"1727",2034,"Femmine",9,182810,187609,192505,"Istat"
"1728",2034,"Femmine",10,191770,193519,195307,"Istat"
"1729",2034,"Femmine",11,198776,200488,202240,"Istat"
"1730",2034,"Femmine",12,204543,206211,207919,"Istat"
"1731",2034,"Femmine",13,206707,208333,209998,"Istat"
"1732",2034,"Femmine",14,215555,217140,218762,"Istat"
"1733",2034,"Femmine",15,223870,225418,227003,"Istat"
"1734",2034,"Femmine",16,232872,234394,235955,"Istat"
"1735",2034,"Femmine",17,240572,242091,243640,"Istat"
"1736",2034,"Femmine",18,246317,247860,249437,"Istat"
"1737",2034,"Femmine",19,253910,255527,257168,"Istat"
"1738",2034,"Femmine",20,258485,260212,261958,"Istat"
"1739",2034,"Femmine",21,270504,272393,274320,"Istat"
"1740",2034,"Femmine",22,276001,278130,280298,"Istat"
"1741",2034,"Femmine",23,284527,286954,289421,"Istat"
"1742",2034,"Femmine",24,290559,293314,296117,"Istat"
"1743",2034,"Femmine",25,295729,298864,302047,"Istat"
"1744",2034,"Femmine",26,295252,298766,302322,"Istat"
"1745",2034,"Femmine",27,296334,300186,304109,"Istat"
"1746",2034,"Femmine",28,295405,299549,303789,"Istat"
"1747",2034,"Femmine",29,300267,304627,309083,"Istat"
"1748",2034,"Femmine",30,295579,300115,304741,"Istat"
"1749",2034,"Femmine",31,293757,298394,303137,"Istat"
"1750",2034,"Femmine",32,295731,300415,305190,"Istat"
"1751",2034,"Femmine",33,300388,305031,309768,"Istat"
"1752",2034,"Femmine",34,296782,301329,305977,"Istat"
"1753",2034,"Femmine",35,297227,301641,306152,"Istat"
"1754",2034,"Femmine",36,298028,302284,306630,"Istat"
"1755",2034,"Femmine",37,299797,303866,308028,"Istat"
"1756",2034,"Femmine",38,299936,303812,307780,"Istat"
"1757",2034,"Femmine",39,304868,308554,312327,"Istat"
"1758",2034,"Femmine",40,311486,314989,318569,"Istat"
"1759",2034,"Femmine",41,324537,327858,331257,"Istat"
"1760",2034,"Femmine",42,324216,327371,330592,"Istat"
"1761",2034,"Femmine",43,329818,332818,335876,"Istat"
"1762",2034,"Femmine",44,330813,333666,336576,"Istat"
"1763",2034,"Femmine",45,338077,340796,343562,"Istat"
"1764",2034,"Femmine",46,332531,335125,337762,"Istat"
"1765",2034,"Femmine",47,334032,336512,339032,"Istat"
"1766",2034,"Femmine",48,344398,346764,349165,"Istat"
"1767",2034,"Femmine",49,350074,352334,354623,"Istat"
"1768",2034,"Femmine",50,355416,357590,359794,"Istat"
"1769",2034,"Femmine",51,367297,369377,371472,"Istat"
"1770",2034,"Femmine",52,369576,371578,373597,"Istat"
"1771",2034,"Femmine",53,376477,378404,380360,"Istat"
"1772",2034,"Femmine",54,389139,390997,392893,"Istat"
"1773",2034,"Femmine",55,407864,409661,411487,"Istat"
"1774",2034,"Femmine",56,421006,422751,424515,"Istat"
"1775",2034,"Femmine",57,437889,439587,441293,"Istat"
"1776",2034,"Femmine",58,457307,458970,460651,"Istat"
"1777",2034,"Femmine",59,473921,475579,477233,"Istat"
"1778",2034,"Femmine",60,471070,472713,474358,"Istat"
"1779",2034,"Femmine",61,473083,474725,476361,"Istat"
"1780",2034,"Femmine",62,477718,479368,481008,"Istat"
"1781",2034,"Femmine",63,471105,472774,474432,"Istat"
"1782",2034,"Femmine",64,482138,483847,485511,"Istat"
"1783",2034,"Femmine",65,476558,478304,479996,"Istat"
"1784",2034,"Femmine",66,477138,478951,480690,"Istat"
"1785",2034,"Femmine",67,477525,479415,481230,"Istat"
"1786",2034,"Femmine",68,473749,475728,477619,"Istat"
"1787",2034,"Femmine",69,477374,479457,481455,"Istat"
"1788",2034,"Femmine",70,446792,448891,450920,"Istat"
"1789",2034,"Femmine",71,428760,430951,433042,"Istat"
"1790",2034,"Femmine",72,416911,419216,421437,"Istat"
"1791",2034,"Femmine",73,399672,402089,404418,"Istat"
"1792",2034,"Femmine",74,385000,387554,390007,"Istat"
"1793",2034,"Femmine",75,364119,366787,369332,"Istat"
"1794",2034,"Femmine",76,355283,358168,360958,"Istat"
"1795",2034,"Femmine",77,341972,345097,348100,"Istat"
"1796",2034,"Femmine",78,329634,333023,336302,"Istat"
"1797",2034,"Femmine",79,318180,321857,325460,"Istat"
"1798",2034,"Femmine",80,294601,298475,302292,"Istat"
"1799",2034,"Femmine",81,282114,286355,290559,"Istat"
"1800",2034,"Femmine",82,271243,275950,280627,"Istat"
"1801",2034,"Femmine",83,269525,274929,280318,"Istat"
"1802",2034,"Femmine",84,257988,264017,270037,"Istat"
"1803",2034,"Femmine",85,254510,261453,268380,"Istat"
"1804",2034,"Femmine",86,232289,239680,247089,"Istat"
"1805",2034,"Femmine",87,215331,223327,231390,"Istat"
"1806",2034,"Femmine",88,151241,157846,164537,"Istat"
"1807",2034,"Femmine",89,140856,148042,155370,"Istat"
"1808",2034,"Femmine",90,126161,133711,141470,"Istat"
"1809",2034,"Femmine",91,109107,116746,124664,"Istat"
"1810",2034,"Femmine",92,94014,101696,109725,"Istat"
"1811",2034,"Femmine",93,86198,94399,103055,"Istat"
"1812",2034,"Femmine",94,69084,76706,84843,"Istat"
"1813",2034,"Femmine",95,53394,60200,67563,"Istat"
"1814",2034,"Femmine",96,38134,43731,49882,"Istat"
"1815",2034,"Femmine",97,26900,31423,36482,"Istat"
"1816",2034,"Femmine",98,19987,23817,28186,"Istat"
"1817",2034,"Femmine",99,13663,16634,20086,"Istat"
"1818",2034,"Femmine",100,8875,36374,13631,"Istat"
"1819",2035,"Maschi",0,186169,204262,222678,"Istat"
"1820",2035,"Maschi",1,187305,204117,221396,"Istat"
"1821",2035,"Maschi",2,188015,203673,219742,"Istat"
"1822",2035,"Maschi",3,189022,203617,218337,"Istat"
"1823",2035,"Maschi",4,190133,203489,217005,"Istat"
"1824",2035,"Maschi",5,191222,203219,215360,"Istat"
"1825",2035,"Maschi",6,192493,203071,214171,"Istat"
"1826",2035,"Maschi",7,193920,203241,212947,"Istat"
"1827",2035,"Maschi",8,195420,203502,211747,"Istat"
"1828",2035,"Maschi",9,196939,203732,210432,"Istat"
"1829",2035,"Maschi",10,198720,204074,209561,"Istat"
"1830",2035,"Maschi",11,207457,209907,212373,"Istat"
"1831",2035,"Maschi",12,215985,218400,220834,"Istat"
"1832",2035,"Maschi",13,219787,222166,224567,"Istat"
"1833",2035,"Maschi",14,224132,226488,228864,"Istat"
"1834",2035,"Maschi",15,232045,234386,236766,"Istat"
"1835",2035,"Maschi",16,242910,245290,247706,"Istat"
"1836",2035,"Maschi",17,253632,256138,258673,"Istat"
"1837",2035,"Maschi",18,261746,264439,267169,"Istat"
"1838",2035,"Maschi",19,270393,273369,276353,"Istat"
"1839",2035,"Maschi",20,280346,283675,287007,"Istat"
"1840",2035,"Maschi",21,286912,290654,294406,"Istat"
"1841",2035,"Maschi",22,301461,305645,309860,"Istat"
"1842",2035,"Maschi",23,309141,313825,318529,"Istat"
"1843",2035,"Maschi",24,320700,325924,331156,"Istat"
"1844",2035,"Maschi",25,327780,333513,339243,"Istat"
"1845",2035,"Maschi",26,333562,339750,345990,"Istat"
"1846",2035,"Maschi",27,336418,343047,349703,"Istat"
"1847",2035,"Maschi",28,340422,347421,354487,"Istat"
"1848",2035,"Maschi",29,343121,350411,357760,"Istat"
"1849",2035,"Maschi",30,348732,356161,363760,"Istat"
"1850",2035,"Maschi",31,343109,350602,358221,"Istat"
"1851",2035,"Maschi",32,339498,347032,354716,"Istat"
"1852",2035,"Maschi",33,341735,349194,356800,"Istat"
"1853",2035,"Maschi",34,349218,356530,363976,"Istat"
"1854",2035,"Maschi",35,346101,353199,360439,"Istat"
"1855",2035,"Maschi",36,348666,355505,362483,"Istat"
"1856",2035,"Maschi",37,342822,349363,356021,"Istat"
"1857",2035,"Maschi",38,341181,347396,353726,"Istat"
"1858",2035,"Maschi",39,337057,342924,348909,"Istat"
"1859",2035,"Maschi",40,336846,342362,347987,"Istat"
"1860",2035,"Maschi",41,338798,343972,349256,"Istat"
"1861",2035,"Maschi",42,349967,354798,359744,"Istat"
"1862",2035,"Maschi",43,345252,349752,354373,"Istat"
"1863",2035,"Maschi",44,350770,354965,359277,"Istat"
"1864",2035,"Maschi",45,345617,349524,353544,"Istat"
"1865",2035,"Maschi",46,352438,356082,359815,"Istat"
"1866",2035,"Maschi",47,342854,346256,349734,"Istat"
"1867",2035,"Maschi",48,341915,345084,348320,"Istat"
"1868",2035,"Maschi",49,349206,352166,355153,"Istat"
"1869",2035,"Maschi",50,353730,356507,359297,"Istat"
"1870",2035,"Maschi",51,357980,360584,363199,"Istat"
"1871",2035,"Maschi",52,367529,369970,372434,"Istat"
"1872",2035,"Maschi",53,366897,369187,371498,"Istat"
"1873",2035,"Maschi",54,375598,377773,379961,"Istat"
"1874",2035,"Maschi",55,382814,384885,386947,"Istat"
"1875",2035,"Maschi",56,401436,403406,405382,"Istat"
"1876",2035,"Maschi",57,410964,412873,414783,"Istat"
"1877",2035,"Maschi",58,426141,427999,429865,"Istat"
"1878",2035,"Maschi",59,443583,445429,447296,"Istat"
"1879",2035,"Maschi",60,458464,460353,462251,"Istat"
"1880",2035,"Maschi",61,452173,454086,455984,"Istat"
"1881",2035,"Maschi",62,454164,456183,458121,"Istat"
"1882",2035,"Maschi",63,453549,455676,457681,"Istat"
"1883",2035,"Maschi",64,446298,448497,450602,"Istat"
"1884",2035,"Maschi",65,453682,456071,458296,"Istat"
"1885",2035,"Maschi",66,445709,448263,450628,"Istat"
"1886",2035,"Maschi",67,442055,444797,447328,"Istat"
"1887",2035,"Maschi",68,442736,445700,448454,"Istat"
"1888",2035,"Maschi",69,436017,439199,442143,"Istat"
"1889",2035,"Maschi",70,435091,438581,441789,"Istat"
"1890",2035,"Maschi",71,399960,403523,406775,"Istat"
"1891",2035,"Maschi",72,378903,382645,386075,"Istat"
"1892",2035,"Maschi",73,363445,367423,371071,"Istat"
"1893",2035,"Maschi",74,344991,349187,353021,"Istat"
"1894",2035,"Maschi",75,328133,332586,336648,"Istat"
"1895",2035,"Maschi",76,304178,308801,312999,"Istat"
"1896",2035,"Maschi",77,292100,297051,301575,"Istat"
"1897",2035,"Maschi",78,277000,282260,287057,"Istat"
"1898",2035,"Maschi",79,261213,266802,271877,"Istat"
"1899",2035,"Maschi",80,246147,252091,257477,"Istat"
"1900",2035,"Maschi",81,224465,230581,236128,"Istat"
"1901",2035,"Maschi",82,207911,214335,220171,"Istat"
"1902",2035,"Maschi",83,194330,201166,207371,"Istat"
"1903",2035,"Maschi",84,187023,194527,201390,"Istat"
"1904",2035,"Maschi",85,173029,180992,188310,"Istat"
"1905",2035,"Maschi",86,163287,171925,179895,"Istat"
"1906",2035,"Maschi",87,142747,151441,159527,"Istat"
"1907",2035,"Maschi",88,125092,133870,142085,"Istat"
"1908",2035,"Maschi",89,82914,89621,95954,"Istat"
"1909",2035,"Maschi",90,72512,79267,85700,"Istat"
"1910",2035,"Maschi",91,60199,66658,72871,"Istat"
"1911",2035,"Maschi",92,48554,54544,60372,"Istat"
"1912",2035,"Maschi",93,38751,44242,49663,"Istat"
"1913",2035,"Maschi",94,32746,38061,43392,"Istat"
"1914",2035,"Maschi",95,24299,28814,33421,"Istat"
"1915",2035,"Maschi",96,17003,20618,24379,"Istat"
"1916",2035,"Maschi",97,11070,13747,16588,"Istat"
"1917",2035,"Maschi",98,6984,8892,10959,"Istat"
"1918",2035,"Maschi",99,4694,6133,7729,"Istat"
"1919",2035,"Maschi",100,2862,37736,4948,"Istat"
"1920",2035,"Femmine",0,175240,192256,209589,"Istat"
"1921",2035,"Femmine",1,176041,191892,208157,"Istat"
"1922",2035,"Femmine",2,176422,191183,206288,"Istat"
"1923",2035,"Femmine",3,177060,190785,204625,"Istat"
"1924",2035,"Femmine",4,177738,190283,202962,"Istat"
"1925",2035,"Femmine",5,178266,189623,201032,"Istat"
"1926",2035,"Femmine",6,179125,189064,199419,"Istat"
"1927",2035,"Femmine",7,180038,188795,197850,"Istat"
"1928",2035,"Femmine",8,181124,188604,196349,"Istat"
"1929",2035,"Femmine",9,182135,188374,194618,"Istat"
"1930",2035,"Femmine",10,183256,188232,193222,"Istat"
"1931",2035,"Femmine",11,192145,194126,196149,"Istat"
"1932",2035,"Femmine",12,199136,201078,203060,"Istat"
"1933",2035,"Femmine",13,204893,206790,208718,"Istat"
"1934",2035,"Femmine",14,207059,208909,210790,"Istat"
"1935",2035,"Femmine",15,215929,217736,219574,"Istat"
"1936",2035,"Femmine",16,224302,226076,227880,"Istat"
"1937",2035,"Femmine",17,233416,235176,236971,"Istat"
"1938",2035,"Femmine",18,241296,243076,244896,"Istat"
"1939",2035,"Femmine",19,247282,249135,251027,"Istat"
"1940",2035,"Femmine",20,255179,257153,259152,"Istat"
"1941",2035,"Femmine",21,260037,262181,264372,"Istat"
"1942",2035,"Femmine",22,272200,274586,277026,"Istat"
"1943",2035,"Femmine",23,277650,280358,283118,"Istat"
"1944",2035,"Femmine",24,286029,289084,292217,"Istat"
"1945",2035,"Femmine",25,291852,295314,298849,"Istat"
"1946",2035,"Femmine",26,296882,300761,304713,"Istat"
"1947",2035,"Femmine",27,296351,300596,304936,"Istat"
"1948",2035,"Femmine",28,297378,301974,306650,"Istat"
"1949",2035,"Femmine",29,296448,301301,306270,"Istat"
"1950",2035,"Femmine",30,301266,306340,311511,"Istat"
"1951",2035,"Femmine",31,296566,301781,307098,"Istat"
"1952",2035,"Femmine",32,294696,300005,305417,"Istat"
"1953",2035,"Femmine",33,296651,301963,307390,"Istat"
"1954",2035,"Femmine",34,301272,306510,311858,"Istat"
"1955",2035,"Femmine",35,297625,302740,307956,"Istat"
"1956",2035,"Femmine",36,298029,302981,308032,"Istat"
"1957",2035,"Femmine",37,298790,303553,308409,"Istat"
"1958",2035,"Femmine",38,300518,305067,309717,"Istat"
"1959",2035,"Femmine",39,300618,304947,309381,"Istat"
"1960",2035,"Femmine",40,305510,309625,313842,"Istat"
"1961",2035,"Femmine",41,312083,315997,319995,"Istat"
"1962",2035,"Femmine",42,325086,328799,332583,"Istat"
"1963",2035,"Femmine",43,324720,328254,331848,"Istat"
"1964",2035,"Femmine",44,330276,333638,337051,"Istat"
"1965",2035,"Femmine",45,331222,334426,337678,"Istat"
"1966",2035,"Femmine",46,338441,341493,344597,"Istat"
"1967",2035,"Femmine",47,332851,335770,338735,"Istat"
"1968",2035,"Femmine",48,334307,337097,339927,"Istat"
"1969",2035,"Femmine",49,344614,347277,349960,"Istat"
"1970",2035,"Femmine",50,350222,352772,355349,"Istat"
"1971",2035,"Femmine",51,355508,357947,360409,"Istat"
"1972",2035,"Femmine",52,367287,369638,371996,"Istat"
"1973",2035,"Femmine",53,369500,371750,374029,"Istat"
"1974",2035,"Femmine",54,376294,378476,380686,"Istat"
"1975",2035,"Femmine",55,388849,390951,393096,"Istat"
"1976",2035,"Femmine",56,407442,409476,411542,"Istat"
"1977",2035,"Femmine",57,420442,422426,424419,"Istat"
"1978",2035,"Femmine",58,437175,439099,441036,"Istat"
"1979",2035,"Femmine",59,456379,458295,460206,"Istat"
"1980",2035,"Femmine",60,472799,474704,476597,"Istat"
"1981",2035,"Femmine",61,469788,471680,473569,"Istat"
"1982",2035,"Femmine",62,471615,473508,475394,"Istat"
"1983",2035,"Femmine",63,476012,477938,479853,"Istat"
"1984",2035,"Femmine",64,469203,471153,473046,"Istat"
"1985",2035,"Femmine",65,479949,481946,483879,"Istat"
"1986",2035,"Femmine",66,474122,476186,478161,"Istat"
"1987",2035,"Femmine",67,474420,476573,478630,"Istat"
"1988",2035,"Femmine",68,474497,476756,478896,"Istat"
"1989",2035,"Femmine",69,470429,472776,475013,"Istat"
"1990",2035,"Femmine",70,473614,476105,478504,"Istat"
"1991",2035,"Femmine",71,442830,445373,447794,"Istat"
"1992",2035,"Femmine",72,424511,427151,429689,"Istat"
"1993",2035,"Femmine",73,412245,415046,417733,"Istat"
"1994",2035,"Femmine",74,394639,397576,400381,"Istat"
"1995",2035,"Femmine",75,379516,382631,385595,"Istat"
"1996",2035,"Femmine",76,358211,361480,364600,"Istat"
"1997",2035,"Femmine",77,348686,352241,355660,"Istat"
"1998",2035,"Femmine",78,334720,338548,342238,"Istat"
"1999",2035,"Femmine",79,321573,325726,329772,"Istat"
"2000",2035,"Femmine",80,309164,313685,318130,"Istat"
"2001",2035,"Femmine",81,284920,289685,294406,"Istat"
"2002",2035,"Femmine",82,271339,276568,281777,"Istat"
"2003",2035,"Femmine",83,259240,265002,270803,"Istat"
"2004",2035,"Femmine",84,255646,262261,268889,"Istat"
"2005",2035,"Femmine",85,242540,249872,257239,"Istat"
"2006",2035,"Femmine",86,236817,245189,253613,"Istat"
"2007",2035,"Femmine",87,213552,222379,231304,"Istat"
"2008",2035,"Femmine",88,195268,204704,214308,"Istat"
"2009",2035,"Femmine",89,134929,142608,150470,"Istat"
"2010",2035,"Femmine",90,123504,131713,140199,"Istat"
"2011",2035,"Femmine",91,108497,116941,125760,"Istat"
"2012",2035,"Femmine",92,91890,100238,109051,"Istat"
"2013",2035,"Femmine",93,77397,85590,94335,"Istat"
"2014",2035,"Femmine",94,69211,77736,86946,"Istat"
"2015",2035,"Femmine",95,53998,61705,70146,"Istat"
"2016",2035,"Femmine",96,40557,47245,54689,"Istat"
"2017",2035,"Femmine",97,28126,33460,39507,"Istat"
"2018",2035,"Femmine",98,19202,23370,28188,"Istat"
"2019",2035,"Femmine",99,13737,17130,21142,"Istat"
"2020",2035,"Femmine",100,9008,37736,14573,"Istat"
"2021",2036,"Maschi",0,185889,205186,224738,"Istat"
"2022",2036,"Maschi",1,187423,205554,224044,"Istat"
"2023",2036,"Maschi",2,188359,205338,222699,"Istat"
"2024",2036,"Maschi",3,189058,204798,220980,"Istat"
"2025",2036,"Maschi",4,189988,204661,219455,"Istat"
"2026",2036,"Maschi",5,191134,204470,218009,"Istat"
"2027",2036,"Maschi",6,192122,204145,216414,"Istat"
"2028",2036,"Maschi",7,193307,203950,215133,"Istat"
"2029",2036,"Maschi",8,194679,204084,213875,"Istat"
"2030",2036,"Maschi",9,196117,204324,212588,"Istat"
"2031",2036,"Maschi",10,197525,204550,211406,"Istat"
"2032",2036,"Maschi",11,199388,204903,210547,"Istat"
"2033",2036,"Maschi",12,208036,210766,213533,"Istat"
"2034",2036,"Maschi",13,216620,219317,222057,"Istat"
"2035",2036,"Maschi",14,220513,223186,225898,"Istat"
"2036",2036,"Maschi",15,225015,227678,230385,"Istat"
"2037",2036,"Maschi",16,233154,235847,238590,"Istat"
"2038",2036,"Maschi",17,244399,247188,250057,"Istat"
"2039",2036,"Maschi",18,255538,258545,261605,"Istat"
"2040",2036,"Maschi",19,264032,267324,270637,"Istat"
"2041",2036,"Maschi",20,273014,276668,280331,"Istat"
"2042",2036,"Maschi",21,283208,287278,291390,"Istat"
"2043",2036,"Maschi",22,289864,294409,298990,"Istat"
"2044",2036,"Maschi",23,304312,309383,314494,"Istat"
"2045",2036,"Maschi",24,311787,317425,323091,"Istat"
"2046",2036,"Maschi",25,323107,329329,335550,"Istat"
"2047",2036,"Maschi",26,329988,336722,343473,"Istat"
"2048",2036,"Maschi",27,335572,342790,350060,"Istat"
"2049",2036,"Maschi",28,338283,345943,353688,"Istat"
"2050",2036,"Maschi",29,342172,350179,358265,"Istat"
"2051",2036,"Maschi",30,344816,353028,361448,"Istat"
"2052",2036,"Maschi",31,350309,358632,367127,"Istat"
"2053",2036,"Maschi",32,344536,352928,361512,"Istat"
"2054",2036,"Maschi",33,340843,349208,357751,"Istat"
"2055",2036,"Maschi",34,342980,351215,359638,"Istat"
"2056",2036,"Maschi",35,350356,358394,366634,"Istat"
"2057",2036,"Maschi",36,347130,354910,362883,"Istat"
"2058",2036,"Maschi",37,349596,357060,364706,"Istat"
"2059",2036,"Maschi",38,343660,350768,358057,"Istat"
"2060",2036,"Maschi",39,341914,348650,355565,"Istat"
"2061",2036,"Maschi",40,337674,344033,350567,"Istat"
"2062",2036,"Maschi",41,337356,343326,349473,"Istat"
"2063",2036,"Maschi",42,339210,344798,350559,"Istat"
"2064",2036,"Maschi",43,350271,355483,360867,"Istat"
"2065",2036,"Maschi",44,345459,350319,355344,"Istat"
"2066",2036,"Maschi",45,350867,355409,360101,"Istat"
"2067",2036,"Maschi",46,345631,349864,354233,"Istat"
"2068",2036,"Maschi",47,352343,356306,360369,"Istat"
"2069",2036,"Maschi",48,342686,346389,350168,"Istat"
"2070",2036,"Maschi",49,341663,345117,348613,"Istat"
"2071",2036,"Maschi",50,348856,352084,355326,"Istat"
"2072",2036,"Maschi",51,353281,356310,359342,"Istat"
"2073",2036,"Maschi",52,357426,360270,363131,"Istat"
"2074",2036,"Maschi",53,366846,369520,372205,"Istat"
"2075",2036,"Maschi",54,366105,368617,371156,"Istat"
"2076",2036,"Maschi",55,374641,377048,379433,"Istat"
"2077",2036,"Maschi",56,381709,383998,386271,"Istat"
"2078",2036,"Maschi",57,400129,402307,404494,"Istat"
"2079",2036,"Maschi",58,409452,411574,413687,"Istat"
"2080",2036,"Maschi",59,424366,426453,428558,"Istat"
"2081",2036,"Maschi",60,441489,443597,445735,"Istat"
"2082",2036,"Maschi",61,456018,458206,460381,"Istat"
"2083",2036,"Maschi",62,449446,451704,453884,"Istat"
"2084",2036,"Maschi",63,451111,453500,455740,"Istat"
"2085",2036,"Maschi",64,450191,452685,455062,"Istat"
"2086",2036,"Maschi",65,442599,445214,447674,"Istat"
"2087",2036,"Maschi",66,449477,452342,454986,"Istat"
"2088",2036,"Maschi",67,441130,444188,446987,"Istat"
"2089",2036,"Maschi",68,437019,440299,443314,"Istat"
"2090",2036,"Maschi",69,437146,440698,443977,"Istat"
"2091",2036,"Maschi",70,429900,433723,437244,"Istat"
"2092",2036,"Maschi",71,428235,432472,436325,"Istat"
"2093",2036,"Maschi",72,392935,397252,401171,"Istat"
"2094",2036,"Maschi",73,371471,375995,380104,"Istat"
"2095",2036,"Maschi",74,355451,360275,364640,"Istat"
"2096",2036,"Maschi",75,336476,341572,346188,"Istat"
"2097",2036,"Maschi",76,319056,324446,329327,"Istat"
"2098",2036,"Maschi",77,294746,300296,305344,"Istat"
"2099",2036,"Maschi",78,281854,287803,293204,"Istat"
"2100",2036,"Maschi",79,266015,272328,278065,"Istat"
"2101",2036,"Maschi",80,249451,256140,262209,"Istat"
"2102",2036,"Maschi",81,233590,240654,247066,"Istat"
"2103",2036,"Maschi",82,211467,218697,225256,"Istat"
"2104",2036,"Maschi",83,194160,201725,208592,"Istat"
"2105",2036,"Maschi",84,179637,187618,194923,"Istat"
"2106",2036,"Maschi",85,170842,179546,187561,"Istat"
"2107",2036,"Maschi",86,155950,165087,173570,"Istat"
"2108",2036,"Maschi",87,144942,154729,163848,"Istat"
"2109",2036,"Maschi",88,124557,134261,143362,"Istat"
"2110",2036,"Maschi",89,107096,116727,125827,"Istat"
"2111",2036,"Maschi",90,69504,76713,83611,"Istat"
"2112",2036,"Maschi",91,59441,66548,73414,"Istat"
"2113",2036,"Maschi",92,48144,54774,61257,"Istat"
"2114",2036,"Maschi",93,37802,43790,49733,"Istat"
"2115",2036,"Maschi",94,29301,34639,40026,"Istat"
"2116",2036,"Maschi",95,23976,28993,34159,"Istat"
"2117",2036,"Maschi",96,17195,21322,25664,"Istat"
"2118",2036,"Maschi",97,11646,14843,18286,"Istat"
"2119",2036,"Maschi",98,7343,9628,12146,"Istat"
"2120",2036,"Maschi",99,4472,6037,7805,"Istat"
"2121",2036,"Maschi",100,2884,39137,5324,"Istat"
"2122",2036,"Femmine",0,174995,193152,211555,"Istat"
"2123",2036,"Femmine",1,176227,193318,210726,"Istat"
"2124",2036,"Femmine",2,176903,192875,209230,"Istat"
"2125",2036,"Femmine",3,177188,192073,207312,"Istat"
"2126",2036,"Femmine",4,177832,191606,205516,"Istat"
"2127",2036,"Femmine",5,178500,191052,203793,"Istat"
"2128",2036,"Femmine",6,179041,190351,201848,"Istat"
"2129",2036,"Femmine",7,179719,189758,200216,"Istat"
"2130",2036,"Femmine",8,180699,189462,198650,"Istat"
"2131",2036,"Femmine",9,181656,189249,197030,"Istat"
"2132",2036,"Femmine",10,182612,189000,195296,"Istat"
"2133",2036,"Femmine",11,183777,188841,193946,"Istat"
"2134",2036,"Femmine",12,192509,194719,196984,"Istat"
"2135",2036,"Femmine",13,199488,201660,203875,"Istat"
"2136",2036,"Femmine",14,205247,207369,209537,"Istat"
"2137",2036,"Femmine",15,207434,209508,211626,"Istat"
"2138",2036,"Femmine",16,216358,218396,220474,"Istat"
"2139",2036,"Femmine",17,224846,226858,228914,"Istat"
"2140",2036,"Femmine",18,234127,236159,238240,"Istat"
"2141",2036,"Femmine",19,242241,244347,246496,"Istat"
"2142",2036,"Femmine",20,248532,250755,253027,"Istat"
"2143",2036,"Femmine",21,256711,259114,261577,"Istat"
"2144",2036,"Femmine",22,261712,264367,267101,"Istat"
"2145",2036,"Femmine",23,273824,276810,279881,"Istat"
"2146",2036,"Femmine",24,279126,282489,285962,"Istat"
"2147",2036,"Femmine",25,287303,291089,294992,"Istat"
"2148",2036,"Femmine",26,292997,297220,301551,"Istat"
"2149",2036,"Femmine",27,297943,302600,307375,"Istat"
"2150",2036,"Femmine",28,297350,302394,307534,"Istat"
"2151",2036,"Femmine",29,298390,303736,309199,"Istat"
"2152",2036,"Femmine",30,297414,303024,308738,"Istat"
"2153",2036,"Femmine",31,302228,308014,313932,"Istat"
"2154",2036,"Femmine",32,297472,303400,309432,"Istat"
"2155",2036,"Femmine",33,295583,301561,307652,"Istat"
"2156",2036,"Femmine",34,297488,303450,309513,"Istat"
"2157",2036,"Femmine",35,302080,307926,313892,"Istat"
"2158",2036,"Femmine",36,298389,304085,309891,"Istat"
"2159",2036,"Femmine",37,298748,304256,309862,"Istat"
"2160",2036,"Femmine",38,299473,304759,310143,"Istat"
"2161",2036,"Femmine",39,301163,306207,311349,"Istat"
"2162",2036,"Femmine",40,301227,306025,310914,"Istat"
"2163",2036,"Femmine",41,306085,310640,315280,"Istat"
"2164",2036,"Femmine",42,312630,316949,321358,"Istat"
"2165",2036,"Femmine",43,325584,329686,333874,"Istat"
"2166",2036,"Femmine",44,325172,329081,333059,"Istat"
"2167",2036,"Femmine",45,330677,334404,338190,"Istat"
"2168",2036,"Femmine",46,331582,335134,338748,"Istat"
"2169",2036,"Femmine",47,338747,342138,345578,"Istat"
"2170",2036,"Femmine",48,333115,336362,339647,"Istat"
"2171",2036,"Femmine",49,334526,337626,340755,"Istat"
"2172",2036,"Femmine",50,344773,347727,350702,"Istat"
"2173",2036,"Femmine",51,350316,353142,355996,"Istat"
"2174",2036,"Femmine",52,355520,358232,360965,"Istat"
"2175",2036,"Femmine",53,367207,369821,372453,"Istat"
"2176",2036,"Femmine",54,369331,371842,374397,"Istat"
"2177",2036,"Femmine",55,376027,378463,380940,"Istat"
"2178",2036,"Femmine",56,388463,390815,393202,"Istat"
"2179",2036,"Femmine",57,406905,409193,411500,"Istat"
"2180",2036,"Femmine",58,419776,421994,424217,"Istat"
"2181",2036,"Femmine",59,436320,438492,440677,"Istat"
"2182",2036,"Femmine",60,455314,457489,459638,"Istat"
"2183",2036,"Femmine",61,471522,473685,475845,"Istat"
"2184",2036,"Femmine",62,468349,470496,472642,"Istat"
"2185",2036,"Femmine",63,469949,472125,474287,"Istat"
"2186",2036,"Femmine",64,474102,476322,478501,"Istat"
"2187",2036,"Femmine",65,467102,469341,471514,"Istat"
"2188",2036,"Femmine",66,477501,479843,482085,"Istat"
"2189",2036,"Femmine",67,471428,473861,476163,"Istat"
"2190",2036,"Femmine",68,471443,473972,476390,"Istat"
"2191",2036,"Femmine",69,471198,473843,476352,"Istat"
"2192",2036,"Femmine",70,466757,469528,472158,"Istat"
"2193",2036,"Femmine",71,469437,472421,475265,"Istat"
"2194",2036,"Femmine",72,438481,441507,444405,"Istat"
"2195",2036,"Femmine",73,419777,422966,425997,"Istat"
"2196",2036,"Femmine",74,407093,410459,413651,"Istat"
"2197",2036,"Femmine",75,389038,392598,395975,"Istat"
"2198",2036,"Femmine",76,373392,377176,380748,"Istat"
"2199",2036,"Femmine",77,351626,355591,359371,"Istat"
"2200",2036,"Femmine",78,341341,345649,349804,"Istat"
"2201",2036,"Femmine",79,326593,331243,335764,"Istat"
"2202",2036,"Femmine",80,312522,317578,322525,"Istat"
"2203",2036,"Femmine",81,299033,304549,310002,"Istat"
"2204",2036,"Femmine",82,274082,279902,285655,"Istat"
"2205",2036,"Femmine",83,259395,265730,272090,"Istat"
"2206",2036,"Femmine",84,245930,252923,259943,"Istat"
"2207",2036,"Femmine",85,240399,248361,256370,"Istat"
"2208",2036,"Femmine",86,225723,234470,243309,"Istat"
"2209",2036,"Femmine",87,217769,227642,237666,"Istat"
"2210",2036,"Femmine",88,193654,203945,214481,"Istat"
"2211",2036,"Femmine",89,174285,185149,196347,"Istat"
"2212",2036,"Femmine",90,118250,126930,135964,"Istat"
"2213",2036,"Femmine",91,106184,115299,124865,"Istat"
"2214",2036,"Femmine",92,91317,100494,110226,"Istat"
"2215",2036,"Femmine",93,75583,84447,93962,"Istat"
"2216",2036,"Femmine",94,62095,70571,79806,"Istat"
"2217",2036,"Femmine",95,54040,62612,72088,"Istat"
"2218",2036,"Femmine",96,40968,48489,56949,"Istat"
"2219",2036,"Femmine",97,29876,36200,43457,"Istat"
"2220",2036,"Femmine",98,20054,24924,30635,"Istat"
"2221",2036,"Femmine",99,13183,16837,21228,"Istat"
"2222",2036,"Femmine",100,9044,39137,15404,"Istat"
"2223",2037,"Maschi",0,185594,205944,226672,"Istat"
"2224",2037,"Maschi",1,187034,206452,226058,"Istat"
"2225",2037,"Maschi",2,188526,206750,225351,"Istat"
"2226",2037,"Maschi",3,189414,206439,223999,"Istat"
"2227",2037,"Maschi",4,189917,205820,222076,"Istat"
"2228",2037,"Maschi",5,190871,205621,220491,"Istat"
"2229",2037,"Maschi",6,191927,205375,219057,"Istat"
"2230",2037,"Maschi",7,192836,205004,217476,"Istat"
"2231",2037,"Maschi",8,193973,204774,216027,"Istat"
"2232",2037,"Maschi",9,195246,204888,214685,"Istat"
"2233",2037,"Maschi",10,196730,205123,213481,"Istat"
"2234",2037,"Maschi",11,198250,205360,212355,"Istat"
"2235",2037,"Maschi",12,200025,205743,211555,"Istat"
"2236",2037,"Maschi",13,208643,211664,214749,"Istat"
"2237",2037,"Maschi",14,217318,220316,223378,"Istat"
"2238",2037,"Maschi",15,221353,224351,227404,"Istat"
"2239",2037,"Maschi",16,226089,229110,232207,"Istat"
"2240",2037,"Maschi",17,234592,237709,240918,"Istat"
"2241",2037,"Maschi",18,246220,249549,252939,"Istat"
"2242",2037,"Maschi",19,257733,261374,265044,"Istat"
"2243",2037,"Maschi",20,266573,270558,274560,"Istat"
"2244",2037,"Maschi",21,275774,280199,284643,"Istat"
"2245",2037,"Maschi",22,286029,290956,295919,"Istat"
"2246",2037,"Maschi",23,292590,298070,303581,"Istat"
"2247",2037,"Maschi",24,306834,312903,318988,"Istat"
"2248",2037,"Maschi",25,314056,320752,327424,"Istat"
"2249",2037,"Maschi",26,325199,332461,339760,"Istat"
"2250",2037,"Maschi",27,331872,339687,347583,"Istat"
"2251",2037,"Maschi",28,337304,345613,354028,"Istat"
"2252",2037,"Maschi",29,339968,348631,357452,"Istat"
"2253",2037,"Maschi",30,343765,352730,361891,"Istat"
"2254",2037,"Maschi",31,346311,355438,364797,"Istat"
"2255",2037,"Maschi",32,351658,360894,370372,"Istat"
"2256",2037,"Maschi",33,345821,355045,364566,"Istat"
"2257",2037,"Maschi",34,342015,351178,360582,"Istat"
"2258",2037,"Maschi",35,344046,353034,362287,"Istat"
"2259",2037,"Maschi",36,351327,360057,369055,"Istat"
"2260",2037,"Maschi",37,348020,356423,365081,"Istat"
"2261",2037,"Maschi",38,350361,358421,366723,"Istat"
"2262",2037,"Maschi",39,344315,351985,359886,"Istat"
"2263",2037,"Maschi",40,342474,349723,357193,"Istat"
"2264",2037,"Maschi",41,338145,344968,352007,"Istat"
"2265",2037,"Maschi",42,337728,344128,350756,"Istat"
"2266",2037,"Maschi",43,339487,345470,351683,"Istat"
"2267",2037,"Maschi",44,350435,356024,361828,"Istat"
"2268",2037,"Maschi",45,345521,350751,356178,"Istat"
"2269",2037,"Maschi",46,350844,355727,360771,"Istat"
"2270",2037,"Maschi",47,345515,350084,354782,"Istat"
"2271",2037,"Maschi",48,352137,356415,360794,"Istat"
"2272",2037,"Maschi",49,342415,346411,350468,"Istat"
"2273",2037,"Maschi",50,341302,345040,348786,"Istat"
"2274",2037,"Maschi",51,348386,351891,355405,"Istat"
"2275",2037,"Maschi",52,352735,356001,359286,"Istat"
"2276",2037,"Maschi",53,356773,359843,362949,"Istat"
"2277",2037,"Maschi",54,366065,368950,371870,"Istat"
"2278",2037,"Maschi",55,365157,367924,370673,"Istat"
"2279",2037,"Maschi",56,373569,376194,378792,"Istat"
"2280",2037,"Maschi",57,380490,382976,385449,"Istat"
"2281",2037,"Maschi",58,398647,401061,403460,"Istat"
"2282",2037,"Maschi",59,407760,410115,412469,"Istat"
"2283",2037,"Maschi",60,422375,424729,427103,"Istat"
"2284",2037,"Maschi",61,439154,441562,443962,"Istat"
"2285",2037,"Maschi",62,453293,455830,458278,"Istat"
"2286",2037,"Maschi",63,446451,449082,451584,"Istat"
"2287",2037,"Maschi",64,447799,450563,453180,"Istat"
"2288",2037,"Maschi",65,446493,449413,452161,"Istat"
"2289",2037,"Maschi",66,438538,441630,444478,"Istat"
"2290",2037,"Maschi",67,444879,448283,451399,"Istat"
"2291",2037,"Maschi",68,436146,439762,443062,"Istat"
"2292",2037,"Maschi",69,431537,435424,438985,"Istat"
"2293",2037,"Maschi",70,431042,435277,439134,"Istat"
"2294",2037,"Maschi",71,423176,427772,431948,"Istat"
"2295",2037,"Maschi",72,420739,425828,430416,"Istat"
"2296",2037,"Maschi",73,385262,390440,395103,"Istat"
"2297",2037,"Maschi",74,363338,368769,373667,"Istat"
"2298",2037,"Maschi",75,346741,352515,357727,"Istat"
"2299",2037,"Maschi",76,327247,333310,338804,"Istat"
"2300",2037,"Maschi",77,309224,315606,321392,"Istat"
"2301",2037,"Maschi",78,284469,291057,297036,"Istat"
"2302",2037,"Maschi",79,270708,277770,284152,"Istat"
"2303",2037,"Maschi",80,254120,261570,268327,"Istat"
"2304",2037,"Maschi",81,236758,244625,251752,"Istat"
"2305",2037,"Maschi",82,220063,228333,235891,"Istat"
"2306",2037,"Maschi",83,197492,205919,213648,"Istat"
"2307",2037,"Maschi",84,179480,188231,196282,"Istat"
"2308",2037,"Maschi",85,164099,173247,181728,"Istat"
"2309",2037,"Maschi",86,153966,163841,173054,"Istat"
"2310",2037,"Maschi",87,138400,148635,158256,"Istat"
"2311",2037,"Maschi",88,126423,137220,147447,"Istat"
"2312",2037,"Maschi",89,106559,117078,127115,"Istat"
"2313",2037,"Maschi",90,89707,99943,109795,"Istat"
"2314",2037,"Maschi",91,56894,64384,71713,"Istat"
"2315",2037,"Maschi",92,47470,54678,61809,"Istat"
"2316",2037,"Maschi",93,37415,43963,50533,"Istat"
"2317",2037,"Maschi",94,28527,34274,40143,"Istat"
"2318",2037,"Maschi",95,21411,26377,31563,"Istat"
"2319",2037,"Maschi",96,16925,21444,26280,"Istat"
"2320",2037,"Maschi",97,11749,15342,19287,"Istat"
"2321",2037,"Maschi",98,7702,10386,13411,"Istat"
"2322",2037,"Maschi",99,4689,6530,8663,"Istat"
"2323",2037,"Maschi",100,2742,39800,5384,"Istat"
"2324",2037,"Femmine",0,174733,193877,213401,"Istat"
"2325",2037,"Femmine",1,175957,194213,212639,"Istat"
"2326",2037,"Femmine",2,177074,194302,211791,"Istat"
"2327",2037,"Femmine",3,177662,193766,210292,"Istat"
"2328",2037,"Femmine",4,177956,192896,208184,"Istat"
"2329",2037,"Femmine",5,178490,192376,206348,"Istat"
"2330",2037,"Femmine",6,179171,191780,204557,"Istat"
"2331",2037,"Femmine",7,179602,191046,202695,"Istat"
"2332",2037,"Femmine",8,180375,190427,201019,"Istat"
"2333",2037,"Femmine",9,181198,190109,199320,"Istat"
"2334",2037,"Femmine",10,182199,189876,197652,"Istat"
"2335",2037,"Femmine",11,183017,189611,196014,"Istat"
"2336",2037,"Femmine",12,184260,189437,194662,"Istat"
"2337",2037,"Femmine",13,192843,195302,197822,"Istat"
"2338",2037,"Femmine",14,199821,202240,204706,"Istat"
"2339",2037,"Femmine",15,205600,207969,210380,"Istat"
"2340",2037,"Femmine",16,207844,210170,212537,"Istat"
"2341",2037,"Femmine",17,216889,219179,221523,"Istat"
"2342",2037,"Femmine",18,225541,227842,230197,"Istat"
"2343",2037,"Femmine",19,235056,237430,239853,"Istat"
"2344",2037,"Femmine",20,243466,245965,248529,"Istat"
"2345",2037,"Femmine",21,250036,252714,255478,"Istat"
"2346",2037,"Femmine",22,258357,261297,264356,"Istat"
"2347",2037,"Femmine",23,263295,266591,270008,"Istat"
"2348",2037,"Femmine",24,275240,278942,282789,"Istat"
"2349",2037,"Femmine",25,280352,284499,288788,"Istat"
"2350",2037,"Femmine",26,288392,293000,297746,"Istat"
"2351",2037,"Femmine",27,293990,299066,304265,"Istat"
"2352",2037,"Femmine",28,298911,304404,309993,"Istat"
"2353",2037,"Femmine",29,298311,304162,310120,"Istat"
"2354",2037,"Femmine",30,299308,305464,311721,"Istat"
"2355",2037,"Femmine",31,298332,304704,311213,"Istat"
"2356",2037,"Femmine",32,303109,309636,316293,"Istat"
"2357",2037,"Femmine",33,298311,304960,311699,"Istat"
"2358",2037,"Femmine",34,296409,303053,309818,"Istat"
"2359",2037,"Femmine",35,298300,304871,311566,"Istat"
"2360",2037,"Femmine",36,302825,309275,315856,"Istat"
"2361",2037,"Femmine",37,299094,305364,311752,"Istat"
"2362",2037,"Femmine",38,299420,305466,311625,"Istat"
"2363",2037,"Femmine",39,300110,305903,311803,"Istat"
"2364",2037,"Femmine",40,301761,307288,312904,"Istat"
"2365",2037,"Femmine",41,301782,307045,312389,"Istat"
"2366",2037,"Femmine",42,306600,311599,316682,"Istat"
"2367",2037,"Femmine",43,313099,317847,322667,"Istat"
"2368",2037,"Femmine",44,326002,330517,335104,"Istat"
"2369",2037,"Femmine",45,325555,329854,334223,"Istat"
"2370",2037,"Femmine",46,331025,335116,339269,"Istat"
"2371",2037,"Femmine",47,331884,335789,339744,"Istat"
"2372",2037,"Femmine",48,338993,342727,346502,"Istat"
"2373",2037,"Femmine",49,333321,336897,340498,"Istat"
"2374",2037,"Femmine",50,334684,338094,341519,"Istat"
"2375",2037,"Femmine",51,344852,348110,351393,"Istat"
"2376",2037,"Femmine",52,350331,353440,356591,"Istat"
"2377",2037,"Femmine",53,355447,358441,361455,"Istat"
"2378",2037,"Femmine",54,367040,369925,372846,"Istat"
"2379",2037,"Femmine",55,369063,371852,374691,"Istat"
"2380",2037,"Femmine",56,375671,378364,381094,"Istat"
"2381",2037,"Femmine",57,387979,390586,393213,"Istat"
"2382",2037,"Femmine",58,406258,408807,411352,"Istat"
"2383",2037,"Femmine",59,418999,421449,423925,"Istat"
"2384",2037,"Femmine",60,435327,437761,440193,"Istat"
"2385",2037,"Femmine",61,454103,456546,458967,"Istat"
"2386",2037,"Femmine",62,470087,472516,474940,"Istat"
"2387",2037,"Femmine",63,466698,469151,471571,"Istat"
"2388",2037,"Femmine",64,468089,470563,473015,"Istat"
"2389",2037,"Femmine",65,471985,474518,476981,"Istat"
"2390",2037,"Femmine",66,464767,467336,469798,"Istat"
"2391",2037,"Femmine",67,474826,477538,480108,"Istat"
"2392",2037,"Femmine",68,468533,471321,474002,"Istat"
"2393",2037,"Femmine",69,468195,471125,473909,"Istat"
"2394",2037,"Femmine",70,467559,470641,473554,"Istat"
"2395",2037,"Femmine",71,462697,465961,469069,"Istat"
"2396",2037,"Femmine",72,464865,468379,471737,"Istat"
"2397",2037,"Femmine",73,433652,437255,440668,"Istat"
"2398",2037,"Femmine",74,414594,418366,421923,"Istat"
"2399",2037,"Femmine",75,401373,405406,409204,"Istat"
"2400",2037,"Femmine",76,382823,387090,391063,"Istat"
"2401",2037,"Femmine",77,366601,371129,375415,"Istat"
"2402",2037,"Femmine",78,344280,349047,353599,"Istat"
"2403",2037,"Femmine",79,333098,338303,343330,"Istat"
"2404",2037,"Femmine",80,317465,323091,328560,"Istat"
"2405",2037,"Femmine",81,302366,308473,314453,"Istat"
"2406",2037,"Femmine",82,287681,294386,300966,"Istat"
"2407",2037,"Femmine",83,262008,269071,276033,"Istat"
"2408",2037,"Femmine",84,246109,253773,261406,"Istat"
"2409",2037,"Femmine",85,231268,239671,248030,"Istat"
"2410",2037,"Femmine",86,223740,233226,242720,"Istat"
"2411",2037,"Femmine",87,207558,217854,228264,"Istat"
"2412",2037,"Femmine",88,197460,208945,220666,"Istat"
"2413",2037,"Femmine",89,172770,184592,196746,"Istat"
"2414",2037,"Femmine",90,152731,165011,177742,"Istat"
"2415",2037,"Femmine",91,101571,111180,121255,"Istat"
"2416",2037,"Femmine",92,89320,99198,109685,"Istat"
"2417",2037,"Femmine",93,75053,84760,95211,"Istat"
"2418",2037,"Femmine",94,60582,69719,79710,"Istat"
"2419",2037,"Femmine",95,48433,56932,66372,"Istat"
"2420",2037,"Femmine",96,40940,49281,58715,"Istat"
"2421",2037,"Femmine",97,30126,37219,45410,"Istat"
"2422",2037,"Femmine",98,21257,27015,33822,"Istat"
"2423",2037,"Femmine",99,13735,17993,23164,"Istat"
"2424",2037,"Femmine",100,8657,39800,15534,"Istat"
"2425",2038,"Maschi",0,185090,206623,228410,"Istat"
"2426",2038,"Maschi",1,186761,207190,228090,"Istat"
"2427",2038,"Maschi",2,188166,207629,227534,"Istat"
"2428",2038,"Maschi",3,189455,207833,226624,"Istat"
"2429",2038,"Maschi",4,190150,207444,225038,"Istat"
"2430",2038,"Maschi",5,190814,206763,223145,"Istat"
"2431",2038,"Maschi",6,191775,206511,221583,"Istat"
"2432",2038,"Maschi",7,192576,206219,220036,"Istat"
"2433",2038,"Maschi",8,193457,205813,218353,"Istat"
"2434",2038,"Maschi",9,194539,205563,216885,"Istat"
"2435",2038,"Maschi",10,195816,205673,215547,"Istat"
"2436",2038,"Maschi",11,197308,205919,214458,"Istat"
"2437",2038,"Maschi",12,198935,206185,213332,"Istat"
"2438",2038,"Maschi",13,200686,206627,212624,"Istat"
"2439",2038,"Maschi",14,209318,212647,216070,"Istat"
"2440",2038,"Maschi",15,218133,221462,224880,"Istat"
"2441",2038,"Maschi",16,222394,225761,229219,"Istat"
"2442",2038,"Maschi",17,227489,230943,234495,"Istat"
"2443",2038,"Maschi",18,236363,240036,243806,"Istat"
"2444",2038,"Maschi",19,248339,252338,256381,"Istat"
"2445",2038,"Maschi",20,260217,264559,268957,"Istat"
"2446",2038,"Maschi",21,269215,274035,278870,"Istat"
"2447",2038,"Maschi",22,278485,283820,289150,"Istat"
"2448",2038,"Maschi",23,288644,294556,300465,"Istat"
"2449",2038,"Maschi",24,294993,301533,308049,"Istat"
"2450",2038,"Maschi",25,308991,316171,323374,"Istat"
"2451",2038,"Maschi",26,316026,323828,331704,"Istat"
"2452",2038,"Maschi",27,326966,335370,343875,"Istat"
"2453",2038,"Maschi",28,333551,342456,351511,"Istat"
"2454",2038,"Maschi",29,338913,348249,357752,"Istat"
"2455",2038,"Maschi",30,341434,351132,361037,"Istat"
"2456",2038,"Maschi",31,345158,355092,365225,"Istat"
"2457",2038,"Maschi",32,347579,357657,367964,"Istat"
"2458",2038,"Maschi",33,352807,362965,373373,"Istat"
"2459",2038,"Maschi",34,346895,356972,367331,"Istat"
"2460",2038,"Maschi",35,343029,352960,363191,"Istat"
"2461",2038,"Maschi",36,344957,354667,364682,"Istat"
"2462",2038,"Maschi",37,352110,361537,371250,"Istat"
"2463",2038,"Maschi",38,348691,357758,367099,"Istat"
"2464",2038,"Maschi",39,350977,359609,368533,"Istat"
"2465",2038,"Maschi",40,344849,353034,361513,"Istat"
"2466",2038,"Maschi",41,342904,350635,358645,"Istat"
"2467",2038,"Maschi",42,338474,345752,353298,"Istat"
"2468",2038,"Maschi",43,337959,344787,351876,"Istat"
"2469",2038,"Maschi",44,339631,346009,352659,"Istat"
"2470",2038,"Maschi",45,350473,356440,362660,"Istat"
"2471",2038,"Maschi",46,345469,351066,356860,"Istat"
"2472",2038,"Maschi",47,350706,355934,361333,"Istat"
"2473",2038,"Maschi",48,345311,350197,355231,"Istat"
"2474",2038,"Maschi",49,351842,356420,361099,"Istat"
"2475",2038,"Maschi",50,342042,346330,350642,"Istat"
"2476",2038,"Maschi",51,340842,344860,348888,"Istat"
"2477",2038,"Maschi",52,347850,351594,355360,"Istat"
"2478",2038,"Maschi",53,352080,355587,359133,"Istat"
"2479",2038,"Maschi",54,356017,359304,362642,"Istat"
"2480",2038,"Maschi",55,365121,368263,371416,"Istat"
"2481",2038,"Maschi",56,364105,367109,370073,"Istat"
"2482",2038,"Maschi",57,372382,375212,378014,"Istat"
"2483",2038,"Maschi",58,379120,381818,384520,"Istat"
"2484",2038,"Maschi",59,397024,399666,402302,"Istat"
"2485",2038,"Maschi",60,405899,408493,411115,"Istat"
"2486",2038,"Maschi",61,420176,422818,425476,"Istat"
"2487",2038,"Maschi",62,436576,439315,442021,"Istat"
"2488",2038,"Maschi",63,450311,453223,456006,"Istat"
"2489",2038,"Maschi",64,443162,446220,449073,"Istat"
"2490",2038,"Maschi",65,444163,447359,450372,"Istat"
"2491",2038,"Maschi",66,442430,445850,449002,"Istat"
"2492",2038,"Maschi",67,434099,437737,441043,"Istat"
"2493",2038,"Maschi",68,439898,443886,447517,"Istat"
"2494",2038,"Maschi",69,430718,434975,438848,"Istat"
"2495",2038,"Maschi",70,425582,430150,434333,"Istat"
"2496",2038,"Maschi",71,424373,429397,433945,"Istat"
"2497",2038,"Maschi",72,415858,421311,426239,"Istat"
"2498",2038,"Maschi",73,412612,418625,424028,"Istat"
"2499",2038,"Maschi",74,376916,383050,388546,"Istat"
"2500",2038,"Maschi",75,354508,360938,366721,"Istat"
"2501",2038,"Maschi",76,337342,344108,350215,"Istat"
"2502",2038,"Maschi",77,317228,324349,330780,"Istat"
"2503",2038,"Maschi",78,298514,306016,312790,"Istat"
"2504",2038,"Maschi",79,273310,281045,288030,"Istat"
"2505",2038,"Maschi",80,258627,266913,274377,"Istat"
"2506",2038,"Maschi",81,241256,249959,257853,"Istat"
"2507",2038,"Maschi",82,223057,232227,240553,"Istat"
"2508",2038,"Maschi",83,205485,215095,223874,"Istat"
"2509",2038,"Maschi",84,182546,192254,201191,"Istat"
"2510",2038,"Maschi",85,163937,173925,183173,"Istat"
"2511",2038,"Maschi",86,147809,158191,167840,"Istat"
"2512",2038,"Maschi",87,136558,147605,157978,"Istat"
"2513",2038,"Maschi",88,120623,131896,142594,"Istat"
"2514",2038,"Maschi",89,108031,119724,130933,"Istat"
"2515",2038,"Maschi",90,89109,100277,111107,"Istat"
"2516",2038,"Maschi",91,73298,83930,94373,"Istat"
"2517",2038,"Maschi",92,45321,52903,60485,"Istat"
"2518",2038,"Maschi",93,36788,43900,51127,"Istat"
"2519",2038,"Maschi",94,28143,34416,40917,"Istat"
"2520",2038,"Maschi",95,20775,26107,31757,"Istat"
"2521",2038,"Maschi",96,15055,19514,24352,"Istat"
"2522",2038,"Maschi",97,11511,15435,19798,"Istat"
"2523",2038,"Maschi",98,7731,10741,14186,"Istat"
"2524",2038,"Maschi",99,4886,7045,9592,"Istat"
"2525",2038,"Maschi",100,2854,41378,5997,"Istat"
"2526",2038,"Femmine",0,174254,194526,215044,"Istat"
"2527",2038,"Femmine",1,175673,194939,214589,"Istat"
"2528",2038,"Femmine",2,176846,195197,213934,"Istat"
"2529",2038,"Femmine",3,177834,195193,212876,"Istat"
"2530",2038,"Femmine",4,178368,194589,211150,"Istat"
"2531",2038,"Femmine",5,178628,193667,209027,"Istat"
"2532",2038,"Femmine",6,179185,193106,207190,"Istat"
"2533",2038,"Femmine",7,179632,192477,205460,"Istat"
"2534",2038,"Femmine",8,180181,191717,203527,"Istat"
"2535",2038,"Femmine",9,180865,191075,201690,"Istat"
"2536",2038,"Femmine",10,181700,190737,199984,"Istat"
"2537",2038,"Femmine",11,182616,190489,198350,"Istat"
"2538",2038,"Femmine",12,183499,190208,196712,"Istat"
"2539",2038,"Femmine",13,184694,190021,195398,"Istat"
"2540",2038,"Femmine",14,193165,195885,198663,"Istat"
"2541",2038,"Femmine",15,200167,202842,205562,"Istat"
"2542",2038,"Femmine",16,206003,208632,211303,"Istat"
"2543",2038,"Femmine",17,208361,210954,213600,"Istat"
"2544",2038,"Femmine",18,217568,220165,222824,"Istat"
"2545",2038,"Femmine",19,226451,229113,231830,"Istat"
"2546",2038,"Femmine",20,236263,239048,241901,"Istat"
"2547",2038,"Femmine",21,244948,247924,250996,"Istat"
"2548",2038,"Femmine",22,251636,254898,258283,"Istat"
"2549",2038,"Femmine",23,259885,263523,267300,"Istat"
"2550",2038,"Femmine",24,264677,268729,272944,"Istat"
"2551",2038,"Femmine",25,276440,280958,285648,"Istat"
"2552",2038,"Femmine",26,281407,286418,291581,"Istat"
"2553",2038,"Femmine",27,289355,294854,300490,"Istat"
"2554",2038,"Femmine",28,294928,300878,306960,"Istat"
"2555",2038,"Femmine",29,299813,306180,312637,"Istat"
"2556",2038,"Femmine",30,299210,305898,312695,"Istat"
"2557",2038,"Femmine",31,300203,307151,314239,"Istat"
"2558",2038,"Femmine",32,299177,306334,313622,"Istat"
"2559",2038,"Femmine",33,303907,311200,318612,"Istat"
"2560",2038,"Femmine",34,299092,306457,313910,"Istat"
"2561",2038,"Femmine",35,297159,304479,311892,"Istat"
"2562",2038,"Femmine",36,299013,306225,313538,"Istat"
"2563",2038,"Femmine",37,303512,310556,317714,"Istat"
"2564",2038,"Femmine",38,299751,306578,313521,"Istat"
"2565",2038,"Femmine",39,300038,306614,313301,"Istat"
"2566",2038,"Femmine",40,300692,306989,313391,"Istat"
"2567",2038,"Femmine",41,302306,308312,314419,"Istat"
"2568",2038,"Femmine",42,302297,308011,313814,"Istat"
"2569",2038,"Femmine",43,307084,312505,318017,"Istat"
"2570",2038,"Femmine",44,313524,318691,323925,"Istat"
"2571",2038,"Femmine",45,326372,331294,336275,"Istat"
"2572",2038,"Femmine",46,325887,330575,335316,"Istat"
"2573",2038,"Femmine",47,331301,335776,340293,"Istat"
"2574",2038,"Femmine",48,332122,336391,340688,"Istat"
"2575",2038,"Femmine",49,339181,343262,347359,"Istat"
"2576",2038,"Femmine",50,333470,337372,341286,"Istat"
"2577",2038,"Femmine",51,334773,338497,342241,"Istat"
"2578",2038,"Femmine",52,344875,348423,352009,"Istat"
"2579",2038,"Femmine",53,350255,353665,357103,"Istat"
"2580",2038,"Femmine",54,355302,358574,361890,"Istat"
"2581",2038,"Femmine",55,366792,369948,373170,"Istat"
"2582",2038,"Femmine",56,368729,371776,374884,"Istat"
"2583",2038,"Femmine",57,375226,378174,381159,"Istat"
"2584",2038,"Femmine",58,387375,390258,393150,"Istat"
"2585",2038,"Femmine",59,405527,408312,411090,"Istat"
"2586",2038,"Femmine",60,418059,420784,423528,"Istat"
"2587",2038,"Femmine",61,434186,436898,439588,"Istat"
"2588",2038,"Femmine",62,452760,455459,458159,"Istat"
"2589",2038,"Femmine",63,468440,471188,473905,"Istat"
"2590",2038,"Femmine",64,464849,467629,470357,"Istat"
"2591",2038,"Femmine",65,466019,468815,471540,"Istat"
"2592",2038,"Femmine",66,469648,472522,475287,"Istat"
"2593",2038,"Femmine",67,462177,465136,467936,"Istat"
"2594",2038,"Femmine",68,471898,475019,477961,"Istat"
"2595",2038,"Femmine",69,465319,468539,471611,"Istat"
"2596",2038,"Femmine",70,464624,467995,471174,"Istat"
"2597",2038,"Femmine",71,463517,467124,470518,"Istat"
"2598",2038,"Femmine",72,458228,462045,465674,"Istat"
"2599",2038,"Femmine",73,459784,463934,467835,"Istat"
"2600",2038,"Femmine",74,428333,432581,436551,"Istat"
"2601",2038,"Femmine",75,408839,413298,417494,"Istat"
"2602",2038,"Femmine",76,395033,399811,404264,"Istat"
"2603",2038,"Femmine",77,375922,380979,385733,"Istat"
"2604",2038,"Femmine",78,358997,364405,369535,"Istat"
"2605",2038,"Femmine",79,336045,341747,347206,"Istat"
"2606",2038,"Femmine",80,323875,330096,336131,"Istat"
"2607",2038,"Femmine",81,307232,313968,320521,"Istat"
"2608",2038,"Femmine",82,290969,298328,305488,"Istat"
"2609",2038,"Femmine",83,275068,283120,291008,"Istat"
"2610",2038,"Femmine",84,248688,257103,265412,"Istat"
"2611",2038,"Femmine",85,231514,240633,249648,"Istat"
"2612",2038,"Femmine",86,215299,225217,235092,"Istat"
"2613",2038,"Femmine",87,205757,216867,227997,"Istat"
"2614",2038,"Femmine",88,188177,200116,212186,"Istat"
"2615",2038,"Femmine",89,176138,189278,202691,"Istat"
"2616",2038,"Femmine",90,151352,164632,178336,"Istat"
"2617",2038,"Femmine",91,131218,144730,158858,"Istat"
"2618",2038,"Femmine",92,85380,95714,106669,"Istat"
"2619",2038,"Femmine",93,73393,83766,94932,"Istat"
"2620",2038,"Femmine",94,60135,70061,80929,"Istat"
"2621",2038,"Femmine",95,47241,56321,66451,"Istat"
"2622",2038,"Femmine",96,36693,44885,54220,"Istat"
"2623",2038,"Femmine",97,30107,37891,46976,"Istat"
"2624",2038,"Femmine",98,21438,27826,35488,"Istat"
"2625",2038,"Femmine",99,14562,19541,25693,"Istat"
"2626",2038,"Femmine",100,9024,41378,17039,"Istat"
"2627",2039,"Maschi",0,184527,206931,229760,"Istat"
"2628",2039,"Maschi",1,186191,207851,229727,"Istat"
"2629",2039,"Maschi",2,187781,208349,229374,"Istat"
"2630",2039,"Maschi",3,189012,208695,228701,"Istat"
"2631",2039,"Maschi",4,190269,208822,227685,"Istat"
"2632",2039,"Maschi",5,191149,208372,226109,"Istat"
"2633",2039,"Maschi",6,191647,207638,224190,"Istat"
"2634",2039,"Maschi",7,192344,207340,222529,"Istat"
"2635",2039,"Maschi",8,193217,207014,220972,"Istat"
"2636",2039,"Maschi",9,194018,206588,219189,"Istat"
"2637",2039,"Maschi",10,195052,206334,217642,"Istat"
"2638",2039,"Maschi",11,196387,206454,216449,"Istat"
"2639",2039,"Maschi",12,198008,206731,215358,"Istat"
"2640",2039,"Maschi",13,199568,207054,214359,"Istat"
"2641",2039,"Maschi",14,201492,207594,213862,"Istat"
"2642",2039,"Maschi",15,210105,213776,217556,"Istat"
"2643",2039,"Maschi",16,219140,222849,226682,"Istat"
"2644",2039,"Maschi",17,223746,227566,231517,"Istat"
"2645",2039,"Maschi",18,229205,233235,237391,"Istat"
"2646",2039,"Maschi",19,238414,242784,247208,"Istat"
"2647",2039,"Maschi",20,250747,255476,260281,"Istat"
"2648",2039,"Maschi",21,262794,267984,273214,"Istat"
"2649",2039,"Maschi",22,271840,277600,283355,"Istat"
"2650",2039,"Maschi",23,281002,287363,293727,"Istat"
"2651",2039,"Maschi",24,290964,297959,304979,"Istat"
"2652",2039,"Maschi",25,297114,304745,312460,"Istat"
"2653",2039,"Maschi",26,310881,319190,327608,"Istat"
"2654",2039,"Maschi",27,317718,326685,335789,"Istat"
"2655",2039,"Maschi",28,328562,338086,347778,"Istat"
"2656",2039,"Maschi",29,335083,345041,355236,"Istat"
"2657",2039,"Maschi",30,340328,350701,361370,"Istat"
"2658",2039,"Maschi",31,342787,353448,364438,"Istat"
"2659",2039,"Maschi",32,346403,357267,368489,"Istat"
"2660",2039,"Maschi",33,348640,359689,371069,"Istat"
"2661",2039,"Maschi",34,353825,364851,376227,"Istat"
"2662",2039,"Maschi",35,347819,358717,369965,"Istat"
"2663",2039,"Maschi",36,343857,354561,365626,"Istat"
"2664",2039,"Maschi",37,345666,356121,366898,"Istat"
"2665",2039,"Maschi",38,352725,362842,373254,"Istat"
"2666",2039,"Maschi",39,349246,358922,368904,"Istat"
"2667",2039,"Maschi",40,351427,360632,370136,"Istat"
"2668",2039,"Maschi",41,345202,353926,362945,"Istat"
"2669",2039,"Maschi",42,343164,351398,359921,"Istat"
"2670",2039,"Maschi",43,338663,346395,354413,"Istat"
"2671",2039,"Maschi",44,338073,345315,352837,"Istat"
"2672",2039,"Maschi",45,339632,346426,353490,"Istat"
"2673",2039,"Maschi",46,350355,356741,363325,"Istat"
"2674",2039,"Maschi",47,345311,351272,357418,"Istat"
"2675",2039,"Maschi",48,350455,356035,361770,"Istat"
"2676",2039,"Maschi",49,344983,350208,355544,"Istat"
"2677",2039,"Maschi",50,351442,356323,361271,"Istat"
"2678",2039,"Maschi",51,341587,346149,350739,"Istat"
"2679",2039,"Maschi",52,340298,344581,348879,"Istat"
"2680",2039,"Maschi",53,347211,351196,355219,"Istat"
"2681",2039,"Maschi",54,351323,355066,358861,"Istat"
"2682",2039,"Maschi",55,355109,358654,362234,"Istat"
"2683",2039,"Maschi",56,364077,367459,370811,"Istat"
"2684",2039,"Maschi",57,362956,366174,369346,"Istat"
"2685",2039,"Maschi",58,371067,374101,377127,"Istat"
"2686",2039,"Maschi",59,377564,380522,383447,"Istat"
"2687",2039,"Maschi",60,395213,398116,400998,"Istat"
"2688",2039,"Maschi",61,403799,406697,409615,"Istat"
"2689",2039,"Maschi",62,417767,420709,423651,"Istat"
"2690",2039,"Maschi",63,433713,436851,439873,"Istat"
"2691",2039,"Maschi",64,447030,450380,453521,"Istat"
"2692",2039,"Maschi",65,439628,443102,446370,"Istat"
"2693",2039,"Maschi",66,440174,443874,447301,"Istat"
"2694",2039,"Maschi",67,438007,441986,445613,"Istat"
"2695",2039,"Maschi",68,429266,433524,437370,"Istat"
"2696",2039,"Maschi",69,434496,439135,443353,"Istat"
"2697",2039,"Maschi",70,424851,429801,434298,"Istat"
"2698",2039,"Maschi",71,419089,424435,429289,"Istat"
"2699",2039,"Maschi",72,417135,423020,428344,"Istat"
"2700",2039,"Maschi",73,407892,414311,420094,"Istat"
"2701",2039,"Maschi",74,403757,410820,417164,"Istat"
"2702",2039,"Maschi",75,367893,375048,381496,"Istat"
"2703",2039,"Maschi",76,344987,352460,359179,"Istat"
"2704",2039,"Maschi",77,327075,334996,342121,"Istat"
"2705",2039,"Maschi",78,306328,314633,322100,"Istat"
"2706",2039,"Maschi",79,286874,295629,303501,"Istat"
"2707",2039,"Maschi",80,261226,270213,278328,"Istat"
"2708",2039,"Maschi",81,245653,255200,263882,"Istat"
"2709",2039,"Maschi",82,227447,237457,246616,"Istat"
"2710",2039,"Maschi",83,208431,218907,228504,"Istat"
"2711",2039,"Maschi",84,190064,200941,210975,"Istat"
"2712",2039,"Maschi",85,166795,177765,187910,"Istat"
"2713",2039,"Maschi",86,147727,158933,169352,"Istat"
"2714",2039,"Maschi",87,131144,142624,153396,"Istat"
"2715",2039,"Maschi",88,119014,131085,142531,"Istat"
"2716",2039,"Maschi",89,103040,115168,126812,"Istat"
"2717",2039,"Maschi",90,90277,102619,114625,"Istat"
"2718",2039,"Maschi",91,72725,84254,95634,"Istat"
"2719",2039,"Maschi",92,58306,69022,79768,"Istat"
"2720",2039,"Maschi",93,35060,42489,50104,"Istat"
"2721",2039,"Maschi",94,27610,34387,41475,"Istat"
"2722",2039,"Maschi",95,20424,26229,32431,"Istat"
"2723",2039,"Maschi",96,14547,19329,24563,"Istat"
"2724",2039,"Maschi",97,10190,14056,18409,"Istat"
"2725",2039,"Maschi",98,7537,10815,14613,"Istat"
"2726",2039,"Maschi",99,4878,7294,10184,"Istat"
"2727",2039,"Maschi",100,2956,43870,6665,"Istat"
"2728",2039,"Femmine",0,173701,194824,216303,"Istat"
"2729",2039,"Femmine",1,175171,195588,216178,"Istat"
"2730",2039,"Femmine",2,176531,195924,215684,"Istat"
"2731",2039,"Femmine",3,177562,196090,214882,"Istat"
"2732",2039,"Femmine",4,178578,196018,213781,"Istat"
"2733",2039,"Femmine",5,179155,195362,212019,"Istat"
"2734",2039,"Femmine",6,179326,194398,209937,"Istat"
"2735",2039,"Femmine",7,179691,193805,208065,"Istat"
"2736",2039,"Femmine",8,180235,193149,206192,"Istat"
"2737",2039,"Femmine",9,180650,192366,204194,"Istat"
"2738",2039,"Femmine",10,181311,191706,202345,"Istat"
"2739",2039,"Femmine",11,182109,191352,200639,"Istat"
"2740",2039,"Femmine",12,183040,191087,199018,"Istat"
"2741",2039,"Femmine",13,183974,190795,197421,"Istat"
"2742",2039,"Femmine",14,185125,190606,196136,"Istat"
"2743",2039,"Femmine",15,193496,196489,199538,"Istat"
"2744",2039,"Femmine",16,200559,203507,206504,"Istat"
"2745",2039,"Femmine",17,206500,209418,212391,"Istat"
"2746",2039,"Femmine",18,209028,211942,214916,"Istat"
"2747",2039,"Femmine",19,218466,221437,224470,"Istat"
"2748",2039,"Femmine",20,227634,230733,233903,"Istat"
"2749",2039,"Femmine",21,237719,241007,244394,"Istat"
"2750",2039,"Femmine",22,246518,250109,253828,"Istat"
"2751",2039,"Femmine",23,253152,257127,261244,"Istat"
"2752",2039,"Femmine",24,261253,265665,270246,"Istat"
"2753",2039,"Femmine",25,265831,270752,275820,"Istat"
"2754",2039,"Femmine",26,277443,282885,288445,"Istat"
"2755",2039,"Femmine",27,282338,288281,294385,"Istat"
"2756",2039,"Femmine",28,290247,296675,303254,"Istat"
"2757",2039,"Femmine",29,295787,302662,309644,"Istat"
"2758",2039,"Femmine",30,300682,307923,315271,"Istat"
"2759",2039,"Femmine",31,300087,307592,315270,"Istat"
"2760",2039,"Femmine",32,301025,308787,316698,"Istat"
"2761",2039,"Femmine",33,299963,307906,315975,"Istat"
"2762",2039,"Femmine",34,304656,312702,320846,"Istat"
"2763",2039,"Femmine",35,299818,307888,316027,"Istat"
"2764",2039,"Femmine",36,297859,305839,313889,"Istat"
"2765",2039,"Femmine",37,299675,307513,315417,"Istat"
"2766",2039,"Femmine",38,304131,311774,319498,"Istat"
"2767",2039,"Femmine",39,300330,307730,315220,"Istat"
"2768",2039,"Femmine",40,300587,307704,314908,"Istat"
"2769",2039,"Femmine",41,301220,308018,314899,"Istat"
"2770",2039,"Femmine",42,302810,309282,315835,"Istat"
"2771",2039,"Femmine",43,302776,308924,315168,"Istat"
"2772",2039,"Femmine",44,307513,313358,319293,"Istat"
"2773",2039,"Femmine",45,313904,319482,325128,"Istat"
"2774",2039,"Femmine",46,326703,332019,337385,"Istat"
"2775",2039,"Femmine",47,326168,331245,336340,"Istat"
"2776",2039,"Femmine",48,331547,336384,341253,"Istat"
"2777",2039,"Femmine",49,332318,336938,341582,"Istat"
"2778",2039,"Femmine",50,339309,343736,348170,"Istat"
"2779",2039,"Femmine",51,333564,337782,342021,"Istat"
"2780",2039,"Femmine",52,334806,338831,342875,"Istat"
"2781",2039,"Femmine",53,344817,348664,352557,"Istat"
"2782",2039,"Femmine",54,350117,353814,357560,"Istat"
"2783",2039,"Femmine",55,355061,358627,362246,"Istat"
"2784",2039,"Femmine",56,366461,369886,373387,"Istat"
"2785",2039,"Femmine",57,368281,371612,374995,"Istat"
"2786",2039,"Femmine",58,374656,377888,381128,"Istat"
"2787",2039,"Femmine",59,386677,389824,392970,"Istat"
"2788",2039,"Femmine",60,404663,407700,410770,"Istat"
"2789",2039,"Femmine",61,416980,419992,422969,"Istat"
"2790",2039,"Femmine",62,432893,435897,438868,"Istat"
"2791",2039,"Femmine",63,451220,454218,457188,"Istat"
"2792",2039,"Femmine",64,466587,469684,472696,"Istat"
"2793",2039,"Femmine",65,462819,465924,468945,"Istat"
"2794",2039,"Femmine",66,463730,466881,469935,"Istat"
"2795",2039,"Femmine",67,467058,470331,473419,"Istat"
"2796",2039,"Femmine",68,459362,462730,465896,"Istat"
"2797",2039,"Femmine",69,468722,472261,475647,"Istat"
"2798",2039,"Femmine",70,461791,465480,468963,"Istat"
"2799",2039,"Femmine",71,460642,464554,468197,"Istat"
"2800",2039,"Femmine",72,459073,463262,467193,"Istat"
"2801",2039,"Femmine",73,453280,457736,461916,"Istat"
"2802",2039,"Femmine",74,454195,459048,463568,"Istat"
"2803",2039,"Femmine",75,422453,427430,432068,"Istat"
"2804",2039,"Femmine",76,402414,407685,412568,"Istat"
"2805",2039,"Femmine",77,387984,393603,398866,"Istat"
"2806",2039,"Femmine",78,368205,374181,379822,"Istat"
"2807",2039,"Femmine",79,350517,356900,362980,"Istat"
"2808",2039,"Femmine",80,326807,333583,340088,"Istat"
"2809",2039,"Femmine",81,313485,320902,328058,"Istat"
"2810",2039,"Femmine",82,295785,303790,311576,"Istat"
"2811",2039,"Femmine",83,278299,287067,295586,"Istat"
"2812",2039,"Femmine",84,261092,270656,279994,"Istat"
"2813",2039,"Femmine",85,234000,243933,253715,"Istat"
"2814",2039,"Femmine",86,215596,226276,236866,"Istat"
"2815",2039,"Femmine",87,198058,209567,221050,"Istat"
"2816",2039,"Femmine",88,186648,199371,212190,"Istat"
"2817",2039,"Femmine",89,167934,181426,195176,"Istat"
"2818",2039,"Femmine",90,154338,168961,184022,"Istat"
"2819",2039,"Femmine",91,130010,144505,159641,"Istat"
"2820",2039,"Femmine",92,110327,124771,140050,"Istat"
"2821",2039,"Femmine",93,70112,80879,92485,"Istat"
"2822",2039,"Femmine",94,58784,69324,80876,"Istat"
"2823",2039,"Femmine",95,46861,56667,67635,"Istat"
"2824",2039,"Femmine",96,35761,44466,54429,"Istat"
"2825",2039,"Femmine",97,26958,34570,43510,"Istat"
"2826",2039,"Femmine",98,21395,28378,36819,"Istat"
"2827",2039,"Femmine",99,14661,20166,27040,"Istat"
"2828",2039,"Femmine",100,9547,43870,18963,"Istat"
"2829",2040,"Maschi",0,183530,206875,230707,"Istat"
"2830",2040,"Maschi",1,185522,208139,231043,"Istat"
"2831",2040,"Maschi",2,187244,208990,230973,"Istat"
"2832",2040,"Maschi",3,188679,209397,230578,"Istat"
"2833",2040,"Maschi",4,189873,209667,229706,"Istat"
"2834",2040,"Maschi",5,191067,209733,228781,"Istat"
"2835",2040,"Maschi",6,191853,209231,227105,"Istat"
"2836",2040,"Maschi",7,192232,208452,225076,"Istat"
"2837",2040,"Maschi",8,192900,208120,223454,"Istat"
"2838",2040,"Maschi",9,193758,207774,221798,"Istat"
"2839",2040,"Maschi",10,194648,207344,220032,"Istat"
"2840",2040,"Maschi",11,195637,207101,218555,"Istat"
"2841",2040,"Maschi",12,197035,207251,217343,"Istat"
"2842",2040,"Maschi",13,198713,207585,216331,"Istat"
"2843",2040,"Maschi",14,200300,208005,215558,"Istat"
"2844",2040,"Maschi",15,202374,208705,215241,"Istat"
"2845",2040,"Maschi",16,211063,215141,219356,"Istat"
"2846",2040,"Maschi",17,220447,224625,228962,"Istat"
"2847",2040,"Maschi",18,225414,229822,234380,"Istat"
"2848",2040,"Maschi",19,231196,235942,240782,"Istat"
"2849",2040,"Maschi",20,240747,245875,251087,"Istat"
"2850",2040,"Maschi",21,253250,258849,264517,"Istat"
"2851",2040,"Maschi",22,265323,271491,277699,"Istat"
"2852",2040,"Maschi",23,274285,281083,287910,"Istat"
"2853",2040,"Maschi",24,283236,290707,298206,"Istat"
"2854",2040,"Maschi",25,292951,301112,309371,"Istat"
"2855",2040,"Maschi",26,298859,307709,316686,"Istat"
"2856",2040,"Maschi",27,312479,321991,331684,"Istat"
"2857",2040,"Maschi",28,319237,329349,339686,"Istat"
"2858",2040,"Maschi",29,329997,340619,351537,"Istat"
"2859",2040,"Maschi",30,336409,347443,358858,"Istat"
"2860",2040,"Maschi",31,341610,352969,364803,"Istat"
"2861",2040,"Maschi",32,343915,355580,367691,"Istat"
"2862",2040,"Maschi",33,347481,359257,371553,"Istat"
"2863",2040,"Maschi",34,349651,361537,373857,"Istat"
"2864",2040,"Maschi",35,354717,366555,378814,"Istat"
"2865",2040,"Maschi",36,348610,360281,372325,"Istat"
"2866",2040,"Maschi",37,344512,355985,367798,"Istat"
"2867",2040,"Maschi",38,346238,357402,368877,"Istat"
"2868",2040,"Maschi",39,353226,363979,375004,"Istat"
"2869",2040,"Maschi",40,349641,359923,370465,"Istat"
"2870",2040,"Maschi",41,351722,361498,371553,"Istat"
"2871",2040,"Maschi",42,345415,354669,364195,"Istat"
"2872",2040,"Maschi",43,343305,352022,361019,"Istat"
"2873",2040,"Maschi",44,338712,346910,355378,"Istat"
"2874",2040,"Maschi",45,338025,345722,353684,"Istat"
"2875",2040,"Maschi",46,339499,346730,354188,"Istat"
"2876",2040,"Maschi",47,350182,356934,363891,"Istat"
"2877",2040,"Maschi",48,345058,351375,357866,"Istat"
"2878",2040,"Maschi",49,350123,356036,362095,"Istat"
"2879",2040,"Maschi",50,344591,350121,355772,"Istat"
"2880",2040,"Maschi",51,350968,356126,361356,"Istat"
"2881",2040,"Maschi",52,341035,345871,350746,"Istat"
"2882",2040,"Maschi",53,339688,344202,348747,"Istat"
"2883",2040,"Maschi",54,346461,350693,354966,"Istat"
"2884",2040,"Maschi",55,350451,354436,358477,"Istat"
"2885",2040,"Maschi",56,354096,357892,361685,"Istat"
"2886",2040,"Maschi",57,362913,366537,370110,"Istat"
"2887",2040,"Maschi",58,361700,365116,368502,"Istat"
"2888",2040,"Maschi",59,369568,372859,376115,"Istat"
"2889",2040,"Maschi",60,375888,379082,382257,"Istat"
"2890",2040,"Maschi",61,393213,396401,399583,"Istat"
"2891",2040,"Maschi",62,401512,404715,407926,"Istat"
"2892",2040,"Maschi",63,415083,418399,421682,"Istat"
"2893",2040,"Maschi",64,430610,434166,437500,"Istat"
"2894",2040,"Maschi",65,443461,447286,450864,"Istat"
"2895",2040,"Maschi",66,435757,439713,443415,"Istat"
"2896",2040,"Maschi",67,435815,440099,444013,"Istat"
"2897",2040,"Maschi",68,433217,437809,441952,"Istat"
"2898",2040,"Maschi",69,424091,428976,433410,"Istat"
"2899",2040,"Maschi",70,428639,434006,438858,"Istat"
"2900",2040,"Maschi",71,418440,424200,429403,"Istat"
"2901",2040,"Maschi",72,412015,418241,423863,"Istat"
"2902",2040,"Maschi",73,409213,416115,422330,"Istat"
"2903",2040,"Maschi",74,399276,406731,413444,"Istat"
"2904",2040,"Maschi",75,394208,402376,409753,"Istat"
"2905",2040,"Maschi",76,358110,366391,373856,"Istat"
"2906",2040,"Maschi",77,334593,343276,351070,"Istat"
"2907",2040,"Maschi",78,315935,325121,333365,"Istat"
"2908",2040,"Maschi",79,294480,304112,312737,"Istat"
"2909",2040,"Maschi",80,274296,284395,293519,"Istat"
"2910",2040,"Maschi",81,248207,258527,267928,"Istat"
"2911",2040,"Maschi",82,231666,242590,252589,"Istat"
"2912",2040,"Maschi",83,212587,224021,234489,"Istat"
"2913",2040,"Maschi",84,192769,204662,215610,"Istat"
"2914",2040,"Maschi",85,173610,185933,197304,"Istat"
"2915",2040,"Maschi",86,150294,162579,173978,"Istat"
"2916",2040,"Maschi",87,131063,143427,155007,"Istat"
"2917",2040,"Maschi",88,114300,126779,138583,"Istat"
"2918",2040,"Maschi",89,101660,114571,126906,"Istat"
"2919",2040,"Maschi",90,86088,98812,111125,"Istat"
"2920",2040,"Maschi",91,73643,86306,98749,"Istat"
"2921",2040,"Maschi",92,57807,69341,80886,"Istat"
"2922",2040,"Maschi",93,45069,55499,66155,"Istat"
"2923",2040,"Maschi",94,26282,33307,40669,"Istat"
"2924",2040,"Maschi",95,20024,26234,32909,"Istat"
"2925",2040,"Maschi",96,14300,19439,25112,"Istat"
"2926",2040,"Maschi",97,9853,13942,18597,"Istat"
"2927",2040,"Maschi",98,6676,9862,13614,"Istat"
"2928",2040,"Maschi",99,4763,7357,10520,"Istat"
"2929",2040,"Maschi",100,2956,46150,7097,"Istat"
"2930",2040,"Femmine",0,172788,194780,217212,"Istat"
"2931",2040,"Femmine",1,174600,195888,217454,"Istat"
"2932",2040,"Femmine",2,176141,196575,217271,"Istat"
"2933",2040,"Femmine",3,177268,196819,216698,"Istat"
"2934",2040,"Femmine",4,178302,196917,215751,"Istat"
"2935",2040,"Femmine",5,179268,196793,214699,"Istat"
"2936",2040,"Femmine",6,179790,196096,212955,"Istat"
"2937",2040,"Femmine",7,179891,195100,210727,"Istat"
"2938",2040,"Femmine",8,180244,194479,208859,"Istat"
"2939",2040,"Femmine",9,180763,193801,206936,"Istat"
"2940",2040,"Femmine",10,181128,192999,204935,"Istat"
"2941",2040,"Femmine",11,181782,192322,202996,"Istat"
"2942",2040,"Femmine",12,182535,191952,201347,"Istat"
"2943",2040,"Femmine",13,183484,191676,199705,"Istat"
"2944",2040,"Femmine",14,184436,191381,198154,"Istat"
"2945",2040,"Femmine",15,185540,191213,196974,"Istat"
"2946",2040,"Femmine",16,193882,197156,200494,"Istat"
"2947",2040,"Femmine",17,201053,204296,207605,"Istat"
"2948",2040,"Femmine",18,207170,210407,213716,"Istat"
"2949",2040,"Femmine",19,209916,213216,216579,"Istat"
"2950",2040,"Femmine",20,219644,223058,226569,"Istat"
"2951",2040,"Femmine",21,229054,232694,236420,"Istat"
"2952",2040,"Femmine",22,239271,243194,247259,"Istat"
"2953",2040,"Femmine",23,248019,252341,256829,"Istat"
"2954",2040,"Femmine",24,254472,259274,264228,"Istat"
"2955",2040,"Femmine",25,262369,267695,273185,"Istat"
"2956",2040,"Femmine",26,266809,272688,278712,"Istat"
"2957",2040,"Femmine",27,278374,284757,291321,"Istat"
"2958",2040,"Femmine",28,283209,290112,297188,"Istat"
"2959",2040,"Femmine",29,291111,298469,305981,"Istat"
"2960",2040,"Femmine",30,296634,304415,312328,"Istat"
"2961",2040,"Femmine",31,301501,309625,317867,"Istat"
"2962",2040,"Femmine",32,300857,309236,317751,"Istat"
"2963",2040,"Femmine",33,301766,310366,319066,"Istat"
"2964",2040,"Femmine",34,300671,309416,318240,"Istat"
"2965",2040,"Femmine",35,305330,314139,323020,"Istat"
"2966",2040,"Femmine",36,300476,309254,318094,"Istat"
"2967",2040,"Femmine",37,298490,307134,315838,"Istat"
"2968",2040,"Femmine",38,300281,308738,317240,"Istat"
"2969",2040,"Femmine",39,304710,312930,321193,"Istat"
"2970",2040,"Femmine",40,300880,308825,316813,"Istat"
"2971",2040,"Femmine",41,301104,308738,316412,"Istat"
"2972",2040,"Femmine",42,301695,308994,316350,"Istat"
"2973",2040,"Femmine",43,303246,310200,317209,"Istat"
"2974",2040,"Femmine",44,303175,309784,316477,"Istat"
"2975",2040,"Femmine",45,307876,314158,320514,"Istat"
"2976",2040,"Femmine",46,314231,320222,326275,"Istat"
"2977",2040,"Femmine",47,326973,332693,338440,"Istat"
"2978",2040,"Femmine",48,326406,331864,337340,"Istat"
"2979",2040,"Femmine",49,331722,336938,342158,"Istat"
"2980",2040,"Femmine",50,332443,337426,342421,"Istat"
"2981",2040,"Femmine",51,339391,344145,348913,"Istat"
"2982",2040,"Femmine",52,333589,338125,342672,"Istat"
"2983",2040,"Femmine",53,334765,339095,343463,"Istat"
"2984",2040,"Femmine",54,344683,348831,353039,"Istat"
"2985",2040,"Femmine",55,349878,353885,357943,"Istat"
"2986",2040,"Femmine",56,354751,358599,362521,"Istat"
"2987",2040,"Femmine",57,366018,369738,373510,"Istat"
"2988",2040,"Femmine",58,367735,371355,374996,"Istat"
"2989",2040,"Femmine",59,373966,377500,381019,"Istat"
"2990",2040,"Femmine",60,385880,389279,392669,"Istat"
"2991",2040,"Femmine",61,403646,406965,410294,"Istat"
"2992",2040,"Femmine",62,415762,419068,422330,"Istat"
"2993",2040,"Femmine",63,431465,434749,438032,"Istat"
"2994",2040,"Femmine",64,449462,452808,456089,"Istat"
"2995",2040,"Femmine",65,464553,467999,471357,"Istat"
"2996",2040,"Femmine",66,460553,464037,467376,"Istat"
"2997",2040,"Femmine",67,461232,464757,468118,"Istat"
"2998",2040,"Femmine",68,464218,467935,471408,"Istat"
"2999",2040,"Femmine",69,456306,460093,463687,"Istat"
"3000",2040,"Femmine",70,465218,469226,473045,"Istat"
"3001",2040,"Femmine",71,457908,462117,466053,"Istat"
"3002",2040,"Femmine",72,456266,460776,464978,"Istat"
"3003",2040,"Femmine",73,454199,459012,463533,"Istat"
"3004",2040,"Femmine",74,447827,453000,457804,"Istat"
"3005",2040,"Femmine",75,448008,453665,458900,"Istat"
"3006",2040,"Femmine",76,415887,421724,427106,"Istat"
"3007",2040,"Femmine",77,395324,401454,407152,"Istat"
"3008",2040,"Femmine",78,380108,386693,392879,"Istat"
"3009",2040,"Femmine",79,359571,366587,373200,"Istat"
"3010",2040,"Femmine",80,340979,348499,355685,"Istat"
"3011",2040,"Femmine",81,316404,324427,332084,"Istat"
"3012",2040,"Femmine",82,301854,310633,319080,"Istat"
"3013",2040,"Femmine",83,282973,292478,301689,"Istat"
"3014",2040,"Femmine",84,264288,274592,284595,"Istat"
"3015",2040,"Femmine",85,245746,256924,267847,"Istat"
"3016",2040,"Femmine",86,217997,229523,240894,"Istat"
"3017",2040,"Femmine",87,198385,210708,222944,"Istat"
"3018",2040,"Femmine",88,179677,192806,205979,"Istat"
"3019",2040,"Femmine",89,166575,180908,195456,"Istat"
"3020",2040,"Femmine",90,147141,162089,177407,"Istat"
"3021",2040,"Femmine",91,132584,148444,164956,"Istat"
"3022",2040,"Femmine",92,109308,124678,140952,"Istat"
"3023",2040,"Femmine",93,90633,105586,121666,"Istat"
"3024",2040,"Femmine",94,56132,66987,78922,"Istat"
"3025",2040,"Femmine",95,45805,56145,67745,"Istat"
"3026",2040,"Femmine",96,35466,44799,55542,"Istat"
"3027",2040,"Femmine",97,26267,34300,43806,"Istat"
"3028",2040,"Femmine",98,19154,25938,34218,"Istat"
"3029",2040,"Femmine",99,14626,20605,28157,"Istat"
"3030",2040,"Femmine",100,9608,46150,20033,"Istat"
"3031",2041,"Maschi",0,182417,206799,231554,"Istat"
"3032",2041,"Maschi",1,184531,208071,231934,"Istat"
"3033",2041,"Maschi",2,186562,209267,232309,"Istat"
"3034",2041,"Maschi",3,188201,210028,232065,"Istat"
"3035",2041,"Maschi",4,189485,210358,231601,"Istat"
"3036",2041,"Maschi",5,190690,210568,230700,"Istat"
"3037",2041,"Maschi",6,191796,210583,229722,"Istat"
"3038",2041,"Maschi",7,192458,210036,228048,"Istat"
"3039",2041,"Maschi",8,192787,209223,226067,"Istat"
"3040",2041,"Maschi",9,193455,208872,224315,"Istat"
"3041",2041,"Maschi",10,194343,208523,222706,"Istat"
"3042",2041,"Maschi",11,195109,208104,220881,"Istat"
"3043",2041,"Maschi",12,196206,207890,219441,"Istat"
"3044",2041,"Maschi",13,197688,208097,218337,"Istat"
"3045",2041,"Maschi",14,199492,208526,217495,"Istat"
"3046",2041,"Maschi",15,201216,209105,216874,"Istat"
"3047",2041,"Maschi",16,203514,210057,216845,"Istat"
"3048",2041,"Maschi",17,212347,216901,221618,"Istat"
"3049",2041,"Maschi",18,222072,226860,231828,"Istat"
"3050",2041,"Maschi",19,227385,232503,237791,"Istat"
"3051",2041,"Maschi",20,233469,239004,244636,"Istat"
"3052",2041,"Maschi",21,243195,249217,255330,"Istat"
"3053",2041,"Maschi",22,255709,262323,269005,"Istat"
"3054",2041,"Maschi",23,267689,274941,282255,"Istat"
"3055",2041,"Maschi",24,276450,284394,292412,"Istat"
"3056",2041,"Maschi",25,285162,293828,302590,"Istat"
"3057",2041,"Maschi",26,294651,304044,313574,"Istat"
"3058",2041,"Maschi",27,300385,310483,320776,"Istat"
"3059",2041,"Maschi",28,313901,324626,335611,"Istat"
"3060",2041,"Maschi",29,320605,331856,343442,"Istat"
"3061",2041,"Maschi",30,331298,342996,355089,"Istat"
"3062",2041,"Maschi",31,337594,349687,362218,"Istat"
"3063",2041,"Maschi",32,342642,355076,367917,"Istat"
"3064",2041,"Maschi",33,344919,357548,370608,"Istat"
"3065",2041,"Maschi",34,348391,361085,374264,"Istat"
"3066",2041,"Maschi",35,350498,363223,376458,"Istat"
"3067",2041,"Maschi",36,355467,368098,381196,"Istat"
"3068",2041,"Maschi",37,349267,361686,374534,"Istat"
"3069",2041,"Maschi",38,345069,357252,369785,"Istat"
"3070",2041,"Maschi",39,346711,358530,370690,"Istat"
"3071",2041,"Maschi",40,353611,364966,376589,"Istat"
"3072",2041,"Maschi",41,349932,360781,371905,"Istat"
"3073",2041,"Maschi",42,351911,362228,372825,"Istat"
"3074",2041,"Maschi",43,345518,355284,365310,"Istat"
"3075",2041,"Maschi",44,343317,352527,361993,"Istat"
"3076",2041,"Maschi",45,338654,347313,356216,"Istat"
"3077",2041,"Maschi",46,337895,346026,354399,"Istat"
"3078",2041,"Maschi",47,339327,346937,354788,"Istat"
"3079",2041,"Maschi",48,349926,357032,364374,"Istat"
"3080",2041,"Maschi",49,344731,351386,358229,"Istat"
"3081",2041,"Maschi",50,349738,355945,362330,"Istat"
"3082",2041,"Maschi",51,344132,349941,355859,"Istat"
"3083",2041,"Maschi",52,350392,355837,361350,"Istat"
"3084",2041,"Maschi",53,340413,345499,350639,"Istat"
"3085",2041,"Maschi",54,338959,343727,348525,"Istat"
"3086",2041,"Maschi",55,345611,350089,354628,"Istat"
"3087",2041,"Maschi",56,349469,353702,357964,"Istat"
"3088",2041,"Maschi",57,352984,357020,361035,"Istat"
"3089",2041,"Maschi",58,361660,365497,369288,"Istat"
"3090",2041,"Maschi",59,360295,363934,367545,"Istat"
"3091",2041,"Maschi",60,367938,371480,374979,"Istat"
"3092",2041,"Maschi",61,374019,377488,380918,"Istat"
"3093",2041,"Maschi",62,390996,394508,398007,"Istat"
"3094",2041,"Maschi",63,399005,402542,406062,"Istat"
"3095",2041,"Maschi",64,412121,415880,419456,"Istat"
"3096",2041,"Maschi",65,427178,431243,435017,"Istat"
"3097",2041,"Maschi",66,439596,443925,447951,"Istat"
"3098",2041,"Maschi",67,431487,436041,440220,"Istat"
"3099",2041,"Maschi",68,431131,436015,440450,"Istat"
"3100",2041,"Maschi",69,427982,433296,438069,"Istat"
"3101",2041,"Maschi",70,418439,424062,429145,"Istat"
"3102",2041,"Maschi",71,422220,428449,434057,"Istat"
"3103",2041,"Maschi",72,411475,418123,424127,"Istat"
"3104",2041,"Maschi",73,404260,411528,418056,"Istat"
"3105",2041,"Maschi",74,400668,408629,415806,"Istat"
"3106",2041,"Maschi",75,389887,398519,406271,"Istat"
"3107",2041,"Maschi",76,383787,393228,401715,"Istat"
"3108",2041,"Maschi",77,347401,356999,365613,"Istat"
"3109",2041,"Maschi",78,323302,333307,342306,"Istat"
"3110",2041,"Maschi",79,303861,314409,323835,"Istat"
"3111",2041,"Maschi",80,281702,292713,302647,"Istat"
"3112",2041,"Maschi",81,260713,272251,282742,"Istat"
"3113",2041,"Maschi",82,234126,245917,256648,"Istat"
"3114",2041,"Maschi",83,216585,229007,240385,"Istat"
"3115",2041,"Maschi",84,196728,209613,221488,"Istat"
"3116",2041,"Maschi",85,176204,189518,201846,"Istat"
"3117",2041,"Maschi",86,156531,170165,182870,"Istat"
"3118",2041,"Maschi",87,133364,146831,159464,"Istat"
"3119",2041,"Maschi",88,114226,127602,140264,"Istat"
"3120",2041,"Maschi",89,97627,110900,123624,"Istat"
"3121",2041,"Maschi",90,84944,98383,111454,"Istat"
"3122",2041,"Maschi",91,70245,83174,95960,"Istat"
"3123",2041,"Maschi",92,58553,71086,83697,"Istat"
"3124",2041,"Maschi",93,44676,55785,67207,"Istat"
"3125",2041,"Maschi",94,33790,43548,53824,"Istat"
"3126",2041,"Maschi",95,19059,25426,32339,"Istat"
"3127",2041,"Maschi",96,14012,19459,25547,"Istat"
"3128",2041,"Maschi",97,9677,14033,19066,"Istat"
"3129",2041,"Maschi",98,6451,9794,13798,"Istat"
"3130",2041,"Maschi",99,4213,6715,9835,"Istat"
"3131",2041,"Maschi",100,2882,48011,7363,"Istat"
"3132",2041,"Femmine",0,171762,194713,217990,"Istat"
"3133",2041,"Femmine",1,173671,195845,218303,"Istat"
"3134",2041,"Femmine",2,175483,196876,218560,"Istat"
"3135",2041,"Femmine",3,176911,197471,218235,"Istat"
"3136",2041,"Femmine",4,178041,197648,217635,"Istat"
"3137",2041,"Femmine",5,179004,197694,216605,"Istat"
"3138",2041,"Femmine",6,179944,197529,215531,"Istat"
"3139",2041,"Femmine",7,180379,196799,213699,"Istat"
"3140",2041,"Femmine",8,180388,195776,211520,"Istat"
"3141",2041,"Femmine",9,180726,195133,209579,"Istat"
"3142",2041,"Femmine",10,181228,194436,207680,"Istat"
"3143",2041,"Femmine",11,181589,193617,205562,"Istat"
"3144",2041,"Femmine",12,182118,192924,203689,"Istat"
"3145",2041,"Femmine",13,182984,192543,201976,"Istat"
"3146",2041,"Femmine",14,183985,192264,200471,"Istat"
"3147",2041,"Femmine",15,184821,191989,198940,"Istat"
"3148",2041,"Femmine",16,186009,191882,197849,"Istat"
"3149",2041,"Femmine",17,194356,197947,201597,"Istat"
"3150",2041,"Femmine",18,201704,205286,208945,"Istat"
"3151",2041,"Femmine",19,208047,211682,215399,"Istat"
"3152",2041,"Femmine",20,211085,214838,218709,"Istat"
"3153",2041,"Femmine",21,221039,225020,229109,"Istat"
"3154",2041,"Femmine",22,230588,234882,239308,"Istat"
"3155",2041,"Femmine",23,240740,245429,250293,"Istat"
"3156",2041,"Femmine",24,249321,254493,259855,"Istat"
"3157",2041,"Femmine",25,255579,261310,267215,"Istat"
"3158",2041,"Femmine",26,263336,269638,276086,"Istat"
"3159",2041,"Femmine",27,267737,274568,281598,"Istat"
"3160",2041,"Femmine",28,279233,286595,294158,"Istat"
"3161",2041,"Femmine",29,284033,291914,299936,"Istat"
"3162",2041,"Femmine",30,291914,300229,308680,"Istat"
"3163",2041,"Femmine",31,297398,306123,314941,"Istat"
"3164",2041,"Femmine",32,302224,311274,320413,"Istat"
"3165",2041,"Femmine",33,301566,310820,320186,"Istat"
"3166",2041,"Femmine",34,302500,311881,321383,"Istat"
"3167",2041,"Femmine",35,301372,310858,320443,"Istat"
"3168",2041,"Femmine",36,306000,315508,325108,"Istat"
"3169",2041,"Femmine",37,301112,310552,320087,"Istat"
"3170",2041,"Femmine",38,299076,308363,317736,"Istat"
"3171",2041,"Femmine",39,300817,309900,319053,"Istat"
"3172",2041,"Femmine",40,305215,314027,322896,"Istat"
"3173",2041,"Femmine",41,301359,309863,318429,"Istat"
"3174",2041,"Femmine",42,301561,309718,317941,"Istat"
"3175",2041,"Femmine",43,302125,309916,317781,"Istat"
"3176",2041,"Femmine",44,303637,311064,318572,"Istat"
"3177",2041,"Femmine",45,303527,310591,317721,"Istat"
"3178",2041,"Femmine",46,308179,314908,321691,"Istat"
"3179",2041,"Femmine",47,314503,320912,327379,"Istat"
"3180",2041,"Femmine",48,327205,333316,339455,"Istat"
"3181",2041,"Femmine",49,326583,332428,338276,"Istat"
"3182",2041,"Femmine",50,331851,337433,343011,"Istat"
"3183",2041,"Femmine",51,332521,337851,343184,"Istat"
"3184",2041,"Femmine",52,339405,344487,349604,"Istat"
"3185",2041,"Femmine",53,333545,338398,343274,"Istat"
"3186",2041,"Femmine",54,334656,339286,343975,"Istat"
"3187",2041,"Femmine",55,344448,348920,353442,"Istat"
"3188",2041,"Femmine",56,349570,353875,358255,"Istat"
"3189",2041,"Femmine",57,354351,358485,362709,"Istat"
"3190",2041,"Femmine",58,365464,369496,373566,"Istat"
"3191",2041,"Femmine",59,367091,370996,374924,"Istat"
"3192",2041,"Femmine",60,373214,377003,380793,"Istat"
"3193",2041,"Femmine",61,384971,388615,392306,"Istat"
"3194",2041,"Femmine",62,402466,406101,409683,"Istat"
"3195",2041,"Femmine",63,414396,418001,421558,"Istat"
"3196",2041,"Femmine",64,429842,433439,437003,"Istat"
"3197",2041,"Femmine",65,447490,451225,454827,"Istat"
"3198",2041,"Femmine",66,462338,466132,469807,"Istat"
"3199",2041,"Femmine",67,458125,461962,465622,"Istat"
"3200",2041,"Femmine",68,458453,462431,466157,"Istat"
"3201",2041,"Femmine",69,461163,465308,469200,"Istat"
"3202",2041,"Femmine",70,452939,457189,461230,"Istat"
"3203",2041,"Femmine",71,461341,465888,470166,"Istat"
"3204",2041,"Femmine",72,453596,458420,462891,"Istat"
"3205",2041,"Femmine",73,451463,456615,461417,"Istat"
"3206",2041,"Femmine",74,448787,454336,459475,"Istat"
"3207",2041,"Femmine",75,441799,447776,453270,"Istat"
"3208",2041,"Femmine",76,441129,447698,453726,"Istat"
"3209",2041,"Femmine",77,408662,415385,421618,"Istat"
"3210",2041,"Femmine",78,387383,394511,401178,"Istat"
"3211",2041,"Femmine",79,371274,378965,386169,"Istat"
"3212",2041,"Femmine",80,349851,358076,365815,"Istat"
"3213",2041,"Femmine",81,330171,339064,347467,"Istat"
"3214",2041,"Femmine",82,304769,314185,323156,"Istat"
"3215",2041,"Femmine",83,288917,299201,309105,"Istat"
"3216",2041,"Femmine",84,268812,279922,290662,"Istat"
"3217",2041,"Femmine",85,248823,260818,272498,"Istat"
"3218",2041,"Femmine",86,228965,241872,254483,"Istat"
"3219",2041,"Femmine",87,200606,213867,226943,"Istat"
"3220",2041,"Femmine",88,180024,193999,207946,"Istat"
"3221",2041,"Femmine",89,160391,175080,189883,"Istat"
"3222",2041,"Femmine",90,145986,161764,177867,"Istat"
"3223",2041,"Femmine",91,126387,142525,159224,"Istat"
"3224",2041,"Femmine",92,111422,128193,145871,"Istat"
"3225",2041,"Femmine",93,89730,105590,122632,"Istat"
"3226",2041,"Femmine",94,72562,87574,104052,"Istat"
"3227",2041,"Femmine",95,43697,54292,66218,"Istat"
"3228",2041,"Femmine",96,34654,44442,55758,"Istat"
"3229",2041,"Femmine",97,26042,34601,44801,"Istat"
"3230",2041,"Femmine",98,18662,25774,34547,"Istat"
"3231",2041,"Femmine",99,13097,18866,26253,"Istat"
"3232",2041,"Femmine",100,9589,48011,20930,"Istat"
"3233",2042,"Maschi",0,181027,206222,232029,"Istat"
"3234",2042,"Maschi",1,183470,207995,232811,"Istat"
"3235",2042,"Maschi",2,185510,209200,233200,"Istat"
"3236",2042,"Maschi",3,187501,210306,233461,"Istat"
"3237",2042,"Maschi",4,188962,210990,233255,"Istat"
"3238",2042,"Maschi",5,190298,211261,232603,"Istat"
"3239",2042,"Maschi",6,191406,211419,231738,"Istat"
"3240",2042,"Maschi",7,192522,211389,230644,"Istat"
"3241",2042,"Maschi",8,193076,210808,228981,"Istat"
"3242",2042,"Maschi",9,193321,209976,226869,"Istat"
"3243",2042,"Maschi",10,194131,209621,225136,"Istat"
"3244",2042,"Maschi",11,194938,209283,223592,"Istat"
"3245",2042,"Maschi",12,195692,208894,221794,"Istat"
"3246",2042,"Maschi",13,196956,208736,220420,"Istat"
"3247",2042,"Maschi",14,198577,209039,219409,"Istat"
"3248",2042,"Maschi",15,200306,209626,218877,"Istat"
"3249",2042,"Maschi",16,202339,210457,218581,"Istat"
"3250",2042,"Maschi",17,204883,211817,218996,"Istat"
"3251",2042,"Maschi",18,213958,219136,224520,"Istat"
"3252",2042,"Maschi",19,224003,229538,235272,"Istat"
"3253",2042,"Maschi",20,229613,235563,241656,"Istat"
"3254",2042,"Maschi",21,235880,242345,248948,"Istat"
"3255",2042,"Maschi",22,245660,252693,259860,"Istat"
"3256",2042,"Maschi",23,258107,265775,273608,"Istat"
"3257",2042,"Maschi",24,269883,278255,286819,"Istat"
"3258",2042,"Maschi",25,278395,287520,296839,"Istat"
"3259",2042,"Maschi",26,286864,296768,306864,"Istat"
"3260",2042,"Maschi",27,296212,306825,317674,"Istat"
"3261",2042,"Maschi",28,301864,313130,324744,"Istat"
"3262",2042,"Maschi",29,315257,327143,339388,"Istat"
"3263",2042,"Maschi",30,321863,334244,347012,"Istat"
"3264",2042,"Maschi",31,332483,345250,358498,"Istat"
"3265",2042,"Maschi",32,338607,351803,365438,"Istat"
"3266",2042,"Maschi",33,343583,357052,370891,"Istat"
"3267",2042,"Maschi",34,345787,359383,373411,"Istat"
"3268",2042,"Maschi",35,349133,362779,376915,"Istat"
"3269",2042,"Maschi",36,351224,364775,378864,"Istat"
"3270",2042,"Maschi",37,356117,369505,383392,"Istat"
"3271",2042,"Maschi",38,349798,362956,376555,"Istat"
"3272",2042,"Maschi",39,345525,358387,371648,"Istat"
"3273",2042,"Maschi",40,347103,359527,372320,"Istat"
"3274",2042,"Maschi",41,353875,365827,378103,"Istat"
"3275",2042,"Maschi",42,350098,361518,373227,"Istat"
"3276",2042,"Maschi",43,351996,362845,373950,"Istat"
"3277",2042,"Maschi",44,345534,355796,366293,"Istat"
"3278",2042,"Maschi",45,343269,352934,362836,"Istat"
"3279",2042,"Maschi",46,338532,347626,356941,"Istat"
"3280",2042,"Maschi",47,337721,346244,355018,"Istat"
"3281",2042,"Maschi",48,339112,347059,355259,"Istat"
"3282",2042,"Maschi",49,349588,357048,364751,"Istat"
"3283",2042,"Maschi",50,344333,351316,358512,"Istat"
"3284",2042,"Maschi",51,349236,355771,362441,"Istat"
"3285",2042,"Maschi",52,343576,349679,355896,"Istat"
"3286",2042,"Maschi",53,349742,355461,361249,"Istat"
"3287",2042,"Maschi",54,339711,345039,350417,"Istat"
"3288",2042,"Maschi",55,338161,343160,348207,"Istat"
"3289",2042,"Maschi",56,344656,349389,354169,"Istat"
"3290",2042,"Maschi",57,348369,352865,357327,"Istat"
"3291",2042,"Maschi",58,351739,356040,360253,"Istat"
"3292",2042,"Maschi",59,360277,364341,368353,"Istat"
"3293",2042,"Maschi",60,358716,362625,366483,"Istat"
"3294",2042,"Maschi",61,366171,369956,373719,"Istat"
"3295",2042,"Maschi",62,371953,375732,379486,"Istat"
"3296",2042,"Maschi",63,388629,392437,396252,"Istat"
"3297",2042,"Maschi",64,396263,400175,404049,"Istat"
"3298",2042,"Maschi",65,408939,413139,417080,"Istat"
"3299",2042,"Maschi",66,423531,428069,432295,"Istat"
"3300",2042,"Maschi",67,435338,440285,444789,"Istat"
"3301",2042,"Maschi",68,426906,432070,436782,"Istat"
"3302",2042,"Maschi",69,425981,431606,436639,"Istat"
"3303",2042,"Maschi",70,422370,428423,433834,"Istat"
"3304",2042,"Maschi",71,412248,418737,424496,"Istat"
"3305",2042,"Maschi",72,415273,422419,428806,"Istat"
"3306",2042,"Maschi",73,403872,411535,418430,"Istat"
"3307",2042,"Maschi",74,395900,404247,411768,"Istat"
"3308",2042,"Maschi",75,391315,400515,408767,"Istat"
"3309",2042,"Maschi",76,379732,389617,398505,"Istat"
"3310",2042,"Maschi",77,372434,383299,393046,"Istat"
"3311",2042,"Maschi",78,335851,346797,356667,"Istat"
"3312",2042,"Maschi",79,311057,322484,332700,"Istat"
"3313",2042,"Maschi",80,290713,302791,313602,"Istat"
"3314",2042,"Maschi",81,267823,280376,291707,"Istat"
"3315",2042,"Maschi",82,246078,259131,270986,"Istat"
"3316",2042,"Maschi",83,219094,232313,244418,"Istat"
"3317",2042,"Maschi",84,200561,214420,227199,"Istat"
"3318",2042,"Maschi",85,179889,194269,207559,"Istat"
"3319",2042,"Maschi",86,158863,173581,187274,"Istat"
"3320",2042,"Maschi",87,138863,153791,167790,"Istat"
"3321",2042,"Maschi",88,116235,130735,144474,"Istat"
"3322",2042,"Maschi",89,97567,111716,125303,"Istat"
"3323",2042,"Maschi",90,81540,95310,108719,"Istat"
"3324",2042,"Maschi",91,69262,82884,96366,"Istat"
"3325",2042,"Maschi",92,55799,68565,81462,"Istat"
"3326",2042,"Maschi",93,45204,57235,69667,"Istat"
"3327",2042,"Maschi",94,33446,43795,54787,"Istat"
"3328",2042,"Maschi",95,24471,33277,42920,"Istat"
"3329",2042,"Maschi",96,13317,18875,25171,"Istat"
"3330",2042,"Maschi",97,9468,14060,19460,"Istat"
"3331",2042,"Maschi",98,6327,9866,14201,"Istat"
"3332",2042,"Maschi",99,4069,6677,10011,"Istat"
"3333",2042,"Maschi",100,2545,47608,6909,"Istat"
"3334",2042,"Femmine",0,170438,194171,218456,"Istat"
"3335",2042,"Femmine",1,172696,195780,219139,"Istat"
"3336",2042,"Femmine",2,174505,196835,219412,"Istat"
"3337",2042,"Femmine",3,176329,197774,219615,"Istat"
"3338",2042,"Femmine",4,177610,198302,219223,"Istat"
"3339",2042,"Femmine",5,178697,198427,218486,"Istat"
"3340",2042,"Femmine",6,179675,198432,217513,"Istat"
"3341",2042,"Femmine",7,180492,198234,216355,"Istat"
"3342",2042,"Femmine",8,180823,197477,214548,"Istat"
"3343",2042,"Femmine",9,180809,196431,212266,"Istat"
"3344",2042,"Femmine",10,181277,195769,210257,"Istat"
"3345",2042,"Femmine",11,181671,195055,208397,"Istat"
"3346",2042,"Femmine",12,181943,194221,206268,"Istat"
"3347",2042,"Femmine",13,182540,193516,204390,"Istat"
"3348",2042,"Femmine",14,183456,193132,202701,"Istat"
"3349",2042,"Femmine",15,184439,192874,201243,"Istat"
"3350",2042,"Femmine",16,185376,192660,199829,"Istat"
"3351",2042,"Femmine",17,186600,192674,198908,"Istat"
"3352",2042,"Femmine",18,194994,198939,202957,"Istat"
"3353",2042,"Femmine",19,202576,206563,210653,"Istat"
"3354",2042,"Femmine",20,209190,213305,217547,"Istat"
"3355",2042,"Femmine",21,212459,216802,221266,"Istat"
"3356",2042,"Femmine",22,222556,227211,232036,"Istat"
"3357",2042,"Femmine",23,232065,237122,242361,"Istat"
"3358",2042,"Femmine",24,242021,247586,253351,"Istat"
"3359",2042,"Femmine",25,250412,256535,262896,"Istat"
"3360",2042,"Femmine",26,256536,263261,270177,"Istat"
"3361",2042,"Femmine",27,264240,271526,279041,"Istat"
"3362",2042,"Femmine",28,268548,276416,284460,"Istat"
"3363",2042,"Femmine",29,280028,288405,296937,"Istat"
"3364",2042,"Femmine",30,284794,293682,302675,"Istat"
"3365",2042,"Femmine",31,292670,301946,311353,"Istat"
"3366",2042,"Femmine",32,298177,307781,317534,"Istat"
"3367",2042,"Femmine",33,302976,312865,322899,"Istat"
"3368",2042,"Femmine",34,302263,312341,322547,"Istat"
"3369",2042,"Femmine",35,303145,313329,323639,"Istat"
"3370",2042,"Femmine",36,302014,312234,322581,"Istat"
"3371",2042,"Femmine",37,306610,316809,327119,"Istat"
"3372",2042,"Femmine",38,301697,311785,321985,"Istat"
"3373",2042,"Femmine",39,299638,309530,319549,"Istat"
"3374",2042,"Femmine",40,301350,311003,320779,"Istat"
"3375",2042,"Femmine",41,305699,315068,324541,"Istat"
"3376",2042,"Femmine",42,301822,310847,319958,"Istat"
"3377",2042,"Femmine",43,302001,310645,319380,"Istat"
"3378",2042,"Femmine",44,302538,310785,319131,"Istat"
"3379",2042,"Femmine",45,303996,311876,319813,"Istat"
"3380",2042,"Femmine",46,303832,311349,318921,"Istat"
"3381",2042,"Femmine",47,308445,315608,322824,"Istat"
"3382",2042,"Femmine",48,314725,321552,328394,"Istat"
"3383",2042,"Femmine",49,327367,333885,340397,"Istat"
"3384",2042,"Femmine",50,326712,332935,339151,"Istat"
"3385",2042,"Femmine",51,331923,337864,343791,"Istat"
"3386",2042,"Femmine",52,332550,338208,343901,"Istat"
"3387",2042,"Femmine",53,339350,344757,350187,"Istat"
"3388",2042,"Femmine",54,333430,338597,343804,"Istat"
"3389",2042,"Femmine",55,334441,339401,344436,"Istat"
"3390",2042,"Femmine",56,344148,348930,353779,"Istat"
"3391",2042,"Femmine",57,349193,353782,358461,"Istat"
"3392",2042,"Femmine",58,353844,358280,362766,"Istat"
"3393",2042,"Femmine",59,364843,369155,373518,"Istat"
"3394",2042,"Femmine",60,366333,370531,374717,"Istat"
"3395",2042,"Femmine",61,372336,376391,380456,"Istat"
"3396",2042,"Femmine",62,383877,387828,391782,"Istat"
"3397",2042,"Femmine",63,401153,405100,408994,"Istat"
"3398",2042,"Femmine",64,412867,416780,420660,"Istat"
"3399",2042,"Femmine",65,427988,431963,435843,"Istat"
"3400",2042,"Femmine",66,445386,449467,453408,"Istat"
"3401",2042,"Femmine",67,459888,464079,468088,"Istat"
"3402",2042,"Femmine",68,455416,459690,463696,"Istat"
"3403",2042,"Femmine",69,455422,459881,464019,"Istat"
"3404",2042,"Femmine",70,457819,462416,466801,"Istat"
"3405",2042,"Femmine",71,449211,453994,458528,"Istat"
"3406",2042,"Femmine",72,457056,462221,467023,"Istat"
"3407",2042,"Femmine",73,448862,454349,459460,"Istat"
"3408",2042,"Femmine",74,446176,452038,457484,"Istat"
"3409",2042,"Femmine",75,442819,449180,455084,"Istat"
"3410",2042,"Femmine",76,435153,441986,448314,"Istat"
"3411",2042,"Femmine",77,433531,441070,448054,"Istat"
"3412",2042,"Femmine",78,400508,408322,415561,"Istat"
"3413",2042,"Femmine",79,378464,386744,394534,"Istat"
"3414",2042,"Femmine",80,361313,370300,378712,"Istat"
"3415",2042,"Femmine",81,338858,348511,357557,"Istat"
"3416",2042,"Femmine",82,318145,328501,338317,"Istat"
"3417",2042,"Femmine",83,291825,302772,313290,"Istat"
"3418",2042,"Femmine",84,274526,286502,298027,"Istat"
"3419",2042,"Femmine",85,253136,266045,278534,"Istat"
"3420",2042,"Femmine",86,231891,245706,259171,"Istat"
"3421",2042,"Femmine",87,210788,225505,240021,"Istat"
"3422",2042,"Femmine",88,182073,197045,211891,"Istat"
"3423",2042,"Femmine",89,160717,176307,191949,"Istat"
"3424",2042,"Femmine",90,140619,156683,173072,"Istat"
"3425",2042,"Femmine",91,125477,142376,159866,"Istat"
"3426",2042,"Femmine",92,106323,123198,140980,"Istat"
"3427",2042,"Femmine",93,91572,108680,127093,"Istat"
"3428",2042,"Femmine",94,71886,87659,105024,"Istat"
"3429",2042,"Femmine",95,56552,71090,87523,"Istat"
"3430",2042,"Femmine",96,33061,43017,54612,"Istat"
"3431",2042,"Femmine",97,25440,34375,45131,"Istat"
"3432",2042,"Femmine",98,18484,26039,35483,"Istat"
"3433",2042,"Femmine",99,12742,18780,26634,"Istat"
"3434",2042,"Femmine",100,8569,47608,19624,"Istat"
"3435",2043,"Maschi",0,179453,205449,232030,"Istat"
"3436",2043,"Maschi",1,182143,207416,233298,"Istat"
"3437",2043,"Maschi",2,184426,209122,234094,"Istat"
"3438",2043,"Maschi",3,186450,210236,234546,"Istat"
"3439",2043,"Maschi",4,188279,211266,234664,"Istat"
"3440",2043,"Maschi",5,189642,211891,234241,"Istat"
"3441",2043,"Maschi",6,191039,212111,233518,"Istat"
"3442",2043,"Maschi",7,192087,212224,232638,"Istat"
"3443",2043,"Maschi",8,193053,212160,231601,"Istat"
"3444",2043,"Maschi",9,193604,211560,229836,"Istat"
"3445",2043,"Maschi",10,194039,210725,227725,"Istat"
"3446",2043,"Maschi",11,194614,210381,226045,"Istat"
"3447",2043,"Maschi",12,195506,210072,224431,"Istat"
"3448",2043,"Maschi",13,196416,209738,222676,"Istat"
"3449",2043,"Maschi",14,197720,209676,221537,"Istat"
"3450",2043,"Maschi",15,199462,210137,220856,"Istat"
"3451",2043,"Maschi",16,201373,210975,220443,"Istat"
"3452",2043,"Maschi",17,203847,212213,220692,"Istat"
"3453",2043,"Maschi",18,206621,214048,221680,"Istat"
"3454",2043,"Maschi",19,215848,221810,227984,"Istat"
"3455",2043,"Maschi",20,226208,232594,239179,"Istat"
"3456",2043,"Maschi",21,231989,238899,245970,"Istat"
"3457",2043,"Maschi",22,238335,245816,253493,"Istat"
"3458",2043,"Maschi",23,248002,256142,264495,"Istat"
"3459",2043,"Maschi",24,260218,269088,278196,"Istat"
"3460",2043,"Maschi",25,271741,281380,291285,"Istat"
"3461",2043,"Maschi",26,280071,290459,301162,"Istat"
"3462",2043,"Maschi",27,288391,299549,311025,"Istat"
"3463",2043,"Maschi",28,297599,309472,321679,"Istat"
"3464",2043,"Maschi",29,303115,315650,328535,"Istat"
"3465",2043,"Maschi",30,316491,329532,342975,"Istat"
"3466",2043,"Maschi",31,323022,336500,350453,"Istat"
"3467",2043,"Maschi",32,333480,347367,361779,"Istat"
"3468",2043,"Maschi",33,339552,353780,368489,"Istat"
"3469",2043,"Maschi",34,344452,358888,373818,"Istat"
"3470",2043,"Maschi",35,346583,361079,376096,"Istat"
"3471",2043,"Maschi",36,349799,364331,379355,"Istat"
"3472",2043,"Maschi",37,351826,366185,381076,"Istat"
"3473",2043,"Maschi",38,356630,370772,385417,"Istat"
"3474",2043,"Maschi",39,350240,364089,378447,"Istat"
"3475",2043,"Maschi",40,345920,359387,373337,"Istat"
"3476",2043,"Maschi",41,347419,360395,373798,"Istat"
"3477",2043,"Maschi",42,354101,366565,379379,"Istat"
"3478",2043,"Maschi",43,350242,362140,374330,"Istat"
"3479",2043,"Maschi",44,352059,363355,374933,"Istat"
"3480",2043,"Maschi",45,345526,356206,367196,"Istat"
"3481",2043,"Maschi",46,343165,353248,363616,"Istat"
"3482",2043,"Maschi",47,338383,347850,357619,"Istat"
"3483",2043,"Maschi",48,337533,346377,355521,"Istat"
"3484",2043,"Maschi",49,338783,347099,355663,"Istat"
"3485",2043,"Maschi",50,349167,356980,365008,"Istat"
"3486",2043,"Maschi",51,343866,351161,358668,"Istat"
"3487",2043,"Maschi",52,348677,355511,362487,"Istat"
"3488",2043,"Maschi",53,342949,349330,355834,"Istat"
"3489",2043,"Maschi",54,349030,354995,361012,"Istat"
"3490",2043,"Maschi",55,338932,344486,350151,"Istat"
"3491",2043,"Maschi",56,337252,342497,347810,"Istat"
"3492",2043,"Maschi",57,343615,348587,353582,"Istat"
"3493",2043,"Maschi",58,347176,351922,356630,"Istat"
"3494",2043,"Maschi",59,350452,354946,359376,"Istat"
"3495",2043,"Maschi",60,358753,363057,367306,"Istat"
"3496",2043,"Maschi",61,357003,361176,365275,"Istat"
"3497",2043,"Maschi",62,364166,368274,372330,"Istat"
"3498",2043,"Maschi",63,369681,373805,377875,"Istat"
"3499",2043,"Maschi",64,385979,390177,394335,"Istat"
"3500",2043,"Maschi",65,393231,397597,401779,"Istat"
"3501",2043,"Maschi",66,405456,410159,414543,"Istat"
"3502",2043,"Maschi",67,419511,424628,429330,"Istat"
"3503",2043,"Maschi",68,430796,436346,441366,"Istat"
"3504",2043,"Maschi",69,421899,427779,433089,"Istat"
"3505",2043,"Maschi",70,420437,426839,432533,"Istat"
"3506",2043,"Maschi",71,416226,423137,429287,"Istat"
"3507",2043,"Maschi",72,405583,412954,419555,"Istat"
"3508",2043,"Maschi",73,407667,415875,423226,"Istat"
"3509",2043,"Maschi",74,395601,404383,412312,"Istat"
"3510",2043,"Maschi",75,386768,396347,404968,"Istat"
"3511",2043,"Maschi",76,381231,391712,401119,"Istat"
"3512",2043,"Maschi",77,368623,379945,390067,"Istat"
"3513",2043,"Maschi",78,360169,372502,383567,"Istat"
"3514",2043,"Maschi",79,323225,335708,346863,"Istat"
"3515",2043,"Maschi",80,297705,310730,322353,"Istat"
"3516",2043,"Maschi",81,276540,290199,302470,"Istat"
"3517",2043,"Maschi",82,252842,267026,279794,"Istat"
"3518",2043,"Maschi",83,230230,244953,258361,"Istat"
"3519",2043,"Maschi",84,202738,217677,231305,"Istat"
"3520",2043,"Maschi",85,183253,198860,213170,"Istat"
"3521",2043,"Maschi",86,162127,178087,192819,"Istat"
"3522",2043,"Maschi",87,140889,157001,171981,"Istat"
"3523",2043,"Maschi",88,120956,137025,152153,"Istat"
"3524",2043,"Maschi",89,99226,114548,129188,"Istat"
"3525",2043,"Maschi",90,81446,96090,110317,"Istat"
"3526",2043,"Maschi",91,66438,80359,94129,"Istat"
"3527",2043,"Maschi",92,54964,68382,81961,"Istat"
"3528",2043,"Maschi",93,43014,55249,67977,"Istat"
"3529",2043,"Maschi",94,33773,44967,56969,"Istat"
"3530",2043,"Maschi",95,24154,33482,43823,"Istat"
"3531",2043,"Maschi",96,17048,24727,33542,"Istat"
"3532",2043,"Maschi",97,8968,13651,19248,"Istat"
"3533",2043,"Maschi",98,6159,9894,14548,"Istat"
"3534",2043,"Maschi",99,3964,6732,10343,"Istat"
"3535",2043,"Maschi",100,2443,47264,7067,"Istat"
"3536",2043,"Femmine",0,168966,193443,218438,"Istat"
"3537",2043,"Femmine",1,171453,195237,219558,"Istat"
"3538",2043,"Femmine",2,173542,196770,220310,"Istat"
"3539",2043,"Femmine",3,175345,197734,220589,"Istat"
"3540",2043,"Femmine",4,176952,198606,220624,"Istat"
"3541",2043,"Femmine",5,178141,199082,220083,"Istat"
"3542",2043,"Femmine",6,179391,199165,219331,"Istat"
"3543",2043,"Femmine",7,180211,199137,218356,"Istat"
"3544",2043,"Femmine",8,180971,198913,217192,"Istat"
"3545",2043,"Femmine",9,181254,198134,215277,"Istat"
"3546",2043,"Femmine",10,181369,197068,213046,"Istat"
"3547",2043,"Femmine",11,181720,196389,210997,"Istat"
"3548",2043,"Femmine",12,182109,195660,209101,"Istat"
"3549",2043,"Femmine",13,182396,194814,206897,"Istat"
"3550",2043,"Femmine",14,183061,194106,205096,"Istat"
"3551",2043,"Femmine",15,183914,193743,203523,"Istat"
"3552",2043,"Femmine",16,184951,193545,202081,"Istat"
"3553",2043,"Femmine",17,185932,193453,200911,"Istat"
"3554",2043,"Femmine",18,187325,193667,200144,"Istat"
"3555",2043,"Femmine",19,195867,200216,204663,"Istat"
"3556",2043,"Femmine",20,203712,208186,212809,"Istat"
"3557",2043,"Femmine",21,210545,215268,220124,"Istat"
"3558",2043,"Femmine",22,213962,218994,224214,"Istat"
"3559",2043,"Femmine",23,223989,229452,235122,"Istat"
"3560",2043,"Femmine",24,233304,239281,245501,"Istat"
"3561",2043,"Femmine",25,243098,249632,256448,"Istat"
"3562",2043,"Femmine",26,251337,258489,265895,"Istat"
"3563",2043,"Femmine",27,257389,265153,273156,"Istat"
"3564",2043,"Femmine",28,265025,273377,281998,"Istat"
"3565",2043,"Femmine",29,269326,278231,287398,"Istat"
"3566",2043,"Femmine",30,280770,290178,299802,"Istat"
"3567",2043,"Femmine",31,285540,295403,305424,"Istat"
"3568",2043,"Femmine",32,293372,303607,313971,"Istat"
"3569",2043,"Femmine",33,298890,309375,320033,"Istat"
"3570",2043,"Femmine",34,303715,314389,325263,"Istat"
"3571",2043,"Femmine",35,302948,313792,324810,"Istat"
"3572",2043,"Femmine",36,303779,314707,325787,"Istat"
"3573",2043,"Femmine",37,302626,313539,324611,"Istat"
"3574",2043,"Femmine",38,307208,318043,329050,"Istat"
"3575",2043,"Femmine",39,302253,312953,323823,"Istat"
"3576",2043,"Femmine",40,300150,310636,321273,"Istat"
"3577",2043,"Femmine",41,301849,312048,322407,"Istat"
"3578",2043,"Femmine",42,306181,316052,326077,"Istat"
"3579",2043,"Femmine",43,302260,311777,321424,"Istat"
"3580",2043,"Femmine",44,302394,311517,320753,"Istat"
"3581",2043,"Femmine",45,302856,311601,320425,"Istat"
"3582",2043,"Femmine",46,304291,312636,321069,"Istat"
"3583",2043,"Femmine",47,304109,312057,320075,"Istat"
"3584",2043,"Femmine",48,308669,316257,323883,"Istat"
"3585",2043,"Femmine",49,314893,322138,329372,"Istat"
"3586",2043,"Femmine",50,327480,334395,341286,"Istat"
"3587",2043,"Femmine",51,326782,333377,339982,"Istat"
"3588",2043,"Femmine",52,331959,338228,344559,"Istat"
"3589",2043,"Femmine",53,332498,338495,344536,"Istat"
"3590",2043,"Femmine",54,339230,344953,350727,"Istat"
"3591",2043,"Femmine",55,333224,338721,344298,"Istat"
"3592",2043,"Femmine",56,334140,339438,344785,"Istat"
"3593",2043,"Femmine",57,343774,348857,354032,"Istat"
"3594",2043,"Femmine",58,348708,353598,358563,"Istat"
"3595",2043,"Femmine",59,353227,357978,362786,"Istat"
"3596",2043,"Femmine",60,364079,368708,373353,"Istat"
"3597",2043,"Femmine",61,365483,369953,374437,"Istat"
"3598",2043,"Femmine",62,371345,375660,380008,"Istat"
"3599",2043,"Femmine",63,382648,386909,391119,"Istat"
"3600",2043,"Femmine",64,399709,403949,408146,"Istat"
"3601",2043,"Femmine",65,411145,415399,419585,"Istat"
"3602",2043,"Femmine",66,425955,430320,434520,"Istat"
"3603",2043,"Femmine",67,443070,447531,451796,"Istat"
"3604",2043,"Femmine",68,457215,461832,466209,"Istat"
"3605",2043,"Femmine",69,452411,457197,461613,"Istat"
"3606",2043,"Femmine",70,452158,457072,461679,"Istat"
"3607",2043,"Femmine",71,454086,459234,464095,"Istat"
"3608",2043,"Femmine",72,445104,450482,455539,"Istat"
"3609",2043,"Femmine",73,452332,458182,463613,"Istat"
"3610",2043,"Femmine",74,443657,449871,455632,"Istat"
"3611",2043,"Femmine",75,440321,446989,453190,"Istat"
"3612",2043,"Femmine",76,436239,443464,450177,"Istat"
"3613",2043,"Femmine",77,427716,435552,442759,"Istat"
"3614",2043,"Femmine",78,424968,433684,441742,"Istat"
"3615",2043,"Femmine",79,391379,400416,408822,"Istat"
"3616",2043,"Femmine",80,368397,378031,387017,"Istat"
"3617",2043,"Femmine",81,350025,360554,370293,"Istat"
"3618",2043,"Femmine",82,326565,337794,348358,"Istat"
"3619",2043,"Femmine",83,304638,316721,328200,"Istat"
"3620",2043,"Femmine",84,277343,290081,302265,"Istat"
"3621",2043,"Femmine",85,258603,272452,285766,"Istat"
"3622",2043,"Femmine",86,236029,250799,265112,"Istat"
"3623",2043,"Femmine",87,213532,229248,244577,"Istat"
"3624",2043,"Femmine",88,191284,207901,224260,"Istat"
"3625",2043,"Femmine",89,162537,179212,195789,"Istat"
"3626",2043,"Femmine",90,140853,157919,175122,"Istat"
"3627",2043,"Femmine",91,120772,138027,155739,"Istat"
"3628",2043,"Femmine",92,105434,123196,141761,"Istat"
"3629",2043,"Femmine",93,87240,104553,123044,"Istat"
"3630",2043,"Femmine",94,73245,90327,109036,"Istat"
"3631",2043,"Femmine",95,55930,71234,88471,"Istat"
"3632",2043,"Femmine",96,42733,56421,72322,"Istat"
"3633",2043,"Femmine",97,24232,33312,44237,"Istat"
"3634",2043,"Femmine",98,18039,25909,35741,"Istat"
"3635",2043,"Femmine",99,12612,19004,27332,"Istat"
"3636",2043,"Femmine",100,8338,47264,19892,"Istat"
"3637",2044,"Maschi",0,177631,204314,231494,"Istat"
"3638",2044,"Maschi",1,180471,206643,233294,"Istat"
"3639",2044,"Maschi",2,183166,208543,234517,"Istat"
"3640",2044,"Maschi",3,185425,210158,235268,"Istat"
"3641",2044,"Maschi",4,187284,211198,235624,"Istat"
"3642",2044,"Maschi",5,188935,212168,235633,"Istat"
"3643",2044,"Maschi",6,190313,212741,235239,"Istat"
"3644",2044,"Maschi",7,191749,212916,234446,"Istat"
"3645",2044,"Maschi",8,192806,212996,233445,"Istat"
"3646",2044,"Maschi",9,193668,212913,232502,"Istat"
"3647",2044,"Maschi",10,194169,212309,230646,"Istat"
"3648",2044,"Maschi",11,194592,211484,228532,"Istat"
"3649",2044,"Maschi",12,195274,211170,226903,"Istat"
"3650",2044,"Maschi",13,196158,210916,225349,"Istat"
"3651",2044,"Maschi",14,197293,210679,223780,"Istat"
"3652",2044,"Maschi",15,198600,210775,222867,"Istat"
"3653",2044,"Maschi",16,200495,211486,222448,"Istat"
"3654",2044,"Maschi",17,202873,212731,222635,"Istat"
"3655",2044,"Maschi",18,205607,214443,223344,"Istat"
"3656",2044,"Maschi",19,208719,216723,224956,"Istat"
"3657",2044,"Maschi",20,218031,224865,231915,"Istat"
"3658",2044,"Maschi",21,228588,235927,243488,"Istat"
"3659",2044,"Maschi",22,234397,242369,250575,"Istat"
"3660",2044,"Maschi",23,240636,249267,258172,"Istat"
"3661",2044,"Maschi",24,250102,259458,269132,"Istat"
"3662",2044,"Maschi",25,262094,272217,282673,"Istat"
"3663",2044,"Maschi",26,273419,284323,295613,"Istat"
"3664",2044,"Maschi",27,281511,293246,305339,"Istat"
"3665",2044,"Maschi",28,289706,302202,315073,"Istat"
"3666",2044,"Maschi",29,298878,311997,325577,"Istat"
"3667",2044,"Maschi",30,304330,318047,332254,"Istat"
"3668",2044,"Maschi",31,317601,331794,346504,"Istat"
"3669",2044,"Maschi",32,324020,338625,353807,"Istat"
"3670",2044,"Maschi",33,334380,349350,364863,"Istat"
"3671",2044,"Maschi",34,340354,355622,371401,"Istat"
"3672",2044,"Maschi",35,345210,360587,376491,"Istat"
"3673",2044,"Maschi",36,347276,362636,378593,"Istat"
"3674",2044,"Maschi",37,350487,365746,381638,"Istat"
"3675",2044,"Maschi",38,352295,367459,383169,"Istat"
"3676",2044,"Maschi",39,357009,371905,387275,"Istat"
"3677",2044,"Maschi",40,350569,365090,380117,"Istat"
"3678",2044,"Maschi",41,346227,360261,374823,"Istat"
"3679",2044,"Maschi",42,347633,361143,375068,"Istat"
"3680",2044,"Maschi",43,354241,367189,380518,"Istat"
"3681",2044,"Maschi",44,350288,362657,375422,"Istat"
"3682",2044,"Maschi",45,352013,363765,375925,"Istat"
"3683",2044,"Maschi",46,345398,356524,368004,"Istat"
"3684",2044,"Maschi",47,343021,353474,364310,"Istat"
"3685",2044,"Maschi",48,338194,347991,358139,"Istat"
"3686",2044,"Maschi",49,337212,346428,355929,"Istat"
"3687",2044,"Maschi",50,338384,347058,355982,"Istat"
"3688",2044,"Maschi",51,348717,356829,365162,"Istat"
"3689",2044,"Maschi",52,343307,350923,358696,"Istat"
"3690",2044,"Maschi",53,348056,355167,362444,"Istat"
"3691",2044,"Maschi",54,342223,348893,355655,"Istat"
"3692",2044,"Maschi",55,348251,354436,360742,"Istat"
"3693",2044,"Maschi",56,338017,343839,349764,"Istat"
"3694",2044,"Maschi",57,336212,341737,347279,"Istat"
"3695",2044,"Maschi",58,342446,347682,352909,"Istat"
"3696",2044,"Maschi",59,345882,350867,355791,"Istat"
"3697",2044,"Maschi",60,349003,353731,358384,"Istat"
"3698",2044,"Maschi",61,357062,361635,366131,"Istat"
"3699",2044,"Maschi",62,355134,359574,363973,"Istat"
"3700",2044,"Maschi",63,361989,366427,370807,"Istat"
"3701",2044,"Maschi",64,367293,371701,376114,"Istat"
"3702",2044,"Maschi",65,383118,387714,392217,"Istat"
"3703",2044,"Maschi",66,389908,394792,399371,"Istat"
"3704",2044,"Maschi",67,401646,406926,411774,"Istat"
"3705",2044,"Maschi",68,415159,420901,426091,"Istat"
"3706",2044,"Maschi",69,425848,432087,437728,"Istat"
"3707",2044,"Maschi",70,416469,423138,429127,"Istat"
"3708",2044,"Maschi",71,414423,421666,428094,"Istat"
"3709",2044,"Maschi",72,409545,417391,424343,"Istat"
"3710",2044,"Maschi",73,398260,406672,414213,"Istat"
"3711",2044,"Maschi",74,399450,408766,417177,"Istat"
"3712",2044,"Maschi",75,386539,396615,405678,"Istat"
"3713",2044,"Maschi",76,376847,387768,397562,"Istat"
"3714",2044,"Maschi",77,370202,382136,392818,"Istat"
"3715",2044,"Maschi",78,356536,369414,380895,"Istat"
"3716",2044,"Maschi",79,346650,360753,373267,"Istat"
"3717",2044,"Maschi",80,309445,323647,336286,"Istat"
"3718",2044,"Maschi",81,283248,297971,311101,"Istat"
"3719",2044,"Maschi",82,261134,276551,290367,"Istat"
"3720",2044,"Maschi",83,236572,252575,266996,"Istat"
"3721",2044,"Maschi",84,213083,229672,244715,"Istat"
"3722",2044,"Maschi",85,185365,202032,217179,"Istat"
"3723",2044,"Maschi",86,165204,182419,198114,"Istat"
"3724",2044,"Maschi",87,143841,161215,177272,"Istat"
"3725",2044,"Maschi",88,122774,139990,156128,"Istat"
"3726",2044,"Maschi",89,103295,120138,136188,"Istat"
"3727",2044,"Maschi",90,82865,98598,113871,"Istat"
"3728",2044,"Maschi",91,66391,81078,95645,"Istat"
"3729",2044,"Maschi",92,52751,66346,80163,"Istat"
"3730",2044,"Maschi",93,42394,55142,68476,"Istat"
"3731",2044,"Maschi",94,32152,43438,55616,"Istat"
"3732",2044,"Maschi",95,24396,34401,45591,"Istat"
"3733",2044,"Maschi",96,16827,24891,34275,"Istat"
"3734",2044,"Maschi",97,11480,17898,25695,"Istat"
"3735",2044,"Maschi",98,5841,9616,14414,"Istat"
"3736",2044,"Maschi",99,3862,6756,10618,"Istat"
"3737",2044,"Maschi",100,2382,47271,7316,"Istat"
"3738",2044,"Femmine",0,167257,192374,217954,"Istat"
"3739",2044,"Femmine",1,169902,194511,219591,"Istat"
"3740",2044,"Femmine",2,172346,196229,220721,"Istat"
"3741",2044,"Femmine",3,174383,197670,221311,"Istat"
"3742",2044,"Femmine",4,176046,198567,221551,"Istat"
"3743",2044,"Femmine",5,177554,199387,221458,"Istat"
"3744",2044,"Femmine",6,178777,199821,221003,"Istat"
"3745",2044,"Femmine",7,179971,199872,220139,"Istat"
"3746",2044,"Femmine",8,180751,199817,219139,"Istat"
"3747",2044,"Femmine",9,181478,199570,217945,"Istat"
"3748",2044,"Femmine",10,181696,198772,216002,"Istat"
"3749",2044,"Femmine",11,181854,197690,213733,"Istat"
"3750",2044,"Femmine",12,182126,196995,211786,"Istat"
"3751",2044,"Femmine",13,182571,196254,209810,"Istat"
"3752",2044,"Femmine",14,182871,195405,207622,"Istat"
"3753",2044,"Femmine",15,183539,194718,205833,"Istat"
"3754",2044,"Femmine",16,184448,194415,204342,"Istat"
"3755",2044,"Femmine",17,185505,194339,203131,"Istat"
"3756",2044,"Femmine",18,186737,194447,202171,"Istat"
"3757",2044,"Femmine",19,188365,194946,201736,"Istat"
"3758",2044,"Femmine",20,196993,201841,206855,"Istat"
"3759",2044,"Femmine",21,205040,210151,215405,"Istat"
"3760",2044,"Femmine",22,212027,217462,223093,"Istat"
"3761",2044,"Femmine",23,215369,221237,227329,"Istat"
"3762",2044,"Femmine",24,225213,231615,238260,"Istat"
"3763",2044,"Femmine",25,234342,241332,248583,"Istat"
"3764",2044,"Femmine",26,244005,251591,259508,"Istat"
"3765",2044,"Femmine",27,252167,260387,268978,"Istat"
"3766",2044,"Femmine",28,258162,267010,276231,"Istat"
"3767",2044,"Femmine",29,265764,275198,284965,"Istat"
"3768",2044,"Femmine",30,270040,280009,290278,"Istat"
"3769",2044,"Femmine",31,281467,291904,302604,"Istat"
"3770",2044,"Femmine",32,286245,297070,308119,"Istat"
"3771",2044,"Femmine",33,294043,305207,316560,"Istat"
"3772",2044,"Femmine",34,299504,310904,322460,"Istat"
"3773",2044,"Femmine",35,304293,315843,327577,"Istat"
"3774",2044,"Femmine",36,303553,315173,327004,"Istat"
"3775",2044,"Femmine",37,304355,316015,327856,"Istat"
"3776",2044,"Femmine",38,303141,314778,326565,"Istat"
"3777",2044,"Femmine",39,307713,319213,330885,"Istat"
"3778",2044,"Femmine",40,302795,314062,325553,"Istat"
"3779",2044,"Femmine",41,300665,311685,322925,"Istat"
"3780",2044,"Femmine",42,302302,313038,323957,"Istat"
"3781",2044,"Femmine",43,306578,316983,327531,"Istat"
"3782",2044,"Femmine",44,302620,312652,322812,"Istat"
"3783",2044,"Femmine",45,302711,312336,322091,"Istat"
"3784",2044,"Femmine",46,303167,312366,321704,"Istat"
"3785",2044,"Femmine",47,304592,313348,322234,"Istat"
"3786",2044,"Femmine",48,304326,312714,321170,"Istat"
"3787",2044,"Femmine",49,308828,316855,324890,"Istat"
"3788",2044,"Femmine",50,315018,322667,330314,"Istat"
"3789",2044,"Femmine",51,327558,334842,342130,"Istat"
"3790",2044,"Femmine",52,326822,333753,340748,"Istat"
"3791",2044,"Femmine",53,331914,338521,345229,"Istat"
"3792",2044,"Femmine",54,332381,338709,345102,"Istat"
"3793",2044,"Femmine",55,339000,345074,351236,"Istat"
"3794",2044,"Femmine",56,332917,338768,344681,"Istat"
"3795",2044,"Femmine",57,333791,339393,345080,"Istat"
"3796",2044,"Femmine",58,343327,348695,354194,"Istat"
"3797",2044,"Femmine",59,348122,353319,358604,"Istat"
"3798",2044,"Femmine",60,352527,357574,362712,"Istat"
"3799",2044,"Femmine",61,363219,368150,373085,"Istat"
"3800",2044,"Femmine",62,364567,369257,374025,"Istat"
"3801",2044,"Femmine",63,370189,374800,379412,"Istat"
"3802",2044,"Femmine",64,381241,385846,390373,"Istat"
"3803",2044,"Femmine",65,398059,402645,407144,"Istat"
"3804",2044,"Femmine",66,409211,413859,418354,"Istat"
"3805",2044,"Femmine",67,423803,428508,433061,"Istat"
"3806",2044,"Femmine",68,440548,445409,450080,"Istat"
"3807",2044,"Femmine",69,454281,459365,464128,"Istat"
"3808",2044,"Femmine",70,449170,454451,459357,"Istat"
"3809",2044,"Femmine",71,448554,453980,459139,"Istat"
"3810",2044,"Femmine",72,449989,455736,461154,"Istat"
"3811",2044,"Femmine",73,440586,446612,452253,"Istat"
"3812",2044,"Femmine",74,447122,453737,459876,"Istat"
"3813",2044,"Femmine",75,437916,444929,451431,"Istat"
"3814",2044,"Femmine",76,433819,441390,448441,"Istat"
"3815",2044,"Femmine",77,428908,437108,444723,"Istat"
"3816",2044,"Femmine",78,419401,428375,436686,"Istat"
"3817",2044,"Femmine",79,415362,425410,434713,"Istat"
"3818",2044,"Femmine",80,381086,391536,401189,"Istat"
"3819",2044,"Femmine",81,357032,368218,378550,"Istat"
"3820",2044,"Femmine",82,337445,349619,360946,"Istat"
"3821",2044,"Femmine",83,312797,325825,338050,"Istat"
"3822",2044,"Femmine",84,289657,303601,316849,"Istat"
"3823",2044,"Femmine",85,261360,276016,290016,"Istat"
"3824",2044,"Femmine",86,241134,256990,272218,"Istat"
"3825",2044,"Femmine",87,217396,234164,250447,"Istat"
"3826",2044,"Femmine",88,193913,211512,228789,"Istat"
"3827",2044,"Femmine",89,170866,189208,207428,"Istat"
"3828",2044,"Femmine",90,142550,160645,178866,"Istat"
"3829",2044,"Femmine",91,121072,139240,157853,"Istat"
"3830",2044,"Femmine",92,101524,119541,138339,"Istat"
"3831",2044,"Femmine",93,86519,104661,123961,"Istat"
"3832",2044,"Femmine",94,69765,86990,105797,"Istat"
"3833",2044,"Femmine",95,56930,73488,92076,"Istat"
"3834",2044,"Femmine",96,42190,56598,73323,"Istat"
"3835",2044,"Femmine",97,31271,43765,58806,"Istat"
"3836",2044,"Femmine",98,17141,25139,35187,"Istat"
"3837",2044,"Femmine",99,12283,18940,27684,"Istat"
"3838",2044,"Femmine",100,8237,47271,20532,"Istat"
"3839",2045,"Maschi",0,175558,202893,230636,"Istat"
"3840",2045,"Maschi",1,178725,205508,232863,"Istat"
"3841",2045,"Maschi",2,181520,207770,234529,"Istat"
"3842",2045,"Maschi",3,184135,209581,235811,"Istat"
"3843",2045,"Maschi",4,186328,211120,236448,"Istat"
"3844",2045,"Maschi",5,188047,212100,236691,"Istat"
"3845",2045,"Maschi",6,189815,213019,236709,"Istat"
"3846",2045,"Maschi",7,191127,213548,236271,"Istat"
"3847",2045,"Maschi",8,192314,213689,235459,"Istat"
"3848",2045,"Maschi",9,193407,213750,234396,"Istat"
"3849",2045,"Maschi",10,194168,213663,233339,"Istat"
"3850",2045,"Maschi",11,194814,213070,231505,"Istat"
"3851",2045,"Maschi",12,195259,212274,229503,"Istat"
"3852",2045,"Maschi",13,195847,212015,227878,"Istat"
"3853",2045,"Maschi",14,196976,211857,226386,"Istat"
"3854",2045,"Maschi",15,198070,211777,225141,"Istat"
"3855",2045,"Maschi",16,199774,212123,224511,"Istat"
"3856",2045,"Maschi",17,201957,213240,224527,"Istat"
"3857",2045,"Maschi",18,204817,214959,225390,"Istat"
"3858",2045,"Maschi",19,207651,217115,226531,"Istat"
"3859",2045,"Maschi",20,211054,219776,228733,"Istat"
"3860",2045,"Maschi",21,220404,228199,236253,"Istat"
"3861",2045,"Maschi",22,230948,239397,248114,"Istat"
"3862",2045,"Maschi",23,236695,245820,255267,"Istat"
"3863",2045,"Maschi",24,242714,252586,262810,"Istat"
"3864",2045,"Maschi",25,251930,262593,273629,"Istat"
"3865",2045,"Maschi",26,263726,275167,287044,"Istat"
"3866",2045,"Maschi",27,274804,287116,299833,"Istat"
"3867",2045,"Maschi",28,282847,295905,309432,"Istat"
"3868",2045,"Maschi",29,290985,304734,318969,"Istat"
"3869",2045,"Maschi",30,300039,314400,329331,"Istat"
"3870",2045,"Maschi",31,305414,320319,335847,"Istat"
"3871",2045,"Maschi",32,318558,333926,349973,"Istat"
"3872",2045,"Maschi",33,324895,340617,357003,"Istat"
"3873",2045,"Maschi",34,335179,351198,367820,"Istat"
"3874",2045,"Maschi",35,341100,357328,374124,"Istat"
"3875",2045,"Maschi",36,345860,362150,379026,"Istat"
"3876",2045,"Maschi",37,347863,364057,380861,"Istat"
"3877",2045,"Maschi",38,350989,367025,383697,"Istat"
"3878",2045,"Maschi",39,352706,368599,385078,"Istat"
"3879",2045,"Maschi",40,357297,372907,388990,"Istat"
"3880",2045,"Maschi",41,350828,365966,381597,"Istat"
"3881",2045,"Maschi",42,346385,361015,376145,"Istat"
"3882",2045,"Maschi",43,347704,361778,376375,"Istat"
"3883",2045,"Maschi",44,354235,367709,381736,"Istat"
"3884",2045,"Maschi",45,350217,363075,376397,"Istat"
"3885",2045,"Maschi",46,351897,364084,376712,"Istat"
"3886",2045,"Maschi",47,345252,356756,368687,"Istat"
"3887",2045,"Maschi",48,342798,353618,364824,"Istat"
"3888",2045,"Maschi",49,337885,348052,358579,"Istat"
"3889",2045,"Maschi",50,336796,346400,356288,"Istat"
"3890",2045,"Maschi",51,337958,346936,356177,"Istat"
"3891",2045,"Maschi",52,348150,356596,365194,"Istat"
"3892",2045,"Maschi",53,342710,350603,358634,"Istat"
"3893",2045,"Maschi",54,347339,354735,362277,"Istat"
"3894",2045,"Maschi",55,341507,348367,355376,"Istat"
"3895",2045,"Maschi",56,347310,353782,360361,"Istat"
"3896",2045,"Maschi",57,336996,343096,349252,"Istat"
"3897",2045,"Maschi",58,335124,340877,346677,"Istat"
"3898",2045,"Maschi",59,341192,346669,352114,"Istat"
"3899",2045,"Maschi",60,344492,349695,354815,"Istat"
"3900",2045,"Maschi",61,347392,352382,357281,"Istat"
"3901",2045,"Maschi",62,355199,360063,364861,"Istat"
"3902",2045,"Maschi",63,353049,357814,362509,"Istat"
"3903",2045,"Maschi",64,359632,364409,369096,"Istat"
"3904",2045,"Maschi",65,364589,369406,374167,"Istat"
"3905",2045,"Maschi",66,379967,385032,389885,"Istat"
"3906",2045,"Maschi",67,386319,391745,396715,"Istat"
"3907",2045,"Maschi",68,397538,403422,408767,"Istat"
"3908",2045,"Maschi",69,410495,416870,422585,"Istat"
"3909",2045,"Maschi",70,420428,427478,433831,"Istat"
"3910",2045,"Maschi",71,410587,418097,424794,"Istat"
"3911",2045,"Maschi",72,407814,416039,423308,"Istat"
"3912",2045,"Maschi",73,402287,411147,419059,"Istat"
"3913",2045,"Maschi",74,390331,399841,408424,"Istat"
"3914",2045,"Maschi",75,390449,401040,410546,"Istat"
"3915",2045,"Maschi",76,376721,388172,398393,"Istat"
"3916",2045,"Maschi",77,366029,378426,389509,"Istat"
"3917",2045,"Maschi",78,358113,371699,383758,"Istat"
"3918",2045,"Maschi",79,343297,357940,370881,"Istat"
"3919",2045,"Maschi",80,331978,347960,362112,"Istat"
"3920",2045,"Maschi",81,294509,310538,324828,"Istat"
"3921",2045,"Maschi",82,267545,284122,298972,"Istat"
"3922",2045,"Maschi",83,244443,261755,277362,"Istat"
"3923",2045,"Maschi",84,219114,236975,253074,"Istat"
"3924",2045,"Maschi",85,194994,213312,229960,"Istat"
"3925",2045,"Maschi",86,167334,185473,202149,"Istat"
"3926",2045,"Maschi",87,146749,165250,182430,"Istat"
"3927",2045,"Maschi",88,125459,143872,161207,"Istat"
"3928",2045,"Maschi",89,104867,122828,139940,"Istat"
"3929",2045,"Maschi",90,86222,103475,120219,"Istat"
"3930",2045,"Maschi",91,67487,83253,98885,"Istat"
"3931",2045,"Maschi",92,52626,66988,81589,"Istat"
"3932",2045,"Maschi",93,40592,53536,67098,"Istat"
"3933",2045,"Maschi",94,31602,43382,56147,"Istat"
"3934",2045,"Maschi",95,23152,33254,44609,"Istat"
"3935",2045,"Maschi",96,16936,25593,35746,"Istat"
"3936",2045,"Maschi",97,11288,18026,26307,"Istat"
"3937",2045,"Maschi",98,7447,12618,19304,"Istat"
"3938",2045,"Maschi",99,3651,6575,10553,"Istat"
"3939",2045,"Maschi",100,2314,47317,7535,"Istat"
"3940",2045,"Femmine",0,165316,191036,217160,"Istat"
"3941",2045,"Femmine",1,168253,193444,219177,"Istat"
"3942",2045,"Femmine",2,170802,195505,220716,"Istat"
"3943",2045,"Femmine",3,173158,197131,221850,"Istat"
"3944",2045,"Femmine",4,175156,198506,222372,"Istat"
"3945",2045,"Femmine",5,176709,199350,222540,"Istat"
"3946",2045,"Femmine",6,178266,200129,222396,"Istat"
"3947",2045,"Femmine",7,179421,200531,221883,"Istat"
"3948",2045,"Femmine",8,180391,200554,221035,"Istat"
"3949",2045,"Femmine",9,181340,200477,219903,"Istat"
"3950",2045,"Femmine",10,181924,200210,218685,"Istat"
"3951",2045,"Femmine",11,182204,199395,216724,"Istat"
"3952",2045,"Femmine",12,182308,198298,214457,"Istat"
"3953",2045,"Femmine",13,182561,197591,212479,"Istat"
"3954",2045,"Femmine",14,182957,196847,210467,"Istat"
"3955",2045,"Femmine",15,183395,196019,208394,"Istat"
"3956",2045,"Femmine",16,184053,195392,206667,"Istat"
"3957",2045,"Femmine",17,185043,195211,205366,"Istat"
"3958",2045,"Femmine",18,186281,195335,204397,"Istat"
"3959",2045,"Femmine",19,187622,195727,203817,"Istat"
"3960",2045,"Femmine",20,189625,196573,203750,"Istat"
"3961",2045,"Femmine",21,198310,203808,209477,"Istat"
"3962",2045,"Femmine",22,206524,212347,218384,"Istat"
"3963",2045,"Femmine",23,213415,219708,226231,"Istat"
"3964",2045,"Femmine",24,216563,223406,230502,"Istat"
"3965",2045,"Femmine",25,226220,233673,241403,"Istat"
"3966",2045,"Femmine",26,235240,243299,251723,"Istat"
"3967",2045,"Femmine",27,244822,253498,262586,"Istat"
"3968",2045,"Femmine",28,252914,262252,272022,"Istat"
"3969",2045,"Femmine",29,258878,268839,279195,"Istat"
"3970",2045,"Femmine",30,266503,276984,287903,"Istat"
"3971",2045,"Femmine",31,270759,281744,293147,"Istat"
"3972",2045,"Femmine",32,282156,293578,305331,"Istat"
"3973",2045,"Femmine",33,286903,298677,310727,"Istat"
"3974",2045,"Femmine",34,294684,306742,318995,"Istat"
"3975",2045,"Femmine",35,300118,312365,324818,"Istat"
"3976",2045,"Femmine",36,304849,317230,329800,"Istat"
"3977",2045,"Femmine",37,304077,316487,329098,"Istat"
"3978",2045,"Femmine",38,304895,317259,329842,"Istat"
"3979",2045,"Femmine",39,303655,315955,328448,"Istat"
"3980",2045,"Femmine",40,308160,320325,332647,"Istat"
"3981",2045,"Femmine",41,303171,315115,327224,"Istat"
"3982",2045,"Femmine",42,301010,312680,324492,"Istat"
"3983",2045,"Femmine",43,302646,313975,325445,"Istat"
"3984",2045,"Femmine",44,306893,317860,328952,"Istat"
"3985",2045,"Femmine",45,302936,313476,324149,"Istat"
"3986",2045,"Femmine",46,302997,313106,323338,"Istat"
"3987",2045,"Femmine",47,303423,313084,322874,"Istat"
"3988",2045,"Femmine",48,304751,314011,323344,"Istat"
"3989",2045,"Femmine",49,304475,313321,322215,"Istat"
"3990",2045,"Femmine",50,308953,317396,325874,"Istat"
"3991",2045,"Femmine",51,315099,323136,331201,"Istat"
"3992",2045,"Femmine",52,327572,335224,342935,"Istat"
"3993",2045,"Femmine",53,326764,334062,341448,"Istat"
"3994",2045,"Femmine",54,331795,338744,345804,"Istat"
"3995",2045,"Femmine",55,332153,338850,345654,"Istat"
"3996",2045,"Femmine",56,338689,345118,351640,"Istat"
"3997",2045,"Femmine",57,332553,338735,344983,"Istat"
"3998",2045,"Femmine",58,333351,339264,345297,"Istat"
"3999",2045,"Femmine",59,342752,348441,354220,"Istat"
"4000",2045,"Femmine",60,347403,352940,358565,"Istat"
"4001",2045,"Femmine",61,351695,357062,362472,"Istat"
"4002",2045,"Femmine",62,362273,367476,372683,"Istat"
"4003",2045,"Femmine",63,363425,368438,373480,"Istat"
"4004",2045,"Femmine",64,368866,373804,378713,"Istat"
"4005",2045,"Femmine",65,379731,384638,389464,"Istat"
"4006",2045,"Femmine",66,396249,401187,406013,"Istat"
"4007",2045,"Femmine",67,407142,412157,416979,"Istat"
"4008",2045,"Femmine",68,421409,426519,431374,"Istat"
"4009",2045,"Femmine",69,437757,443079,448137,"Istat"
"4010",2045,"Femmine",70,450973,456648,461879,"Istat"
"4011",2045,"Femmine",71,445660,451428,456844,"Istat"
"4012",2045,"Femmine",72,444541,450581,456284,"Istat"
"4013",2045,"Femmine",73,445412,451882,457902,"Istat"
"4014",2045,"Femmine",74,435547,442352,448648,"Istat"
"4015",2045,"Femmine",75,441391,448832,455703,"Istat"
"4016",2045,"Femmine",76,431550,439447,446811,"Istat"
"4017",2045,"Femmine",77,426590,435162,443116,"Istat"
"4018",2045,"Femmine",78,420578,430016,438696,"Istat"
"4019",2045,"Femmine",79,410030,420332,429885,"Istat"
"4020",2045,"Femmine",80,404528,416111,426733,"Istat"
"4021",2045,"Femmine",81,369448,381528,392646,"Istat"
"4022",2045,"Femmine",82,344257,357198,369145,"Istat"
"4023",2045,"Femmine",83,323382,337393,350450,"Istat"
"4024",2045,"Femmine",84,297494,312480,326579,"Istat"
"4025",2045,"Femmine",85,273073,289044,304240,"Istat"
"4026",2045,"Femmine",86,243867,260518,276530,"Istat"
"4027",2045,"Femmine",87,222224,240099,257391,"Istat"
"4028",2045,"Femmine",88,197476,216211,234451,"Istat"
"4029",2045,"Femmine",89,173206,192652,211780,"Istat"
"4030",2045,"Femmine",90,149830,169726,189579,"Istat"
"4031",2045,"Femmine",91,122491,141762,161277,"Istat"
"4032",2045,"Femmine",92,101777,120708,140297,"Istat"
"4033",2045,"Femmine",93,83362,101657,121075,"Istat"
"4034",2045,"Femmine",94,69262,87180,106716,"Istat"
"4035",2045,"Femmine",95,54311,70856,89486,"Istat"
"4036",2045,"Femmine",96,43048,58464,76432,"Istat"
"4037",2045,"Femmine",97,30953,43957,59708,"Istat"
"4038",2045,"Femmine",98,22180,33086,46855,"Istat"
"4039",2045,"Femmine",99,11689,18402,27278,"Istat"
"4040",2045,"Femmine",100,8029,47317,20833,"Istat"
"4041",2046,"Maschi",0,172960,200814,229450,"Istat"
"4042",2046,"Maschi",1,176667,204087,232023,"Istat"
"4043",2046,"Maschi",2,179742,206636,234014,"Istat"
"4044",2046,"Maschi",3,182523,208808,235659,"Istat"
"4045",2046,"Maschi",4,185071,210544,236961,"Istat"
"4046",2046,"Maschi",5,187102,212024,237554,"Istat"
"4047",2046,"Maschi",6,188810,212952,237775,"Istat"
"4048",2046,"Maschi",7,190528,213827,237622,"Istat"
"4049",2046,"Maschi",8,191869,214322,237180,"Istat"
"4050",2046,"Maschi",9,193047,214444,236311,"Istat"
"4051",2046,"Maschi",10,193899,214500,235327,"Istat"
"4052",2046,"Maschi",11,194895,214424,234278,"Istat"
"4053",2046,"Maschi",12,195545,213860,232525,"Istat"
"4054",2046,"Maschi",13,195887,213120,230575,"Istat"
"4055",2046,"Maschi",14,196678,212957,228916,"Istat"
"4056",2046,"Maschi",15,197950,212956,227766,"Istat"
"4057",2046,"Maschi",16,199150,213126,226785,"Istat"
"4058",2046,"Maschi",17,201218,213877,226646,"Istat"
"4059",2046,"Maschi",18,203758,215467,227349,"Istat"
"4060",2046,"Maschi",19,206839,217629,228556,"Istat"
"4061",2046,"Maschi",20,210057,220167,230377,"Istat"
"4062",2046,"Maschi",21,213707,223110,232962,"Istat"
"4063",2046,"Maschi",22,222725,231670,240902,"Istat"
"4064",2046,"Maschi",23,233155,242849,252844,"Istat"
"4065",2046,"Maschi",24,238698,249141,259963,"Istat"
"4066",2046,"Maschi",25,244514,255726,267403,"Istat"
"4067",2046,"Maschi",26,253490,265550,278064,"Istat"
"4068",2046,"Maschi",27,265066,277968,291293,"Istat"
"4069",2046,"Maschi",28,276159,289783,303937,"Istat"
"4070",2046,"Maschi",29,284136,298445,313399,"Istat"
"4071",2046,"Maschi",30,292093,307146,322786,"Istat"
"4072",2046,"Maschi",31,301025,316678,332948,"Istat"
"4073",2046,"Maschi",32,306365,322461,339273,"Istat"
"4074",2046,"Maschi",33,319452,335925,353159,"Istat"
"4075",2046,"Maschi",34,325705,342475,360042,"Istat"
"4076",2046,"Maschi",35,335928,352912,370676,"Istat"
"4077",2046,"Maschi",36,341790,358898,376755,"Istat"
"4078",2046,"Maschi",37,346453,363577,381410,"Istat"
"4079",2046,"Maschi",38,348329,365342,383065,"Istat"
"4080",2046,"Maschi",39,351379,368171,385690,"Istat"
"4081",2046,"Maschi",40,353011,369609,386819,"Istat"
"4082",2046,"Maschi",41,357545,373783,390555,"Istat"
"4083",2046,"Maschi",42,350941,366722,383068,"Istat"
"4084",2046,"Maschi",43,346469,361658,377415,"Istat"
"4085",2046,"Maschi",44,347696,362310,377475,"Istat"
"4086",2046,"Maschi",45,354144,368131,382610,"Istat"
"4087",2046,"Maschi",46,350081,363403,377224,"Istat"
"4088",2046,"Maschi",47,351704,364318,377408,"Istat"
"4089",2046,"Maschi",48,345015,356907,369237,"Istat"
"4090",2046,"Maschi",49,342457,353683,365283,"Istat"
"4091",2046,"Maschi",50,337445,348034,358935,"Istat"
"4092",2046,"Maschi",51,336358,346293,356497,"Istat"
"4093",2046,"Maschi",52,337404,346735,356255,"Istat"
"4094",2046,"Maschi",53,347524,356281,365150,"Istat"
"4095",2046,"Maschi",54,342017,350198,358493,"Istat"
"4096",2046,"Maschi",55,346602,354214,362001,"Istat"
"4097",2046,"Maschi",56,340607,347749,355026,"Istat"
"4098",2046,"Maschi",57,346274,353032,359853,"Istat"
"4099",2046,"Maschi",58,335907,342254,348629,"Istat"
"4100",2046,"Maschi",59,333904,339913,345922,"Istat"
"4101",2046,"Maschi",60,339822,345541,351185,"Istat"
"4102",2046,"Maschi",61,342952,348393,353725,"Istat"
"4103",2046,"Maschi",62,345618,350890,356068,"Istat"
"4104",2046,"Maschi",63,353171,358336,363399,"Istat"
"4105",2046,"Maschi",64,350773,355890,360915,"Istat"
"4106",2046,"Maschi",65,357070,362207,367255,"Istat"
"4107",2046,"Maschi",66,361656,366905,372026,"Istat"
"4108",2046,"Maschi",67,376503,382119,387360,"Istat"
"4109",2046,"Maschi",68,382379,388443,393912,"Istat"
"4110",2046,"Maschi",69,393097,399631,405513,"Istat"
"4111",2046,"Maschi",70,405343,412505,418920,"Istat"
"4112",2046,"Maschi",71,414538,422473,429601,"Istat"
"4113",2046,"Maschi",72,404082,412614,420196,"Istat"
"4114",2046,"Maschi",73,400701,409923,418119,"Istat"
"4115",2046,"Maschi",74,394398,404356,413367,"Istat"
"4116",2046,"Maschi",75,381672,392416,402100,"Istat"
"4117",2046,"Maschi",76,380636,392639,403333,"Istat"
"4118",2046,"Maschi",77,366091,378975,390461,"Istat"
"4119",2046,"Maschi",78,354214,368241,380703,"Istat"
"4120",2046,"Maschi",79,344955,360322,373844,"Istat"
"4121",2046,"Maschi",80,328927,345437,360006,"Istat"
"4122",2046,"Maschi",81,316094,334045,350030,"Istat"
"4123",2046,"Maschi",82,278289,296295,312363,"Istat"
"4124",2046,"Maschi",83,250550,269093,285674,"Istat"
"4125",2046,"Maschi",84,226539,245762,263095,"Istat"
"4126",2046,"Maschi",85,200619,220252,238116,"Istat"
"4127",2046,"Maschi",86,176030,195975,214303,"Istat"
"4128",2046,"Maschi",87,148596,168157,186340,"Istat"
"4129",2046,"Maschi",88,127960,147582,166073,"Istat"
"4130",2046,"Maschi",89,107181,126349,144703,"Istat"
"4131",2046,"Maschi",90,87568,105876,123737,"Istat"
"4132",2046,"Maschi",91,70248,87431,104642,"Istat"
"4133",2046,"Maschi",92,53520,68839,84597,"Istat"
"4134",2046,"Maschi",93,40514,54097,68480,"Istat"
"4135",2046,"Maschi",94,30265,42151,55158,"Istat"
"4136",2046,"Maschi",95,22762,33239,45137,"Istat"
"4137",2046,"Maschi",96,16082,24761,35056,"Istat"
"4138",2046,"Maschi",97,11366,18553,27494,"Istat"
"4139",2046,"Maschi",98,7323,12719,19793,"Istat"
"4140",2046,"Maschi",99,4656,8635,14146,"Istat"
"4141",2046,"Maschi",100,2191,46915,7493,"Istat"
"4142",2046,"Femmine",0,162870,189079,216032,"Istat"
"4143",2046,"Femmine",1,166265,192108,218429,"Istat"
"4144",2046,"Femmine",2,169064,194440,220244,"Istat"
"4145",2046,"Femmine",3,171630,196410,221704,"Istat"
"4146",2046,"Femmine",4,173951,197969,222850,"Istat"
"4147",2046,"Femmine",5,175892,199291,223344,"Istat"
"4148",2046,"Femmine",6,177345,200094,223490,"Istat"
"4149",2046,"Femmine",7,178954,200841,223226,"Istat"
"4150",2046,"Femmine",8,180056,201215,222678,"Istat"
"4151",2046,"Femmine",9,180993,201216,221845,"Istat"
"4152",2046,"Femmine",10,181783,201120,220701,"Istat"
"4153",2046,"Femmine",11,182478,200836,219431,"Istat"
"4154",2046,"Femmine",12,182831,200005,217447,"Istat"
"4155",2046,"Femmine",13,182761,198895,215209,"Istat"
"4156",2046,"Femmine",14,182966,198186,213176,"Istat"
"4157",2046,"Femmine",15,183436,197462,211160,"Istat"
"4158",2046,"Femmine",16,183864,196695,209153,"Istat"
"4159",2046,"Femmine",17,184632,196189,207726,"Istat"
"4160",2046,"Femmine",18,185808,196208,206626,"Istat"
"4161",2046,"Femmine",19,187278,196617,206007,"Istat"
"4162",2046,"Femmine",20,188914,197356,205795,"Istat"
"4163",2046,"Femmine",21,191076,198543,206233,"Istat"
"4164",2046,"Femmine",22,199751,206007,212488,"Istat"
"4165",2046,"Femmine",23,207870,214598,221578,"Istat"
"4166",2046,"Femmine",24,214613,221882,229484,"Istat"
"4167",2046,"Femmine",25,217569,225471,233735,"Istat"
"4168",2046,"Femmine",26,227136,235648,244593,"Istat"
"4169",2046,"Femmine",27,236059,245213,254847,"Istat"
"4170",2046,"Femmine",28,245558,255371,265704,"Istat"
"4171",2046,"Femmine",29,253640,264089,275058,"Istat"
"4172",2046,"Femmine",30,259591,270633,282147,"Istat"
"4173",2046,"Femmine",31,267174,278726,290725,"Istat"
"4174",2046,"Femmine",32,271447,283427,295877,"Istat"
"4175",2046,"Femmine",33,282816,295192,307982,"Istat"
"4176",2046,"Femmine",34,287524,300220,313264,"Istat"
"4177",2046,"Femmine",35,295271,308210,321419,"Istat"
"4178",2046,"Femmine",36,300676,313758,327063,"Istat"
"4179",2046,"Femmine",37,305390,318549,331894,"Istat"
"4180",2046,"Femmine",38,304568,317736,331100,"Istat"
"4181",2046,"Femmine",39,305329,318440,331751,"Istat"
"4182",2046,"Femmine",40,304117,317072,330237,"Istat"
"4183",2046,"Femmine",41,308592,321380,334343,"Istat"
"4184",2046,"Femmine",42,303576,316113,328823,"Istat"
"4185",2046,"Femmine",43,301351,313623,325989,"Istat"
"4186",2046,"Femmine",44,302937,314859,326831,"Istat"
"4187",2046,"Femmine",45,307193,318686,330281,"Istat"
"4188",2046,"Femmine",46,303207,314251,325429,"Istat"
"4189",2046,"Femmine",47,303233,313829,324552,"Istat"
"4190",2046,"Femmine",48,303595,313753,323978,"Istat"
"4191",2046,"Femmine",49,304931,314622,324392,"Istat"
"4192",2046,"Femmine",50,304638,313873,323206,"Istat"
"4193",2046,"Femmine",51,309054,317878,326771,"Istat"
"4194",2046,"Femmine",52,315144,323540,332026,"Istat"
"4195",2046,"Femmine",53,327534,335537,343654,"Istat"
"4196",2046,"Femmine",54,326641,334299,342074,"Istat"
"4197",2046,"Femmine",55,331520,338893,346351,"Istat"
"4198",2046,"Femmine",56,331853,338915,346085,"Istat"
"4199",2046,"Femmine",57,338314,345082,351945,"Istat"
"4200",2046,"Femmine",58,332119,338617,345205,"Istat"
"4201",2046,"Femmine",59,332816,339043,345371,"Istat"
"4202",2046,"Femmine",60,342047,348087,354202,"Istat"
"4203",2046,"Femmine",61,346628,352454,358383,"Istat"
"4204",2046,"Femmine",62,350745,356438,362109,"Istat"
"4205",2046,"Femmine",63,361238,366680,372166,"Istat"
"4206",2046,"Femmine",64,362153,367483,372794,"Istat"
"4207",2046,"Femmine",65,367390,372665,377886,"Istat"
"4208",2046,"Femmine",66,378011,383282,388420,"Istat"
"4209",2046,"Femmine",67,394236,399573,404729,"Istat"
"4210",2046,"Femmine",68,404911,410286,415476,"Istat"
"4211",2046,"Femmine",69,418764,424330,429621,"Istat"
"4212",2046,"Femmine",70,434670,440507,445964,"Istat"
"4213",2046,"Femmine",71,447467,453655,459412,"Istat"
"4214",2046,"Femmine",72,441726,448101,454056,"Istat"
"4215",2046,"Femmine",73,440083,446833,453094,"Istat"
"4216",2046,"Femmine",74,440419,447636,454299,"Istat"
"4217",2046,"Femmine",75,430022,437648,444721,"Istat"
"4218",2046,"Femmine",76,435055,443386,451122,"Istat"
"4219",2046,"Femmine",77,424423,433343,441610,"Istat"
"4220",2046,"Femmine",78,418473,428204,437164,"Istat"
"4221",2046,"Femmine",79,411325,422057,432021,"Istat"
"4222",2046,"Femmine",80,399336,411279,422168,"Istat"
"4223",2046,"Femmine",81,392196,405616,417844,"Istat"
"4224",2046,"Femmine",82,356325,370269,383073,"Istat"
"4225",2046,"Femmine",83,329993,344857,358677,"Istat"
"4226",2046,"Femmine",84,307683,323737,338773,"Istat"
"4227",2046,"Femmine",85,280557,297646,313804,"Istat"
"4228",2046,"Femmine",86,254847,272971,290287,"Istat"
"4229",2046,"Femmine",87,224783,243551,261671,"Istat"
"4230",2046,"Femmine",88,201982,221832,241189,"Istat"
"4231",2046,"Femmine",89,176571,197078,217357,"Istat"
"4232",2046,"Femmine",90,152071,172953,193911,"Istat"
"4233",2046,"Femmine",91,128929,149877,171298,"Istat"
"4234",2046,"Femmine",92,103185,122993,143718,"Istat"
"4235",2046,"Femmine",93,83754,102744,123116,"Istat"
"4236",2046,"Femmine",94,66866,84758,104481,"Istat"
"4237",2046,"Femmine",95,54045,71089,90474,"Istat"
"4238",2046,"Femmine",96,41155,56434,74443,"Istat"
"4239",2046,"Femmine",97,31637,45462,62393,"Istat"
"4240",2046,"Femmine",98,21981,33270,47685,"Istat"
"4241",2046,"Femmine",99,15143,24260,36451,"Istat"
"4242",2046,"Femmine",100,7649,46915,20593,"Istat"
"4243",2047,"Maschi",0,170138,198560,227713,"Istat"
"4244",2047,"Maschi",1,174007,202009,230745,"Istat"
"4245",2047,"Maschi",2,177550,205215,233381,"Istat"
"4246",2047,"Maschi",3,180662,207674,235073,"Istat"
"4247",2047,"Maschi",4,183470,209772,236832,"Istat"
"4248",2047,"Maschi",5,185785,211448,238079,"Istat"
"4249",2047,"Maschi",6,187833,212877,238556,"Istat"
"4250",2047,"Maschi",7,189547,213761,238757,"Istat"
"4251",2047,"Maschi",8,191260,214602,238622,"Istat"
"4252",2047,"Maschi",9,192506,215077,238166,"Istat"
"4253",2047,"Maschi",10,193540,215195,237249,"Istat"
"4254",2047,"Maschi",11,194535,215262,236204,"Istat"
"4255",2047,"Maschi",12,195476,215215,235196,"Istat"
"4256",2047,"Maschi",13,196182,214706,233477,"Istat"
"4257",2047,"Maschi",14,196583,214062,231552,"Istat"
"4258",2047,"Maschi",15,197630,214055,230154,"Istat"
"4259",2047,"Maschi",16,198926,214304,229358,"Istat"
"4260",2047,"Maschi",17,200730,214879,228885,"Istat"
"4261",2047,"Maschi",18,203000,216103,229304,"Istat"
"4262",2047,"Maschi",19,206067,218136,230573,"Istat"
"4263",2047,"Maschi",20,209228,220679,232279,"Istat"
"4264",2047,"Maschi",21,212720,223498,234593,"Istat"
"4265",2047,"Maschi",22,216273,226581,237558,"Istat"
"4266",2047,"Maschi",23,224938,235123,245699,"Istat"
"4267",2047,"Maschi",24,235191,246171,257565,"Istat"
"4268",2047,"Maschi",25,240455,252284,264541,"Istat"
"4269",2047,"Maschi",26,245957,258687,271828,"Istat"
"4270",2047,"Maschi",27,254837,268357,282385,"Istat"
"4271",2047,"Maschi",28,266328,280641,295480,"Istat"
"4272",2047,"Maschi",29,277275,292328,307942,"Istat"
"4273",2047,"Maschi",30,285144,300862,317224,"Istat"
"4274",2047,"Maschi",31,293021,309430,326490,"Istat"
"4275",2047,"Maschi",32,301887,318825,336438,"Istat"
"4276",2047,"Maschi",33,307190,324469,342461,"Istat"
"4277",2047,"Maschi",34,320201,337788,356162,"Istat"
"4278",2047,"Maschi",35,326414,344196,362848,"Istat"
"4279",2047,"Maschi",36,336552,354488,373292,"Istat"
"4280",2047,"Maschi",37,342349,360330,379173,"Istat"
"4281",2047,"Maschi",38,346913,364867,383621,"Istat"
"4282",2047,"Maschi",39,348698,366494,385043,"Istat"
"4283",2047,"Maschi",40,351663,369186,387475,"Istat"
"4284",2047,"Maschi",41,353247,370492,388381,"Istat"
"4285",2047,"Maschi",42,357670,374539,391947,"Istat"
"4286",2047,"Maschi",43,351001,367366,384260,"Istat"
"4287",2047,"Maschi",44,346415,362196,378422,"Istat"
"4288",2047,"Maschi",45,347593,362744,378380,"Istat"
"4289",2047,"Maschi",46,353980,368462,383499,"Istat"
"4290",2047,"Maschi",47,349881,363645,377927,"Istat"
"4291",2047,"Maschi",48,351430,364468,377952,"Istat"
"4292",2047,"Maschi",49,344645,356978,369704,"Istat"
"4293",2047,"Maschi",50,342066,353668,365635,"Istat"
"4294",2047,"Maschi",51,336988,347937,359186,"Istat"
"4295",2047,"Maschi",52,335828,346106,356553,"Istat"
"4296",2047,"Maschi",53,336804,346453,356198,"Istat"
"4297",2047,"Maschi",54,346869,355879,365021,"Istat"
"4298",2047,"Maschi",55,341261,349704,358282,"Istat"
"4299",2047,"Maschi",56,345677,353600,361639,"Istat"
"4300",2047,"Maschi",57,339586,347036,354538,"Istat"
"4301",2047,"Maschi",58,345172,352182,359215,"Istat"
"4302",2047,"Maschi",59,334712,341309,347920,"Istat"
"4303",2047,"Maschi",60,332553,338837,345047,"Istat"
"4304",2047,"Maschi",61,338344,344287,350134,"Istat"
"4305",2047,"Maschi",62,341207,346949,352562,"Istat"
"4306",2047,"Maschi",63,343672,349247,354702,"Istat"
"4307",2047,"Maschi",64,350931,356445,361845,"Istat"
"4308",2047,"Maschi",65,348303,353787,359141,"Istat"
"4309",2047,"Maschi",66,354261,359805,365228,"Istat"
"4310",2047,"Maschi",67,358429,364185,369612,"Istat"
"4311",2047,"Maschi",68,372732,378958,384642,"Istat"
"4312",2047,"Maschi",69,378162,384865,390890,"Istat"
"4313",2047,"Maschi",70,388252,395521,402027,"Istat"
"4314",2047,"Maschi",71,399720,407759,414964,"Istat"
"4315",2047,"Maschi",72,408043,417021,424994,"Istat"
"4316",2047,"Maschi",73,397101,406647,415139,"Istat"
"4317",2047,"Maschi",74,392910,403263,412552,"Istat"
"4318",2047,"Maschi",75,385630,396964,407169,"Istat"
"4319",2047,"Maschi",76,372177,384329,395175,"Istat"
"4320",2047,"Maschi",77,369930,383475,395521,"Istat"
"4321",2047,"Maschi",78,354377,368931,381834,"Istat"
"4322",2047,"Maschi",79,341373,357120,371015,"Istat"
"4323",2047,"Maschi",80,330702,347902,363139,"Istat"
"4324",2047,"Maschi",81,313315,331811,348228,"Istat"
"4325",2047,"Maschi",82,298776,318897,336735,"Istat"
"4326",2047,"Maschi",83,260711,280803,298724,"Istat"
"4327",2047,"Maschi",84,232259,252813,271291,"Istat"
"4328",2047,"Maschi",85,207383,228579,247775,"Istat"
"4329",2047,"Maschi",86,181081,202490,222120,"Istat"
"4330",2047,"Maschi",87,156351,177803,197690,"Istat"
"4331",2047,"Maschi",88,129589,150295,169760,"Istat"
"4332",2047,"Maschi",89,109295,129693,149279,"Istat"
"4333",2047,"Maschi",90,89460,108999,128132,"Istat"
"4334",2047,"Maschi",91,71280,89518,107805,"Istat"
"4335",2047,"Maschi",92,55642,72332,89562,"Istat"
"4336",2047,"Maschi",93,41146,55625,71044,"Istat"
"4337",2047,"Maschi",94,30155,42619,56351,"Istat"
"4338",2047,"Maschi",95,21748,32313,44429,"Istat"
"4339",2047,"Maschi",96,15767,24765,35549,"Istat"
"4340",2047,"Maschi",97,10763,17962,27025,"Istat"
"4341",2047,"Maschi",98,7358,13101,20727,"Istat"
"4342",2047,"Maschi",99,4569,8711,14538,"Istat"
"4343",2047,"Maschi",100,2785,52217,10077,"Istat"
"4344",2047,"Femmine",0,160173,186956,214446,"Istat"
"4345",2047,"Femmine",1,163769,190153,217232,"Istat"
"4346",2047,"Femmine",2,167106,193106,219631,"Istat"
"4347",2047,"Femmine",3,169891,195347,221184,"Istat"
"4348",2047,"Femmine",4,172450,197249,222740,"Istat"
"4349",2047,"Femmine",5,174606,198756,223852,"Istat"
"4350",2047,"Femmine",6,176469,200037,224233,"Istat"
"4351",2047,"Femmine",7,178027,200808,224371,"Istat"
"4352",2047,"Femmine",8,179549,201527,224126,"Istat"
"4353",2047,"Femmine",9,180595,201879,223546,"Istat"
"4354",2047,"Femmine",10,181473,201860,222639,"Istat"
"4355",2047,"Femmine",11,182199,201747,221459,"Istat"
"4356",2047,"Femmine",12,182900,201447,220164,"Istat"
"4357",2047,"Femmine",13,183244,200604,218228,"Istat"
"4358",2047,"Femmine",14,183261,199492,215876,"Istat"
"4359",2047,"Femmine",15,183432,198803,213811,"Istat"
"4360",2047,"Femmine",16,183987,198140,211957,"Istat"
"4361",2047,"Femmine",17,184456,197493,210206,"Istat"
"4362",2047,"Femmine",18,185391,197188,208943,"Istat"
"4363",2047,"Femmine",19,186844,197491,208307,"Istat"
"4364",2047,"Femmine",20,188503,198246,208059,"Istat"
"4365",2047,"Femmine",21,190488,199327,208181,"Istat"
"4366",2047,"Femmine",22,192719,200744,209114,"Istat"
"4367",2047,"Femmine",23,201101,208262,215749,"Istat"
"4368",2047,"Femmine",24,209037,216776,224885,"Istat"
"4369",2047,"Femmine",25,215587,223952,232740,"Istat"
"4370",2047,"Femmine",26,218434,227452,236942,"Istat"
"4371",2047,"Femmine",27,227873,237568,247753,"Istat"
"4372",2047,"Femmine",28,236763,247093,257988,"Istat"
"4373",2047,"Femmine",29,246224,257214,268754,"Istat"
"4374",2047,"Femmine",30,254333,265889,277987,"Istat"
"4375",2047,"Femmine",31,260285,272381,284999,"Istat"
"4376",2047,"Femmine",32,267849,280414,293490,"Istat"
"4377",2047,"Femmine",33,272078,285048,298506,"Istat"
"4378",2047,"Femmine",34,283447,296741,310486,"Istat"
"4379",2047,"Femmine",35,288148,301694,315694,"Istat"
"4380",2047,"Femmine",36,295870,309609,323741,"Istat"
"4381",2047,"Femmine",37,301220,315082,329269,"Istat"
"4382",2047,"Femmine",38,305877,319801,333976,"Istat"
"4383",2047,"Femmine",39,305035,318921,333009,"Istat"
"4384",2047,"Femmine",40,305756,319561,333554,"Istat"
"4385",2047,"Femmine",41,304471,318133,331946,"Istat"
"4386",2047,"Femmine",42,308952,322379,335989,"Istat"
"4387",2047,"Femmine",43,303920,317058,330367,"Istat"
"4388",2047,"Femmine",44,301708,314511,327472,"Istat"
"4389",2047,"Femmine",45,303261,315691,328246,"Istat"
"4390",2047,"Femmine",46,307462,319461,331561,"Istat"
"4391",2047,"Femmine",47,303432,314977,326643,"Istat"
"4392",2047,"Femmine",48,303442,314502,325678,"Istat"
"4393",2047,"Femmine",49,303810,314370,325064,"Istat"
"4394",2047,"Femmine",50,305098,315179,325405,"Istat"
"4395",2047,"Femmine",51,304717,314364,324134,"Istat"
"4396",2047,"Femmine",52,309112,318296,327585,"Istat"
"4397",2047,"Femmine",53,315097,323878,332744,"Istat"
"4398",2047,"Femmine",54,327369,335780,344272,"Istat"
"4399",2047,"Femmine",55,326398,334464,342624,"Istat"
"4400",2047,"Femmine",56,331230,338967,346785,"Istat"
"4401",2047,"Femmine",57,331502,338900,346425,"Istat"
"4402",2047,"Femmine",58,337863,344960,352178,"Istat"
"4403",2047,"Femmine",59,331572,338408,345334,"Istat"
"4404",2047,"Femmine",60,332192,338725,345374,"Istat"
"4405",2047,"Femmine",61,341281,347629,354076,"Istat"
"4406",2047,"Femmine",62,345687,351858,358062,"Istat"
"4407",2047,"Femmine",63,349767,355693,361649,"Istat"
"4408",2047,"Femmine",64,359984,365749,371527,"Istat"
"4409",2047,"Femmine",65,360747,366389,372004,"Istat"
"4410",2047,"Femmine",66,365760,371383,376887,"Istat"
"4411",2047,"Femmine",67,376153,381777,387243,"Istat"
"4412",2047,"Femmine",68,392077,397795,403264,"Istat"
"4413",2047,"Femmine",69,402390,408222,413734,"Istat"
"4414",2047,"Femmine",70,415869,421911,427603,"Istat"
"4415",2047,"Femmine",71,431219,437671,443626,"Istat"
"4416",2047,"Femmine",72,443603,450359,456664,"Istat"
"4417",2047,"Femmine",73,437325,444430,450991,"Istat"
"4418",2047,"Femmine",74,435176,442701,449664,"Istat"
"4419",2047,"Femmine",75,434912,442944,450393,"Istat"
"4420",2047,"Femmine",76,423934,432419,440334,"Istat"
"4421",2047,"Femmine",77,427961,437317,445915,"Istat"
"4422",2047,"Femmine",78,416415,426517,435802,"Istat"
"4423",2047,"Femmine",79,409258,420387,430586,"Istat"
"4424",2047,"Femmine",80,400628,413087,424396,"Istat"
"4425",2047,"Femmine",81,387403,401045,413545,"Istat"
"4426",2047,"Femmine",82,378476,393792,407887,"Istat"
"4427",2047,"Femmine",83,341729,357638,372398,"Istat"
"4428",2047,"Femmine",84,314097,331048,346949,"Istat"
"4429",2047,"Femmine",85,290309,308529,325767,"Istat"
"4430",2047,"Femmine",86,261979,281237,299596,"Istat"
"4431",2047,"Femmine",87,234998,255343,274873,"Istat"
"4432",2047,"Femmine",88,204291,225166,245426,"Istat"
"4433",2047,"Femmine",89,180567,202329,223784,"Istat"
"4434",2047,"Femmine",90,154921,177054,199225,"Istat"
"4435",2047,"Femmine",91,130695,152845,175463,"Istat"
"4436",2047,"Femmine",92,108346,130117,152825,"Istat"
"4437",2047,"Femmine",93,84655,104768,126253,"Istat"
"4438",2047,"Femmine",94,66967,85740,106382,"Istat"
"4439",2047,"Femmine",95,51996,69178,88718,"Istat"
"4440",2047,"Femmine",96,40805,56680,75427,"Istat"
"4441",2047,"Femmine",97,30136,43930,60909,"Istat"
"4442",2047,"Femmine",98,22411,34449,49960,"Istat"
"4443",2047,"Femmine",99,14994,24422,37199,"Istat"
"4444",2047,"Femmine",100,9919,52217,27609,"Istat"
"4445",2048,"Maschi",0,167132,196033,225766,"Istat"
"4446",2048,"Maschi",1,171177,199755,229134,"Istat"
"4447",2048,"Maschi",2,174992,203137,232059,"Istat"
"4448",2048,"Maschi",3,178461,206254,234615,"Istat"
"4449",2048,"Maschi",4,181441,208639,236367,"Istat"
"4450",2048,"Maschi",5,184209,210677,237957,"Istat"
"4451",2048,"Maschi",6,186479,212301,239059,"Istat"
"4452",2048,"Maschi",7,188449,213686,239590,"Istat"
"4453",2048,"Maschi",8,190241,214536,239835,"Istat"
"4454",2048,"Maschi",9,191859,215358,239628,"Istat"
"4455",2048,"Maschi",10,193057,215829,239023,"Istat"
"4456",2048,"Maschi",11,193934,215958,238178,"Istat"
"4457",2048,"Maschi",12,195051,216054,237180,"Istat"
"4458",2048,"Maschi",13,196082,216062,236175,"Istat"
"4459",2048,"Maschi",14,196892,215649,234539,"Istat"
"4460",2048,"Maschi",15,197558,215161,232792,"Istat"
"4461",2048,"Maschi",16,198730,215403,231818,"Istat"
"4462",2048,"Maschi",17,200465,216057,231345,"Istat"
"4463",2048,"Maschi",18,202579,217104,231586,"Istat"
"4464",2048,"Maschi",19,205181,218770,232670,"Istat"
"4465",2048,"Maschi",20,208398,221185,234123,"Istat"
"4466",2048,"Maschi",21,211793,224010,236439,"Istat"
"4467",2048,"Maschi",22,215305,226969,238949,"Istat"
"4468",2048,"Maschi",23,218610,230036,242224,"Istat"
"4469",2048,"Maschi",24,226952,238450,250445,"Istat"
"4470",2048,"Maschi",25,236897,249316,262233,"Istat"
"4471",2048,"Maschi",26,241937,255249,269152,"Istat"
"4472",2048,"Maschi",27,247396,261500,276224,"Istat"
"4473",2048,"Maschi",28,256118,271037,286639,"Istat"
"4474",2048,"Maschi",29,267477,283193,299565,"Istat"
"4475",2048,"Maschi",30,278282,294751,311865,"Istat"
"4476",2048,"Maschi",31,286023,303153,321000,"Istat"
"4477",2048,"Maschi",32,293937,311584,329978,"Istat"
"4478",2048,"Maschi",33,302741,320838,339660,"Istat"
"4479",2048,"Maschi",34,307905,326341,345518,"Istat"
"4480",2048,"Maschi",35,320854,339516,359006,"Istat"
"4481",2048,"Maschi",36,326998,345780,365444,"Istat"
"4482",2048,"Maschi",37,337072,355926,375684,"Istat"
"4483",2048,"Maschi",38,342774,361626,381450,"Istat"
"4484",2048,"Maschi",39,347254,366024,385707,"Istat"
"4485",2048,"Maschi",40,348950,367515,386892,"Istat"
"4486",2048,"Maschi",41,351845,370075,389081,"Istat"
"4487",2048,"Maschi",42,353399,371256,389795,"Istat"
"4488",2048,"Maschi",43,357719,375182,393203,"Istat"
"4489",2048,"Maschi",44,350992,367905,385321,"Istat"
"4490",2048,"Maschi",45,346318,362637,379421,"Istat"
"4491",2048,"Maschi",46,347446,363087,379217,"Istat"
"4492",2048,"Maschi",47,353746,368707,384186,"Istat"
"4493",2048,"Maschi",48,349567,363805,378473,"Istat"
"4494",2048,"Maschi",49,351062,364539,378438,"Istat"
"4495",2048,"Maschi",50,344279,356969,370069,"Istat"
"4496",2048,"Maschi",51,341579,353574,365909,"Istat"
"4497",2048,"Maschi",52,336478,347761,359270,"Istat"
"4498",2048,"Maschi",53,335228,345840,356553,"Istat"
"4499",2048,"Maschi",54,336149,346087,356108,"Istat"
"4500",2048,"Maschi",55,346076,355389,364774,"Istat"
"4501",2048,"Maschi",56,340400,349119,357944,"Istat"
"4502",2048,"Maschi",57,344716,352891,361179,"Istat"
"4503",2048,"Maschi",58,338534,346226,353933,"Istat"
"4504",2048,"Maschi",59,343933,351226,358474,"Istat"
"4505",2048,"Maschi",60,333387,340253,347078,"Istat"
"4506",2048,"Maschi",61,331137,337637,344022,"Istat"
"4507",2048,"Maschi",62,336676,342893,348977,"Istat"
"4508",2048,"Maschi",63,339324,345358,351240,"Istat"
"4509",2048,"Maschi",64,341545,347445,353215,"Istat"
"4510",2048,"Maschi",65,348514,354376,360120,"Istat"
"4511",2048,"Maschi",66,345656,351490,357206,"Istat"
"4512",2048,"Maschi",67,351169,357189,362973,"Istat"
"4513",2048,"Maschi",68,354933,361229,367100,"Istat"
"4514",2048,"Maschi",69,368646,375529,381746,"Istat"
"4515",2048,"Maschi",70,373622,380983,387590,"Istat"
"4516",2048,"Maschi",71,382964,391047,398299,"Istat"
"4517",2048,"Maschi",72,393552,402585,410575,"Istat"
"4518",2048,"Maschi",73,401075,411083,419977,"Istat"
"4519",2048,"Maschi",74,389414,400141,409671,"Istat"
"4520",2048,"Maschi",75,384247,396005,406476,"Istat"
"4521",2048,"Maschi",76,376163,388905,400273,"Istat"
"4522",2048,"Maschi",77,361788,375497,387705,"Istat"
"4523",2048,"Maschi",78,358196,373454,386891,"Istat"
"4524",2048,"Maschi",79,341542,357948,372379,"Istat"
"4525",2048,"Maschi",80,327174,344961,360616,"Istat"
"4526",2048,"Maschi",81,314961,334345,351453,"Istat"
"4527",2048,"Maschi",82,296204,316951,335361,"Istat"
"4528",2048,"Maschi",83,279884,302393,322389,"Istat"
"4529",2048,"Maschi",84,241622,263989,283993,"Istat"
"4530",2048,"Maschi",85,212575,235288,255760,"Istat"
"4531",2048,"Maschi",86,187139,210292,231324,"Istat"
"4532",2048,"Maschi",87,160724,183837,205112,"Istat"
"4533",2048,"Maschi",88,136186,159023,180406,"Istat"
"4534",2048,"Maschi",89,110510,132171,152853,"Istat"
"4535",2048,"Maschi",90,91044,111949,132324,"Istat"
"4536",2048,"Maschi",91,72668,92226,111779,"Istat"
"4537",2048,"Maschi",92,56332,74100,92421,"Istat"
"4538",2048,"Maschi",93,42685,58473,75308,"Istat"
"4539",2048,"Maschi",94,30570,43845,58535,"Istat"
"4540",2048,"Maschi",95,21643,32688,45434,"Istat"
"4541",2048,"Maschi",96,15051,24087,35029,"Istat"
"4542",2048,"Maschi",97,10538,17975,27482,"Istat"
"4543",2048,"Maschi",98,6952,12692,20458,"Istat"
"4544",2048,"Maschi",99,4574,8978,15305,"Istat"
"4545",2048,"Maschi",100,2719,56005,10412,"Istat"
"4546",2048,"Femmine",0,157395,184577,212564,"Istat"
"4547",2048,"Femmine",1,161099,188032,215663,"Istat"
"4548",2048,"Femmine",2,164677,191153,218384,"Istat"
"4549",2048,"Femmine",3,167841,194015,220747,"Istat"
"4550",2048,"Femmine",4,170581,196189,222294,"Istat"
"4551",2048,"Femmine",5,173097,198038,223715,"Istat"
"4552",2048,"Femmine",6,175212,199505,224690,"Istat"
"4553",2048,"Femmine",7,177004,200752,225167,"Istat"
"4554",2048,"Femmine",8,178613,201496,225333,"Istat"
"4555",2048,"Femmine",9,180041,202192,225000,"Istat"
"4556",2048,"Femmine",10,181127,202524,224322,"Istat"
"4557",2048,"Femmine",11,181839,202489,223350,"Istat"
"4558",2048,"Femmine",12,182675,202359,222122,"Istat"
"4559",2048,"Femmine",13,183313,202048,220887,"Istat"
"4560",2048,"Femmine",14,183615,201202,218833,"Istat"
"4561",2048,"Femmine",15,183673,200110,216489,"Istat"
"4562",2048,"Femmine",16,184009,199482,214643,"Istat"
"4563",2048,"Femmine",17,184622,198940,212976,"Istat"
"4564",2048,"Femmine",18,185267,198493,211447,"Istat"
"4565",2048,"Femmine",19,186451,198473,210555,"Istat"
"4566",2048,"Femmine",20,188111,199123,210247,"Istat"
"4567",2048,"Femmine",21,189997,200220,210427,"Istat"
"4568",2048,"Femmine",22,192057,201531,211134,"Istat"
"4569",2048,"Femmine",23,194179,203003,212145,"Istat"
"4570",2048,"Femmine",24,202210,210445,219041,"Istat"
"4571",2048,"Femmine",25,209973,218851,228187,"Istat"
"4572",2048,"Femmine",26,216387,225938,236005,"Istat"
"4573",2048,"Femmine",27,219150,229379,240175,"Istat"
"4574",2048,"Femmine",28,228572,239455,250959,"Istat"
"4575",2048,"Femmine",29,237403,248942,261108,"Istat"
"4576",2048,"Femmine",30,246924,259020,271752,"Istat"
"4577",2048,"Femmine",31,254977,267643,280933,"Istat"
"4578",2048,"Femmine",32,260916,274076,287840,"Istat"
"4579",2048,"Femmine",33,268464,282041,296206,"Istat"
"4580",2048,"Femmine",34,272722,286603,301080,"Istat"
"4581",2048,"Femmine",35,284047,298221,312945,"Istat"
"4582",2048,"Femmine",36,288716,303099,317984,"Istat"
"4583",2048,"Femmine",37,296402,310939,325910,"Istat"
"4584",2048,"Femmine",38,301729,316340,331367,"Istat"
"4585",2048,"Femmine",39,306373,320990,335960,"Istat"
"4586",2048,"Femmine",40,305459,320046,334894,"Istat"
"4587",2048,"Femmine",41,306165,320625,335315,"Istat"
"4588",2048,"Femmine",42,304847,319139,333619,"Istat"
"4589",2048,"Femmine",43,309274,323325,337534,"Istat"
"4590",2048,"Femmine",44,304196,317949,331839,"Istat"
"4591",2048,"Femmine",45,301974,315348,328876,"Istat"
"4592",2048,"Femmine",46,303527,316473,329597,"Istat"
"4593",2048,"Femmine",47,307680,320188,332848,"Istat"
"4594",2048,"Femmine",48,303639,315654,327802,"Istat"
"4595",2048,"Femmine",49,303627,315124,326783,"Istat"
"4596",2048,"Femmine",50,303928,314932,326084,"Istat"
"4597",2048,"Femmine",51,305156,315675,326331,"Istat"
"4598",2048,"Femmine",52,304763,314793,324963,"Istat"
"4599",2048,"Femmine",53,309058,318647,328342,"Istat"
"4600",2048,"Femmine",54,314956,324146,333439,"Istat"
"4601",2048,"Femmine",55,327133,335950,344833,"Istat"
"4602",2048,"Femmine",56,326089,334553,343057,"Istat"
"4603",2048,"Femmine",57,330873,338961,347133,"Istat"
"4604",2048,"Femmine",58,331048,338801,346635,"Istat"
"4605",2048,"Femmine",59,337304,344747,352281,"Istat"
"4606",2048,"Femmine",60,330968,338103,345342,"Istat"
"4607",2048,"Femmine",61,331426,338304,345290,"Istat"
"4608",2048,"Femmine",62,340398,347061,353820,"Istat"
"4609",2048,"Femmine",63,344714,351143,357620,"Istat"
"4610",2048,"Femmine",64,348646,354819,361084,"Istat"
"4611",2048,"Femmine",65,358603,364681,370752,"Istat"
"4612",2048,"Femmine",66,359132,365156,371113,"Istat"
"4613",2048,"Femmine",67,363982,369958,375745,"Istat"
"4614",2048,"Femmine",68,374094,380115,385922,"Istat"
"4615",2048,"Femmine",69,389642,395832,401667,"Istat"
"4616",2048,"Femmine",70,399670,405939,411902,"Istat"
"4617",2048,"Femmine",71,412683,419240,425398,"Istat"
"4618",2048,"Femmine",72,427556,434546,441013,"Istat"
"4619",2048,"Femmine",73,439260,446722,453660,"Istat"
"4620",2048,"Femmine",74,432494,440382,447633,"Istat"
"4621",2048,"Femmine",75,429815,438134,445835,"Istat"
"4622",2048,"Femmine",76,428815,437729,446034,"Istat"
"4623",2048,"Femmine",77,417089,426590,435397,"Istat"
"4624",2048,"Femmine",78,419931,430528,440240,"Istat"
"4625",2048,"Femmine",79,407348,418842,429330,"Istat"
"4626",2048,"Femmine",80,398754,411569,423239,"Istat"
"4627",2048,"Femmine",81,388828,402939,415895,"Istat"
"4628",2048,"Femmine",82,373953,389504,403849,"Istat"
"4629",2048,"Femmine",83,363085,380512,396658,"Istat"
"4630",2048,"Femmine",84,325400,343489,360374,"Istat"
"4631",2048,"Femmine",85,296393,315653,333737,"Istat"
"4632",2048,"Femmine",86,271088,291686,311308,"Istat"
"4633",2048,"Femmine",87,241632,263217,283912,"Istat"
"4634",2048,"Femmine",88,213735,236215,258033,"Istat"
"4635",2048,"Femmine",89,182737,205509,227955,"Istat"
"4636",2048,"Femmine",90,158520,181893,205461,"Istat"
"4637",2048,"Femmine",91,133302,156587,180519,"Istat"
"4638",2048,"Femmine",92,110009,132802,156748,"Istat"
"4639",2048,"Femmine",93,89050,110916,134475,"Istat"
"4640",2048,"Femmine",94,67811,87502,109340,"Istat"
"4641",2048,"Femmine",95,52162,70046,90561,"Istat"
"4642",2048,"Femmine",96,39318,55211,74148,"Istat"
"4643",2048,"Femmine",97,29932,44173,61890,"Istat"
"4644",2048,"Femmine",98,21344,33328,48922,"Istat"
"4645",2048,"Femmine",99,15237,25319,39101,"Istat"
"4646",2048,"Femmine",100,9766,56005,28263,"Istat"
"4647",2049,"Maschi",0,164119,193309,223730,"Istat"
"4648",2049,"Maschi",1,168181,197228,227250,"Istat"
"4649",2049,"Maschi",2,172175,200883,230367,"Istat"
"4650",2049,"Maschi",3,176006,204176,233371,"Istat"
"4651",2049,"Maschi",4,179262,207218,235726,"Istat"
"4652",2049,"Maschi",5,182161,209543,237749,"Istat"
"4653",2049,"Maschi",6,184899,211530,239129,"Istat"
"4654",2049,"Maschi",7,187124,213111,240109,"Istat"
"4655",2049,"Maschi",8,189077,214461,240598,"Istat"
"4656",2049,"Maschi",9,190776,215292,240657,"Istat"
"4657",2049,"Maschi",10,192520,216110,240508,"Istat"
"4658",2049,"Maschi",11,193540,216592,239981,"Istat"
"4659",2049,"Maschi",12,194628,216749,239225,"Istat"
"4660",2049,"Maschi",13,195641,216900,238259,"Istat"
"4661",2049,"Maschi",14,196812,217003,237240,"Istat"
"4662",2049,"Maschi",15,197692,216747,235715,"Istat"
"4663",2049,"Maschi",16,198586,216508,234428,"Istat"
"4664",2049,"Maschi",17,200152,217155,233742,"Istat"
"4665",2049,"Maschi",18,202324,218280,234147,"Istat"
"4666",2049,"Maschi",19,204736,219769,234837,"Istat"
"4667",2049,"Maschi",20,207638,221817,236352,"Istat"
"4668",2049,"Maschi",21,210836,224512,238405,"Istat"
"4669",2049,"Maschi",22,214520,227477,240905,"Istat"
"4670",2049,"Maschi",23,217734,230422,243741,"Istat"
"4671",2049,"Maschi",24,220576,233363,246922,"Istat"
"4672",2049,"Maschi",25,228604,241597,255259,"Istat"
"4673",2049,"Maschi",26,238380,252283,266866,"Istat"
"4674",2049,"Maschi",27,243323,258064,273566,"Istat"
"4675",2049,"Maschi",28,248570,264184,280538,"Istat"
"4676",2049,"Maschi",29,257166,273594,290861,"Istat"
"4677",2049,"Maschi",30,268486,285621,303576,"Istat"
"4678",2049,"Maschi",31,279184,297046,315689,"Istat"
"4679",2049,"Maschi",32,286897,305311,324540,"Istat"
"4680",2049,"Maschi",33,294751,313602,333231,"Istat"
"4681",2049,"Maschi",34,303500,322714,342767,"Istat"
"4682",2049,"Maschi",35,308581,328076,348385,"Istat"
"4683",2049,"Maschi",36,321414,341104,361661,"Istat"
"4684",2049,"Maschi",37,327474,347225,367888,"Istat"
"4685",2049,"Maschi",38,337505,357227,377921,"Istat"
"4686",2049,"Maschi",39,343142,362787,383441,"Istat"
"4687",2049,"Maschi",40,347582,367049,387506,"Istat"
"4688",2049,"Maschi",41,349212,368409,388580,"Istat"
"4689",2049,"Maschi",42,351986,370844,390564,"Istat"
"4690",2049,"Maschi",43,353430,371908,391058,"Istat"
"4691",2049,"Maschi",44,357708,375721,394352,"Istat"
"4692",2049,"Maschi",45,350866,368347,386361,"Istat"
"4693",2049,"Maschi",46,346120,362987,380281,"Istat"
"4694",2049,"Maschi",47,347195,363345,379933,"Istat"
"4695",2049,"Maschi",48,353474,368870,384742,"Istat"
"4696",2049,"Maschi",49,349234,363885,378942,"Istat"
"4697",2049,"Maschi",50,350657,364530,378810,"Istat"
"4698",2049,"Maschi",51,343791,356881,370350,"Istat"
"4699",2049,"Maschi",52,341061,353401,366014,"Istat"
"4700",2049,"Maschi",53,335892,347505,359229,"Istat"
"4701",2049,"Maschi",54,334568,345490,356477,"Istat"
"4702",2049,"Maschi",55,335416,345636,355884,"Istat"
"4703",2049,"Maschi",56,345225,354809,364449,"Istat"
"4704",2049,"Maschi",57,339481,348442,357511,"Istat"
"4705",2049,"Maschi",58,343615,352085,360590,"Istat"
"4706",2049,"Maschi",59,337339,345313,353236,"Istat"
"4707",2049,"Maschi",60,342635,350159,357618,"Istat"
"4708",2049,"Maschi",61,331944,339074,346061,"Istat"
"4709",2049,"Maschi",62,329555,336304,342915,"Istat"
"4710",2049,"Maschi",63,334824,341356,347713,"Istat"
"4711",2049,"Maschi",64,337281,343613,349791,"Istat"
"4712",2049,"Maschi",65,339228,345474,351592,"Istat"
"4713",2049,"Maschi",66,345886,352117,358214,"Istat"
"4714",2049,"Maschi",67,342749,348988,355100,"Istat"
"4715",2049,"Maschi",68,347734,354346,360504,"Istat"
"4716",2049,"Maschi",69,351033,358022,364370,"Istat"
"4717",2049,"Maschi",70,364275,371808,378595,"Istat"
"4718",2049,"Maschi",71,368614,376756,384073,"Istat"
"4719",2049,"Maschi",72,377188,386169,394218,"Istat"
"4720",2049,"Maschi",73,386834,396947,405900,"Istat"
"4721",2049,"Maschi",74,393310,404609,414555,"Istat"
"4722",2049,"Maschi",75,380983,393051,403707,"Istat"
"4723",2049,"Maschi",76,374909,388091,399776,"Istat"
"4724",2049,"Maschi",77,365743,380100,392774,"Istat"
"4725",2049,"Maschi",78,350448,365834,379413,"Istat"
"4726",2049,"Maschi",79,345398,362492,377507,"Istat"
"4727",2049,"Maschi",80,327562,345933,361978,"Istat"
"4728",2049,"Maschi",81,311811,331681,349133,"Istat"
"4729",2049,"Maschi",82,297943,319548,338611,"Istat"
"4730",2049,"Maschi",83,277730,300743,321160,"Istat"
"4731",2049,"Maschi",84,259679,284462,306602,"Istat"
"4732",2049,"Maschi",85,221453,245868,267872,"Istat"
"4733",2049,"Maschi",86,192018,216615,239039,"Istat"
"4734",2049,"Maschi",87,166240,191064,213917,"Istat"
"4735",2049,"Maschi",88,140119,164538,187396,"Istat"
"4736",2049,"Maschi",89,116218,139948,162534,"Istat"
"4737",2049,"Maschi",90,92122,114176,135633,"Istat"
"4738",2049,"Maschi",91,74029,94784,115570,"Istat"
"4739",2049,"Maschi",92,57500,76402,95961,"Istat"
"4740",2049,"Maschi",93,43237,59940,77829,"Istat"
"4741",2049,"Maschi",94,31706,46114,62146,"Istat"
"4742",2049,"Maschi",95,21920,33650,47278,"Istat"
"4743",2049,"Maschi",96,14950,24382,35881,"Istat"
"4744",2049,"Maschi",97,10036,17495,27074,"Istat"
"4745",2049,"Maschi",98,6787,12711,20766,"Istat"
"4746",2049,"Maschi",99,4308,8706,15074,"Istat"
"4747",2049,"Maschi",100,2715,59330,10949,"Istat"
"4748",2049,"Femmine",0,154528,182012,210654,"Istat"
"4749",2049,"Femmine",1,158293,185655,213923,"Istat"
"4750",2049,"Femmine",2,161962,189033,216779,"Istat"
"4751",2049,"Femmine",3,165546,192063,219553,"Istat"
"4752",2049,"Femmine",4,168554,194858,221748,"Istat"
"4753",2049,"Femmine",5,171205,196979,223549,"Istat"
"4754",2049,"Femmine",6,173715,198788,224832,"Istat"
"4755",2049,"Femmine",7,175724,200221,225644,"Istat"
"4756",2049,"Femmine",8,177586,201442,226129,"Istat"
"4757",2049,"Femmine",9,179124,202162,226032,"Istat"
"4758",2049,"Femmine",10,180557,202839,225722,"Istat"
"4759",2049,"Femmine",11,181504,203154,225107,"Istat"
"4760",2049,"Femmine",12,182294,203103,224269,"Istat"
"4761",2049,"Femmine",13,183037,202961,222977,"Istat"
"4762",2049,"Femmine",14,183727,202647,221556,"Istat"
"4763",2049,"Femmine",15,184044,201821,219517,"Istat"
"4764",2049,"Femmine",16,184215,200790,217341,"Istat"
"4765",2049,"Femmine",17,184586,200283,215589,"Istat"
"4766",2049,"Femmine",18,185375,199941,214231,"Istat"
"4767",2049,"Femmine",19,186300,199779,212992,"Istat"
"4768",2049,"Femmine",20,187819,200106,212678,"Istat"
"4769",2049,"Femmine",21,189584,201097,212755,"Istat"
"4770",2049,"Femmine",22,191674,202425,213295,"Istat"
"4771",2049,"Femmine",23,193615,203792,214081,"Istat"
"4772",2049,"Femmine",24,195487,205190,215353,"Istat"
"4773",2049,"Femmine",25,203139,212524,222413,"Istat"
"4774",2049,"Femmine",26,210752,220842,231466,"Istat"
"4775",2049,"Femmine",27,217115,227870,239207,"Istat"
"4776",2049,"Femmine",28,219858,231271,243329,"Istat"
"4777",2049,"Femmine",29,229240,241310,254091,"Istat"
"4778",2049,"Femmine",30,238036,250754,264171,"Istat"
"4779",2049,"Femmine",31,247482,260780,274776,"Istat"
"4780",2049,"Femmine",32,255589,269342,283779,"Istat"
"4781",2049,"Femmine",33,261549,275707,290548,"Istat"
"4782",2049,"Femmine",34,269094,283600,298779,"Istat"
"4783",2049,"Femmine",35,273287,288089,303533,"Istat"
"4784",2049,"Femmine",36,284650,299630,315264,"Istat"
"4785",2049,"Femmine",37,289265,304435,320183,"Istat"
"4786",2049,"Femmine",38,296926,312201,328010,"Istat"
"4787",2049,"Femmine",39,302216,317534,333323,"Istat"
"4788",2049,"Femmine",40,306811,322118,337843,"Istat"
"4789",2049,"Femmine",41,305880,321113,336718,"Istat"
"4790",2049,"Femmine",42,306531,321633,337025,"Istat"
"4791",2049,"Femmine",43,305187,320090,335230,"Istat"
"4792",2049,"Femmine",44,309592,324217,339063,"Istat"
"4793",2049,"Femmine",45,304480,318787,333287,"Istat"
"4794",2049,"Femmine",46,302211,316135,330221,"Istat"
"4795",2049,"Femmine",47,303723,317207,330842,"Istat"
"4796",2049,"Femmine",48,307867,320865,334011,"Istat"
"4797",2049,"Femmine",49,303791,316280,328912,"Istat"
"4798",2049,"Femmine",50,303742,315690,327779,"Istat"
"4799",2049,"Femmine",51,304003,315434,327000,"Istat"
"4800",2049,"Femmine",52,305196,316108,327178,"Istat"
"4801",2049,"Femmine",53,304724,315156,325712,"Istat"
"4802",2049,"Femmine",54,308966,318931,329030,"Istat"
"4803",2049,"Femmine",55,314760,324343,333999,"Istat"
"4804",2049,"Femmine",56,326800,336044,345275,"Istat"
"4805",2049,"Femmine",57,325736,334565,343431,"Istat"
"4806",2049,"Femmine",58,330410,338871,347379,"Istat"
"4807",2049,"Femmine",59,330488,338612,346743,"Istat"
"4808",2049,"Femmine",60,336663,344437,352293,"Istat"
"4809",2049,"Femmine",61,330240,337696,345280,"Istat"
"4810",2049,"Femmine",62,330555,337778,345062,"Istat"
"4811",2049,"Femmine",63,339446,346377,353424,"Istat"
"4812",2049,"Femmine",64,343639,350301,357061,"Istat"
"4813",2049,"Femmine",65,347283,353811,360346,"Istat"
"4814",2049,"Femmine",66,357028,363476,369871,"Istat"
"4815",2049,"Femmine",67,357410,363782,370032,"Istat"
"4816",2049,"Femmine",68,362040,368381,374526,"Istat"
"4817",2049,"Femmine",69,371859,378278,384429,"Istat"
"4818",2049,"Femmine",70,387089,393658,399896,"Istat"
"4819",2049,"Femmine",71,396657,403417,409823,"Istat"
"4820",2049,"Femmine",72,409189,416296,422942,"Istat"
"4821",2049,"Femmine",73,423460,431096,438195,"Istat"
"4822",2049,"Femmine",74,434430,442712,450296,"Istat"
"4823",2049,"Femmine",75,427335,435908,443921,"Istat"
"4824",2049,"Femmine",76,423867,433055,441633,"Istat"
"4825",2049,"Femmine",77,421969,431913,441149,"Istat"
"4826",2049,"Femmine",78,409410,420065,429894,"Istat"
"4827",2049,"Femmine",79,410955,422890,433883,"Istat"
"4828",2049,"Femmine",80,397173,410180,422130,"Istat"
"4829",2049,"Femmine",81,387165,401586,414896,"Istat"
"4830",2049,"Femmine",82,375500,391485,406210,"Istat"
"4831",2049,"Femmine",83,358863,376530,392930,"Istat"
"4832",2049,"Femmine",84,345910,365622,384082,"Istat"
"4833",2049,"Femmine",85,307278,327694,346926,"Istat"
"4834",2049,"Femmine",86,277016,298583,319285,"Istat"
"4835",2049,"Femmine",87,250319,273166,295423,"Istat"
"4836",2049,"Femmine",88,219876,243642,266913,"Istat"
"4837",2049,"Femmine",89,191279,215739,240041,"Istat"
"4838",2049,"Femmine",90,160441,184886,209554,"Istat"
"4839",2049,"Femmine",91,136400,160983,186370,"Istat"
"4840",2049,"Femmine",92,112199,136165,161463,"Istat"
"4841",2049,"Femmine",93,90414,113304,138113,"Istat"
"4842",2049,"Femmine",94,71333,92710,116626,"Istat"
"4843",2049,"Femmine",95,52819,71552,93246,"Istat"
"4844",2049,"Femmine",96,39413,55964,75854,"Istat"
"4845",2049,"Femmine",97,28796,43077,60986,"Istat"
"4846",2049,"Femmine",98,21182,33556,49852,"Istat"
"4847",2049,"Femmine",99,14541,24528,38412,"Istat"
"4848",2049,"Femmine",100,9958,59330,29823,"Istat"
"4849",2050,"Maschi",0,160828,190448,221339,"Istat"
"4850",2050,"Maschi",1,165140,194503,225237,"Istat"
"4851",2050,"Maschi",2,169214,198356,228516,"Istat"
"4852",2050,"Maschi",3,173225,201921,231606,"Istat"
"4853",2050,"Maschi",4,176754,205140,234498,"Istat"
"4854",2050,"Maschi",5,179986,208123,236813,"Istat"
"4855",2050,"Maschi",6,182777,210397,238714,"Istat"
"4856",2050,"Maschi",7,185489,212339,240359,"Istat"
"4857",2050,"Maschi",8,187694,213885,241016,"Istat"
"4858",2050,"Maschi",9,189645,215217,241631,"Istat"
"4859",2050,"Maschi",10,191385,216044,241708,"Istat"
"4860",2050,"Maschi",11,193067,216872,241458,"Istat"
"4861",2050,"Maschi",12,194146,217382,240910,"Istat"
"4862",2050,"Maschi",13,195259,217595,240193,"Istat"
"4863",2050,"Maschi",14,196406,217841,239285,"Istat"
"4864",2050,"Maschi",15,197662,218101,238471,"Istat"
"4865",2050,"Maschi",16,198787,218093,237267,"Istat"
"4866",2050,"Maschi",17,200019,218258,236392,"Istat"
"4867",2050,"Maschi",18,202033,219376,236612,"Istat"
"4868",2050,"Maschi",19,204528,220942,237365,"Istat"
"4869",2050,"Maschi",20,206934,222812,238654,"Istat"
"4870",2050,"Maschi",21,210168,225141,240309,"Istat"
"4871",2050,"Maschi",22,213574,227977,242685,"Istat"
"4872",2050,"Maschi",23,216832,230928,245482,"Istat"
"4873",2050,"Maschi",24,219827,233747,248472,"Istat"
"4874",2050,"Maschi",25,222222,236511,251577,"Istat"
"4875",2050,"Maschi",26,230030,244566,259855,"Istat"
"4876",2050,"Maschi",27,239661,255098,271355,"Istat"
"4877",2050,"Maschi",28,244442,260749,277947,"Istat"
"4878",2050,"Maschi",29,249586,266743,284805,"Istat"
"4879",2050,"Maschi",30,258109,276026,294903,"Istat"
"4880",2050,"Maschi",31,269322,287920,307499,"Istat"
"4881",2050,"Maschi",32,280041,299207,319457,"Istat"
"4882",2050,"Maschi",33,287696,307332,328039,"Istat"
"4883",2050,"Maschi",34,295428,315482,336479,"Istat"
"4884",2050,"Maschi",35,304142,324451,345692,"Istat"
"4885",2050,"Maschi",36,309228,329672,351131,"Istat"
"4886",2050,"Maschi",37,321957,342554,364126,"Istat"
"4887",2050,"Maschi",38,327914,348533,370159,"Istat"
"4888",2050,"Maschi",39,337812,358394,380005,"Istat"
"4889",2050,"Maschi",40,343411,363817,385236,"Istat"
"4890",2050,"Maschi",41,347755,367947,389134,"Istat"
"4891",2050,"Maschi",42,349261,369183,390021,"Istat"
"4892",2050,"Maschi",43,351964,371500,391871,"Istat"
"4893",2050,"Maschi",44,353400,372454,392234,"Istat"
"4894",2050,"Maschi",45,357657,376161,395329,"Istat"
"4895",2050,"Maschi",46,350785,368697,387256,"Istat"
"4896",2050,"Maschi",47,345954,363252,381056,"Istat"
"4897",2050,"Maschi",48,346949,363521,380553,"Istat"
"4898",2050,"Maschi",49,353147,368952,385202,"Istat"
"4899",2050,"Maschi",50,348845,363886,379355,"Istat"
"4900",2050,"Maschi",51,350189,364441,379082,"Istat"
"4901",2050,"Maschi",52,343251,356714,370489,"Istat"
"4902",2050,"Maschi",53,340459,353147,365996,"Istat"
"4903",2050,"Maschi",54,335225,347167,359179,"Istat"
"4904",2050,"Maschi",55,333838,345056,356300,"Istat"
"4905",2050,"Maschi",56,334583,345097,355630,"Istat"
"4906",2050,"Maschi",57,344319,354135,364026,"Istat"
"4907",2050,"Maschi",58,338429,347669,356965,"Istat"
"4908",2050,"Maschi",59,342443,351177,359888,"Istat"
"4909",2050,"Maschi",60,336083,344291,352430,"Istat"
"4910",2050,"Maschi",61,341198,348967,356623,"Istat"
"4911",2050,"Maschi",62,330377,337762,344965,"Istat"
"4912",2050,"Maschi",63,327799,334829,341674,"Istat"
"4913",2050,"Maschi",64,332828,339668,346240,"Istat"
"4914",2050,"Maschi",65,335010,341700,348258,"Istat"
"4915",2050,"Maschi",66,336711,343317,349741,"Istat"
"4916",2050,"Maschi",67,343001,349653,356100,"Istat"
"4917",2050,"Maschi",68,339470,346266,352748,"Istat"
"4918",2050,"Maschi",69,344060,351257,357890,"Istat"
"4919",2050,"Maschi",70,346895,354537,361405,"Istat"
"4920",2050,"Maschi",71,359456,367751,375187,"Istat"
"4921",2050,"Maschi",72,363114,372139,380168,"Istat"
"4922",2050,"Maschi",73,370809,380845,389741,"Istat"
"4923",2050,"Maschi",74,379515,390792,400794,"Istat"
"4924",2050,"Maschi",75,384961,397543,408647,"Istat"
"4925",2050,"Maschi",76,371882,385308,397201,"Istat"
"4926",2050,"Maschi",77,364753,379430,392469,"Istat"
"4927",2050,"Maschi",78,354439,370452,384579,"Istat"
"4928",2050,"Maschi",79,337987,355244,370355,"Istat"
"4929",2050,"Maschi",80,331361,350477,367160,"Istat"
"4930",2050,"Maschi",81,312293,332783,350679,"Istat"
"4931",2050,"Maschi",82,295113,317155,336508,"Istat"
"4932",2050,"Maschi",83,279525,303372,324529,"Istat"
"4933",2050,"Maschi",84,257822,283091,305729,"Istat"
"4934",2050,"Maschi",85,238100,265092,289462,"Istat"
"4935",2050,"Maschi",86,200215,226511,250588,"Istat"
"4936",2050,"Maschi",87,170838,196936,221206,"Istat"
"4937",2050,"Maschi",88,145237,171122,195620,"Istat"
"4938",2050,"Maschi",89,119885,144891,169013,"Istat"
"4939",2050,"Maschi",90,97138,120967,144414,"Istat"
"4940",2050,"Maschi",91,75108,96729,118595,"Istat"
"4941",2050,"Maschi",92,58708,78558,99312,"Istat"
"4942",2050,"Maschi",93,44230,61837,80908,"Istat"
"4943",2050,"Maschi",94,32186,47289,64314,"Istat"
"4944",2050,"Maschi",95,22792,35403,50290,"Istat"
"4945",2050,"Maschi",96,15184,25110,37430,"Istat"
"4946",2050,"Maschi",97,9997,17716,27823,"Istat"
"4947",2050,"Maschi",98,6482,12377,20549,"Istat"
"4948",2050,"Maschi",99,4222,8724,15364,"Istat"
"4949",2050,"Maschi",100,2568,60763,10807,"Istat"
"4950",2050,"Femmine",0,151436,179319,208421,"Istat"
"4951",2050,"Femmine",1,155432,183091,212006,"Istat"
"4952",2050,"Femmine",2,159217,186657,215024,"Istat"
"4953",2050,"Femmine",3,162971,189945,217857,"Istat"
"4954",2050,"Femmine",4,166203,192907,220583,"Istat"
"4955",2050,"Femmine",5,169163,195650,222645,"Istat"
"4956",2050,"Femmine",6,171681,197730,224363,"Istat"
"4957",2050,"Femmine",7,174230,199506,225883,"Istat"
"4958",2050,"Femmine",8,176264,200911,226496,"Istat"
"4959",2050,"Femmine",9,178005,202109,227036,"Istat"
"4960",2050,"Femmine",10,179511,202810,226931,"Istat"
"4961",2050,"Femmine",11,181072,203470,226565,"Istat"
"4962",2050,"Femmine",12,181917,203769,225852,"Istat"
"4963",2050,"Femmine",13,182777,203705,225016,"Istat"
"4964",2050,"Femmine",14,183426,203561,223646,"Istat"
"4965",2050,"Femmine",15,184183,203267,222273,"Istat"
"4966",2050,"Femmine",16,184656,202502,220336,"Istat"
"4967",2050,"Femmine",17,184702,201592,218407,"Istat"
"4968",2050,"Femmine",18,185472,201285,216837,"Istat"
"4969",2050,"Femmine",19,186483,201227,215751,"Istat"
"4970",2050,"Femmine",20,187636,201412,215103,"Istat"
"4971",2050,"Femmine",21,189312,202080,215133,"Istat"
"4972",2050,"Femmine",22,191214,203303,215461,"Istat"
"4973",2050,"Femmine",23,193286,204687,216398,"Istat"
"4974",2050,"Femmine",24,194976,205980,217106,"Istat"
"4975",2050,"Femmine",25,196605,207272,218431,"Istat"
"4976",2050,"Femmine",26,203881,214519,225688,"Istat"
"4977",2050,"Femmine",27,211468,222777,234702,"Istat"
"4978",2050,"Femmine",28,217762,229765,242414,"Istat"
"4979",2050,"Femmine",29,220495,233130,246531,"Istat"
"4980",2050,"Femmine",30,229840,243126,257183,"Istat"
"4981",2050,"Femmine",31,238654,252518,267162,"Istat"
"4982",2050,"Femmine",32,248113,262483,277638,"Istat"
"4983",2050,"Femmine",33,256149,270978,286566,"Istat"
"4984",2050,"Femmine",34,262082,277271,293194,"Istat"
"4985",2050,"Femmine",35,269636,285090,301238,"Istat"
"4986",2050,"Femmine",36,273844,289504,305863,"Istat"
"4987",2050,"Femmine",37,285141,300969,317466,"Istat"
"4988",2050,"Femmine",38,289802,305702,322289,"Istat"
"4989",2050,"Femmine",39,297429,313399,329979,"Istat"
"4990",2050,"Femmine",40,302657,318666,335187,"Istat"
"4991",2050,"Femmine",41,307265,323187,339594,"Istat"
"4992",2050,"Femmine",42,306307,322124,338363,"Istat"
"4993",2050,"Femmine",43,306926,322586,338625,"Istat"
"4994",2050,"Femmine",44,305524,320986,336750,"Istat"
"4995",2050,"Femmine",45,309883,325054,340482,"Istat"
"4996",2050,"Femmine",46,304747,319575,334613,"Istat"
"4997",2050,"Femmine",47,302456,316872,331509,"Istat"
"4998",2050,"Femmine",48,303946,317890,332038,"Istat"
"4999",2050,"Femmine",49,308054,321491,335102,"Istat"
"5000",2050,"Femmine",50,303945,316849,329917,"Istat"
"5001",2050,"Femmine",51,303824,316196,328745,"Istat"
"5002",2050,"Femmine",52,304074,315873,327863,"Istat"
"5003",2050,"Femmine",53,305158,316475,327913,"Istat"
"5004",2050,"Femmine",54,304634,315450,326413,"Istat"
"5005",2050,"Femmine",55,308747,319143,329623,"Istat"
"5006",2050,"Femmine",56,314455,324466,334494,"Istat"
"5007",2050,"Femmine",57,326460,336061,345675,"Istat"
"5008",2050,"Femmine",58,325312,334493,343682,"Istat"
"5009",2050,"Femmine",59,329860,338692,347524,"Istat"
"5010",2050,"Femmine",60,329858,338328,346810,"Istat"
"5011",2050,"Femmine",61,335920,344024,352217,"Istat"
"5012",2050,"Femmine",62,329355,337183,345054,"Istat"
"5013",2050,"Femmine",63,329632,337137,344731,"Istat"
"5014",2050,"Femmine",64,338388,345568,352846,"Istat"
"5015",2050,"Femmine",65,342348,349327,356392,"Istat"
"5016",2050,"Femmine",66,345850,352671,359493,"Istat"
"5017",2050,"Femmine",67,355323,362131,368836,"Istat"
"5018",2050,"Femmine",68,355532,362261,368809,"Istat"
"5019",2050,"Femmine",69,359898,366636,373134,"Istat"
"5020",2050,"Femmine",70,369435,376240,382727,"Istat"
"5021",2050,"Femmine",71,384205,391254,397911,"Istat"
"5022",2050,"Femmine",72,393410,400634,407489,"Istat"
"5023",2050,"Femmine",73,405297,413043,420250,"Istat"
"5024",2050,"Femmine",74,418931,427289,435038,"Istat"
"5025",2050,"Femmine",75,429292,438277,446670,"Istat"
"5026",2050,"Femmine",76,421448,430930,439752,"Istat"
"5027",2050,"Femmine",77,417164,427390,436880,"Istat"
"5028",2050,"Femmine",78,414229,425400,435694,"Istat"
"5029",2050,"Femmine",79,400665,412718,423819,"Istat"
"5030",2050,"Femmine",80,400770,414261,426669,"Istat"
"5031",2050,"Femmine",81,385629,400361,413972,"Istat"
"5032",2050,"Femmine",82,373925,390305,405433,"Istat"
"5033",2050,"Femmine",83,360434,378593,395467,"Istat"
"5034",2050,"Femmine",84,341915,361962,380663,"Istat"
"5035",2050,"Femmine",85,326682,348976,370038,"Istat"
"5036",2050,"Femmine",86,287279,310153,332189,"Istat"
"5037",2050,"Femmine",87,255836,279784,303156,"Istat"
"5038",2050,"Femmine",88,227884,253013,277939,"Istat"
"5039",2050,"Femmine",89,196838,222655,248517,"Istat"
"5040",2050,"Femmine",90,167994,194224,220919,"Istat"
"5041",2050,"Femmine",91,138127,163753,190341,"Istat"
"5042",2050,"Femmine",92,114810,140091,166913,"Istat"
"5043",2050,"Femmine",93,92139,116269,142576,"Istat"
"5044",2050,"Femmine",94,72302,94791,120070,"Istat"
"5045",2050,"Femmine",95,55451,75874,99639,"Istat"
"5046",2050,"Femmine",96,39865,57222,78239,"Istat"
"5047",2050,"Femmine",97,28869,43712,62524,"Istat"
"5048",2050,"Femmine",98,20407,32760,49237,"Istat"
"5049",2050,"Femmine",99,14441,24729,39220,"Istat"
"5050",2050,"Femmine",100,9511,60763,29348,"Istat"
"5051",2051,"Maschi",0,157662,187606,218985,"Istat"
"5052",2051,"Maschi",1,161900,191642,222677,"Istat"
"5053",2051,"Maschi",2,166246,195630,226416,"Istat"
"5054",2051,"Maschi",3,170129,199394,229646,"Istat"
"5055",2051,"Maschi",4,173945,202885,232767,"Istat"
"5056",2051,"Maschi",5,177462,206044,235588,"Istat"
"5057",2051,"Maschi",6,180486,208976,237748,"Istat"
"5058",2051,"Maschi",7,183402,211205,239425,"Istat"
"5059",2051,"Maschi",8,186056,213114,241013,"Istat"
"5060",2051,"Maschi",9,188352,214641,241940,"Istat"
"5061",2051,"Maschi",10,190190,215968,242571,"Istat"
"5062",2051,"Maschi",11,191851,216806,242568,"Istat"
"5063",2051,"Maschi",12,193504,217662,242253,"Istat"
"5064",2051,"Maschi",13,194727,218228,241912,"Istat"
"5065",2051,"Maschi",14,195994,218536,241326,"Istat"
"5066",2051,"Maschi",15,197297,218938,240550,"Istat"
"5067",2051,"Maschi",16,198761,219446,240063,"Istat"
"5068",2051,"Maschi",17,200194,219841,239300,"Istat"
"5069",2051,"Maschi",18,201782,220476,239279,"Istat"
"5070",2051,"Maschi",19,204202,222035,239823,"Istat"
"5071",2051,"Maschi",20,206799,223982,241184,"Istat"
"5072",2051,"Maschi",21,209730,226133,242628,"Istat"
"5073",2051,"Maschi",22,212751,228602,244794,"Istat"
"5074",2051,"Maschi",23,216071,231424,247330,"Istat"
"5075",2051,"Maschi",24,219000,234250,250194,"Istat"
"5076",2051,"Maschi",25,221696,236893,252949,"Istat"
"5077",2051,"Maschi",26,223731,239480,256114,"Istat"
"5078",2051,"Maschi",27,231266,247383,264334,"Istat"
"5079",2051,"Maschi",28,240678,257784,275648,"Istat"
"5080",2051,"Maschi",29,245380,263310,282088,"Istat"
"5081",2051,"Maschi",30,250530,269178,288826,"Istat"
"5082",2051,"Maschi",31,258969,278329,298763,"Istat"
"5083",2051,"Maschi",32,270188,290085,311143,"Istat"
"5084",2051,"Maschi",33,280803,301231,322810,"Istat"
"5085",2051,"Maschi",34,288430,309216,331226,"Istat"
"5086",2051,"Maschi",35,296083,317224,339563,"Istat"
"5087",2051,"Maschi",36,304671,326050,348474,"Istat"
"5088",2051,"Maschi",37,309651,331128,353615,"Istat"
"5089",2051,"Maschi",38,322391,343866,366412,"Istat"
"5090",2051,"Maschi",39,328295,349706,372264,"Istat"
"5091",2051,"Maschi",40,338083,359429,381870,"Istat"
"5092",2051,"Maschi",41,343543,364720,386912,"Istat"
"5093",2051,"Maschi",42,347834,368725,390594,"Istat"
"5094",2051,"Maschi",43,349287,369845,391341,"Istat"
"5095",2051,"Maschi",44,351900,372051,393017,"Istat"
"5096",2051,"Maschi",45,353270,372902,393316,"Istat"
"5097",2051,"Maschi",46,357414,376510,396210,"Istat"
"5098",2051,"Maschi",47,350469,368963,387921,"Istat"
"5099",2051,"Maschi",48,345701,363435,381693,"Istat"
"5100",2051,"Maschi",49,346600,363618,381062,"Istat"
"5101",2051,"Maschi",50,352757,368955,385607,"Istat"
"5102",2051,"Maschi",51,348438,363807,379661,"Istat"
"5103",2051,"Maschi",52,349704,364273,379218,"Istat"
"5104",2051,"Maschi",53,342678,356467,370508,"Istat"
"5105",2051,"Maschi",54,339801,352811,365969,"Istat"
"5106",2051,"Maschi",55,334462,346744,359055,"Istat"
"5107",2051,"Maschi",56,333014,344534,356059,"Istat"
"5108",2051,"Maschi",57,333704,344467,355259,"Istat"
"5109",2051,"Maschi",58,343237,353366,363495,"Istat"
"5110",2051,"Maschi",59,337249,346796,356311,"Istat"
"5111",2051,"Maschi",60,341209,350157,359054,"Istat"
"5112",2051,"Maschi",61,334686,343147,351438,"Istat"
"5113",2051,"Maschi",62,339589,347639,355467,"Istat"
"5114",2051,"Maschi",63,328739,336310,343741,"Istat"
"5115",2051,"Maschi",64,325878,333208,340324,"Istat"
"5116",2051,"Maschi",65,330720,337815,344780,"Istat"
"5117",2051,"Maschi",66,332551,339605,346469,"Istat"
"5118",2051,"Maschi",67,333975,340963,347736,"Istat"
"5119",2051,"Maschi",68,339773,346970,353858,"Istat"
"5120",2051,"Maschi",69,335878,343305,350207,"Istat"
"5121",2051,"Maschi",70,340044,347898,354984,"Istat"
"5122",2051,"Maschi",71,342328,350733,358219,"Istat"
"5123",2051,"Maschi",72,354120,363316,371501,"Istat"
"5124",2051,"Maschi",73,357107,367096,376005,"Istat"
"5125",2051,"Maschi",74,363789,375028,384929,"Istat"
"5126",2051,"Maschi",75,371482,384068,395151,"Istat"
"5127",2051,"Maschi",76,375829,389819,402184,"Istat"
"5128",2051,"Maschi",77,361774,376826,390150,"Istat"
"5129",2051,"Maschi",78,353493,369930,384446,"Istat"
"5130",2051,"Maschi",79,341994,359864,375614,"Istat"
"5131",2051,"Maschi",80,324442,343621,360351,"Istat"
"5132",2051,"Maschi",81,316047,337307,355857,"Istat"
"5133",2051,"Maschi",82,295703,318376,338306,"Istat"
"5134",2051,"Maschi",83,276935,301251,322771,"Istat"
"5135",2051,"Maschi",84,259551,285726,309030,"Istat"
"5136",2051,"Maschi",85,236372,263986,288799,"Istat"
"5137",2051,"Maschi",86,215133,244366,270904,"Istat"
"5138",2051,"Maschi",87,177898,206072,232038,"Istat"
"5139",2051,"Maschi",88,148897,176489,202359,"Istat"
"5140",2051,"Maschi",89,123903,150784,176527,"Istat"
"5141",2051,"Maschi",90,99899,125309,150259,"Istat"
"5142",2051,"Maschi",91,78943,102536,126354,"Istat"
"5143",2051,"Maschi",92,59338,80211,101976,"Istat"
"5144",2051,"Maschi",93,44969,63605,83822,"Istat"
"5145",2051,"Maschi",94,32767,48807,66938,"Istat"
"5146",2051,"Maschi",95,23009,36315,52093,"Istat"
"5147",2051,"Maschi",96,15694,26425,39850,"Istat"
"5148",2051,"Maschi",97,10091,18253,29067,"Istat"
"5149",2051,"Maschi",98,6417,12538,21164,"Istat"
"5150",2051,"Maschi",99,4009,8498,15263,"Istat"
"5151",2051,"Maschi",100,2503,61826,11091,"Istat"
"5152",2051,"Femmine",0,148460,176642,206161,"Istat"
"5153",2051,"Femmine",1,152357,180399,209629,"Istat"
"5154",2051,"Femmine",2,156385,184095,213066,"Istat"
"5155",2051,"Femmine",3,160031,187570,216025,"Istat"
"5156",2051,"Femmine",4,163562,190790,218906,"Istat"
"5157",2051,"Femmine",5,166754,193700,221559,"Istat"
"5158",2051,"Femmine",6,169570,196401,223483,"Istat"
"5159",2051,"Femmine",7,172219,198448,225037,"Istat"
"5160",2051,"Femmine",8,174690,200197,226503,"Istat"
"5161",2051,"Femmine",9,176840,201580,227335,"Istat"
"5162",2051,"Femmine",10,178516,202758,227796,"Istat"
"5163",2051,"Femmine",11,179941,203442,227652,"Istat"
"5164",2051,"Femmine",12,181306,204086,227234,"Istat"
"5165",2051,"Femmine",13,182417,204373,226566,"Istat"
"5166",2051,"Femmine",14,183132,204306,225555,"Istat"
"5167",2051,"Femmine",15,183934,204182,224325,"Istat"
"5168",2051,"Femmine",16,184755,203948,223093,"Istat"
"5169",2051,"Femmine",17,185151,203304,221380,"Istat"
"5170",2051,"Femmine",18,185509,202594,219590,"Istat"
"5171",2051,"Femmine",19,186452,202572,218444,"Istat"
"5172",2051,"Femmine",20,187643,202861,217875,"Istat"
"5173",2051,"Femmine",21,189230,203388,217629,"Istat"
"5174",2051,"Femmine",22,190776,204288,217952,"Istat"
"5175",2051,"Femmine",23,192812,205567,218601,"Istat"
"5176",2051,"Femmine",24,194572,206878,219373,"Istat"
"5177",2051,"Femmine",25,196035,208065,220403,"Istat"
"5178",2051,"Femmine",26,197426,209270,221654,"Istat"
"5179",2051,"Femmine",27,204609,216459,228904,"Istat"
"5180",2051,"Femmine",28,212085,224677,237931,"Istat"
"5181",2051,"Femmine",29,218352,231628,245617,"Istat"
"5182",2051,"Femmine",30,221031,234951,249563,"Istat"
"5183",2051,"Femmine",31,230373,244894,260135,"Istat"
"5184",2051,"Femmine",32,239180,254226,270031,"Istat"
"5185",2051,"Femmine",33,248630,264123,280402,"Istat"
"5186",2051,"Femmine",34,256683,272545,289200,"Istat"
"5187",2051,"Femmine",35,262609,278765,295719,"Istat"
"5188",2051,"Femmine",36,270121,286508,303688,"Istat"
"5189",2051,"Femmine",37,274310,290849,308129,"Istat"
"5190",2051,"Femmine",38,285614,302241,319565,"Istat"
"5191",2051,"Femmine",39,290249,306905,324271,"Istat"
"5192",2051,"Femmine",40,297864,314536,331884,"Istat"
"5193",2051,"Femmine",41,303093,319740,337017,"Istat"
"5194",2051,"Femmine",42,307609,324200,341277,"Istat"
"5195",2051,"Femmine",43,306636,323081,339942,"Istat"
"5196",2051,"Femmine",44,307295,323485,340105,"Istat"
"5197",2051,"Femmine",45,305884,321830,338162,"Istat"
"5198",2051,"Femmine",46,310145,325842,341829,"Istat"
"5199",2051,"Femmine",47,304992,320314,335910,"Istat"
"5200",2051,"Femmine",48,302683,317561,332703,"Istat"
"5201",2051,"Femmine",49,304132,318523,333165,"Istat"
"5202",2051,"Femmine",50,308186,322060,336191,"Istat"
"5203",2051,"Femmine",51,304041,317359,330913,"Istat"
"5204",2051,"Femmine",52,303908,316640,329617,"Istat"
"5205",2051,"Femmine",53,304043,316247,328650,"Istat"
"5206",2051,"Femmine",54,305049,316774,328686,"Istat"
"5207",2051,"Femmine",55,304385,315676,327062,"Istat"
"5208",2051,"Femmine",56,308453,319284,330174,"Istat"
"5209",2051,"Femmine",57,314088,324514,334909,"Istat"
"5210",2051,"Femmine",58,326030,335995,345925,"Istat"
"5211",2051,"Femmine",59,324795,334334,343886,"Istat"
"5212",2051,"Femmine",60,329248,338419,347559,"Istat"
"5213",2051,"Femmine",61,329179,337944,346776,"Istat"
"5214",2051,"Femmine",62,335051,343506,352002,"Istat"
"5215",2051,"Femmine",63,328455,336559,344693,"Istat"
"5216",2051,"Femmine",64,328587,336376,344276,"Istat"
"5217",2051,"Femmine",65,337160,344631,352260,"Istat"
"5218",2051,"Femmine",66,340940,348225,355564,"Istat"
"5219",2051,"Femmine",67,344189,351398,358551,"Istat"
"5220",2051,"Femmine",68,353500,360644,367661,"Istat"
"5221",2051,"Femmine",69,353488,360578,367440,"Istat"
"5222",2051,"Femmine",70,357597,364700,371524,"Istat"
"5223",2051,"Femmine",71,366744,373986,380853,"Istat"
"5224",2051,"Femmine",72,381123,388603,395701,"Istat"
"5225",2051,"Femmine",73,389722,397559,404932,"Istat"
"5226",2051,"Femmine",74,400991,409454,417267,"Istat"
"5227",2051,"Femmine",75,413980,423081,431546,"Istat"
"5228",2051,"Femmine",76,423440,433347,442536,"Istat"
"5229",2051,"Femmine",77,414857,425379,435159,"Istat"
"5230",2051,"Femmine",78,409724,421046,431552,"Istat"
"5231",2051,"Femmine",79,405548,418068,429592,"Istat"
"5232",2051,"Femmine",80,390867,404419,416921,"Istat"
"5233",2051,"Femmine",81,389358,404480,418518,"Istat"
"5234",2051,"Femmine",82,372635,389263,404757,"Istat"
"5235",2051,"Femmine",83,358989,377605,394874,"Istat"
"5236",2051,"Femmine",84,343438,364111,383413,"Istat"
"5237",2051,"Femmine",85,323174,345669,366978,"Istat"
"5238",2051,"Femmine",86,305680,330481,354369,"Istat"
"5239",2051,"Femmine",87,265455,290822,315481,"Istat"
"5240",2051,"Femmine",88,233015,259318,285279,"Istat"
"5241",2051,"Femmine",89,204021,231395,258743,"Istat"
"5242",2051,"Femmine",90,172867,200595,228607,"Istat"
"5243",2051,"Femmine",91,144555,172167,200689,"Istat"
"5244",2051,"Femmine",92,116243,142629,170557,"Istat"
"5245",2051,"Femmine",93,94274,119733,147386,"Istat"
"5246",2051,"Femmine",94,73721,97373,123856,"Istat"
"5247",2051,"Femmine",95,56225,77666,102483,"Istat"
"5248",2051,"Femmine",96,41800,60746,83535,"Istat"
"5249",2051,"Femmine",97,29107,44751,64428,"Istat"
"5250",2051,"Femmine",98,20345,33290,50422,"Istat"
"5251",2051,"Femmine",99,13813,24179,38691,"Istat"
"5252",2051,"Femmine",100,9373,61826,29949,"Istat"
"5253",2052,"Maschi",0,154312,184636,216675,"Istat"
"5254",2052,"Maschi",1,158611,188798,220263,"Istat"
"5255",2052,"Maschi",2,163045,192768,223939,"Istat"
"5256",2052,"Maschi",3,167118,196667,227669,"Istat"
"5257",2052,"Maschi",4,171023,200356,230671,"Istat"
"5258",2052,"Maschi",5,174659,203788,233967,"Istat"
"5259",2052,"Maschi",6,177933,206896,236743,"Istat"
"5260",2052,"Maschi",7,181094,209783,238918,"Istat"
"5261",2052,"Maschi",8,183872,211979,240439,"Istat"
"5262",2052,"Maschi",9,186552,213868,241898,"Istat"
"5263",2052,"Maschi",10,188847,215391,243018,"Istat"
"5264",2052,"Maschi",11,190746,216729,243490,"Istat"
"5265",2052,"Maschi",12,192474,217595,243557,"Istat"
"5266",2052,"Maschi",13,194041,218507,243428,"Istat"
"5267",2052,"Maschi",14,195426,219167,243138,"Istat"
"5268",2052,"Maschi",15,197000,219631,242579,"Istat"
"5269",2052,"Maschi",16,198399,220281,242158,"Istat"
"5270",2052,"Maschi",17,200101,221191,242100,"Istat"
"5271",2052,"Maschi",18,201994,222056,242119,"Istat"
"5272",2052,"Maschi",19,204122,223132,242530,"Istat"
"5273",2052,"Maschi",20,206645,225070,243669,"Istat"
"5274",2052,"Maschi",21,209275,227297,245232,"Istat"
"5275",2052,"Maschi",22,212095,229588,246962,"Istat"
"5276",2052,"Maschi",23,215268,232045,249189,"Istat"
"5277",2052,"Maschi",24,218120,234742,251889,"Istat"
"5278",2052,"Maschi",25,220917,237392,254823,"Istat"
"5279",2052,"Maschi",26,223048,239859,257572,"Istat"
"5280",2052,"Maschi",27,225096,242297,260464,"Istat"
"5281",2052,"Maschi",28,232386,250069,268640,"Istat"
"5282",2052,"Maschi",29,241812,260344,279836,"Istat"
"5283",2052,"Maschi",30,246391,265744,286147,"Istat"
"5284",2052,"Maschi",31,251402,271482,292712,"Istat"
"5285",2052,"Maschi",32,259785,280496,302352,"Istat"
"5286",2052,"Maschi",33,270908,292112,314465,"Istat"
"5287",2052,"Maschi",34,281442,303117,325921,"Istat"
"5288",2052,"Maschi",35,289010,310960,334109,"Istat"
"5289",2052,"Maschi",36,296639,318825,342229,"Istat"
"5290",2052,"Maschi",37,305157,327508,351031,"Istat"
"5291",2052,"Maschi",38,310033,332447,355964,"Istat"
"5292",2052,"Maschi",39,322660,345043,368527,"Istat"
"5293",2052,"Maschi",40,328436,350748,374104,"Istat"
"5294",2052,"Maschi",41,338176,360336,383521,"Istat"
"5295",2052,"Maschi",42,343601,365503,388466,"Istat"
"5296",2052,"Maschi",43,347860,369390,392008,"Istat"
"5297",2052,"Maschi",44,349254,370401,392549,"Istat"
"5298",2052,"Maschi",45,351771,372504,394115,"Istat"
"5299",2052,"Maschi",46,353059,373259,394270,"Istat"
"5300",2052,"Maschi",47,357167,376773,397015,"Istat"
"5301",2052,"Maschi",48,350202,369145,388577,"Istat"
"5302",2052,"Maschi",49,345408,363539,382202,"Istat"
"5303",2052,"Maschi",50,346286,363635,381493,"Istat"
"5304",2052,"Maschi",51,352395,368878,385937,"Istat"
"5305",2052,"Maschi",52,347948,363649,379824,"Istat"
"5306",2052,"Maschi",53,349096,364024,379252,"Istat"
"5307",2052,"Maschi",54,342006,356137,370434,"Istat"
"5308",2052,"Maschi",55,339033,352390,365805,"Istat"
"5309",2052,"Maschi",56,333679,346234,358751,"Istat"
"5310",2052,"Maschi",57,332123,343924,355663,"Istat"
"5311",2052,"Maschi",58,332686,343745,354772,"Istat"
"5312",2052,"Maschi",59,342047,352495,362873,"Istat"
"5313",2052,"Maschi",60,336032,345814,355535,"Istat"
"5314",2052,"Maschi",61,339809,349016,358057,"Istat"
"5315",2052,"Maschi",62,333107,341871,350405,"Istat"
"5316",2052,"Maschi",63,337864,346169,354247,"Istat"
"5317",2052,"Maschi",64,326786,334712,342386,"Istat"
"5318",2052,"Maschi",65,323755,331426,338781,"Istat"
"5319",2052,"Maschi",66,328310,335784,343092,"Istat"
"5320",2052,"Maschi",67,329891,337317,344506,"Istat"
"5321",2052,"Maschi",68,330895,338397,345560,"Istat"
"5322",2052,"Maschi",69,336276,344050,351367,"Istat"
"5323",2052,"Maschi",70,331976,340081,347441,"Istat"
"5324",2052,"Maschi",71,335601,344227,351904,"Istat"
"5325",2052,"Maschi",72,337375,346569,354736,"Istat"
"5326",2052,"Maschi",73,348314,358466,367481,"Istat"
"5327",2052,"Maschi",74,350497,361578,371473,"Istat"
"5328",2052,"Maschi",75,356185,368664,379602,"Istat"
"5329",2052,"Maschi",76,362673,376708,389000,"Istat"
"5330",2052,"Maschi",77,365710,381348,395113,"Istat"
"5331",2052,"Maschi",78,350705,367509,382291,"Istat"
"5332",2052,"Maschi",79,341173,359489,375572,"Istat"
"5333",2052,"Maschi",80,328344,348227,365582,"Istat"
"5334",2052,"Maschi",81,309542,330859,349428,"Istat"
"5335",2052,"Maschi",82,299505,322853,343499,"Istat"
"5336",2052,"Maschi",83,277742,302571,324663,"Istat"
"5337",2052,"Maschi",84,257281,283867,307466,"Istat"
"5338",2052,"Maschi",85,238042,266587,292092,"Istat"
"5339",2052,"Maschi",86,213705,243500,270499,"Istat"
"5340",2052,"Maschi",87,191304,222436,251031,"Istat"
"5341",2052,"Maschi",88,155254,184791,212397,"Istat"
"5342",2052,"Maschi",89,127179,155595,182745,"Istat"
"5343",2052,"Maschi",90,103335,130474,157058,"Istat"
"5344",2052,"Maschi",91,81140,106262,131532,"Istat"
"5345",2052,"Maschi",92,62275,85060,108732,"Istat"
"5346",2052,"Maschi",93,45340,64966,86141,"Istat"
"5347",2052,"Maschi",94,33190,50214,69393,"Istat"
"5348",2052,"Maschi",95,23303,37491,54264,"Istat"
"5349",2052,"Maschi",96,15728,27109,41316,"Istat"
"5350",2052,"Maschi",97,10335,19211,30956,"Istat"
"5351",2052,"Maschi",98,6414,12920,22103,"Istat"
"5352",2052,"Maschi",99,3926,8609,15719,"Istat"
"5353",2052,"Maschi",100,2351,61943,10998,"Istat"
"5354",2052,"Femmine",0,145310,173846,204015,"Istat"
"5355",2052,"Femmine",1,149230,177724,207287,"Istat"
"5356",2052,"Femmine",2,153363,181403,210714,"Istat"
"5357",2052,"Femmine",3,157226,185008,214148,"Istat"
"5358",2052,"Femmine",4,160754,188416,216949,"Istat"
"5359",2052,"Femmine",5,164129,191584,219958,"Istat"
"5360",2052,"Femmine",6,167138,194452,222556,"Istat"
"5361",2052,"Femmine",7,170128,197120,224575,"Istat"
"5362",2052,"Femmine",8,172686,199140,225984,"Istat"
"5363",2052,"Femmine",9,175102,200866,227290,"Istat"
"5364",2052,"Femmine",10,177249,202229,228223,"Istat"
"5365",2052,"Femmine",11,178952,203390,228596,"Istat"
"5366",2052,"Femmine",12,180465,204058,228408,"Istat"
"5367",2052,"Femmine",13,181731,204689,228049,"Istat"
"5368",2052,"Femmine",14,182685,204974,227321,"Istat"
"5369",2052,"Femmine",15,183666,204927,226338,"Istat"
"5370",2052,"Femmine",16,184545,204864,225152,"Istat"
"5371",2052,"Femmine",17,185348,204751,224033,"Istat"
"5372",2052,"Femmine",18,185831,204307,222595,"Istat"
"5373",2052,"Femmine",19,186619,203881,221319,"Istat"
"5374",2052,"Femmine",20,187725,204205,220617,"Istat"
"5375",2052,"Femmine",21,189305,204836,220453,"Istat"
"5376",2052,"Femmine",22,190706,205595,220440,"Istat"
"5377",2052,"Femmine",23,192428,206551,220821,"Istat"
"5378",2052,"Femmine",24,194232,207758,221634,"Istat"
"5379",2052,"Femmine",25,195810,208963,222384,"Istat"
"5380",2052,"Femmine",26,197022,210064,223593,"Istat"
"5381",2052,"Femmine",27,198011,211212,224844,"Istat"
"5382",2052,"Femmine",28,205220,218360,232275,"Istat"
"5383",2052,"Femmine",29,212658,226541,241187,"Istat"
"5384",2052,"Femmine",30,218914,233450,248786,"Istat"
"5385",2052,"Femmine",31,221636,236722,252629,"Istat"
"5386",2052,"Femmine",32,231008,246605,263040,"Istat"
"5387",2052,"Femmine",33,239784,255869,272789,"Istat"
"5388",2052,"Femmine",34,249221,265693,283036,"Istat"
"5389",2052,"Femmine",35,257234,274041,291725,"Istat"
"5390",2052,"Femmine",36,263107,280186,298150,"Istat"
"5391",2052,"Femmine",37,270581,287855,306003,"Istat"
"5392",2052,"Femmine",38,274744,292125,310362,"Istat"
"5393",2052,"Femmine",39,286007,303447,321699,"Istat"
"5394",2052,"Femmine",40,290621,308046,326211,"Istat"
"5395",2052,"Femmine",41,298256,315613,333679,"Istat"
"5396",2052,"Femmine",42,303451,320757,338709,"Istat"
"5397",2052,"Femmine",43,307975,325157,342968,"Istat"
"5398",2052,"Femmine",44,306963,323981,341564,"Istat"
"5399",2052,"Femmine",45,307485,324329,341576,"Istat"
"5400",2052,"Femmine",46,306102,322622,339537,"Istat"
"5401",2052,"Femmine",47,310412,326579,343105,"Istat"
"5402",2052,"Femmine",48,305187,321002,337108,"Istat"
"5403",2052,"Femmine",49,302843,318197,333801,"Istat"
"5404",2052,"Femmine",50,304242,319099,334180,"Istat"
"5405",2052,"Femmine",51,308270,322568,337117,"Istat"
"5406",2052,"Femmine",52,304068,317805,331785,"Istat"
"5407",2052,"Femmine",53,303831,317017,330434,"Istat"
"5408",2052,"Femmine",54,303891,316551,329430,"Istat"
"5409",2052,"Femmine",55,304810,317003,329326,"Istat"
"5410",2052,"Femmine",56,304115,315828,327655,"Istat"
"5411",2052,"Femmine",57,308118,319348,330601,"Istat"
"5412",2052,"Femmine",58,313726,324479,335197,"Istat"
"5413",2052,"Femmine",59,325540,335841,346123,"Istat"
"5414",2052,"Femmine",60,324205,334080,343975,"Istat"
"5415",2052,"Femmine",61,328559,338045,347551,"Istat"
"5416",2052,"Femmine",62,328389,337455,346596,"Istat"
"5417",2052,"Femmine",63,334130,342874,351620,"Istat"
"5418",2052,"Femmine",64,327432,335813,344267,"Istat"
"5419",2052,"Femmine",65,327446,335489,343662,"Istat"
"5420",2052,"Femmine",66,335777,343566,351472,"Istat"
"5421",2052,"Femmine",67,339373,346990,354636,"Istat"
"5422",2052,"Femmine",68,342443,349984,357437,"Istat"
"5423",2052,"Femmine",69,351461,358993,366287,"Istat"
"5424",2052,"Femmine",70,351246,358705,365961,"Istat"
"5425",2052,"Femmine",71,355022,362552,369763,"Istat"
"5426",2052,"Femmine",72,363776,371491,378774,"Istat"
"5427",2052,"Femmine",73,377639,385665,393261,"Istat"
"5428",2052,"Femmine",74,385590,394158,402076,"Istat"
"5429",2052,"Femmine",75,396358,405476,413977,"Istat"
"5430",2052,"Femmine",76,408499,418391,427640,"Istat"
"5431",2052,"Femmine",77,416967,427837,437983,"Istat"
"5432",2052,"Femmine",78,407538,419149,429956,"Istat"
"5433",2052,"Femmine",79,401265,413886,425537,"Istat"
"5434",2052,"Femmine",80,395758,409762,422756,"Istat"
"5435",2052,"Femmine",81,379906,394983,408963,"Istat"
"5436",2052,"Femmine",82,376091,393393,409313,"Istat"
"5437",2052,"Femmine",83,357761,376733,394355,"Istat"
"5438",2052,"Femmine",84,342346,363297,382948,"Istat"
"5439",2052,"Femmine",85,324794,347866,369673,"Istat"
"5440",2052,"Femmine",86,302392,327507,351601,"Istat"
"5441",2052,"Femmine",87,282360,310032,336889,"Istat"
"5442",2052,"Femmine",88,241694,269705,297260,"Istat"
"5443",2052,"Femmine",89,208502,237290,265894,"Istat"
"5444",2052,"Femmine",90,179163,208593,238334,"Istat"
"5445",2052,"Femmine",91,148742,177910,208090,"Istat"
"5446",2052,"Femmine",92,121664,150050,180143,"Istat"
"5447",2052,"Femmine",93,95555,121980,150825,"Istat"
"5448",2052,"Femmine",94,75519,100338,128267,"Istat"
"5449",2052,"Femmine",95,57391,79838,106001,"Istat"
"5450",2052,"Femmine",96,42488,62228,86194,"Istat"
"5451",2052,"Femmine",97,30645,47540,69012,"Istat"
"5452",2052,"Femmine",98,20651,34109,52129,"Istat"
"5453",2052,"Femmine",99,13898,24592,39763,"Istat"
"5454",2052,"Femmine",100,9043,61943,29662,"Istat"
"5455",2053,"Maschi",0,151155,181817,214181,"Istat"
"5456",2053,"Maschi",1,155242,185827,217851,"Istat"
"5457",2053,"Maschi",2,159731,189923,221432,"Istat"
"5458",2053,"Maschi",3,163836,193804,225092,"Istat"
"5459",2053,"Maschi",4,168045,197629,228765,"Istat"
"5460",2053,"Maschi",5,171715,201258,232044,"Istat"
"5461",2053,"Maschi",6,175330,204639,235033,"Istat"
"5462",2053,"Maschi",7,178632,207703,237819,"Istat"
"5463",2053,"Maschi",8,181775,210556,240034,"Istat"
"5464",2053,"Maschi",9,184497,212733,241562,"Istat"
"5465",2053,"Maschi",10,187083,214618,242857,"Istat"
"5466",2053,"Maschi",11,189355,216152,243738,"Istat"
"5467",2053,"Maschi",12,191303,217518,244408,"Istat"
"5468",2053,"Maschi",13,192942,218439,244472,"Istat"
"5469",2053,"Maschi",14,194639,219445,244560,"Istat"
"5470",2053,"Maschi",15,196470,220262,244358,"Istat"
"5471",2053,"Maschi",16,198095,220973,244179,"Istat"
"5472",2053,"Maschi",17,199777,222025,244257,"Istat"
"5473",2053,"Maschi",18,201977,223404,244909,"Istat"
"5474",2053,"Maschi",19,204153,224709,245465,"Istat"
"5475",2053,"Maschi",20,206540,226163,246252,"Istat"
"5476",2053,"Maschi",21,209051,228382,247617,"Istat"
"5477",2053,"Maschi",22,211930,230750,249442,"Istat"
"5478",2053,"Maschi",23,214681,233028,251567,"Istat"
"5479",2053,"Maschi",24,217426,235360,253861,"Istat"
"5480",2053,"Maschi",25,219994,237882,256582,"Istat"
"5481",2053,"Maschi",26,222543,240356,259365,"Istat"
"5482",2053,"Maschi",27,224225,242674,262142,"Istat"
"5483",2053,"Maschi",28,226142,244983,264907,"Istat"
"5484",2053,"Maschi",29,233487,252631,272863,"Istat"
"5485",2053,"Maschi",30,242681,262778,283872,"Istat"
"5486",2053,"Maschi",31,247254,268048,289990,"Istat"
"5487",2053,"Maschi",32,252333,273651,296340,"Istat"
"5488",2053,"Maschi",33,260647,282527,305823,"Istat"
"5489",2053,"Maschi",34,271647,294001,317693,"Istat"
"5490",2053,"Maschi",35,282065,304863,328784,"Istat"
"5491",2053,"Maschi",36,289487,312564,336748,"Istat"
"5492",2053,"Maschi",37,297016,320288,344718,"Istat"
"5493",2053,"Maschi",38,305497,328830,353350,"Istat"
"5494",2053,"Maschi",39,310275,333631,358023,"Istat"
"5495",2053,"Maschi",40,322805,346088,370439,"Istat"
"5496",2053,"Maschi",41,328574,351663,375829,"Istat"
"5497",2053,"Maschi",42,338162,361124,385010,"Istat"
"5498",2053,"Maschi",43,343551,366173,389770,"Istat"
"5499",2053,"Maschi",44,347831,369951,393202,"Istat"
"5500",2053,"Maschi",45,349180,370859,393606,"Istat"
"5501",2053,"Maschi",46,351697,372866,394979,"Istat"
"5502",2053,"Maschi",47,352900,373530,394984,"Istat"
"5503",2053,"Maschi",48,356935,376953,397633,"Istat"
"5504",2053,"Maschi",49,349877,369249,389161,"Istat"
"5505",2053,"Maschi",50,345012,363565,382671,"Istat"
"5506",2053,"Maschi",51,345845,363575,381881,"Istat"
"5507",2053,"Maschi",52,351844,368722,386117,"Istat"
"5508",2053,"Maschi",53,347317,363411,379876,"Istat"
"5509",2053,"Maschi",54,348406,363692,379254,"Istat"
"5510",2053,"Maschi",55,341278,355723,370342,"Istat"
"5511",2053,"Maschi",56,338247,351883,365537,"Istat"
"5512",2053,"Maschi",57,332810,345637,358446,"Istat"
"5513",2053,"Maschi",58,331157,343222,355201,"Istat"
"5514",2053,"Maschi",59,331539,342925,354204,"Istat"
"5515",2053,"Maschi",60,340825,351516,362116,"Istat"
"5516",2053,"Maschi",61,334686,344714,354609,"Istat"
"5517",2053,"Maschi",62,338239,347743,357042,"Istat"
"5518",2053,"Maschi",63,331444,340457,349177,"Istat"
"5519",2053,"Maschi",64,335986,344552,352847,"Istat"
"5520",2053,"Maschi",65,324752,332956,340911,"Istat"
"5521",2053,"Maschi",66,321563,329474,337258,"Istat"
"5522",2053,"Maschi",67,325682,333566,341215,"Istat"
"5523",2053,"Maschi",68,326982,334822,342362,"Istat"
"5524",2053,"Maschi",69,327470,335603,343182,"Istat"
"5525",2053,"Maschi",70,332382,340870,348612,"Istat"
"5526",2053,"Maschi",71,327748,336559,344469,"Istat"
"5527",2053,"Maschi",72,330753,340209,348587,"Istat"
"5528",2053,"Maschi",73,331886,342015,350944,"Istat"
"5529",2053,"Maschi",74,341909,353159,363174,"Istat"
"5530",2053,"Maschi",75,343170,355542,366401,"Istat"
"5531",2053,"Maschi",76,347917,361699,373818,"Istat"
"5532",2053,"Maschi",77,353131,368635,382330,"Istat"
"5533",2053,"Maschi",78,354588,372042,387279,"Istat"
"5534",2053,"Maschi",79,338600,357267,373557,"Istat"
"5535",2053,"Maschi",80,327646,348009,365720,"Istat"
"5536",2053,"Maschi",81,313313,335444,354736,"Istat"
"5537",2053,"Maschi",82,293201,316844,337521,"Istat"
"5538",2053,"Maschi",83,281046,306986,329805,"Istat"
"5539",2053,"Maschi",84,257847,285282,309470,"Istat"
"5540",2053,"Maschi",85,236048,264999,290885,"Istat"
"5541",2053,"Maschi",86,215406,246047,273932,"Istat"
"5542",2053,"Maschi",87,190160,221802,250975,"Istat"
"5543",2053,"Maschi",88,167044,199585,230132,"Istat"
"5544",2053,"Maschi",89,132636,163024,192172,"Istat"
"5545",2053,"Maschi",90,106043,134716,162892,"Istat"
"5546",2053,"Maschi",91,83896,110709,137743,"Istat"
"5547",2053,"Maschi",92,63990,88194,113376,"Istat"
"5548",2053,"Maschi",93,47609,68927,91973,"Istat"
"5549",2053,"Maschi",94,33528,51311,71425,"Istat"
"5550",2053,"Maschi",95,23683,38585,56292,"Istat"
"5551",2053,"Maschi",96,16009,27999,43057,"Istat"
"5552",2053,"Maschi",97,10426,19715,32122,"Istat"
"5553",2053,"Maschi",98,6612,13605,23581,"Istat"
"5554",2053,"Maschi",99,3941,8876,16423,"Istat"
"5555",2053,"Maschi",100,2303,62394,11314,"Istat"
"5556",2053,"Femmine",0,142327,171192,201715,"Istat"
"5557",2053,"Femmine",1,146130,174928,205031,"Istat"
"5558",2053,"Femmine",2,150288,178728,208412,"Istat"
"5559",2053,"Femmine",3,154073,182317,211747,"Istat"
"5560",2053,"Femmine",4,157984,185855,215185,"Istat"
"5561",2053,"Femmine",5,161379,189210,218150,"Istat"
"5562",2053,"Femmine",6,164720,192336,220890,"Istat"
"5563",2053,"Femmine",7,167792,195172,223558,"Istat"
"5564",2053,"Femmine",8,170737,197813,225582,"Istat"
"5565",2053,"Femmine",9,173257,199810,226987,"Istat"
"5566",2053,"Femmine",10,175546,201516,228122,"Istat"
"5567",2053,"Femmine",11,177676,202862,228825,"Istat"
"5568",2053,"Femmine",12,179362,204007,229275,"Istat"
"5569",2053,"Femmine",13,180798,204662,229052,"Istat"
"5570",2053,"Femmine",14,181965,205291,228804,"Istat"
"5571",2053,"Femmine",15,183189,205595,228162,"Istat"
"5572",2053,"Femmine",16,184263,205609,227193,"Istat"
"5573",2053,"Femmine",17,185143,205667,226202,"Istat"
"5574",2053,"Femmine",18,185910,205754,225331,"Istat"
"5575",2053,"Femmine",19,186881,205595,224332,"Istat"
"5576",2053,"Femmine",20,187800,205515,223418,"Istat"
"5577",2053,"Femmine",21,189337,206181,222961,"Istat"
"5578",2053,"Femmine",22,190966,207044,223209,"Istat"
"5579",2053,"Femmine",23,192251,207859,223346,"Istat"
"5580",2053,"Femmine",24,193809,208743,223870,"Istat"
"5581",2053,"Femmine",25,195343,209845,224641,"Istat"
"5582",2053,"Femmine",26,196677,210964,225698,"Istat"
"5583",2053,"Femmine",27,197781,212008,226782,"Istat"
"5584",2053,"Femmine",28,198613,213116,228164,"Istat"
"5585",2053,"Femmine",29,205769,220227,235595,"Istat"
"5586",2053,"Femmine",30,213216,228366,244418,"Istat"
"5587",2053,"Femmine",31,219525,235223,251893,"Istat"
"5588",2053,"Femmine",32,222219,238435,255644,"Istat"
"5589",2053,"Femmine",33,231597,248251,265898,"Istat"
"5590",2053,"Femmine",34,240399,257443,275475,"Istat"
"5591",2053,"Femmine",35,249824,267193,285529,"Istat"
"5592",2053,"Femmine",36,257804,275466,294089,"Istat"
"5593",2053,"Femmine",37,263653,281537,300385,"Istat"
"5594",2053,"Femmine",38,271035,289135,308122,"Istat"
"5595",2053,"Femmine",39,275148,293336,312405,"Istat"
"5596",2053,"Femmine",40,286361,304591,323667,"Istat"
"5597",2053,"Femmine",41,290924,309129,328157,"Istat"
"5598",2053,"Femmine",42,298535,316634,335529,"Istat"
"5599",2053,"Femmine",43,303792,321718,340397,"Istat"
"5600",2053,"Femmine",44,308283,326060,344524,"Istat"
"5601",2053,"Femmine",45,307236,324828,343031,"Istat"
"5602",2053,"Femmine",46,307789,325123,343015,"Istat"
"5603",2053,"Femmine",47,306266,323365,340909,"Istat"
"5604",2053,"Femmine",48,310537,327266,344413,"Istat"
"5605",2053,"Femmine",49,305346,321639,338290,"Istat"
"5606",2053,"Femmine",50,302957,318777,334900,"Istat"
"5607",2053,"Femmine",51,304327,319615,335188,"Istat"
"5608",2053,"Femmine",52,308259,323013,338062,"Istat"
"5609",2053,"Femmine",53,303968,318186,332731,"Istat"
"5610",2053,"Femmine",54,303646,317326,331280,"Istat"
"5611",2053,"Femmine",55,303643,316787,330087,"Istat"
"5612",2053,"Femmine",56,304513,317160,329895,"Istat"
"5613",2053,"Femmine",57,303798,315906,328080,"Istat"
"5614",2053,"Femmine",58,307700,319332,330924,"Istat"
"5615",2053,"Femmine",59,313243,324360,335395,"Istat"
"5616",2053,"Femmine",60,324952,335593,346222,"Istat"
"5617",2053,"Femmine",61,323524,333728,343915,"Istat"
"5618",2053,"Femmine",62,327788,337567,347387,"Istat"
"5619",2053,"Femmine",63,327447,336855,346252,"Istat"
"5620",2053,"Femmine",64,333092,342121,351206,"Istat"
"5621",2053,"Femmine",65,326305,334944,343732,"Istat"
"5622",2053,"Femmine",66,326145,334478,342924,"Istat"
"5623",2053,"Femmine",67,334207,342373,350527,"Istat"
"5624",2053,"Femmine",68,337590,345619,353610,"Istat"
"5625",2053,"Femmine",69,340540,348414,356191,"Istat"
"5626",2053,"Femmine",70,349223,357158,364872,"Istat"
"5627",2053,"Femmine",71,348731,356628,364205,"Istat"
"5628",2053,"Femmine",72,352244,360176,367717,"Istat"
"5629",2053,"Femmine",73,360484,368729,376539,"Istat"
"5630",2053,"Femmine",74,373779,382419,390551,"Istat"
"5631",2053,"Femmine",75,381092,390392,399027,"Istat"
"5632",2053,"Femmine",76,391149,401046,410345,"Istat"
"5633",2053,"Femmine",77,402177,413152,423386,"Istat"
"5634",2053,"Femmine",78,409696,421656,432847,"Istat"
"5635",2053,"Femmine",79,399226,412120,424009,"Istat"
"5636",2053,"Femmine",80,391624,405778,418838,"Istat"
"5637",2053,"Femmine",81,384510,400322,414846,"Istat"
"5638",2053,"Femmine",82,367047,384289,400163,"Istat"
"5639",2053,"Femmine",83,361297,380874,398882,"Istat"
"5640",2053,"Femmine",84,341279,362614,382441,"Istat"
"5641",2053,"Femmine",85,323694,347244,369431,"Istat"
"5642",2053,"Femmine",86,303953,329753,354464,"Istat"
"5643",2053,"Femmine",87,279538,307421,334621,"Istat"
"5644",2053,"Femmine",88,257366,287688,317694,"Istat"
"5645",2053,"Femmine",89,216691,246967,277331,"Istat"
"5646",2053,"Femmine",90,183491,214053,245335,"Istat"
"5647",2053,"Femmine",91,154429,185141,217189,"Istat"
"5648",2053,"Femmine",92,125447,155164,186924,"Istat"
"5649",2053,"Femmine",93,100180,128432,159482,"Istat"
"5650",2053,"Femmine",94,76600,102311,131506,"Istat"
"5651",2053,"Femmine",95,58869,82344,110039,"Istat"
"5652",2053,"Femmine",96,43426,64033,89363,"Istat"
"5653",2053,"Femmine",97,31201,48754,71390,"Istat"
"5654",2053,"Femmine",98,21759,36273,56008,"Istat"
"5655",2053,"Femmine",99,14094,25227,41271,"Istat"
"5656",2053,"Femmine",100,9087,62394,30606,"Istat"
"5657",2054,"Maschi",0,147967,178997,211875,"Istat"
"5658",2054,"Maschi",1,152192,183009,215566,"Istat"
"5659",2054,"Maschi",2,156410,186954,219041,"Istat"
"5660",2054,"Maschi",3,160555,190960,222710,"Istat"
"5661",2054,"Maschi",4,164565,194767,226391,"Istat"
"5662",2054,"Maschi",5,168707,198533,229878,"Istat"
"5663",2054,"Maschi",6,172241,202111,233134,"Istat"
"5664",2054,"Maschi",7,175851,205447,236005,"Istat"
"5665",2054,"Maschi",8,179237,208477,238861,"Istat"
"5666",2054,"Maschi",9,182447,211311,241046,"Istat"
"5667",2054,"Maschi",10,185091,213484,242610,"Istat"
"5668",2054,"Maschi",11,187697,215380,243790,"Istat"
"5669",2054,"Maschi",12,189880,216942,244833,"Istat"
"5670",2054,"Maschi",13,191909,218363,245462,"Istat"
"5671",2054,"Maschi",14,193644,219378,245636,"Istat"
"5672",2054,"Maschi",15,195659,220540,246019,"Istat"
"5673",2054,"Maschi",16,197548,221604,246051,"Istat"
"5674",2054,"Maschi",17,199511,222717,246301,"Istat"
"5675",2054,"Maschi",18,201584,224239,246784,"Istat"
"5676",2054,"Maschi",19,204212,226057,248113,"Istat"
"5677",2054,"Maschi",20,206684,227741,249082,"Istat"
"5678",2054,"Maschi",21,208980,229476,250274,"Istat"
"5679",2054,"Maschi",22,211707,231836,251980,"Istat"
"5680",2054,"Maschi",23,214393,234192,254016,"Istat"
"5681",2054,"Maschi",24,216946,236346,256053,"Istat"
"5682",2054,"Maschi",25,219298,238503,258516,"Istat"
"5683",2054,"Maschi",26,221579,240850,261196,"Istat"
"5684",2054,"Maschi",27,223695,243176,263861,"Istat"
"5685",2054,"Maschi",28,225413,245365,266410,"Istat"
"5686",2054,"Maschi",29,227070,247551,269319,"Istat"
"5687",2054,"Maschi",30,234333,255072,276941,"Istat"
"5688",2054,"Maschi",31,243635,265088,287797,"Istat"
"5689",2054,"Maschi",32,248059,270224,293603,"Istat"
"5690",2054,"Maschi",33,252913,275689,299720,"Istat"
"5691",2054,"Maschi",34,261158,284424,308999,"Istat"
"5692",2054,"Maschi",35,272180,295756,320710,"Istat"
"5693",2054,"Maschi",36,282606,306475,331639,"Istat"
"5694",2054,"Maschi",37,289925,314034,339213,"Istat"
"5695",2054,"Maschi",38,297308,321617,346899,"Istat"
"5696",2054,"Maschi",39,305755,330020,355472,"Istat"
"5697",2054,"Maschi",40,310458,334689,359995,"Istat"
"5698",2054,"Maschi",41,322927,347012,372211,"Istat"
"5699",2054,"Maschi",42,328697,352462,377403,"Istat"
"5700",2054,"Maschi",43,338215,361804,386433,"Istat"
"5701",2054,"Maschi",44,343467,366742,390982,"Istat"
"5702",2054,"Maschi",45,347663,370417,394268,"Istat"
"5703",2054,"Maschi",46,348960,371231,394489,"Istat"
"5704",2054,"Maschi",47,351441,373146,395769,"Istat"
"5705",2054,"Maschi",48,352677,373723,395616,"Istat"
"5706",2054,"Maschi",49,356664,377057,398194,"Istat"
"5707",2054,"Maschi",50,349604,369277,389656,"Istat"
"5708",2054,"Maschi",51,344601,363514,383047,"Istat"
"5709",2054,"Maschi",52,345344,363438,382107,"Istat"
"5710",2054,"Maschi",53,351208,368489,386174,"Istat"
"5711",2054,"Maschi",54,346682,363093,379831,"Istat"
"5712",2054,"Maschi",55,347726,363277,379083,"Istat"
"5713",2054,"Maschi",56,340433,355225,370052,"Istat"
"5714",2054,"Maschi",57,337411,351289,365185,"Istat"
"5715",2054,"Maschi",58,331827,344951,357962,"Istat"
"5716",2054,"Maschi",59,330053,342425,354664,"Istat"
"5717",2054,"Maschi",60,330333,342003,353518,"Istat"
"5718",2054,"Maschi",61,339502,350420,361184,"Istat"
"5719",2054,"Maschi",62,333174,343486,353550,"Istat"
"5720",2054,"Maschi",63,336577,346333,355781,"Istat"
"5721",2054,"Maschi",64,329613,338901,347856,"Istat"
"5722",2054,"Maschi",65,333878,342775,351362,"Istat"
"5723",2054,"Maschi",66,322464,331031,339289,"Istat"
"5724",2054,"Maschi",67,318974,327339,335410,"Istat"
"5725",2054,"Maschi",68,322844,331146,339128,"Istat"
"5726",2054,"Maschi",69,323681,332105,340033,"Istat"
"5727",2054,"Maschi",70,323842,332560,340610,"Istat"
"5728",2054,"Maschi",71,328145,337394,345672,"Istat"
"5729",2054,"Maschi",72,323041,332699,341272,"Istat"
"5730",2054,"Maschi",73,325507,335811,344902,"Istat"
"5731",2054,"Maschi",74,325805,337028,346849,"Istat"
"5732",2054,"Maschi",75,334822,347348,358279,"Istat"
"5733",2054,"Maschi",76,335239,348926,360865,"Istat"
"5734",2054,"Maschi",77,338755,354048,367528,"Istat"
"5735",2054,"Maschi",78,342511,359754,374892,"Istat"
"5736",2054,"Maschi",79,342547,361799,378633,"Istat"
"5737",2054,"Maschi",80,325279,345989,364023,"Istat"
"5738",2054,"Maschi",81,312816,335378,355066,"Istat"
"5739",2054,"Maschi",82,296887,321381,342681,"Istat"
"5740",2054,"Maschi",83,275361,301429,324247,"Istat"
"5741",2054,"Maschi",84,261293,289596,314598,"Istat"
"5742",2054,"Maschi",85,236778,266478,293010,"Istat"
"5743",2054,"Maschi",86,213470,244711,272978,"Istat"
"5744",2054,"Maschi",87,191534,224250,254215,"Istat"
"5745",2054,"Maschi",88,165958,199145,230110,"Istat"
"5746",2054,"Maschi",89,142559,176170,208239,"Istat"
"5747",2054,"Maschi",90,110469,141232,171367,"Istat"
"5748",2054,"Maschi",91,86026,114362,142932,"Istat"
"5749",2054,"Maschi",92,66154,91928,118825,"Istat"
"5750",2054,"Maschi",93,48910,71491,95984,"Istat"
"5751",2054,"Maschi",94,35177,54458,76330,"Istat"
"5752",2054,"Maschi",95,23872,39439,58036,"Istat"
"5753",2054,"Maschi",96,16214,28823,44800,"Istat"
"5754",2054,"Maschi",97,10563,20367,33612,"Istat"
"5755",2054,"Maschi",98,6636,13964,24554,"Istat"
"5756",2054,"Maschi",99,4053,9349,17570,"Istat"
"5757",2054,"Maschi",100,2316,63368,11868,"Istat"
"5758",2054,"Femmine",0,139317,168538,199506,"Istat"
"5759",2054,"Femmine",1,143272,172277,202931,"Istat"
"5760",2054,"Femmine",2,147200,175936,206139,"Istat"
"5761",2054,"Femmine",3,150957,179645,209485,"Istat"
"5762",2054,"Femmine",4,154711,183167,212966,"Istat"
"5763",2054,"Femmine",5,158575,186652,216145,"Istat"
"5764",2054,"Femmine",6,161865,189966,219162,"Istat"
"5765",2054,"Femmine",7,165143,193059,221771,"Istat"
"5766",2054,"Femmine",8,168393,195867,224522,"Istat"
"5767",2054,"Femmine",9,171302,198485,226491,"Istat"
"5768",2054,"Femmine",10,173788,200462,227987,"Istat"
"5769",2054,"Femmine",11,176069,202151,228915,"Istat"
"5770",2054,"Femmine",12,178076,203481,229733,"Istat"
"5771",2054,"Femmine",13,179768,204613,230029,"Istat"
"5772",2054,"Femmine",14,181139,205266,229810,"Istat"
"5773",2054,"Femmine",15,182549,205915,229568,"Istat"
"5774",2054,"Femmine",16,183857,206280,229005,"Istat"
"5775",2054,"Femmine",17,184866,206415,228275,"Istat"
"5776",2054,"Femmine",18,185735,206672,227502,"Istat"
"5777",2054,"Femmine",19,187024,207045,226995,"Istat"
"5778",2054,"Femmine",20,188257,207232,226413,"Istat"
"5779",2054,"Femmine",21,189416,207495,225766,"Istat"
"5780",2054,"Femmine",22,191043,208393,225768,"Istat"
"5781",2054,"Femmine",23,192365,209313,226090,"Istat"
"5782",2054,"Femmine",24,193576,210057,226395,"Istat"
"5783",2054,"Femmine",25,195009,210837,227033,"Istat"
"5784",2054,"Femmine",26,196395,211853,227720,"Istat"
"5785",2054,"Femmine",27,197482,212915,228840,"Istat"
"5786",2054,"Femmine",28,198366,213919,230127,"Istat"
"5787",2054,"Femmine",29,199083,214991,231697,"Istat"
"5788",2054,"Femmine",30,206269,222060,238705,"Istat"
"5789",2054,"Femmine",31,213698,230147,247491,"Istat"
"5790",2054,"Femmine",32,220002,236944,254876,"Istat"
"5791",2054,"Femmine",33,222745,240089,258504,"Istat"
"5792",2054,"Femmine",34,232113,249832,268674,"Istat"
"5793",2054,"Femmine",35,240956,258950,278058,"Istat"
"5794",2054,"Femmine",36,250354,268625,288000,"Istat"
"5795",2054,"Femmine",37,258355,276824,296371,"Istat"
"5796",2054,"Femmine",38,264145,282824,302501,"Istat"
"5797",2054,"Femmine",39,271579,290353,310121,"Istat"
"5798",2054,"Femmine",40,275600,294490,314291,"Istat"
"5799",2054,"Femmine",41,286751,305680,325489,"Istat"
"5800",2054,"Femmine",42,291263,310158,329882,"Istat"
"5801",2054,"Femmine",43,298819,317603,337192,"Istat"
"5802",2054,"Femmine",44,303953,322628,342033,"Istat"
"5803",2054,"Femmine",45,308508,326911,346039,"Istat"
"5804",2054,"Femmine",46,307414,325627,344449,"Istat"
"5805",2054,"Femmine",47,307975,325870,344350,"Istat"
"5806",2054,"Femmine",48,306472,324060,342142,"Istat"
"5807",2054,"Femmine",49,310696,327903,345578,"Istat"
"5808",2054,"Femmine",50,305471,322222,339420,"Istat"
"5809",2054,"Femmine",51,303023,319299,336003,"Istat"
"5810",2054,"Femmine",52,304264,320069,336258,"Istat"
"5811",2054,"Femmine",53,308142,323394,338981,"Istat"
"5812",2054,"Femmine",54,303777,318500,333459,"Istat"
"5813",2054,"Femmine",55,303407,317568,331858,"Istat"
"5814",2054,"Femmine",56,303332,316953,330680,"Istat"
"5815",2054,"Femmine",57,304205,317245,330360,"Istat"
"5816",2054,"Femmine",58,303408,315907,328397,"Istat"
"5817",2054,"Femmine",59,307260,319235,331149,"Istat"
"5818",2054,"Femmine",60,312676,324151,335481,"Istat"
"5819",2054,"Femmine",61,324272,335249,346178,"Istat"
"5820",2054,"Femmine",62,322735,333276,343794,"Istat"
"5821",2054,"Femmine",63,326899,336982,347055,"Istat"
"5822",2054,"Femmine",64,326422,336138,345819,"Istat"
"5823",2054,"Femmine",65,331913,341246,350628,"Istat"
"5824",2054,"Femmine",66,325046,333954,342998,"Istat"
"5825",2054,"Femmine",67,324663,333345,342038,"Istat"
"5826",2054,"Femmine",68,332558,341047,349529,"Istat"
"5827",2054,"Femmine",69,335725,344096,352332,"Istat"
"5828",2054,"Femmine",70,338366,346668,354748,"Istat"
"5829",2054,"Femmine",71,346860,355124,363075,"Istat"
"5830",2054,"Femmine",72,346011,354331,362281,"Istat"
"5831",2054,"Femmine",73,348998,357545,365548,"Istat"
"5832",2054,"Femmine",74,356828,365676,373988,"Istat"
"5833",2054,"Femmine",75,369448,378823,387597,"Istat"
"5834",2054,"Femmine",76,376212,386195,395590,"Istat"
"5835",2054,"Femmine",77,385240,396096,406275,"Istat"
"5836",2054,"Femmine",78,395290,407274,418379,"Istat"
"5837",2054,"Femmine",79,401457,414681,426951,"Istat"
"5838",2054,"Femmine",80,389766,404157,417387,"Istat"
"5839",2054,"Femmine",81,380432,396556,411275,"Istat"
"5840",2054,"Femmine",82,371698,389615,405955,"Istat"
"5841",2054,"Femmine",83,352711,372206,390095,"Istat"
"5842",2054,"Femmine",84,344856,366757,387254,"Istat"
"5843",2054,"Femmine",85,322849,346758,369331,"Istat"
"5844",2054,"Femmine",86,303109,329329,354548,"Istat"
"5845",2054,"Femmine",87,281066,309701,337448,"Istat"
"5846",2054,"Femmine",88,254759,285447,315671,"Istat"
"5847",2054,"Femmine",89,230623,263603,296588,"Istat"
"5848",2054,"Femmine",90,190500,222952,256058,"Istat"
"5849",2054,"Femmine",91,157983,190129,223605,"Istat"
"5850",2054,"Femmine",92,130024,161603,195327,"Istat"
"5851",2054,"Femmine",93,103078,132915,165732,"Istat"
"5852",2054,"Femmine",94,80225,107823,139285,"Istat"
"5853",2054,"Femmine",95,59655,84047,112984,"Istat"
"5854",2054,"Femmine",96,44491,66114,92925,"Istat"
"5855",2054,"Femmine",97,31833,50224,74163,"Istat"
"5856",2054,"Femmine",98,22086,37245,58082,"Istat"
"5857",2054,"Femmine",99,14801,26861,44459,"Istat"
"5858",2054,"Femmine",100,9196,63368,31861,"Istat"
"5859",2055,"Maschi",0,144915,176505,210275,"Istat"
"5860",2055,"Maschi",1,148892,180189,213309,"Istat"
"5861",2055,"Maschi",2,153150,184134,216968,"Istat"
"5862",2055,"Maschi",3,157297,187990,220229,"Istat"
"5863",2055,"Maschi",4,161360,191922,224056,"Istat"
"5864",2055,"Maschi",5,165243,195669,227642,"Istat"
"5865",2055,"Maschi",6,169389,199384,230961,"Istat"
"5866",2055,"Maschi",7,172775,202918,234094,"Istat"
"5867",2055,"Maschi",8,176338,206221,237053,"Istat"
"5868",2055,"Maschi",9,179821,209231,239853,"Istat"
"5869",2055,"Maschi",10,183015,212062,242005,"Istat"
"5870",2055,"Maschi",11,185780,214244,243579,"Istat"
"5871",2055,"Maschi",12,188204,216169,244800,"Istat"
"5872",2055,"Maschi",13,190468,217786,245793,"Istat"
"5873",2055,"Maschi",14,192658,219301,246668,"Istat"
"5874",2055,"Maschi",15,194740,220473,246936,"Istat"
"5875",2055,"Maschi",16,196782,221882,247575,"Istat"
"5876",2055,"Maschi",17,198951,223347,248076,"Istat"
"5877",2055,"Maschi",18,201268,224929,248857,"Istat"
"5878",2055,"Maschi",19,203716,226889,250011,"Istat"
"5879",2055,"Maschi",20,206600,229086,251753,"Istat"
"5880",2055,"Maschi",21,209286,231050,253352,"Istat"
"5881",2055,"Maschi",22,211481,232927,254496,"Istat"
"5882",2055,"Maschi",23,214070,235274,256427,"Istat"
"5883",2055,"Maschi",24,216654,237506,258501,"Istat"
"5884",2055,"Maschi",25,218766,239486,260619,"Istat"
"5885",2055,"Maschi",26,220900,241469,263010,"Istat"
"5886",2055,"Maschi",27,223051,243667,265591,"Istat"
"5887",2055,"Maschi",28,224715,245864,268265,"Istat"
"5888",2055,"Maschi",29,226382,247931,270609,"Istat"
"5889",2055,"Maschi",30,227920,249993,273354,"Istat"
"5890",2055,"Maschi",31,235130,257384,280914,"Istat"
"5891",2055,"Maschi",32,244369,267263,291527,"Istat"
"5892",2055,"Maschi",33,248748,272262,297049,"Istat"
"5893",2055,"Maschi",34,253529,277588,302894,"Istat"
"5894",2055,"Maschi",35,261677,286183,311997,"Istat"
"5895",2055,"Maschi",36,272598,297372,323474,"Istat"
"5896",2055,"Maschi",37,283091,307948,334291,"Istat"
"5897",2055,"Maschi",38,290295,315367,341713,"Istat"
"5898",2055,"Maschi",39,297667,322812,349093,"Istat"
"5899",2055,"Maschi",40,305929,331080,357371,"Istat"
"5900",2055,"Maschi",41,310620,335620,361832,"Istat"
"5901",2055,"Maschi",42,322964,347815,373883,"Istat"
"5902",2055,"Maschi",43,328637,353149,378858,"Istat"
"5903",2055,"Maschi",44,338278,362379,387715,"Istat"
"5904",2055,"Maschi",45,343319,367214,392155,"Istat"
"5905",2055,"Maschi",46,347517,370793,395180,"Istat"
"5906",2055,"Maschi",47,348747,371517,395305,"Istat"
"5907",2055,"Maschi",48,351174,373345,396442,"Istat"
"5908",2055,"Maschi",49,352372,373836,396164,"Istat"
"5909",2055,"Maschi",50,356309,377082,398561,"Istat"
"5910",2055,"Maschi",51,349224,369226,389937,"Istat"
"5911",2055,"Maschi",52,344153,363387,383246,"Istat"
"5912",2055,"Maschi",53,344802,363223,382128,"Istat"
"5913",2055,"Maschi",54,350563,368172,386109,"Istat"
"5914",2055,"Maschi",55,345958,362690,379727,"Istat"
"5915",2055,"Maschi",56,346832,362775,378809,"Istat"
"5916",2055,"Maschi",57,339576,354638,369683,"Istat"
"5917",2055,"Maschi",58,336344,350603,364705,"Istat"
"5918",2055,"Maschi",59,330712,344168,357394,"Istat"
"5919",2055,"Maschi",60,328832,341525,354008,"Istat"
"5920",2055,"Maschi",61,329067,340965,352678,"Istat"
"5921",2055,"Maschi",62,337987,349193,360158,"Istat"
"5922",2055,"Maschi",63,331505,342122,352431,"Istat"
"5923",2055,"Maschi",64,334744,344777,354437,"Istat"
"5924",2055,"Maschi",65,327652,337187,346356,"Istat"
"5925",2055,"Maschi",66,331605,340823,349665,"Istat"
"5926",2055,"Maschi",67,320001,328921,337508,"Istat"
"5927",2055,"Maschi",68,316216,325005,333416,"Istat"
"5928",2055,"Maschi",69,319687,328505,336833,"Istat"
"5929",2055,"Maschi",70,320082,329139,337511,"Istat"
"5930",2055,"Maschi",71,319776,329224,337786,"Istat"
"5931",2055,"Maschi",72,323613,333578,342510,"Istat"
"5932",2055,"Maschi",73,317942,328465,337729,"Istat"
"5933",2055,"Maschi",74,319660,330984,340939,"Istat"
"5934",2055,"Maschi",75,319337,331555,342392,"Istat"
"5935",2055,"Maschi",76,327135,340966,353000,"Istat"
"5936",2055,"Maschi",77,326597,341645,354903,"Istat"
"5937",2055,"Maschi",78,328640,345615,360501,"Istat"
"5938",2055,"Maschi",79,330788,349958,366652,"Istat"
"5939",2055,"Maschi",80,329030,350495,369090,"Istat"
"5940",2055,"Maschi",81,310567,333553,353537,"Istat"
"5941",2055,"Maschi",82,296412,321450,343116,"Istat"
"5942",2055,"Maschi",83,278945,305876,329476,"Istat"
"5943",2055,"Maschi",84,255980,284489,309556,"Istat"
"5944",2055,"Maschi",85,239622,270632,298068,"Istat"
"5945",2055,"Maschi",86,214111,246202,275031,"Istat"
"5946",2055,"Maschi",87,189791,223126,253459,"Istat"
"5947",2055,"Maschi",88,166945,201429,233429,"Istat"
"5948",2055,"Maschi",89,141445,175864,208693,"Istat"
"5949",2055,"Maschi",90,118580,152669,185990,"Istat"
"5950",2055,"Maschi",91,89505,119934,150601,"Istat"
"5951",2055,"Maschi",92,67713,94979,123413,"Istat"
"5952",2055,"Maschi",93,50436,74529,100663,"Istat"
"5953",2055,"Maschi",94,36028,56482,79738,"Istat"
"5954",2055,"Maschi",95,24974,41856,62081,"Istat"
"5955",2055,"Maschi",96,16306,29456,46189,"Istat"
"5956",2055,"Maschi",97,10689,20962,34937,"Istat"
"5957",2055,"Maschi",98,6724,14421,25653,"Istat"
"5958",2055,"Maschi",99,4069,9592,18277,"Istat"
"5959",2055,"Maschi",100,2380,65539,12703,"Istat"
"5960",2055,"Femmine",0,136437,166192,197942,"Istat"
"5961",2055,"Femmine",1,140114,169624,200844,"Istat"
"5962",2055,"Femmine",2,144090,173286,204278,"Istat"
"5963",2055,"Femmine",3,147917,176854,207167,"Istat"
"5964",2055,"Femmine",4,151690,180496,210780,"Istat"
"5965",2055,"Femmine",5,155374,183964,214056,"Istat"
"5966",2055,"Femmine",6,159117,187408,217091,"Istat"
"5967",2055,"Femmine",7,162306,190688,220010,"Istat"
"5968",2055,"Femmine",8,165689,193754,222754,"Istat"
"5969",2055,"Femmine",9,168799,196539,225304,"Istat"
"5970",2055,"Femmine",10,171795,199137,227261,"Istat"
"5971",2055,"Femmine",11,174293,201097,228679,"Istat"
"5972",2055,"Femmine",12,176465,202770,229676,"Istat"
"5973",2055,"Femmine",13,178427,204087,230438,"Istat"
"5974",2055,"Femmine",14,180181,205217,230898,"Istat"
"5975",2055,"Femmine",15,181682,205890,230693,"Istat"
"5976",2055,"Femmine",16,183247,206599,230555,"Istat"
"5977",2055,"Femmine",17,184395,207086,230024,"Istat"
"5978",2055,"Femmine",18,185518,207421,229442,"Istat"
"5979",2055,"Femmine",19,186786,207963,228997,"Istat"
"5980",2055,"Femmine",20,188479,208682,229090,"Istat"
"5981",2055,"Femmine",21,189797,209212,228757,"Istat"
"5982",2055,"Femmine",22,191128,209707,228491,"Istat"
"5983",2055,"Femmine",23,192444,210663,228793,"Istat"
"5984",2055,"Femmine",24,193591,211513,229152,"Istat"
"5985",2055,"Femmine",25,194774,212152,229467,"Istat"
"5986",2055,"Femmine",26,195896,212846,229996,"Istat"
"5987",2055,"Femmine",27,197348,213805,231022,"Istat"
"5988",2055,"Femmine",28,198169,214827,232076,"Istat"
"5989",2055,"Femmine",29,198907,215796,233257,"Istat"
"5990",2055,"Femmine",30,199703,216827,234857,"Istat"
"5991",2055,"Femmine",31,206755,223843,241791,"Istat"
"5992",2055,"Femmine",32,214207,231870,250447,"Istat"
"5993",2055,"Femmine",33,220466,238599,257705,"Istat"
"5994",2055,"Femmine",34,223146,241674,261213,"Istat"
"5995",2055,"Femmine",35,232528,251343,271244,"Istat"
"5996",2055,"Femmine",36,241344,260386,280581,"Istat"
"5997",2055,"Femmine",37,250793,269986,290387,"Istat"
"5998",2055,"Femmine",38,258828,278114,298632,"Istat"
"5999",2055,"Femmine",39,264633,284045,304634,"Istat"
"6000",2055,"Femmine",40,272039,291509,312097,"Istat"
"6001",2055,"Femmine",41,276069,295585,316114,"Istat"
"6002",2055,"Femmine",42,287196,306713,327177,"Istat"
"6003",2055,"Femmine",43,291639,311132,331540,"Istat"
"6004",2055,"Femmine",44,299100,318518,338755,"Istat"
"6005",2055,"Femmine",45,304208,323484,343498,"Istat"
"6006",2055,"Femmine",46,308645,327712,347478,"Istat"
"6007",2055,"Femmine",47,307625,326377,345831,"Istat"
"6008",2055,"Femmine",48,308083,326567,345648,"Istat"
"6009",2055,"Femmine",49,306599,324704,343371,"Istat"
"6010",2055,"Femmine",50,310784,328484,346729,"Istat"
"6011",2055,"Femmine",51,305507,322745,340502,"Istat"
"6012",2055,"Femmine",52,302944,319759,336955,"Istat"
"6013",2055,"Femmine",53,304182,320459,337057,"Istat"
"6014",2055,"Femmine",54,307982,323707,339674,"Istat"
"6015",2055,"Femmine",55,303559,318746,334057,"Istat"
"6016",2055,"Femmine",56,303129,317739,332456,"Istat"
"6017",2055,"Femmine",57,303035,317045,331169,"Istat"
"6018",2055,"Femmine",58,303796,317251,330694,"Istat"
"6019",2055,"Femmine",59,302936,315825,328646,"Istat"
"6020",2055,"Femmine",60,306742,319048,331246,"Istat"
"6021",2055,"Femmine",61,312081,323848,335580,"Istat"
"6022",2055,"Femmine",62,323513,334804,346080,"Istat"
"6023",2055,"Femmine",63,321910,332716,343482,"Istat"
"6024",2055,"Femmine",64,325940,336278,346593,"Istat"
"6025",2055,"Femmine",65,325310,335300,345269,"Istat"
"6026",2055,"Femmine",66,330641,340248,349962,"Istat"
"6027",2055,"Femmine",67,323549,332842,342170,"Istat"
"6028",2055,"Femmine",68,323086,332082,341093,"Istat"
"6029",2055,"Femmine",69,330709,339573,348348,"Istat"
"6030",2055,"Femmine",70,333703,342400,350929,"Istat"
"6031",2055,"Femmine",71,336009,344729,353133,"Istat"
"6032",2055,"Femmine",72,344110,352871,361235,"Istat"
"6033",2055,"Femmine",73,342991,351784,360077,"Istat"
"6034",2055,"Femmine",74,345500,354632,363170,"Istat"
"6035",2055,"Femmine",75,352821,362289,371139,"Istat"
"6036",2055,"Femmine",76,364704,374811,384302,"Istat"
"6037",2055,"Femmine",77,370647,381499,391633,"Istat"
"6038",2055,"Femmine",78,378560,390533,401694,"Istat"
"6039",2055,"Femmine",79,387436,400630,412828,"Istat"
"6040",2055,"Femmine",80,391985,406767,420368,"Istat"
"6041",2055,"Femmine",81,378782,395085,410071,"Istat"
"6042",2055,"Femmine",82,367917,386081,402617,"Istat"
"6043",2055,"Femmine",83,357160,377497,396051,"Istat"
"6044",2055,"Femmine",84,336592,358556,378980,"Istat"
"6045",2055,"Femmine",85,326160,350873,374104,"Istat"
"6046",2055,"Femmine",86,302294,329027,354547,"Istat"
"6047",2055,"Femmine",87,280177,309456,337711,"Istat"
"6048",2055,"Femmine",88,255983,287720,318720,"Istat"
"6049",2055,"Femmine",89,228099,261713,295050,"Istat"
"6050",2055,"Femmine",90,202552,238116,274090,"Istat"
"6051",2055,"Femmine",91,163871,198177,233710,"Istat"
"6052",2055,"Femmine",92,132903,166075,201413,"Istat"
"6053",2055,"Femmine",93,106808,138537,173441,"Istat"
"6054",2055,"Femmine",94,82485,111668,144941,"Istat"
"6055",2055,"Femmine",95,62348,88652,119847,"Istat"
"6056",2055,"Femmine",96,44950,67543,95571,"Istat"
"6057",2055,"Femmine",97,32474,51908,77262,"Istat"
"6058",2055,"Femmine",98,22443,38408,60462,"Istat"
"6059",2055,"Femmine",99,14980,27612,46198,"Istat"
"6060",2055,"Femmine",100,9630,65539,34393,"Istat"
"6061",2056,"Maschi",0,142148,174259,208493,"Istat"
"6062",2056,"Maschi",1,145874,177698,211577,"Istat"
"6063",2056,"Maschi",2,149926,181316,214751,"Istat"
"6064",2056,"Maschi",3,153919,185173,218393,"Istat"
"6065",2056,"Maschi",4,157899,188953,221627,"Istat"
"6066",2056,"Maschi",5,162097,192827,225387,"Istat"
"6067",2056,"Maschi",6,165958,196522,228730,"Istat"
"6068",2056,"Maschi",7,169926,200193,231989,"Istat"
"6069",2056,"Maschi",8,173359,203693,235090,"Istat"
"6070",2056,"Maschi",9,177185,206976,238039,"Istat"
"6071",2056,"Maschi",10,180540,209983,240735,"Istat"
"6072",2056,"Maschi",11,183603,212824,242931,"Istat"
"6073",2056,"Maschi",12,186375,215035,244412,"Istat"
"6074",2056,"Maschi",13,188728,217014,245756,"Istat"
"6075",2056,"Maschi",14,191224,218725,246978,"Istat"
"6076",2056,"Maschi",15,193510,220397,247952,"Istat"
"6077",2056,"Maschi",16,195599,221815,248543,"Istat"
"6078",2056,"Maschi",17,198229,223626,249520,"Istat"
"6079",2056,"Maschi",18,200667,225560,250664,"Istat"
"6080",2056,"Maschi",19,203174,227580,252072,"Istat"
"6081",2056,"Maschi",20,206201,229919,253834,"Istat"
"6082",2056,"Maschi",21,209272,232397,256007,"Istat"
"6083",2056,"Maschi",22,211704,234502,257428,"Istat"
"6084",2056,"Maschi",23,213955,236368,258994,"Istat"
"6085",2056,"Maschi",24,216387,238592,261001,"Istat"
"6086",2056,"Maschi",25,218534,240650,263041,"Istat"
"6087",2056,"Maschi",26,220340,242456,265150,"Istat"
"6088",2056,"Maschi",27,222285,244290,267592,"Istat"
"6089",2056,"Maschi",28,224111,246361,269858,"Istat"
"6090",2056,"Maschi",29,225941,248436,272560,"Istat"
"6091",2056,"Maschi",30,227279,250378,274651,"Istat"
"6092",2056,"Maschi",31,228700,252312,277295,"Istat"
"6093",2056,"Maschi",32,235918,259567,284596,"Istat"
"6094",2056,"Maschi",33,245073,269307,294967,"Istat"
"6095",2056,"Maschi",34,249457,274168,300290,"Istat"
"6096",2056,"Maschi",35,254217,279354,305956,"Istat"
"6097",2056,"Maschi",36,262188,287807,314715,"Istat"
"6098",2056,"Maschi",37,272968,298853,326142,"Istat"
"6099",2056,"Maschi",38,283372,309288,336712,"Istat"
"6100",2056,"Maschi",39,290494,316570,344061,"Istat"
"6101",2056,"Maschi",40,297798,323881,351205,"Istat"
"6102",2056,"Maschi",41,306183,332019,359226,"Istat"
"6103",2056,"Maschi",42,310700,336437,363410,"Istat"
"6104",2056,"Maschi",43,322987,348512,375257,"Istat"
"6105",2056,"Maschi",44,328571,353737,380143,"Istat"
"6106",2056,"Maschi",45,338134,362861,388861,"Istat"
"6107",2056,"Maschi",46,343247,367600,393136,"Istat"
"6108",2056,"Maschi",47,347288,371087,396050,"Istat"
"6109",2056,"Maschi",48,348449,371725,396018,"Istat"
"6110",2056,"Maschi",49,350866,373467,397020,"Istat"
"6111",2056,"Maschi",50,352006,373875,396570,"Istat"
"6112",2056,"Maschi",51,355892,377031,398897,"Istat"
"6113",2056,"Maschi",52,348698,369100,390133,"Istat"
"6114",2056,"Maschi",53,343594,363183,383299,"Istat"
"6115",2056,"Maschi",54,344213,362928,382130,"Istat"
"6116",2056,"Maschi",55,349830,367774,386008,"Istat"
"6117",2056,"Maschi",56,345103,362203,379510,"Istat"
"6118",2056,"Maschi",57,345929,362186,378436,"Istat"
"6119",2056,"Maschi",58,338561,353961,369271,"Istat"
"6120",2056,"Maschi",59,335287,349823,364158,"Istat"
"6121",2056,"Maschi",60,329561,343284,356758,"Istat"
"6122",2056,"Maschi",61,327581,340513,353238,"Istat"
"6123",2056,"Maschi",62,327674,339803,351661,"Istat"
"6124",2056,"Maschi",63,336352,347832,359071,"Istat"
"6125",2056,"Maschi",64,329733,340617,351056,"Istat"
"6126",2056,"Maschi",65,332754,343065,353010,"Istat"
"6127",2056,"Maschi",66,325426,335305,344789,"Istat"
"6128",2056,"Maschi",67,329078,338687,347945,"Istat"
"6129",2056,"Maschi",68,317224,326617,335614,"Istat"
"6130",2056,"Maschi",69,313245,322459,331262,"Istat"
"6131",2056,"Maschi",70,316171,325623,334421,"Istat"
"6132",2056,"Maschi",71,316112,325890,334804,"Istat"
"6133",2056,"Maschi",72,315374,325564,334703,"Istat"
"6134",2056,"Maschi",73,318473,329393,339002,"Istat"
"6135",2056,"Maschi",74,312290,323820,333889,"Istat"
"6136",2056,"Maschi",75,313268,325688,336642,"Istat"
"6137",2056,"Maschi",76,311818,325545,337334,"Istat"
"6138",2056,"Maschi",77,318728,333943,347264,"Istat"
"6139",2056,"Maschi",78,316892,333618,348276,"Istat"
"6140",2056,"Maschi",79,317436,336311,352730,"Istat"
"6141",2056,"Maschi",80,317868,339145,357601,"Istat"
"6142",2056,"Maschi",81,314201,338026,358485,"Istat"
"6143",2056,"Maschi",82,294362,319833,341780,"Istat"
"6144",2056,"Maschi",83,278504,306083,329881,"Istat"
"6145",2056,"Maschi",84,259196,288825,314507,"Istat"
"6146",2056,"Maschi",85,234908,266002,293329,"Istat"
"6147",2056,"Maschi",86,216705,250170,279958,"Istat"
"6148",2056,"Maschi",87,190202,224613,255745,"Istat"
"6149",2056,"Maschi",88,165324,200514,232999,"Istat"
"6150",2056,"Maschi",89,142302,177967,211706,"Istat"
"6151",2056,"Maschi",90,117613,152485,186328,"Istat"
"6152",2056,"Maschi",91,95943,129694,163449,"Istat"
"6153",2056,"Maschi",92,70266,99647,130107,"Istat"
"6154",2056,"Maschi",93,51413,77022,104693,"Istat"
"6155",2056,"Maschi",94,36936,58897,83777,"Istat"
"6156",2056,"Maschi",95,25379,43417,65011,"Istat"
"6157",2056,"Maschi",96,16899,31267,49567,"Istat"
"6158",2056,"Maschi",97,10622,21424,36148,"Istat"
"6159",2056,"Maschi",98,6713,14844,26766,"Istat"
"6160",2056,"Maschi",99,4063,9906,19187,"Istat"
"6161",2056,"Maschi",100,2356,67749,13274,"Istat"
"6162",2056,"Femmine",0,133834,164077,196291,"Istat"
"6163",2056,"Femmine",1,137318,167281,199166,"Istat"
"6164",2056,"Femmine",2,141068,170636,202176,"Istat"
"6165",2056,"Femmine",3,144821,174207,205573,"Istat"
"6166",2056,"Femmine",4,148433,177707,208544,"Istat"
"6167",2056,"Femmine",5,152305,181296,211957,"Istat"
"6168",2056,"Femmine",6,155916,184723,215085,"Istat"
"6169",2056,"Femmine",7,159560,188133,218024,"Istat"
"6170",2056,"Femmine",8,162866,191387,220891,"Istat"
"6171",2056,"Femmine",9,166354,194430,223559,"Istat"
"6172",2056,"Femmine",10,169435,197195,226118,"Istat"
"6173",2056,"Femmine",11,172327,199775,228136,"Istat"
"6174",2056,"Femmine",12,174722,201719,229409,"Istat"
"6175",2056,"Femmine",13,176811,203379,230263,"Istat"
"6176",2056,"Femmine",14,178770,204694,231280,"Istat"
"6177",2056,"Femmine",15,180648,205844,231699,"Istat"
"6178",2056,"Femmine",16,182250,206577,231463,"Istat"
"6179",2056,"Femmine",17,183715,207408,231546,"Istat"
"6180",2056,"Femmine",18,185177,208094,231216,"Istat"
"6181",2056,"Femmine",19,186505,208715,231019,"Istat"
"6182",2056,"Femmine",20,188107,209604,231041,"Istat"
"6183",2056,"Femmine",21,190100,210666,231546,"Istat"
"6184",2056,"Femmine",22,191458,211429,231523,"Istat"
"6185",2056,"Femmine",23,192612,211983,231626,"Istat"
"6186",2056,"Femmine",24,193617,212869,231729,"Istat"
"6187",2056,"Femmine",25,194825,213615,232297,"Istat"
"6188",2056,"Femmine",26,195749,214169,232559,"Istat"
"6189",2056,"Femmine",27,196914,214806,233237,"Istat"
"6190",2056,"Femmine",28,197866,215725,234180,"Istat"
"6191",2056,"Femmine",29,198616,216712,235391,"Istat"
"6192",2056,"Femmine",30,199375,217639,236486,"Istat"
"6193",2056,"Femmine",31,200356,218618,238029,"Istat"
"6194",2056,"Femmine",32,207233,225574,244751,"Istat"
"6195",2056,"Femmine",33,214674,233533,253269,"Istat"
"6196",2056,"Femmine",34,220904,240191,260435,"Istat"
"6197",2056,"Femmine",35,223580,243192,263834,"Istat"
"6198",2056,"Femmine",36,232930,252786,273732,"Istat"
"6199",2056,"Femmine",37,241719,261755,282929,"Istat"
"6200",2056,"Femmine",38,251145,271284,292607,"Istat"
"6201",2056,"Femmine",39,259156,279343,300778,"Istat"
"6202",2056,"Femmine",40,265033,285210,306654,"Istat"
"6203",2056,"Femmine",41,272428,292611,314005,"Istat"
"6204",2056,"Femmine",42,276482,296628,317950,"Istat"
"6205",2056,"Femmine",43,287562,307695,328876,"Istat"
"6206",2056,"Femmine",44,291981,312056,333049,"Istat"
"6207",2056,"Femmine",45,299416,319382,340221,"Istat"
"6208",2056,"Femmine",46,304470,324293,344906,"Istat"
"6209",2056,"Femmine",47,308865,328465,348805,"Istat"
"6210",2056,"Femmine",48,307733,327079,347119,"Istat"
"6211",2056,"Femmine",49,308196,327215,346876,"Istat"
"6212",2056,"Femmine",50,306662,325294,344508,"Istat"
"6213",2056,"Femmine",51,310811,329007,347742,"Istat"
"6214",2056,"Femmine",52,305475,323207,341431,"Istat"
"6215",2056,"Femmine",53,302962,320156,337814,"Istat"
"6216",2056,"Femmine",54,304083,320783,337804,"Istat"
"6217",2056,"Femmine",55,307797,323952,340278,"Istat"
"6218",2056,"Femmine",56,303328,318923,334682,"Istat"
"6219",2056,"Femmine",57,302818,317838,332965,"Istat"
"6220",2056,"Femmine",58,302655,317060,331486,"Istat"
"6221",2056,"Femmine",59,303391,317176,330958,"Istat"
"6222",2056,"Femmine",60,302450,315656,328820,"Istat"
"6223",2056,"Femmine",61,306117,318769,331336,"Istat"
"6224",2056,"Femmine",62,311336,323447,335392,"Istat"
"6225",2056,"Femmine",63,322668,334253,345769,"Istat"
"6226",2056,"Femmine",64,320965,332041,343013,"Istat"
"6227",2056,"Femmine",65,324783,335457,346078,"Istat"
"6228",2056,"Femmine",66,324015,334344,344690,"Istat"
"6229",2056,"Femmine",67,329198,339128,349078,"Istat"
"6230",2056,"Femmine",68,321985,331602,341235,"Istat"
"6231",2056,"Femmine",69,321337,330677,339981,"Istat"
"6232",2056,"Femmine",70,328734,337930,347006,"Istat"
"6233",2056,"Femmine",71,331382,340516,349369,"Istat"
"6234",2056,"Femmine",72,333534,342581,351233,"Istat"
"6235",2056,"Femmine",73,341235,350374,359123,"Istat"
"6236",2056,"Femmine",74,339586,348964,357786,"Istat"
"6237",2056,"Femmine",75,341770,351400,360482,"Istat"
"6238",2056,"Femmine",76,348359,358508,368055,"Istat"
"6239",2056,"Femmine",77,359383,370321,380554,"Istat"
"6240",2056,"Femmine",78,364453,376221,387355,"Istat"
"6241",2056,"Femmine",79,371124,384242,396281,"Istat"
"6242",2056,"Femmine",80,378426,393086,406554,"Istat"
"6243",2056,"Femmine",81,380964,397746,413025,"Istat"
"6244",2056,"Femmine",82,366289,384772,401592,"Istat"
"6245",2056,"Femmine",83,353736,374213,392789,"Istat"
"6246",2056,"Femmine",84,340888,363794,384854,"Istat"
"6247",2056,"Femmine",85,318340,343181,366253,"Istat"
"6248",2056,"Femmine",86,305417,333091,359367,"Istat"
"6249",2056,"Femmine",87,279485,309335,338032,"Istat"
"6250",2056,"Femmine",88,255315,287648,319241,"Istat"
"6251",2056,"Femmine",89,229323,263951,298228,"Istat"
"6252",2056,"Femmine",90,200422,236567,272920,"Istat"
"6253",2056,"Femmine",91,174202,211796,250546,"Istat"
"6254",2056,"Femmine",92,137720,173239,210837,"Istat"
"6255",2056,"Femmine",93,108927,142481,179140,"Istat"
"6256",2056,"Femmine",94,85201,116490,151976,"Istat"
"6257",2056,"Femmine",95,63901,91890,124959,"Istat"
"6258",2056,"Femmine",96,46857,71313,101611,"Istat"
"6259",2056,"Femmine",97,32749,53084,79685,"Istat"
"6260",2056,"Femmine",98,22855,39738,63170,"Istat"
"6261",2056,"Femmine",99,15183,28506,48229,"Istat"
"6262",2056,"Femmine",100,9710,67749,35837,"Istat"
"6263",2057,"Maschi",0,139586,172200,207370,"Istat"
"6264",2057,"Maschi",1,143128,175451,210020,"Istat"
"6265",2057,"Maschi",2,146752,178824,212938,"Istat"
"6266",2057,"Maschi",3,150652,182353,216112,"Istat"
"6267",2057,"Maschi",4,154715,186135,219675,"Istat"
"6268",2057,"Maschi",5,158600,189857,222950,"Istat"
"6269",2057,"Maschi",6,162683,193679,226447,"Istat"
"6270",2057,"Maschi",7,166471,197330,229776,"Istat"
"6271",2057,"Maschi",8,170274,200967,233061,"Istat"
"6272",2057,"Maschi",9,173956,204448,235999,"Istat"
"6273",2057,"Maschi",10,177591,207727,238883,"Istat"
"6274",2057,"Maschi",11,180959,210744,241537,"Istat"
"6275",2057,"Maschi",12,184168,213613,243915,"Istat"
"6276",2057,"Maschi",13,186822,215879,245473,"Istat"
"6277",2057,"Maschi",14,189426,217953,247034,"Istat"
"6278",2057,"Maschi",15,191959,219820,248309,"Istat"
"6279",2057,"Maschi",16,194360,221738,249434,"Istat"
"6280",2057,"Maschi",17,196867,223557,250521,"Istat"
"6281",2057,"Maschi",18,199683,225836,252049,"Istat"
"6282",2057,"Maschi",19,202515,228208,253778,"Istat"
"6283",2057,"Maschi",20,205646,230607,255895,"Istat"
"6284",2057,"Maschi",21,208690,233227,258057,"Istat"
"6285",2057,"Maschi",22,211689,235845,260415,"Istat"
"6286",2057,"Maschi",23,214032,237940,261997,"Istat"
"6287",2057,"Maschi",24,216009,239682,263525,"Istat"
"6288",2057,"Maschi",25,218197,241733,265413,"Istat"
"6289",2057,"Maschi",26,220044,243618,267590,"Istat"
"6290",2057,"Maschi",27,221620,245276,269692,"Istat"
"6291",2057,"Maschi",28,223449,246982,271998,"Istat"
"6292",2057,"Maschi",29,224946,248930,274034,"Istat"
"6293",2057,"Maschi",30,226692,250881,276719,"Istat"
"6294",2057,"Maschi",31,228023,252695,278747,"Istat"
"6295",2057,"Maschi",32,229405,254496,281094,"Istat"
"6296",2057,"Maschi",33,236471,261613,288151,"Istat"
"6297",2057,"Maschi",34,245592,271213,298266,"Istat"
"6298",2057,"Maschi",35,249931,275935,303347,"Istat"
"6299",2057,"Maschi",36,254640,280981,308742,"Istat"
"6300",2057,"Maschi",37,262843,289293,317239,"Istat"
"6301",2057,"Maschi",38,273413,300198,328298,"Istat"
"6302",2057,"Maschi",39,283610,310494,338836,"Istat"
"6303",2057,"Maschi",40,290808,317642,346021,"Istat"
"6304",2057,"Maschi",41,297930,324825,353087,"Istat"
"6305",2057,"Maschi",42,306152,332839,360858,"Istat"
"6306",2057,"Maschi",43,310790,337143,364875,"Istat"
"6307",2057,"Maschi",44,323007,349105,376478,"Istat"
"6308",2057,"Maschi",45,328453,354228,381246,"Istat"
"6309",2057,"Maschi",46,337913,363253,389868,"Istat"
"6310",2057,"Maschi",47,343149,367901,393982,"Istat"
"6311",2057,"Maschi",48,347037,371301,396717,"Istat"
"6312",2057,"Maschi",49,348128,371856,396609,"Istat"
"6313",2057,"Maschi",50,350466,373513,397536,"Istat"
"6314",2057,"Maschi",51,351539,373835,396941,"Istat"
"6315",2057,"Maschi",52,355365,376901,399131,"Istat"
"6316",2057,"Maschi",53,348075,368896,390312,"Istat"
"6317",2057,"Maschi",54,342918,362899,383296,"Istat"
"6318",2057,"Maschi",55,343438,362551,382000,"Istat"
"6319",2057,"Maschi",56,348962,367289,385806,"Istat"
"6320",2057,"Maschi",57,344149,361628,379049,"Istat"
"6321",2057,"Maschi",58,344923,361505,377927,"Istat"
"6322",2057,"Maschi",59,337528,353189,368618,"Istat"
"6323",2057,"Maschi",60,334100,348940,363451,"Istat"
"6324",2057,"Maschi",61,328301,342288,356087,"Istat"
"6325",2057,"Maschi",62,326203,339377,352327,"Istat"
"6326",2057,"Maschi",63,326118,338510,350655,"Istat"
"6327",2057,"Maschi",64,334578,346328,357771,"Istat"
"6328",2057,"Maschi",65,327799,338957,349702,"Istat"
"6329",2057,"Maschi",66,330556,341182,351339,"Istat"
"6330",2057,"Maschi",67,323009,333241,343088,"Istat"
"6331",2057,"Maschi",68,326336,336351,345954,"Istat"
"6332",2057,"Maschi",69,314244,324100,333466,"Istat"
"6333",2057,"Maschi",70,309884,319675,328874,"Istat"
"6334",2057,"Maschi",71,312319,322461,331776,"Istat"
"6335",2057,"Maschi",72,311776,322319,331788,"Istat"
"6336",2057,"Maschi",73,310449,321544,331270,"Istat"
"6337",2057,"Maschi",74,312786,324795,335180,"Istat"
"6338",2057,"Maschi",75,306088,318714,329621,"Istat"
"6339",2057,"Maschi",76,306128,319862,331768,"Istat"
"6340",2057,"Maschi",77,303851,318918,331951,"Istat"
"6341",2057,"Maschi",78,309222,326186,340847,"Istat"
"6342",2057,"Maschi",79,306058,324745,340938,"Istat"
"6343",2057,"Maschi",80,305080,326021,344156,"Istat"
"6344",2057,"Maschi",81,303567,327194,347501,"Istat"
"6345",2057,"Maschi",82,297656,324242,346817,"Istat"
"6346",2057,"Maschi",83,276455,304663,328817,"Istat"
"6347",2057,"Maschi",84,258683,289147,315392,"Istat"
"6348",2057,"Maschi",85,237568,270175,298563,"Istat"
"6349",2057,"Maschi",86,212228,246006,275940,"Istat"
"6350",2057,"Maschi",87,192573,228332,260635,"Istat"
"6351",2057,"Maschi",88,165895,201941,235396,"Istat"
"6352",2057,"Maschi",89,141070,177216,211593,"Istat"
"6353",2057,"Maschi",90,118387,154354,189467,"Istat"
"6354",2057,"Maschi",91,95166,129580,164127,"Istat"
"6355",2057,"Maschi",92,75328,107770,141514,"Istat"
"6356",2057,"Maschi",93,53405,80819,110553,"Istat"
"6357",2057,"Maschi",94,37727,60865,87221,"Istat"
"6358",2057,"Maschi",95,26096,45271,68333,"Istat"
"6359",2057,"Maschi",96,17222,32426,51868,"Istat"
"6360",2057,"Maschi",97,11032,22737,38760,"Istat"
"6361",2057,"Maschi",98,6674,15166,27694,"Istat"
"6362",2057,"Maschi",99,4047,10194,20024,"Istat"
"6363",2057,"Maschi",100,2339,70090,13942,"Istat"
"6364",2057,"Femmine",0,131425,162139,195249,"Istat"
"6365",2057,"Femmine",1,134691,165167,197754,"Istat"
"6366",2057,"Femmine",2,138108,168294,200461,"Istat"
"6367",2057,"Femmine",3,141713,171557,203412,"Istat"
"6368",2057,"Femmine",4,145456,175060,206681,"Istat"
"6369",2057,"Femmine",5,149029,178508,209696,"Istat"
"6370",2057,"Femmine",6,152823,182056,212933,"Istat"
"6371",2057,"Femmine",7,156365,185449,215980,"Istat"
"6372",2057,"Femmine",8,159929,188832,219073,"Istat"
"6373",2057,"Femmine",9,163318,192062,221771,"Istat"
"6374",2057,"Femmine",10,166711,195085,224459,"Istat"
"6375",2057,"Femmine",11,169829,197833,226783,"Istat"
"6376",2057,"Femmine",12,172665,200397,228983,"Istat"
"6377",2057,"Femmine",13,174979,202329,230138,"Istat"
"6378",2057,"Femmine",14,177182,203986,231215,"Istat"
"6379",2057,"Femmine",15,179176,205321,232091,"Istat"
"6380",2057,"Femmine",16,181100,206532,232488,"Istat"
"6381",2057,"Femmine",17,182583,207386,232533,"Istat"
"6382",2057,"Femmine",18,184331,208417,232711,"Istat"
"6383",2057,"Femmine",19,185976,209389,232744,"Istat"
"6384",2057,"Femmine",20,187670,210357,233152,"Istat"
"6385",2057,"Femmine",21,189596,211589,233711,"Istat"
"6386",2057,"Femmine",22,191601,212884,234412,"Istat"
"6387",2057,"Femmine",23,192981,213706,234579,"Istat"
"6388",2057,"Femmine",24,193652,214190,234634,"Istat"
"6389",2057,"Femmine",25,194717,214972,234950,"Istat"
"6390",2057,"Femmine",26,195812,215633,235305,"Istat"
"6391",2057,"Femmine",27,196703,216130,235693,"Istat"
"6392",2057,"Femmine",28,197787,216728,236410,"Istat"
"6393",2057,"Femmine",29,198477,217612,237388,"Istat"
"6394",2057,"Femmine",30,199250,218556,238717,"Istat"
"6395",2057,"Femmine",31,199959,219432,239724,"Istat"
"6396",2057,"Femmine",32,200836,220351,241019,"Istat"
"6397",2057,"Femmine",33,207645,227240,247694,"Istat"
"6398",2057,"Femmine",34,215046,235127,256043,"Istat"
"6399",2057,"Femmine",35,221277,241711,263054,"Istat"
"6400",2057,"Femmine",36,223953,244640,266339,"Istat"
"6401",2057,"Femmine",37,233252,254160,276096,"Istat"
"6402",2057,"Femmine",38,242056,263057,285195,"Istat"
"6403",2057,"Femmine",39,251468,272517,294736,"Istat"
"6404",2057,"Femmine",40,259476,280511,302768,"Istat"
"6405",2057,"Femmine",41,265305,286316,308583,"Istat"
"6406",2057,"Femmine",42,272756,293657,315857,"Istat"
"6407",2057,"Femmine",43,276818,297616,319660,"Istat"
"6408",2057,"Femmine",44,287895,308622,330498,"Istat"
"6409",2057,"Femmine",45,292359,312926,334578,"Istat"
"6410",2057,"Femmine",46,299734,320196,341607,"Istat"
"6411",2057,"Femmine",47,304763,325052,346216,"Istat"
"6412",2057,"Femmine",48,309076,329169,350041,"Istat"
"6413",2057,"Femmine",49,307909,327730,348277,"Istat"
"6414",2057,"Femmine",50,308322,327807,347988,"Istat"
"6415",2057,"Femmine",51,306738,325825,345589,"Istat"
"6416",2057,"Femmine",52,310839,329467,348712,"Istat"
"6417",2057,"Femmine",53,305443,323604,342260,"Istat"
"6418",2057,"Femmine",54,302849,320485,338570,"Istat"
"6419",2057,"Femmine",55,303952,321038,338430,"Istat"
"6420",2057,"Femmine",56,307648,324126,340940,"Istat"
"6421",2057,"Femmine",57,303117,319026,335168,"Istat"
"6422",2057,"Femmine",58,302580,317859,333297,"Istat"
"6423",2057,"Femmine",59,302314,316994,331762,"Istat"
"6424",2057,"Femmine",60,302938,317013,331121,"Istat"
"6425",2057,"Femmine",61,301872,315395,328856,"Istat"
"6426",2057,"Femmine",62,305427,318393,331219,"Istat"
"6427",2057,"Femmine",63,310525,322941,335254,"Istat"
"6428",2057,"Femmine",64,321720,333586,345330,"Istat"
"6429",2057,"Femmine",65,319861,331249,342556,"Istat"
"6430",2057,"Femmine",66,323530,334516,345487,"Istat"
"6431",2057,"Femmine",67,322697,333267,343877,"Istat"
"6432",2057,"Femmine",68,327596,337880,348148,"Istat"
"6433",2057,"Femmine",69,320320,330220,340141,"Istat"
"6434",2057,"Femmine",70,319391,329106,338681,"Istat"
"6435",2057,"Femmine",71,326466,336102,345422,"Istat"
"6436",2057,"Femmine",72,328905,338426,347592,"Istat"
"6437",2057,"Femmine",73,330706,340196,349289,"Istat"
"6438",2057,"Femmine",74,337905,347607,356812,"Istat"
"6439",2057,"Femmine",75,335830,345831,355204,"Istat"
"6440",2057,"Femmine",76,337447,347788,357505,"Istat"
"6441",2057,"Femmine",77,343356,354271,364521,"Istat"
"6442",2057,"Femmine",78,353459,365266,376451,"Istat"
"6443",2057,"Femmine",79,357294,370243,382319,"Istat"
"6444",2057,"Femmine",80,362694,377090,390346,"Istat"
"6445",2057,"Femmine",81,367961,384474,399534,"Istat"
"6446",2057,"Femmine",82,368598,387476,404654,"Istat"
"6447",2057,"Femmine",83,352233,373071,391893,"Istat"
"6448",2057,"Femmine",84,337681,360772,381887,"Istat"
"6449",2057,"Femmine",85,322610,348334,372093,"Istat"
"6450",2057,"Femmine",86,298078,325939,351980,"Istat"
"6451",2057,"Femmine",87,282181,313307,342771,"Istat"
"6452",2057,"Femmine",88,254395,287686,319754,"Istat"
"6453",2057,"Femmine",89,228515,264023,298749,"Istat"
"6454",2057,"Femmine",90,201454,238725,276153,"Istat"
"6455",2057,"Femmine",91,172547,210553,249769,"Istat"
"6456",2057,"Femmine",92,146622,185259,226198,"Istat"
"6457",2057,"Femmine",93,113119,148736,187707,"Istat"
"6458",2057,"Femmine",94,87150,119894,157144,"Istat"
"6459",2057,"Femmine",95,66243,95934,131188,"Istat"
"6460",2057,"Femmine",96,48169,73975,106088,"Istat"
"6461",2057,"Femmine",97,34231,56098,84801,"Istat"
"6462",2057,"Femmine",98,23102,40676,65174,"Istat"
"6463",2057,"Femmine",99,15504,29523,50417,"Istat"
"6464",2057,"Femmine",100,9870,70090,37450,"Istat"
"6465",2058,"Maschi",0,137273,170610,206847,"Istat"
"6466",2058,"Maschi",1,140380,173393,208881,"Istat"
"6467",2058,"Maschi",2,143987,176578,211482,"Istat"
"6468",2058,"Maschi",3,147588,179862,214371,"Istat"
"6469",2058,"Maschi",4,151359,183316,217358,"Istat"
"6470",2058,"Maschi",5,155353,187039,220894,"Istat"
"6471",2058,"Maschi",6,159178,190710,224014,"Istat"
"6472",2058,"Maschi",7,162999,194488,227500,"Istat"
"6473",2058,"Maschi",8,166943,198105,230711,"Istat"
"6474",2058,"Maschi",9,170860,201723,234180,"Istat"
"6475",2058,"Maschi",10,174375,205200,236896,"Istat"
"6476",2058,"Maschi",11,178084,208489,239771,"Istat"
"6477",2058,"Maschi",12,181637,211534,242633,"Istat"
"6478",2058,"Maschi",13,184720,214458,244937,"Istat"
"6479",2058,"Maschi",14,187438,216819,246728,"Istat"
"6480",2058,"Maschi",15,190197,219048,248427,"Istat"
"6481",2058,"Maschi",16,192972,221162,249870,"Istat"
"6482",2058,"Maschi",17,195526,223481,251442,"Istat"
"6483",2058,"Maschi",18,198661,225769,252957,"Istat"
"6484",2058,"Maschi",19,201730,228486,255382,"Istat"
"6485",2058,"Maschi",20,204972,231237,257578,"Istat"
"6486",2058,"Maschi",21,208268,233916,260026,"Istat"
"6487",2058,"Maschi",22,211169,236677,262599,"Istat"
"6488",2058,"Maschi",23,213950,239285,264709,"Istat"
"6489",2058,"Maschi",24,216143,241256,266496,"Istat"
"6490",2058,"Maschi",25,217959,242826,267927,"Istat"
"6491",2058,"Maschi",26,219689,244703,269937,"Istat"
"6492",2058,"Maschi",27,221422,246440,272152,"Istat"
"6493",2058,"Maschi",28,222922,247970,274062,"Istat"
"6494",2058,"Maschi",29,224315,249555,276135,"Istat"
"6495",2058,"Maschi",30,225875,251379,278334,"Istat"
"6496",2058,"Maschi",31,227508,253201,280671,"Istat"
"6497",2058,"Maschi",32,228823,254882,282534,"Istat"
"6498",2058,"Maschi",33,230054,256547,284694,"Istat"
"6499",2058,"Maschi",34,236933,263525,291484,"Istat"
"6500",2058,"Maschi",35,245962,272984,301333,"Istat"
"6501",2058,"Maschi",36,250225,277566,306245,"Istat"
"6502",2058,"Maschi",37,254966,282473,311368,"Istat"
"6503",2058,"Maschi",38,263067,290645,319721,"Istat"
"6504",2058,"Maschi",39,273831,301412,330471,"Istat"
"6505",2058,"Maschi",40,283914,311574,340685,"Istat"
"6506",2058,"Maschi",41,290927,318594,347749,"Istat"
"6507",2058,"Maschi",42,298094,325654,354687,"Istat"
"6508",2058,"Maschi",43,306259,333552,362333,"Istat"
"6509",2058,"Maschi",44,310712,337750,366146,"Istat"
"6510",2058,"Maschi",45,322998,349605,377619,"Istat"
"6511",2058,"Maschi",46,328353,354634,382180,"Istat"
"6512",2058,"Maschi",47,337651,363565,390692,"Istat"
"6513",2058,"Maschi",48,342813,368125,394728,"Istat"
"6514",2058,"Maschi",49,346706,371440,397279,"Istat"
"6515",2058,"Maschi",50,347766,371912,397117,"Istat"
"6516",2058,"Maschi",51,350021,373483,397973,"Istat"
"6517",2058,"Maschi",52,351036,373721,397271,"Istat"
"6518",2058,"Maschi",53,354759,376696,399290,"Istat"
"6519",2058,"Maschi",54,347414,368613,390257,"Istat"
"6520",2058,"Maschi",55,342185,362535,383203,"Istat"
"6521",2058,"Maschi",56,342599,362092,381805,"Istat"
"6522",2058,"Maschi",57,348047,366719,385408,"Istat"
"6523",2058,"Maschi",58,343219,360965,378583,"Istat"
"6524",2058,"Maschi",59,343897,360730,377353,"Istat"
"6525",2058,"Maschi",60,336344,352317,367909,"Istat"
"6526",2058,"Maschi",61,332859,347947,362780,"Istat"
"6527",2058,"Maschi",62,326951,341171,355186,"Istat"
"6528",2058,"Maschi",63,324812,338114,351210,"Istat"
"6529",2058,"Maschi",64,324470,337082,349440,"Istat"
"6530",2058,"Maschi",65,332559,344671,356260,"Istat"
"6531",2058,"Maschi",66,325663,337134,348104,"Istat"
"6532",2058,"Maschi",67,328145,339121,349570,"Istat"
"6533",2058,"Maschi",68,320435,330986,341147,"Istat"
"6534",2058,"Maschi",69,323262,333802,343845,"Istat"
"6535",2058,"Maschi",70,311031,321351,331082,"Istat"
"6536",2058,"Maschi",71,306167,316624,326277,"Istat"
"6537",2058,"Maschi",72,308109,318988,328873,"Istat"
"6538",2058,"Maschi",73,307034,318399,328461,"Istat"
"6539",2058,"Maschi",74,305014,317129,327607,"Istat"
"6540",2058,"Maschi",75,306643,319745,330937,"Istat"
"6541",2058,"Maschi",76,299171,313102,325053,"Istat"
"6542",2058,"Maschi",77,298140,313443,326495,"Istat"
"6543",2058,"Maschi",78,294873,311604,325866,"Istat"
"6544",2058,"Maschi",79,298799,317616,333681,"Istat"
"6545",2058,"Maschi",80,294256,314934,332815,"Istat"
"6546",2058,"Maschi",81,291358,314651,334556,"Istat"
"6547",2058,"Maschi",82,287831,313984,336359,"Istat"
"6548",2058,"Maschi",83,279807,309004,333761,"Istat"
"6549",2058,"Maschi",84,256887,287945,314348,"Istat"
"6550",2058,"Maschi",85,237437,270620,299431,"Istat"
"6551",2058,"Maschi",86,215068,250001,280873,"Istat"
"6552",2058,"Maschi",87,188734,224663,256902,"Istat"
"6553",2058,"Maschi",88,167725,205399,239830,"Istat"
"6554",2058,"Maschi",89,141254,178582,213705,"Istat"
"6555",2058,"Maschi",90,117141,153775,189313,"Istat"
"6556",2058,"Maschi",91,95677,131229,166903,"Istat"
"6557",2058,"Maschi",92,74703,107730,142123,"Istat"
"6558",2058,"Maschi",93,57261,87437,120462,"Istat"
"6559",2058,"Maschi",94,39200,63891,92366,"Istat"
"6560",2058,"Maschi",95,26668,46795,71430,"Istat"
"6561",2058,"Maschi",96,17736,33822,54854,"Istat"
"6562",2058,"Maschi",97,11279,23586,40848,"Istat"
"6563",2058,"Maschi",98,6972,16101,29944,"Istat"
"6564",2058,"Maschi",99,4056,10417,20888,"Istat"
"6565",2058,"Maschi",100,2353,72579,14660,"Istat"
"6566",2058,"Femmine",0,129218,160642,194743,"Istat"
"6567",2058,"Femmine",1,132096,163232,196610,"Istat"
"6568",2058,"Femmine",2,135481,166183,198985,"Istat"
"6569",2058,"Femmine",3,138845,169218,201704,"Istat"
"6570",2058,"Femmine",4,142311,172414,204415,"Istat"
"6571",2058,"Femmine",5,145997,175864,207749,"Istat"
"6572",2058,"Femmine",6,149553,179270,210582,"Istat"
"6573",2058,"Femmine",7,153067,182784,213829,"Istat"
"6574",2058,"Femmine",8,156849,186150,216864,"Istat"
"6575",2058,"Femmine",9,160439,189510,220072,"Istat"
"6576",2058,"Femmine",10,163678,192720,222586,"Istat"
"6577",2058,"Femmine",11,167109,195725,225143,"Istat"
"6578",2058,"Femmine",12,170322,198457,227620,"Istat"
"6579",2058,"Femmine",13,173015,201009,229623,"Istat"
"6580",2058,"Femmine",14,175327,202937,230963,"Istat"
"6581",2058,"Femmine",15,177507,204615,232099,"Istat"
"6582",2058,"Femmine",16,179616,206011,232981,"Istat"
"6583",2058,"Femmine",17,181566,207343,233509,"Istat"
"6584",2058,"Femmine",18,183232,208398,233738,"Istat"
"6585",2058,"Femmine",19,185203,209715,234208,"Istat"
"6586",2058,"Femmine",20,187045,211034,234894,"Istat"
"6587",2058,"Femmine",21,189175,212345,235691,"Istat"
"6588",2058,"Femmine",22,191302,213811,236538,"Istat"
"6589",2058,"Femmine",23,193181,215166,237325,"Istat"
"6590",2058,"Femmine",24,193926,215918,237796,"Istat"
"6591",2058,"Femmine",25,194821,216299,237671,"Istat"
"6592",2058,"Femmine",26,195750,216996,237917,"Istat"
"6593",2058,"Femmine",27,196826,217600,238428,"Istat"
"6594",2058,"Femmine",28,197541,218058,238837,"Istat"
"6595",2058,"Femmine",29,198376,218620,239666,"Istat"
"6596",2058,"Femmine",30,198962,219462,240499,"Istat"
"6597",2058,"Femmine",31,199672,220355,241883,"Istat"
"6598",2058,"Femmine",32,200477,221170,242613,"Istat"
"6599",2058,"Femmine",33,201296,222024,244041,"Istat"
"6600",2058,"Femmine",34,208087,228841,250533,"Istat"
"6601",2058,"Femmine",35,215539,236654,258761,"Istat"
"6602",2058,"Femmine",36,221695,243164,265579,"Istat"
"6603",2058,"Femmine",37,224290,246020,268678,"Istat"
"6604",2058,"Femmine",38,233594,255468,278360,"Istat"
"6605",2058,"Femmine",39,242307,264297,287316,"Istat"
"6606",2058,"Femmine",40,251712,273691,296779,"Istat"
"6607",2058,"Femmine",41,259726,281623,304703,"Istat"
"6608",2058,"Femmine",42,265574,287369,310400,"Istat"
"6609",2058,"Femmine",43,272977,294651,317602,"Istat"
"6610",2058,"Femmine",44,277069,298554,321338,"Istat"
"6611",2058,"Femmine",45,288213,309499,332052,"Istat"
"6612",2058,"Femmine",46,292625,313749,336066,"Istat"
"6613",2058,"Femmine",47,300059,320963,342980,"Istat"
"6614",2058,"Femmine",48,305084,325764,347451,"Istat"
"6615",2058,"Femmine",49,309341,329824,351200,"Istat"
"6616",2058,"Femmine",50,308061,328327,349356,"Istat"
"6617",2058,"Femmine",51,308390,328340,348983,"Istat"
"6618",2058,"Femmine",52,306788,326294,346502,"Istat"
"6619",2058,"Femmine",53,310810,329862,349595,"Istat"
"6620",2058,"Femmine",54,305353,323935,343047,"Istat"
"6621",2058,"Femmine",55,302683,320747,339226,"Istat"
"6622",2058,"Femmine",56,303734,321223,339038,"Istat"
"6623",2058,"Femmine",57,307406,324228,341382,"Istat"
"6624",2058,"Femmine",58,302828,319053,335507,"Istat"
"6625",2058,"Femmine",59,302180,317799,333583,"Istat"
"6626",2058,"Femmine",60,301819,316841,331936,"Istat"
"6627",2058,"Femmine",61,302353,316759,331190,"Istat"
"6628",2058,"Femmine",62,301212,315038,328819,"Istat"
"6629",2058,"Femmine",63,304673,317914,331048,"Istat"
"6630",2058,"Femmine",64,309604,322325,334948,"Istat"
"6631",2058,"Femmine",65,320634,332803,344870,"Istat"
"6632",2058,"Femmine",66,318629,330341,342000,"Istat"
"6633",2058,"Femmine",67,322139,333457,344854,"Istat"
"6634",2058,"Femmine",68,321177,332065,342949,"Istat"
"6635",2058,"Femmine",69,325894,336489,347068,"Istat"
"6636",2058,"Femmine",70,318418,328676,338858,"Istat"
"6637",2058,"Femmine",71,317272,327358,337191,"Istat"
"6638",2058,"Femmine",72,324096,334074,343692,"Istat"
"6639",2058,"Femmine",73,326142,336105,345595,"Istat"
"6640",2058,"Femmine",74,327615,337551,347092,"Istat"
"6641",2058,"Femmine",75,334250,344531,354285,"Istat"
"6642",2058,"Femmine",76,331723,342328,352273,"Istat"
"6643",2058,"Femmine",77,332671,343737,354123,"Istat"
"6644",2058,"Femmine",78,337709,349497,360555,"Istat"
"6645",2058,"Femmine",79,346533,359536,371699,"Istat"
"6646",2058,"Femmine",80,349104,363437,376574,"Istat"
"6647",2058,"Femmine",81,352758,368914,383666,"Istat"
"6648",2058,"Femmine",82,355967,374657,391540,"Istat"
"6649",2058,"Femmine",83,354360,375808,395041,"Istat"
"6650",2058,"Femmine",84,336264,359799,381031,"Istat"
"6651",2058,"Femmine",85,319577,345583,369428,"Istat"
"6652",2058,"Femmine",86,302185,330969,357859,"Istat"
"6653",2058,"Femmine",87,275721,306724,336015,"Istat"
"6654",2058,"Femmine",88,257266,291520,324560,"Istat"
"6655",2058,"Femmine",89,228079,264194,299615,"Istat"
"6656",2058,"Femmine",90,201045,238912,276915,"Istat"
"6657",2058,"Femmine",91,173552,212588,252577,"Istat"
"6658",2058,"Femmine",92,145238,184286,225674,"Istat"
"6659",2058,"Femmine",93,120461,159150,201613,"Istat"
"6660",2058,"Femmine",94,90509,125246,164904,"Istat"
"6661",2058,"Femmine",95,67737,98808,135890,"Istat"
"6662",2058,"Femmine",96,49935,77289,111556,"Istat"
"6663",2058,"Femmine",97,35220,58234,88759,"Istat"
"6664",2058,"Femmine",98,24177,43022,69547,"Istat"
"6665",2058,"Femmine",99,15689,30246,52148,"Istat"
"6666",2058,"Femmine",100,10091,72579,39236,"Istat"
"6667",2059,"Maschi",0,134978,169194,206328,"Istat"
"6668",2059,"Maschi",1,138081,171804,208130,"Istat"
"6669",2059,"Maschi",2,141324,174521,210241,"Istat"
"6670",2059,"Maschi",3,144836,177617,212720,"Istat"
"6671",2059,"Maschi",4,148382,180827,215579,"Istat"
"6672",2059,"Maschi",5,152063,184222,218549,"Istat"
"6673",2059,"Maschi",6,155916,187894,221861,"Istat"
"6674",2059,"Maschi",7,159402,191520,225021,"Istat"
"6675",2059,"Maschi",8,163447,195264,228464,"Istat"
"6676",2059,"Maschi",9,167473,198862,231606,"Istat"
"6677",2059,"Maschi",10,171220,202476,235011,"Istat"
"6678",2059,"Maschi",11,174786,205963,237850,"Istat"
"6679",2059,"Maschi",12,178604,209280,240688,"Istat"
"6680",2059,"Maschi",13,182205,212381,243576,"Istat"
"6681",2059,"Maschi",14,185416,215399,246223,"Istat"
"6682",2059,"Maschi",15,188225,217915,248401,"Istat"
"6683",2059,"Maschi",16,191144,220392,249905,"Istat"
"6684",2059,"Maschi",17,194200,222907,251902,"Istat"
"6685",2059,"Maschi",18,197420,225694,253975,"Istat"
"6686",2059,"Maschi",19,200698,228421,256433,"Istat"
"6687",2059,"Maschi",20,204242,231517,259012,"Istat"
"6688",2059,"Maschi",21,207498,234548,261802,"Istat"
"6689",2059,"Maschi",22,210644,237369,264674,"Istat"
"6690",2059,"Maschi",23,213414,240119,266812,"Istat"
"6691",2059,"Maschi",24,216105,242605,269108,"Istat"
"6692",2059,"Maschi",25,218059,244404,270860,"Istat"
"6693",2059,"Maschi",26,219352,245800,272469,"Istat"
"6694",2059,"Maschi",27,221101,247530,274387,"Istat"
"6695",2059,"Maschi",28,222574,249139,276450,"Istat"
"6696",2059,"Maschi",29,224009,250547,278424,"Istat"
"6697",2059,"Maschi",30,225152,252008,280073,"Istat"
"6698",2059,"Maschi",31,226653,253703,282284,"Istat"
"6699",2059,"Maschi",32,228262,255392,284288,"Istat"
"6700",2059,"Maschi",33,229534,256937,286118,"Istat"
"6701",2059,"Maschi",34,230616,258465,288157,"Istat"
"6702",2059,"Maschi",35,237317,265303,294586,"Istat"
"6703",2059,"Maschi",36,246371,274621,304280,"Istat"
"6704",2059,"Maschi",37,250657,279063,308898,"Istat"
"6705",2059,"Maschi",38,255207,283832,313828,"Istat"
"6706",2059,"Maschi",39,263131,291868,321937,"Istat"
"6707",2059,"Maschi",40,273882,302500,332550,"Istat"
"6708",2059,"Maschi",41,284147,312532,342438,"Istat"
"6709",2059,"Maschi",42,291066,319430,349341,"Istat"
"6710",2059,"Maschi",43,298127,326376,356126,"Istat"
"6711",2059,"Maschi",44,306294,334165,363632,"Istat"
"6712",2059,"Maschi",45,310703,338264,367220,"Istat"
"6713",2059,"Maschi",46,322918,350020,378534,"Istat"
"6714",2059,"Maschi",47,328179,354959,383014,"Istat"
"6715",2059,"Maschi",48,337435,363800,391420,"Istat"
"6716",2059,"Maschi",49,342466,368275,395317,"Istat"
"6717",2059,"Maschi",50,346325,371505,397854,"Istat"
"6718",2059,"Maschi",51,347320,371892,397505,"Istat"
"6719",2059,"Maschi",52,349474,373378,398216,"Istat"
"6720",2059,"Maschi",53,350417,373530,397389,"Istat"
"6721",2059,"Maschi",54,354082,376410,399323,"Istat"
"6722",2059,"Maschi",55,346732,368250,390215,"Istat"
"6723",2059,"Maschi",56,341396,362089,383003,"Istat"
"6724",2059,"Maschi",57,341704,361547,381389,"Istat"
"6725",2059,"Maschi",58,347085,366058,384879,"Istat"
"6726",2059,"Maschi",59,342190,360207,378055,"Istat"
"6727",2059,"Maschi",60,342711,359853,376656,"Istat"
"6728",2059,"Maschi",61,335068,351333,367244,"Istat"
"6729",2059,"Maschi",62,331544,346831,361931,"Istat"
"6730",2059,"Maschi",63,325486,339927,354112,"Istat"
"6731",2059,"Maschi",64,323168,336716,350067,"Istat"
"6732",2059,"Maschi",65,322518,335504,348088,"Istat"
"6733",2059,"Maschi",66,330538,342847,354682,"Istat"
"6734",2059,"Maschi",67,323404,335133,346300,"Istat"
"6735",2059,"Maschi",68,325592,336864,347781,"Istat"
"6736",2059,"Maschi",69,317451,328520,339135,"Istat"
"6737",2059,"Maschi",70,319999,331012,341419,"Istat"
"6738",2059,"Maschi",71,307389,318330,328437,"Istat"
"6739",2059,"Maschi",72,302031,313264,323485,"Istat"
"6740",2059,"Maschi",73,303433,315166,325613,"Istat"
"6741",2059,"Maschi",74,301704,314084,324765,"Istat"
"6742",2059,"Maschi",75,298971,312266,323610,"Istat"
"6743",2059,"Maschi",76,299687,314179,326472,"Istat"
"6744",2059,"Maschi",77,291498,306899,319960,"Istat"
"6745",2059,"Maschi",78,289405,306338,320604,"Istat"
"6746",2059,"Maschi",79,285029,303499,319041,"Istat"
"6747",2059,"Maschi",80,287419,308111,325852,"Istat"
"6748",2059,"Maschi",81,281236,304059,323571,"Istat"
"6749",2059,"Maschi",82,276405,302044,323792,"Istat"
"6750",2059,"Maschi",83,270590,299333,323749,"Istat"
"6751",2059,"Maschi",84,260273,292153,319483,"Istat"
"6752",2059,"Maschi",85,236086,269594,298823,"Istat"
"6753",2059,"Maschi",86,214945,250510,281851,"Istat"
"6754",2059,"Maschi",87,191234,228392,261584,"Istat"
"6755",2059,"Maschi",88,164611,202170,236577,"Istat"
"6756",2059,"Maschi",89,143206,181690,217994,"Istat"
"6757",2059,"Maschi",90,117508,154998,191440,"Istat"
"6758",2059,"Maschi",91,94750,130745,166913,"Istat"
"6759",2059,"Maschi",92,75044,109100,144555,"Istat"
"6760",2059,"Maschi",93,56637,87403,120806,"Istat"
"6761",2059,"Maschi",94,41832,69106,100220,"Istat"
"6762",2059,"Maschi",95,27538,49109,75203,"Istat"
"6763",2059,"Maschi",96,17984,34946,56889,"Istat"
"6764",2059,"Maschi",97,11513,24591,42810,"Istat"
"6765",2059,"Maschi",98,7062,16692,31238,"Istat"
"6766",2059,"Maschi",99,4195,11053,22354,"Istat"
"6767",2059,"Maschi",100,2334,74919,15160,"Istat"
"6768",2059,"Femmine",0,127105,159310,194245,"Istat"
"6769",2059,"Femmine",1,129959,161738,195883,"Istat"
"6770",2059,"Femmine",2,132952,164250,197833,"Istat"
"6771",2059,"Femmine",3,136221,167110,200167,"Istat"
"6772",2059,"Femmine",4,139469,170077,202816,"Istat"
"6773",2059,"Femmine",5,142927,173220,205563,"Istat"
"6774",2059,"Femmine",6,146489,176628,208537,"Istat"
"6775",2059,"Femmine",7,149742,180001,211538,"Istat"
"6776",2059,"Femmine",8,153599,183487,214754,"Istat"
"6777",2059,"Femmine",9,157220,186831,217643,"Istat"
"6778",2059,"Femmine",10,160787,190170,220774,"Istat"
"6779",2059,"Femmine",11,164062,193363,223438,"Istat"
"6780",2059,"Femmine",12,167512,196352,225920,"Istat"
"6781",2059,"Femmine",13,170702,199071,228412,"Istat"
"6782",2059,"Femmine",14,173341,201620,230395,"Istat"
"6783",2059,"Femmine",15,175705,203569,231852,"Istat"
"6784",2059,"Femmine",16,177920,205307,233025,"Istat"
"6785",2059,"Femmine",17,180117,206824,233831,"Istat"
"6786",2059,"Femmine",18,182282,208357,234753,"Istat"
"6787",2059,"Femmine",19,184350,209699,235264,"Istat"
"6788",2059,"Femmine",20,186591,211363,236284,"Istat"
"6789",2059,"Femmine",21,188654,213026,237274,"Istat"
"6790",2059,"Femmine",22,190913,214572,238362,"Istat"
"6791",2059,"Femmine",23,192830,216098,239504,"Istat"
"6792",2059,"Femmine",24,194162,217384,240656,"Istat"
"6793",2059,"Femmine",25,195149,218033,240816,"Istat"
"6794",2059,"Femmine",26,195736,218330,240746,"Istat"
"6795",2059,"Femmine",27,196779,218970,241243,"Istat"
"6796",2059,"Femmine",28,197718,219535,241673,"Istat"
"6797",2059,"Femmine",29,198265,219957,242191,"Istat"
"6798",2059,"Femmine",30,198857,220477,242800,"Istat"
"6799",2059,"Femmine",31,199428,221267,243849,"Istat"
"6800",2059,"Femmine",32,200195,222100,244896,"Istat"
"6801",2059,"Femmine",33,200898,222849,245647,"Istat"
"6802",2059,"Femmine",34,201580,223631,246986,"Istat"
"6803",2059,"Femmine",35,208380,230374,253207,"Istat"
"6804",2059,"Femmine",36,215806,238113,261301,"Istat"
"6805",2059,"Femmine",37,222070,244550,268003,"Istat"
"6806",2059,"Femmine",38,224706,247336,270998,"Istat"
"6807",2059,"Femmine",39,233901,256716,280455,"Istat"
"6808",2059,"Femmine",40,242635,265479,289313,"Istat"
"6809",2059,"Femmine",41,251932,274811,298697,"Istat"
"6810",2059,"Femmine",42,259913,282683,306535,"Istat"
"6811",2059,"Femmine",43,265781,288371,312159,"Istat"
"6812",2059,"Femmine",44,273199,295595,319274,"Istat"
"6813",2059,"Femmine",45,277267,299442,322933,"Istat"
"6814",2059,"Femmine",46,288383,310330,333566,"Istat"
"6815",2059,"Femmine",47,292863,314526,337454,"Istat"
"6816",2059,"Femmine",48,300259,321683,344321,"Istat"
"6817",2059,"Femmine",49,305248,326427,348713,"Istat"
"6818",2059,"Femmine",50,309549,330425,352345,"Istat"
"6819",2059,"Femmine",51,308241,328866,350378,"Istat"
"6820",2059,"Femmine",52,308482,328813,349894,"Istat"
"6821",2059,"Femmine",53,306810,326700,347324,"Istat"
"6822",2059,"Femmine",54,310769,330192,350251,"Istat"
"6823",2059,"Femmine",55,305270,324199,343684,"Istat"
"6824",2059,"Femmine",56,302535,320941,339789,"Istat"
"6825",2059,"Femmine",57,303569,321338,339560,"Istat"
"6826",2059,"Femmine",58,307117,324254,341825,"Istat"
"6827",2059,"Femmine",59,302432,319000,335843,"Istat"
"6828",2059,"Femmine",60,301635,317655,333791,"Istat"
"6829",2059,"Femmine",61,301240,316598,332029,"Istat"
"6830",2059,"Femmine",62,301658,316411,331144,"Istat"
"6831",2059,"Femmine",63,300462,314583,328655,"Istat"
"6832",2059,"Femmine",64,303784,317328,330765,"Istat"
"6833",2059,"Femmine",65,308624,321597,334427,"Istat"
"6834",2059,"Femmine",66,319411,331906,344284,"Istat"
"6835",2059,"Femmine",67,317247,329317,341335,"Istat"
"6836",2059,"Femmine",68,320705,332276,343896,"Istat"
"6837",2059,"Femmine",69,319524,330726,341862,"Istat"
"6838",2059,"Femmine",70,324060,334937,345762,"Istat"
"6839",2059,"Femmine",71,316314,326958,337430,"Istat"
"6840",2059,"Femmine",72,314978,325418,335482,"Istat"
"6841",2059,"Femmine",73,321462,331822,341829,"Istat"
"6842",2059,"Femmine",74,323210,333532,343490,"Istat"
"6843",2059,"Femmine",75,324067,334613,344574,"Istat"
"6844",2059,"Femmine",76,330048,341094,351441,"Istat"
"6845",2059,"Femmine",77,327064,338401,349050,"Istat"
"6846",2059,"Femmine",78,327303,339173,350296,"Istat"
"6847",2059,"Femmine",79,331228,344085,356087,"Istat"
"6848",2059,"Femmine",80,338670,353014,366274,"Istat"
"6849",2059,"Femmine",81,339689,355659,370217,"Istat"
"6850",2059,"Femmine",82,341350,359595,376057,"Istat"
"6851",2059,"Femmine",83,342455,363504,382449,"Istat"
"6852",2059,"Femmine",84,338481,362573,384101,"Istat"
"6853",2059,"Femmine",85,318498,344799,368822,"Istat"
"6854",2059,"Femmine",86,299539,328519,355415,"Istat"
"6855",2059,"Femmine",87,279717,311611,341664,"Istat"
"6856",2059,"Femmine",88,251590,285558,318216,"Istat"
"6857",2059,"Femmine",89,230797,267873,304125,"Istat"
"6858",2059,"Femmine",90,200758,239219,277734,"Istat"
"6859",2059,"Femmine",91,173352,212894,253573,"Istat"
"6860",2059,"Femmine",92,146278,186198,228471,"Istat"
"6861",2059,"Femmine",93,119343,158442,201095,"Istat"
"6862",2059,"Femmine",94,96404,134125,176980,"Istat"
"6863",2059,"Femmine",95,70417,103317,142383,"Istat"
"6864",2059,"Femmine",96,51122,79685,115360,"Istat"
"6865",2059,"Femmine",97,36540,60908,93089,"Istat"
"6866",2059,"Femmine",98,24904,44707,72561,"Istat"
"6867",2059,"Femmine",99,16436,32030,55567,"Istat"
"6868",2059,"Femmine",100,10204,74919,40575,"Istat"
"6869",2060,"Maschi",0,133095,168270,206639,"Istat"
"6870",2060,"Maschi",1,135848,170390,207660,"Istat"
"6871",2060,"Maschi",2,138967,172934,209468,"Istat"
"6872",2060,"Maschi",3,142223,175562,211478,"Istat"
"6873",2060,"Maschi",4,145627,178583,213958,"Istat"
"6874",2060,"Maschi",5,149074,181734,216775,"Istat"
"6875",2060,"Maschi",6,152648,185078,219690,"Istat"
"6876",2060,"Maschi",7,156426,188705,222828,"Istat"
"6877",2060,"Maschi",8,160004,192298,226041,"Istat"
"6878",2060,"Maschi",9,163991,196022,229413,"Istat"
"6879",2060,"Maschi",10,167934,199617,232649,"Istat"
"6880",2060,"Maschi",11,171717,203240,235991,"Istat"
"6881",2060,"Maschi",12,175311,206756,238750,"Istat"
"6882",2060,"Maschi",13,179184,210128,241797,"Istat"
"6883",2060,"Maschi",14,182632,213323,244839,"Istat"
"6884",2060,"Maschi",15,186066,216497,247610,"Istat"
"6885",2060,"Maschi",16,189088,219261,250065,"Istat"
"6886",2060,"Maschi",17,192408,222139,252205,"Istat"
"6887",2060,"Maschi",18,195906,225123,254599,"Istat"
"6888",2060,"Maschi",19,199477,228349,257174,"Istat"
"6889",2060,"Maschi",20,202976,231455,260173,"Istat"
"6890",2060,"Maschi",21,206755,234831,263340,"Istat"
"6891",2060,"Maschi",22,209976,238005,266543,"Istat"
"6892",2060,"Maschi",23,212821,240815,268976,"Istat"
"6893",2060,"Maschi",24,215473,243444,271158,"Istat"
"6894",2060,"Maschi",25,217982,245757,273617,"Istat"
"6895",2060,"Maschi",26,219533,247383,275364,"Istat"
"6896",2060,"Maschi",27,220940,248632,276872,"Istat"
"6897",2060,"Maschi",28,222215,250234,278857,"Istat"
"6898",2060,"Maschi",29,223689,251721,280734,"Istat"
"6899",2060,"Maschi",30,224732,253005,282432,"Istat"
"6900",2060,"Maschi",31,225968,254337,283863,"Istat"
"6901",2060,"Maschi",32,227463,255900,285923,"Istat"
"6902",2060,"Maschi",33,228798,257453,287711,"Istat"
"6903",2060,"Maschi",34,229951,258860,289490,"Istat"
"6904",2060,"Maschi",35,231054,260250,291239,"Istat"
"6905",2060,"Maschi",36,237594,266948,297560,"Istat"
"6906",2060,"Maschi",37,246573,276124,307014,"Istat"
"6907",2060,"Maschi",38,250876,280429,311417,"Istat"
"6908",2060,"Maschi",39,255584,285063,316102,"Istat"
"6909",2060,"Maschi",40,263393,292965,324008,"Istat"
"6910",2060,"Maschi",41,274012,303468,334459,"Istat"
"6911",2060,"Maschi",42,284065,313377,344137,"Istat"
"6912",2060,"Maschi",43,291216,320161,350690,"Istat"
"6913",2060,"Maschi",44,298202,326999,357353,"Istat"
"6914",2060,"Maschi",45,306151,334687,364708,"Istat"
"6915",2060,"Maschi",46,310550,338693,368176,"Istat"
"6916",2060,"Maschi",47,322585,350355,379332,"Istat"
"6917",2060,"Maschi",48,327915,355208,383765,"Istat"
"6918",2060,"Maschi",49,337084,363960,391998,"Istat"
"6919",2060,"Maschi",50,342059,368350,395816,"Istat"
"6920",2060,"Maschi",51,345910,371495,398261,"Istat"
"6921",2060,"Maschi",52,346870,371799,397705,"Istat"
"6922",2060,"Maschi",53,348941,373198,398165,"Istat"
"6923",2060,"Maschi",54,349738,373261,397354,"Istat"
"6924",2060,"Maschi",55,353328,376043,399173,"Istat"
"6925",2060,"Maschi",56,345922,367803,389888,"Istat"
"6926",2060,"Maschi",57,340554,361558,382598,"Istat"
"6927",2060,"Maschi",58,340765,360915,380948,"Istat"
"6928",2060,"Maschi",59,346093,365303,384373,"Istat"
"6929",2060,"Maschi",60,341047,359348,377477,"Istat"
"6930",2060,"Maschi",61,341350,358862,375944,"Istat"
"6931",2060,"Maschi",62,333752,350225,366423,"Istat"
"6932",2060,"Maschi",63,330026,345585,360851,"Istat"
"6933",2060,"Maschi",64,323985,338546,352894,"Istat"
"6934",2060,"Maschi",65,321200,335169,348716,"Istat"
"6935",2060,"Maschi",66,320481,333764,346549,"Istat"
"6936",2060,"Maschi",67,328195,340844,352933,"Istat"
"6937",2060,"Maschi",68,320890,332939,344437,"Istat"
"6938",2060,"Maschi",69,322645,334393,345667,"Istat"
"6939",2060,"Maschi",70,314216,325818,336822,"Istat"
"6940",2060,"Maschi",71,316384,327943,338688,"Istat"
"6941",2060,"Maschi",72,303297,314999,325660,"Istat"
"6942",2060,"Maschi",73,297582,309562,320337,"Istat"
"6943",2060,"Maschi",74,298264,310953,322050,"Istat"
"6944",2060,"Maschi",75,295794,309325,320892,"Istat"
"6945",2060,"Maschi",76,292268,306900,319183,"Istat"
"6946",2060,"Maschi",77,292133,308020,321319,"Istat"
"6947",2060,"Maschi",78,283119,300023,314205,"Istat"
"6948",2060,"Maschi",79,279939,298451,313942,"Istat"
"6949",2060,"Maschi",80,274284,294495,311686,"Istat"
"6950",2060,"Maschi",81,274997,297558,316965,"Istat"
"6951",2060,"Maschi",82,266808,291978,313310,"Istat"
"6952",2060,"Maschi",83,259878,288036,311885,"Istat"
"6953",2060,"Maschi",84,251802,283102,309942,"Istat"
"6954",2060,"Maschi",85,239220,273621,303708,"Istat"
"6955",2060,"Maschi",86,213800,249636,281380,"Istat"
"6956",2060,"Maschi",87,191384,228927,262732,"Istat"
"6957",2060,"Maschi",88,166908,205577,241141,"Istat"
"6958",2060,"Maschi",89,140245,178873,215161,"Istat"
"6959",2060,"Maschi",90,118695,157712,195308,"Istat"
"6960",2060,"Maschi",91,94665,131791,168716,"Istat"
"6961",2060,"Maschi",92,73973,108679,144557,"Istat"
"6962",2060,"Maschi",93,56614,88491,123028,"Istat"
"6963",2060,"Maschi",94,41182,69059,100861,"Istat"
"6964",2060,"Maschi",95,29231,53090,82023,"Istat"
"6965",2060,"Maschi",96,18463,36655,60269,"Istat"
"6966",2060,"Maschi",97,11598,25390,44644,"Istat"
"6967",2060,"Maschi",98,7146,17390,32909,"Istat"
"6968",2060,"Maschi",99,4203,11449,23437,"Istat"
"6969",2060,"Maschi",100,2385,78164,16274,"Istat"
"6970",2060,"Femmine",0,125328,158441,194575,"Istat"
"6971",2060,"Femmine",1,127859,160410,195514,"Istat"
"6972",2060,"Femmine",2,130767,162760,197178,"Istat"
"6973",2060,"Femmine",3,133788,165181,198891,"Istat"
"6974",2060,"Femmine",4,136906,167972,201277,"Istat"
"6975",2060,"Femmine",5,140019,170886,203937,"Istat"
"6976",2060,"Femmine",6,143355,173987,206641,"Istat"
"6977",2060,"Femmine",7,146956,177362,209441,"Istat"
"6978",2060,"Femmine",8,150283,180707,212512,"Istat"
"6979",2060,"Femmine",9,153992,184170,215679,"Istat"
"6980",2060,"Femmine",10,157649,187493,218590,"Istat"
"6981",2060,"Femmine",11,161189,190815,221525,"Istat"
"6982",2060,"Femmine",12,164447,193992,224130,"Istat"
"6983",2060,"Femmine",13,167867,196968,226781,"Istat"
"6984",2060,"Femmine",14,170892,199684,229144,"Istat"
"6985",2060,"Femmine",15,173775,202254,231212,"Istat"
"6986",2060,"Femmine",16,176082,204263,232718,"Istat"
"6987",2060,"Femmine",17,178418,206123,233890,"Istat"
"6988",2060,"Femmine",18,180759,207842,235070,"Istat"
"6989",2060,"Femmine",19,183166,209662,236277,"Istat"
"6990",2060,"Femmine",20,185555,211352,237168,"Istat"
"6991",2060,"Femmine",21,187937,213361,238667,"Istat"
"6992",2060,"Femmine",22,190253,215260,240185,"Istat"
"6993",2060,"Femmine",23,192414,216866,241444,"Istat"
"6994",2060,"Femmine",24,193817,218324,242807,"Istat"
"6995",2060,"Femmine",25,195270,219507,243579,"Istat"
"6996",2060,"Femmine",26,196255,220072,243680,"Istat"
"6997",2060,"Femmine",27,196857,220312,243873,"Istat"
"6998",2060,"Femmine",28,197713,220913,244415,"Istat"
"6999",2060,"Femmine",29,198378,221442,244734,"Istat"
"7000",2060,"Femmine",30,198905,221822,245344,"Istat"
"7001",2060,"Femmine",31,199365,222290,245858,"Istat"
"7002",2060,"Femmine",32,199980,223019,247117,"Istat"
"7003",2060,"Femmine",33,200710,223785,247673,"Istat"
"7004",2060,"Femmine",34,201307,224463,248535,"Istat"
"7005",2060,"Femmine",35,201895,225172,249565,"Istat"
"7006",2060,"Femmine",36,208549,231841,255775,"Istat"
"7007",2060,"Femmine",37,216047,239506,263756,"Istat"
"7008",2060,"Femmine",38,222325,245872,270340,"Istat"
"7009",2060,"Femmine",39,224968,248591,273165,"Istat"
"7010",2060,"Femmine",40,234275,257906,282584,"Istat"
"7011",2060,"Femmine",41,242936,266608,291251,"Istat"
"7012",2060,"Femmine",42,252222,275879,300478,"Istat"
"7013",2060,"Femmine",43,260145,283693,308215,"Istat"
"7014",2060,"Femmine",44,265935,289324,313793,"Istat"
"7015",2060,"Femmine",45,273354,296491,320870,"Istat"
"7016",2060,"Femmine",46,277430,300284,324451,"Istat"
"7017",2060,"Femmine",47,288485,311115,335023,"Istat"
"7018",2060,"Femmine",48,292979,315257,338842,"Istat"
"7019",2060,"Femmine",49,300413,322356,345506,"Istat"
"7020",2060,"Femmine",50,305421,327038,349830,"Istat"
"7021",2060,"Femmine",51,309633,330969,353339,"Istat"
"7022",2060,"Femmine",52,308309,329345,351292,"Istat"
"7023",2060,"Femmine",53,308538,329223,350777,"Istat"
"7024",2060,"Femmine",54,306799,327041,348104,"Istat"
"7025",2060,"Femmine",55,310701,330454,350984,"Istat"
"7026",2060,"Femmine",56,305124,324395,344280,"Istat"
"7027",2060,"Femmine",57,302299,321064,340344,"Istat"
"7028",2060,"Femmine",58,303181,321378,340011,"Istat"
"7029",2060,"Femmine",59,306697,324199,342098,"Istat"
"7030",2060,"Femmine",60,301898,318862,336017,"Istat"
"7031",2060,"Femmine",61,301103,317420,333862,"Istat"
"7032",2060,"Femmine",62,300673,316262,331979,"Istat"
"7033",2060,"Femmine",63,300932,315964,330987,"Istat"
"7034",2060,"Femmine",64,299554,314020,328391,"Istat"
"7035",2060,"Femmine",65,302751,316633,330332,"Istat"
"7036",2060,"Femmine",66,307502,320759,333885,"Istat"
"7037",2060,"Femmine",67,318073,330895,343656,"Istat"
"7038",2060,"Femmine",68,315889,328174,340648,"Istat"
"7039",2060,"Femmine",69,319167,330958,342801,"Istat"
"7040",2060,"Femmine",70,317713,329229,340753,"Istat"
"7041",2060,"Femmine",71,321955,333209,344306,"Istat"
"7042",2060,"Femmine",72,314123,325050,335711,"Istat"
"7043",2060,"Femmine",73,312489,323261,333707,"Istat"
"7044",2060,"Femmine",74,318501,329324,339740,"Istat"
"7045",2060,"Femmine",75,319767,330670,341049,"Istat"
"7046",2060,"Femmine",76,320165,331325,341920,"Istat"
"7047",2060,"Femmine",77,325570,337236,348263,"Istat"
"7048",2060,"Femmine",78,321932,333970,345327,"Istat"
"7049",2060,"Femmine",79,321149,333991,345993,"Istat"
"7050",2060,"Femmine",80,323807,337915,351073,"Istat"
"7051",2060,"Femmine",81,329647,345546,359968,"Istat"
"7052",2060,"Femmine",82,328811,346777,362988,"Istat"
"7053",2060,"Femmine",83,328553,348990,367502,"Istat"
"7054",2060,"Femmine",84,327360,350828,371961,"Istat"
"7055",2060,"Femmine",85,320883,347586,372089,"Istat"
"7056",2060,"Femmine",86,298878,327911,355023,"Istat"
"7057",2060,"Femmine",87,277683,309455,339600,"Istat"
"7058",2060,"Femmine",88,255397,290242,323617,"Istat"
"7059",2060,"Femmine",89,225708,262535,298426,"Istat"
"7060",2060,"Femmine",90,203280,242680,282015,"Istat"
"7061",2060,"Femmine",91,173083,213288,254305,"Istat"
"7062",2060,"Femmine",92,146006,186571,229175,"Istat"
"7063",2060,"Femmine",93,120155,160184,203602,"Istat"
"7064",2060,"Femmine",94,95556,133622,176534,"Istat"
"7065",2060,"Femmine",95,74948,110718,152786,"Istat"
"7066",2060,"Femmine",96,53074,83390,120916,"Istat"
"7067",2060,"Femmine",97,37317,62849,96391,"Istat"
"7068",2060,"Femmine",98,25752,46802,76314,"Istat"
"7069",2060,"Femmine",99,16871,33314,58096,"Istat"
"7070",2060,"Femmine",100,10678,78164,43254,"Istat"
"7071",2061,"Maschi",0,131419,167759,207661,"Istat"
"7072",2061,"Maschi",1,133876,169465,208177,"Istat"
"7073",2061,"Maschi",2,136624,171518,209079,"Istat"
"7074",2061,"Maschi",3,139655,173973,210725,"Istat"
"7075",2061,"Maschi",4,142982,176527,212597,"Istat"
"7076",2061,"Maschi",5,146113,179489,215019,"Istat"
"7077",2061,"Maschi",6,149566,182589,217932,"Istat"
"7078",2061,"Maschi",7,152921,185888,220782,"Istat"
"7079",2061,"Maschi",8,156769,189482,224012,"Istat"
"7080",2061,"Maschi",9,160585,193055,227065,"Istat"
"7081",2061,"Maschi",10,164495,196775,230408,"Istat"
"7082",2061,"Maschi",11,168275,200380,233622,"Istat"
"7083",2061,"Maschi",12,172131,204032,236835,"Istat"
"7084",2061,"Maschi",13,175850,207602,239787,"Istat"
"7085",2061,"Maschi",14,179645,211070,243160,"Istat"
"7086",2061,"Maschi",15,183306,214420,246204,"Istat"
"7087",2061,"Maschi",16,186814,217842,249173,"Istat"
"7088",2061,"Maschi",17,190329,221007,251981,"Istat"
"7089",2061,"Maschi",18,193931,224353,254628,"Istat"
"7090",2061,"Maschi",19,197935,227775,257908,"Istat"
"7091",2061,"Maschi",20,201753,231381,261076,"Istat"
"7092",2061,"Maschi",21,205760,234767,264344,"Istat"
"7093",2061,"Maschi",22,209197,238285,267970,"Istat"
"7094",2061,"Maschi",23,212015,241448,270715,"Istat"
"7095",2061,"Maschi",24,215053,244137,273462,"Istat"
"7096",2061,"Maschi",25,217330,246593,275683,"Istat"
"7097",2061,"Maschi",26,219474,248733,277800,"Istat"
"7098",2061,"Maschi",27,221046,250211,279520,"Istat"
"7099",2061,"Maschi",28,222016,251332,281219,"Istat"
"7100",2061,"Maschi",29,223368,252813,283176,"Istat"
"7101",2061,"Maschi",30,224678,254176,284674,"Istat"
"7102",2061,"Maschi",31,225493,255332,286249,"Istat"
"7103",2061,"Maschi",32,226652,256531,287535,"Istat"
"7104",2061,"Maschi",33,228023,257957,289534,"Istat"
"7105",2061,"Maschi",34,229268,259373,290901,"Istat"
"7106",2061,"Maschi",35,230341,260643,292643,"Istat"
"7107",2061,"Maschi",36,231233,261895,294140,"Istat"
"7108",2061,"Maschi",37,237897,268452,300180,"Istat"
"7109",2061,"Maschi",38,246778,277489,309382,"Istat"
"7110",2061,"Maschi",39,251053,281660,313713,"Istat"
"7111",2061,"Maschi",40,255710,286163,318177,"Istat"
"7112",2061,"Maschi",41,263684,293938,325819,"Istat"
"7113",2061,"Maschi",42,274143,304318,336090,"Istat"
"7114",2061,"Maschi",43,284080,314112,345618,"Istat"
"7115",2061,"Maschi",44,290997,320789,351970,"Istat"
"7116",2061,"Maschi",45,298109,327528,358485,"Istat"
"7117",2061,"Maschi",46,306022,335121,365683,"Istat"
"7118",2061,"Maschi",47,310327,339041,369089,"Istat"
"7119",2061,"Maschi",48,322363,350611,380128,"Istat"
"7120",2061,"Maschi",49,327589,355381,384416,"Istat"
"7121",2061,"Maschi",50,336747,364045,392462,"Istat"
"7122",2061,"Maschi",51,341601,368349,396189,"Istat"
"7123",2061,"Maschi",52,345380,371409,398524,"Istat"
"7124",2061,"Maschi",53,346281,371629,397877,"Istat"
"7125",2061,"Maschi",54,348291,372938,398179,"Istat"
"7126",2061,"Maschi",55,349029,372909,397261,"Istat"
"7127",2061,"Maschi",56,352513,375591,398885,"Istat"
"7128",2061,"Maschi",57,345073,367270,389553,"Istat"
"7129",2061,"Maschi",58,339642,360938,382144,"Istat"
"7130",2061,"Maschi",59,339750,360187,380437,"Istat"
"7131",2061,"Maschi",60,344971,364444,383825,"Istat"
"7132",2061,"Maschi",61,339775,358375,376643,"Istat"
"7133",2061,"Maschi",62,340102,357746,375146,"Istat"
"7134",2061,"Maschi",63,332260,348988,365466,"Istat"
"7135",2061,"Maschi",64,328487,344203,359697,"Istat"
"7136",2061,"Maschi",65,322076,337018,351659,"Istat"
"7137",2061,"Maschi",66,319192,333461,347245,"Istat"
"7138",2061,"Maschi",67,318326,331851,344835,"Istat"
"7139",2061,"Maschi",68,325749,338646,350971,"Istat"
"7140",2061,"Maschi",69,318170,330536,342473,"Istat"
"7141",2061,"Maschi",70,319355,331683,343396,"Istat"
"7142",2061,"Maschi",71,310820,322842,334190,"Istat"
"7143",2061,"Maschi",72,312222,324558,335857,"Istat"
"7144",2061,"Maschi",73,298858,311327,322636,"Istat"
"7145",2061,"Maschi",74,292537,305478,316848,"Istat"
"7146",2061,"Maschi",75,292494,306303,318215,"Istat"
"7147",2061,"Maschi",76,289234,304069,316601,"Istat"
"7148",2061,"Maschi",77,284997,300957,314327,"Istat"
"7149",2061,"Maschi",78,283787,301187,315554,"Istat"
"7150",2061,"Maschi",79,273760,292385,307889,"Istat"
"7151",2061,"Maschi",80,269344,289683,306689,"Istat"
"7152",2061,"Maschi",81,262388,284487,303222,"Istat"
"7153",2061,"Maschi",82,260851,285821,306842,"Istat"
"7154",2061,"Maschi",83,250968,278538,301839,"Istat"
"7155",2061,"Maschi",84,241788,272499,298748,"Istat"
"7156",2061,"Maschi",85,231191,265229,294758,"Istat"
"7157",2061,"Maschi",86,216161,253442,286243,"Istat"
"7158",2061,"Maschi",87,189739,228192,262556,"Istat"
"7159",2061,"Maschi",88,166341,206114,242339,"Istat"
"7160",2061,"Maschi",89,141776,181921,219353,"Istat"
"7161",2061,"Maschi",90,116084,155288,192881,"Istat"
"7162",2061,"Maschi",91,95558,134098,172466,"Istat"
"7163",2061,"Maschi",92,73830,109540,146549,"Istat"
"7164",2061,"Maschi",93,55756,88124,123303,"Istat"
"7165",2061,"Maschi",94,41149,69891,102905,"Istat"
"7166",2061,"Maschi",95,28778,53032,82685,"Istat"
"7167",2061,"Maschi",96,19603,39602,65823,"Istat"
"7168",2061,"Maschi",97,11899,26614,47461,"Istat"
"7169",2061,"Maschi",98,7186,17941,34450,"Istat"
"7170",2061,"Maschi",99,4247,11918,24750,"Istat"
"7171",2061,"Maschi",100,2388,81504,17114,"Istat"
"7172",2061,"Femmine",0,123735,157961,195531,"Istat"
"7173",2061,"Femmine",1,125998,159541,195981,"Istat"
"7174",2061,"Femmine",2,128522,161432,196768,"Istat"
"7175",2061,"Femmine",3,131363,163691,198260,"Istat"
"7176",2061,"Femmine",4,134326,166044,199994,"Istat"
"7177",2061,"Femmine",5,137278,168782,202281,"Istat"
"7178",2061,"Femmine",6,140492,171654,204939,"Istat"
"7179",2061,"Femmine",7,143616,174721,207714,"Istat"
"7180",2061,"Femmine",8,147171,178069,210587,"Istat"
"7181",2061,"Femmine",9,150694,181391,213388,"Istat"
"7182",2061,"Femmine",10,154457,184833,216500,"Istat"
"7183",2061,"Femmine",11,157895,188139,219408,"Istat"
"7184",2061,"Femmine",12,161458,191445,222226,"Istat"
"7185",2061,"Femmine",13,164825,194608,224860,"Istat"
"7186",2061,"Femmine",14,168103,197582,227559,"Istat"
"7187",2061,"Femmine",15,171244,200318,229844,"Istat"
"7188",2061,"Femmine",16,174079,202949,232039,"Istat"
"7189",2061,"Femmine",17,176582,205080,233650,"Istat"
"7190",2061,"Femmine",18,178992,207142,235209,"Istat"
"7191",2061,"Femmine",19,181726,209147,236664,"Istat"
"7192",2061,"Femmine",20,184391,211316,238195,"Istat"
"7193",2061,"Femmine",21,186867,213351,239627,"Istat"
"7194",2061,"Femmine",22,189436,215596,241605,"Istat"
"7195",2061,"Femmine",23,191743,217555,243188,"Istat"
"7196",2061,"Femmine",24,193478,219093,244692,"Istat"
"7197",2061,"Femmine",25,194858,220448,245763,"Istat"
"7198",2061,"Femmine",26,196467,221546,246583,"Istat"
"7199",2061,"Femmine",27,197156,222054,246884,"Istat"
"7200",2061,"Femmine",28,197791,222255,247048,"Istat"
"7201",2061,"Femmine",29,198284,222820,247361,"Istat"
"7202",2061,"Femmine",30,199009,223306,248118,"Istat"
"7203",2061,"Femmine",31,199412,223635,248331,"Istat"
"7204",2061,"Femmine",32,199681,224042,248823,"Istat"
"7205",2061,"Femmine",33,200456,224705,249983,"Istat"
"7206",2061,"Femmine",34,201030,225400,250523,"Istat"
"7207",2061,"Femmine",35,201682,226005,251337,"Istat"
"7208",2061,"Femmine",36,202276,226641,252109,"Istat"
"7209",2061,"Femmine",37,208885,233237,258142,"Istat"
"7210",2061,"Femmine",38,216261,240831,266008,"Istat"
"7211",2061,"Femmine",39,222441,247130,272527,"Istat"
"7212",2061,"Femmine",40,225155,249786,275270,"Istat"
"7213",2061,"Femmine",41,234462,259039,284578,"Istat"
"7214",2061,"Femmine",42,243218,267681,293159,"Istat"
"7215",2061,"Femmine",43,252533,276894,302260,"Istat"
"7216",2061,"Femmine",44,260343,284650,309882,"Istat"
"7217",2061,"Femmine",45,266167,290225,315305,"Istat"
"7218",2061,"Femmine",46,273491,297337,322303,"Istat"
"7219",2061,"Femmine",47,277526,301079,325798,"Istat"
"7220",2061,"Femmine",48,288651,311851,336355,"Istat"
"7221",2061,"Femmine",49,293010,315938,340154,"Istat"
"7222",2061,"Femmine",50,300450,322973,346800,"Istat"
"7223",2061,"Femmine",51,305456,327588,350896,"Istat"
"7224",2061,"Femmine",52,309727,331450,354334,"Istat"
"7225",2061,"Femmine",53,308426,329759,352163,"Istat"
"7226",2061,"Femmine",54,308557,329566,351521,"Istat"
"7227",2061,"Femmine",55,306763,327313,348793,"Istat"
"7228",2061,"Femmine",56,310563,330646,351600,"Istat"
"7229",2061,"Femmine",57,304970,324518,344808,"Istat"
"7230",2061,"Femmine",58,302095,321111,340804,"Istat"
"7231",2061,"Femmine",59,302869,321336,340319,"Istat"
"7232",2061,"Femmine",60,306198,324058,342307,"Istat"
"7233",2061,"Femmine",61,301406,318633,336080,"Istat"
"7234",2061,"Femmine",62,300545,317091,333771,"Istat"
"7235",2061,"Femmine",63,299919,315826,331780,"Istat"
"7236",2061,"Femmine",64,300076,315410,330681,"Istat"
"7237",2061,"Femmine",65,298582,313349,328002,"Istat"
"7238",2061,"Femmine",66,301721,315828,329757,"Istat"
"7239",2061,"Femmine",67,306272,319810,333265,"Istat"
"7240",2061,"Femmine",68,316649,329762,342944,"Istat"
"7241",2061,"Femmine",69,314389,326895,339510,"Istat"
"7242",2061,"Femmine",70,317407,329483,341626,"Istat"
"7243",2061,"Femmine",71,315826,327560,339344,"Istat"
"7244",2061,"Femmine",72,319759,331290,342643,"Istat"
"7245",2061,"Femmine",73,311653,322928,333977,"Istat"
"7246",2061,"Femmine",74,309703,320866,331720,"Istat"
"7247",2061,"Femmine",75,315305,326543,337323,"Istat"
"7248",2061,"Femmine",76,316007,327466,338382,"Istat"
"7249",2061,"Femmine",77,315791,327631,338849,"Istat"
"7250",2061,"Femmine",78,320507,332881,344614,"Istat"
"7251",2061,"Femmine",79,315856,328936,341103,"Istat"
"7252",2061,"Femmine",80,314021,328079,341083,"Istat"
"7253",2061,"Femmine",81,315291,330844,345076,"Istat"
"7254",2061,"Femmine",82,319445,337012,352999,"Istat"
"7255",2061,"Femmine",83,316561,336659,354627,"Istat"
"7256",2061,"Femmine",84,313924,336927,357526,"Istat"
"7257",2061,"Femmine",85,310039,336458,360266,"Istat"
"7258",2061,"Femmine",86,300858,330694,358223,"Istat"
"7259",2061,"Femmine",87,276598,309023,339313,"Istat"
"7260",2061,"Femmine",88,253118,288386,321855,"Istat"
"7261",2061,"Femmine",89,229148,266974,303806,"Istat"
"7262",2061,"Femmine",90,198869,237981,277038,"Istat"
"7263",2061,"Femmine",91,175279,216498,258734,"Istat"
"7264",2061,"Femmine",92,145888,187031,230424,"Istat"
"7265",2061,"Femmine",93,120024,160604,204700,"Istat"
"7266",2061,"Femmine",94,96207,135182,179190,"Istat"
"7267",2061,"Femmine",95,74302,110390,152962,"Istat"
"7268",2061,"Femmine",96,56507,89434,130190,"Istat"
"7269",2061,"Femmine",97,38794,65831,101246,"Istat"
"7270",2061,"Femmine",98,26386,48339,78995,"Istat"
"7271",2061,"Femmine",99,17485,34909,61061,"Istat"
"7272",2061,"Femmine",100,10971,81504,45260,"Istat"
"7273",2062,"Maschi",0,130072,167645,209145,"Istat"
"7274",2062,"Maschi",1,132200,168953,209030,"Istat"
"7275",2062,"Maschi",2,134545,170592,209523,"Istat"
"7276",2062,"Maschi",3,137343,172557,210529,"Istat"
"7277",2062,"Maschi",4,140359,174937,212086,"Istat"
"7278",2062,"Maschi",5,143342,177432,213807,"Istat"
"7279",2062,"Maschi",6,146521,180342,216357,"Istat"
"7280",2062,"Maschi",7,149946,183398,219012,"Istat"
"7281",2062,"Maschi",8,153306,186663,221921,"Istat"
"7282",2062,"Maschi",9,157205,190238,224945,"Istat"
"7283",2062,"Maschi",10,160933,193807,228024,"Istat"
"7284",2062,"Maschi",11,164992,197537,231153,"Istat"
"7285",2062,"Maschi",12,168699,201171,234533,"Istat"
"7286",2062,"Maschi",13,172771,204878,237778,"Istat"
"7287",2062,"Maschi",14,176634,208543,241103,"Istat"
"7288",2062,"Maschi",15,180437,212166,244632,"Istat"
"7289",2062,"Maschi",16,184168,215764,247745,"Istat"
"7290",2062,"Maschi",17,187948,219586,251178,"Istat"
"7291",2062,"Maschi",18,191881,223219,254185,"Istat"
"7292",2062,"Maschi",19,196276,227004,258157,"Istat"
"7293",2062,"Maschi",20,200123,230804,261629,"Istat"
"7294",2062,"Maschi",21,204507,234690,265363,"Istat"
"7295",2062,"Maschi",22,208128,238217,268904,"Istat"
"7296",2062,"Maschi",23,211177,241725,272196,"Istat"
"7297",2062,"Maschi",24,214433,244765,275351,"Istat"
"7298",2062,"Maschi",25,216896,247281,277832,"Istat"
"7299",2062,"Maschi",26,219094,249563,279841,"Istat"
"7300",2062,"Maschi",27,220867,251556,282159,"Istat"
"7301",2062,"Maschi",28,222007,252907,284023,"Istat"
"7302",2062,"Maschi",29,223222,253907,285547,"Istat"
"7303",2062,"Maschi",30,224080,255263,287020,"Istat"
"7304",2062,"Maschi",31,225321,256498,288664,"Istat"
"7305",2062,"Maschi",32,226234,257522,289734,"Istat"
"7306",2062,"Maschi",33,227379,258585,291205,"Istat"
"7307",2062,"Maschi",34,228469,259875,292807,"Istat"
"7308",2062,"Maschi",35,229648,261153,294236,"Istat"
"7309",2062,"Maschi",36,230746,262285,295414,"Istat"
"7310",2062,"Maschi",37,231524,263400,296788,"Istat"
"7311",2062,"Maschi",38,238083,269819,302678,"Istat"
"7312",2062,"Maschi",39,247040,278720,311680,"Istat"
"7313",2062,"Maschi",40,251105,282761,315690,"Istat"
"7314",2062,"Maschi",41,255759,287139,320023,"Istat"
"7315",2062,"Maschi",42,263598,294794,327529,"Istat"
"7316",2062,"Maschi",43,274144,305059,337612,"Istat"
"7317",2062,"Maschi",44,284008,314745,347033,"Istat"
"7318",2062,"Maschi",45,290809,321323,353337,"Istat"
"7319",2062,"Maschi",46,297871,327969,359516,"Istat"
"7320",2062,"Maschi",47,305784,335473,366614,"Istat"
"7321",2062,"Maschi",48,310034,339311,369859,"Istat"
"7322",2062,"Maschi",49,321985,350793,380796,"Istat"
"7323",2062,"Maschi",50,327316,355479,384961,"Istat"
"7324",2062,"Maschi",51,336393,364055,392864,"Istat"
"7325",2062,"Maschi",52,341163,368274,396422,"Istat"
"7326",2062,"Maschi",53,344853,371247,398639,"Istat"
"7327",2062,"Maschi",54,345675,371380,397866,"Istat"
"7328",2062,"Maschi",55,347625,372597,398121,"Istat"
"7329",2062,"Maschi",56,348286,372474,396991,"Istat"
"7330",2062,"Maschi",57,351650,375052,398456,"Istat"
"7331",2062,"Maschi",58,344185,366648,389083,"Istat"
"7332",2062,"Maschi",59,338637,360225,381723,"Istat"
"7333",2062,"Maschi",60,338651,359359,379935,"Istat"
"7334",2062,"Maschi",61,343704,363472,383100,"Istat"
"7335",2062,"Maschi",62,338337,357278,375843,"Istat"
"7336",2062,"Maschi",63,338568,356498,374097,"Istat"
"7337",2062,"Maschi",64,330709,347614,364215,"Istat"
"7338",2062,"Maschi",65,326742,342671,358353,"Istat"
"7339",2062,"Maschi",66,320116,335330,350151,"Istat"
"7340",2062,"Maschi",67,317112,331582,345502,"Istat"
"7341",2062,"Maschi",68,316030,329751,342963,"Istat"
"7342",2062,"Maschi",69,323008,336237,348950,"Istat"
"7343",2062,"Maschi",70,315069,327898,340267,"Istat"
"7344",2062,"Maschi",71,315983,328699,340768,"Istat"
"7345",2062,"Maschi",72,306773,319558,331426,"Istat"
"7346",2062,"Maschi",73,307658,320824,332814,"Istat"
"7347",2062,"Maschi",74,293804,307273,319161,"Istat"
"7348",2062,"Maschi",75,286884,300967,313115,"Istat"
"7349",2062,"Maschi",76,286056,301164,314014,"Istat"
"7350",2062,"Maschi",77,282002,298245,311871,"Istat"
"7351",2062,"Maschi",78,276898,294357,308770,"Istat"
"7352",2062,"Maschi",79,274425,293590,309327,"Istat"
"7353",2062,"Maschi",80,263477,283882,300823,"Istat"
"7354",2062,"Maschi",81,257684,279925,298623,"Istat"
"7355",2062,"Maschi",82,248874,273345,293800,"Istat"
"7356",2062,"Maschi",83,245145,272749,296080,"Istat"
"7357",2062,"Maschi",84,233406,263610,289441,"Istat"
"7358",2062,"Maschi",85,221980,255370,284202,"Istat"
"7359",2062,"Maschi",86,208954,245742,277861,"Istat"
"7360",2062,"Maschi",87,192120,231735,267264,"Istat"
"7361",2062,"Maschi",88,165201,205499,242274,"Istat"
"7362",2062,"Maschi",89,141492,182432,220635,"Istat"
"7363",2062,"Maschi",90,117416,157950,197148,"Istat"
"7364",2062,"Maschi",91,93399,132041,170635,"Istat"
"7365",2062,"Maschi",92,74411,111443,149870,"Istat"
"7366",2062,"Maschi",93,55526,88803,125084,"Istat"
"7367",2062,"Maschi",94,40374,69570,103306,"Istat"
"7368",2062,"Maschi",95,28604,53642,84500,"Istat"
"7369",2062,"Maschi",96,19171,39536,66508,"Istat"
"7370",2062,"Maschi",97,12552,28733,51931,"Istat"
"7371",2062,"Maschi",98,7338,18791,36681,"Istat"
"7372",2062,"Maschi",99,4259,12284,26007,"Istat"
"7373",2062,"Maschi",100,2408,85150,18161,"Istat"
"7374",2062,"Femmine",0,122460,157854,196950,"Istat"
"7375",2062,"Femmine",1,124451,159062,196807,"Istat"
"7376",2062,"Femmine",2,126624,160564,197198,"Istat"
"7377",2062,"Femmine",3,129163,162363,198070,"Istat"
"7378",2062,"Femmine",4,131927,164554,199481,"Istat"
"7379",2062,"Femmine",5,134707,166853,201202,"Istat"
"7380",2062,"Femmine",6,137591,169549,203468,"Istat"
"7381",2062,"Femmine",7,140883,172388,205926,"Istat"
"7382",2062,"Femmine",8,144008,175428,208639,"Istat"
"7383",2062,"Femmine",9,147620,178752,211422,"Istat"
"7384",2062,"Femmine",10,151102,182054,214209,"Istat"
"7385",2062,"Femmine",11,154911,185479,217266,"Istat"
"7386",2062,"Femmine",12,158258,188768,220185,"Istat"
"7387",2062,"Femmine",13,161780,192061,222967,"Istat"
"7388",2062,"Femmine",14,165149,195222,225664,"Istat"
"7389",2062,"Femmine",15,168430,198216,228451,"Istat"
"7390",2062,"Femmine",16,171544,201014,230948,"Istat"
"7391",2062,"Femmine",17,174421,203766,233059,"Istat"
"7392",2062,"Femmine",18,177144,206099,235041,"Istat"
"7393",2062,"Femmine",19,179953,208448,236902,"Istat"
"7394",2062,"Femmine",20,182991,210803,238699,"Istat"
"7395",2062,"Femmine",21,185698,213316,240771,"Istat"
"7396",2062,"Femmine",22,188369,215587,242619,"Istat"
"7397",2062,"Femmine",23,191061,217892,244698,"Istat"
"7398",2062,"Femmine",24,192966,219782,246544,"Istat"
"7399",2062,"Femmine",25,194553,221216,247773,"Istat"
"7400",2062,"Femmine",26,195952,222487,248959,"Istat"
"7401",2062,"Femmine",27,197237,223528,249758,"Istat"
"7402",2062,"Femmine",28,198208,223997,249889,"Istat"
"7403",2062,"Femmine",29,198188,224162,250083,"Istat"
"7404",2062,"Femmine",30,198995,224685,250629,"Istat"
"7405",2062,"Femmine",31,199514,225120,251206,"Istat"
"7406",2062,"Femmine",32,199834,225388,251258,"Istat"
"7407",2062,"Femmine",33,200137,225729,251918,"Istat"
"7408",2062,"Femmine",34,200848,226320,252683,"Istat"
"7409",2062,"Femmine",35,201432,226942,253330,"Istat"
"7410",2062,"Femmine",36,202016,227474,253890,"Istat"
"7411",2062,"Femmine",37,202586,228039,254516,"Istat"
"7412",2062,"Femmine",38,209059,234564,260526,"Istat"
"7413",2062,"Femmine",39,216483,242091,268188,"Istat"
"7414",2062,"Femmine",40,222715,248326,274523,"Istat"
"7415",2062,"Femmine",41,225283,250923,277260,"Istat"
"7416",2062,"Femmine",42,234572,260116,286510,"Istat"
"7417",2062,"Femmine",43,243361,268701,294983,"Istat"
"7418",2062,"Femmine",44,252727,277856,304010,"Istat"
"7419",2062,"Femmine",45,260595,285555,311508,"Istat"
"7420",2062,"Femmine",46,266282,291077,316832,"Istat"
"7421",2062,"Femmine",47,273665,298136,323715,"Istat"
"7422",2062,"Femmine",48,277672,301825,327188,"Istat"
"7423",2062,"Femmine",49,288703,312538,337556,"Istat"
"7424",2062,"Femmine",50,293110,316564,341297,"Istat"
"7425",2062,"Femmine",51,300440,323531,347823,"Istat"
"7426",2062,"Femmine",52,305389,328076,351875,"Istat"
"7427",2062,"Femmine",53,309686,331864,355169,"Istat"
"7428",2062,"Femmine",54,308347,330105,352976,"Istat"
"7429",2062,"Femmine",55,308486,329839,352196,"Istat"
"7430",2062,"Femmine",56,306615,327514,349421,"Istat"
"7431",2062,"Femmine",57,310360,330764,352075,"Istat"
"7432",2062,"Femmine",58,304712,324564,345343,"Istat"
"7433",2062,"Femmine",59,301749,321076,341148,"Istat"
"7434",2062,"Femmine",60,302406,321208,340561,"Istat"
"7435",2062,"Femmine",61,305679,323825,342401,"Istat"
"7436",2062,"Femmine",62,300798,318309,336056,"Istat"
"7437",2062,"Femmine",63,299862,316662,333578,"Istat"
"7438",2062,"Femmine",64,299073,315282,331525,"Istat"
"7439",2062,"Femmine",65,299054,314746,330270,"Istat"
"7440",2062,"Femmine",66,297534,312569,327464,"Istat"
"7441",2062,"Femmine",67,300517,314913,329139,"Istat"
"7442",2062,"Femmine",68,304875,318742,332558,"Istat"
"7443",2062,"Femmine",69,315198,328495,341940,"Istat"
"7444",2062,"Femmine",70,312627,325462,338274,"Istat"
"7445",2062,"Femmine",71,315387,327837,340307,"Istat"
"7446",2062,"Femmine",72,313568,325704,337725,"Istat"
"7447",2062,"Femmine",73,317336,329153,340878,"Istat"
"7448",2062,"Femmine",74,308852,320567,331958,"Istat"
"7449",2062,"Femmine",75,306566,318196,329443,"Istat"
"7450",2062,"Femmine",76,311624,323425,334734,"Istat"
"7451",2062,"Femmine",77,311741,323862,335370,"Istat"
"7452",2062,"Femmine",78,310851,323456,335384,"Istat"
"7453",2062,"Femmine",79,314630,327925,340451,"Istat"
"7454",2062,"Femmine",80,309046,323182,336337,"Istat"
"7455",2062,"Femmine",81,305745,321290,335457,"Istat"
"7456",2062,"Femmine",82,305498,322749,338344,"Istat"
"7457",2062,"Femmine",83,307475,327273,345005,"Istat"
"7458",2062,"Femmine",84,302754,325127,345215,"Istat"
"7459",2062,"Femmine",85,297467,323224,346189,"Istat"
"7460",2062,"Femmine",86,291015,320228,346832,"Istat"
"7461",2062,"Femmine",87,278519,311763,342574,"Istat"
"7462",2062,"Femmine",88,252657,288103,321889,"Istat"
"7463",2062,"Femmine",89,227468,265392,302200,"Istat"
"7464",2062,"Femmine",90,202019,242106,281945,"Istat"
"7465",2062,"Femmine",91,171563,212409,253917,"Istat"
"7466",2062,"Femmine",92,147869,189933,234015,"Istat"
"7467",2062,"Femmine",93,120185,161077,205390,"Istat"
"7468",2062,"Femmine",94,96368,135603,179945,"Istat"
"7469",2062,"Femmine",95,75156,111738,155000,"Istat"
"7470",2062,"Femmine",96,56397,89223,130168,"Istat"
"7471",2062,"Femmine",97,41649,70642,108947,"Istat"
"7472",2062,"Femmine",98,27622,50666,83106,"Istat"
"7473",2062,"Femmine",99,18050,36080,63374,"Istat"
"7474",2062,"Femmine",100,11469,85150,47686,"Istat"
"7475",2063,"Maschi",0,128916,167822,210742,"Istat"
"7476",2063,"Maschi",1,131063,168835,210517,"Istat"
"7477",2063,"Maschi",2,133060,170075,210309,"Istat"
"7478",2063,"Maschi",3,135283,171625,210799,"Istat"
"7479",2063,"Maschi",4,137977,173516,211846,"Istat"
"7480",2063,"Maschi",5,140922,175837,213348,"Istat"
"7481",2063,"Maschi",6,143824,178280,215191,"Istat"
"7482",2063,"Maschi",7,146995,181147,217456,"Istat"
"7483",2063,"Maschi",8,150347,184169,219889,"Istat"
"7484",2063,"Maschi",9,153801,187415,222872,"Istat"
"7485",2063,"Maschi",10,157613,190986,225902,"Istat"
"7486",2063,"Maschi",11,161433,194565,229043,"Istat"
"7487",2063,"Maschi",12,165455,198324,232225,"Istat"
"7488",2063,"Maschi",13,169202,202013,235521,"Istat"
"7489",2063,"Maschi",14,173441,205814,239030,"Istat"
"7490",2063,"Maschi",15,177321,209635,242625,"Istat"
"7491",2063,"Maschi",16,181400,213504,246208,"Istat"
"7492",2063,"Maschi",17,185402,217502,250058,"Istat"
"7493",2063,"Maschi",18,189859,221792,253631,"Istat"
"7494",2063,"Maschi",19,194133,225862,257684,"Istat"
"7495",2063,"Maschi",20,198443,230024,261793,"Istat"
"7496",2063,"Maschi",21,202916,234105,265890,"Istat"
"7497",2063,"Maschi",22,207096,238130,269841,"Istat"
"7498",2063,"Maschi",23,210284,241646,273267,"Istat"
"7499",2063,"Maschi",24,213546,245030,277034,"Istat"
"7500",2063,"Maschi",25,216306,247897,279670,"Istat"
"7501",2063,"Maschi",26,218549,250239,281967,"Istat"
"7502",2063,"Maschi",27,220460,252373,284086,"Istat"
"7503",2063,"Maschi",28,222017,254238,286500,"Istat"
"7504",2063,"Maschi",29,223175,255468,288327,"Istat"
"7505",2063,"Maschi",30,224132,256345,289627,"Istat"
"7506",2063,"Maschi",31,225109,257574,290755,"Istat"
"7507",2063,"Maschi",32,225727,258677,292343,"Istat"
"7508",2063,"Maschi",33,226748,259566,293220,"Istat"
"7509",2063,"Maschi",34,227728,260493,294556,"Istat"
"7510",2063,"Maschi",35,228882,261646,295877,"Istat"
"7511",2063,"Maschi",36,229968,262787,297144,"Istat"
"7512",2063,"Maschi",37,230962,263783,297934,"Istat"
"7513",2063,"Maschi",38,231843,264762,299214,"Istat"
"7514",2063,"Maschi",39,238257,271048,304819,"Istat"
"7515",2063,"Maschi",40,247143,279817,313727,"Istat"
"7516",2063,"Maschi",41,251260,283735,317532,"Istat"
"7517",2063,"Maschi",42,255719,287995,321722,"Istat"
"7518",2063,"Maschi",43,263559,295537,329009,"Istat"
"7519",2063,"Maschi",44,274023,305696,338981,"Istat"
"7520",2063,"Maschi",45,283919,315282,348242,"Istat"
"7521",2063,"Maschi",46,290639,321768,354346,"Istat"
"7522",2063,"Maschi",47,297526,328328,360505,"Istat"
"7523",2063,"Maschi",48,305521,335746,367425,"Istat"
"7524",2063,"Maschi",49,309675,339505,370604,"Istat"
"7525",2063,"Maschi",50,321555,350898,381360,"Istat"
"7526",2063,"Maschi",51,326884,355502,385300,"Istat"
"7527",2063,"Maschi",52,336009,363989,393049,"Istat"
"7528",2063,"Maschi",53,340624,368122,396459,"Istat"
"7529",2063,"Maschi",54,344231,371006,398531,"Istat"
"7530",2063,"Maschi",55,345019,371050,397731,"Istat"
"7531",2063,"Maschi",56,346887,372172,397862,"Istat"
"7532",2063,"Maschi",57,347322,371953,396582,"Istat"
"7533",2063,"Maschi",58,350755,374423,398101,"Istat"
"7534",2063,"Maschi",59,343176,365932,388625,"Istat"
"7535",2063,"Maschi",60,337505,359412,381154,"Istat"
"7536",2063,"Maschi",61,337510,358420,379052,"Istat"
"7537",2063,"Maschi",62,342241,362376,382144,"Istat"
"7538",2063,"Maschi",63,336911,356052,374918,"Istat"
"7539",2063,"Maschi",64,336948,355113,372887,"Istat"
"7540",2063,"Maschi",65,329000,346092,362918,"Istat"
"7541",2063,"Maschi",66,324633,340981,356932,"Istat"
"7542",2063,"Maschi",67,317950,333473,348407,"Istat"
"7543",2063,"Maschi",68,314792,329520,343733,"Istat"
"7544",2063,"Maschi",69,313368,327449,340885,"Istat"
"7545",2063,"Maschi",70,319941,333596,346695,"Istat"
"7546",2063,"Maschi",71,311553,324994,337700,"Istat"
"7547",2063,"Maschi",72,311883,325406,337947,"Istat"
"7548",2063,"Maschi",73,302426,315937,328312,"Istat"
"7549",2063,"Maschi",74,302527,316704,329286,"Istat"
"7550",2063,"Maschi",75,288199,302798,315475,"Istat"
"7551",2063,"Maschi",76,280702,295982,309128,"Istat"
"7552",2063,"Maschi",77,278997,295470,309345,"Istat"
"7553",2063,"Maschi",78,274059,291778,306486,"Istat"
"7554",2063,"Maschi",79,267979,287020,302569,"Istat"
"7555",2063,"Maschi",80,264321,285135,302447,"Istat"
"7556",2063,"Maschi",81,252006,274419,293016,"Istat"
"7557",2063,"Maschi",82,244501,269059,289480,"Istat"
"7558",2063,"Maschi",83,234169,260933,283554,"Istat"
"7559",2063,"Maschi",84,228253,258227,283903,"Istat"
"7560",2063,"Maschi",85,214182,247146,275319,"Istat"
"7561",2063,"Maschi",86,200810,236689,267874,"Istat"
"7562",2063,"Maschi",87,185645,224774,259609,"Istat"
"7563",2063,"Maschi",88,166965,208759,246665,"Istat"
"7564",2063,"Maschi",89,140357,181941,220949,"Istat"
"7565",2063,"Maschi",90,116915,158434,198521,"Istat"
"7566",2063,"Maschi",91,94090,134325,174534,"Istat"
"7567",2063,"Maschi",92,72395,109744,148730,"Istat"
"7568",2063,"Maschi",93,55710,90341,128502,"Istat"
"7569",2063,"Maschi",94,40060,70099,105195,"Istat"
"7570",2063,"Maschi",95,27977,53382,85071,"Istat"
"7571",2063,"Maschi",96,18979,39980,68153,"Istat"
"7572",2063,"Maschi",97,12207,28677,52640,"Istat"
"7573",2063,"Maschi",98,7672,20280,40309,"Istat"
"7574",2063,"Maschi",99,4290,12861,27804,"Istat"
"7575",2063,"Maschi",100,2382,88652,19156,"Istat"
"7576",2063,"Femmine",0,121382,158021,198433,"Istat"
"7577",2063,"Femmine",1,123327,158953,198197,"Istat"
"7578",2063,"Femmine",2,125189,160082,198028,"Istat"
"7579",2063,"Femmine",3,127236,161492,198373,"Istat"
"7580",2063,"Femmine",4,129749,163224,199304,"Istat"
"7581",2063,"Femmine",5,132429,165361,200756,"Istat"
"7582",2063,"Femmine",6,135118,167619,202350,"Istat"
"7583",2063,"Femmine",7,137991,170281,204417,"Istat"
"7584",2063,"Femmine",8,141156,173092,206669,"Istat"
"7585",2063,"Femmine",9,144499,176109,209492,"Istat"
"7586",2063,"Femmine",10,148032,179413,212330,"Istat"
"7587",2063,"Femmine",11,151527,182697,215110,"Istat"
"7588",2063,"Femmine",12,155120,186106,218159,"Istat"
"7589",2063,"Femmine",13,158555,189383,220809,"Istat"
"7590",2063,"Femmine",14,162212,192673,223798,"Istat"
"7591",2063,"Femmine",15,165508,195854,226566,"Istat"
"7592",2063,"Femmine",16,168809,198909,229383,"Istat"
"7593",2063,"Femmine",17,172017,201829,232120,"Istat"
"7594",2063,"Femmine",18,175065,204783,234562,"Istat"
"7595",2063,"Femmine",19,178105,207403,236592,"Istat"
"7596",2063,"Femmine",20,181196,210100,238806,"Istat"
"7597",2063,"Femmine",21,184435,212799,241449,"Istat"
"7598",2063,"Femmine",22,187355,215548,243592,"Istat"
"7599",2063,"Femmine",23,190168,217878,245766,"Istat"
"7600",2063,"Femmine",24,192186,220113,247965,"Istat"
"7601",2063,"Femmine",25,193926,221899,249657,"Istat"
"7602",2063,"Femmine",26,195451,223249,250869,"Istat"
"7603",2063,"Femmine",27,196551,224462,251950,"Istat"
"7604",2063,"Femmine",28,198199,225464,252693,"Istat"
"7605",2063,"Femmine",29,198623,225897,253167,"Istat"
"7606",2063,"Femmine",30,198942,226020,253195,"Istat"
"7607",2063,"Femmine",31,199443,226492,253791,"Istat"
"7608",2063,"Femmine",32,200046,226866,254181,"Istat"
"7609",2063,"Femmine",33,200312,227068,254142,"Istat"
"7610",2063,"Femmine",34,200577,227338,254953,"Istat"
"7611",2063,"Femmine",35,201243,227857,255382,"Istat"
"7612",2063,"Femmine",36,201710,228407,255965,"Istat"
"7613",2063,"Femmine",37,202340,228867,256319,"Istat"
"7614",2063,"Femmine",38,202851,229364,256798,"Istat"
"7615",2063,"Femmine",39,209344,235822,262637,"Istat"
"7616",2063,"Femmine",40,216678,243285,270308,"Istat"
"7617",2063,"Femmine",41,222870,249460,276549,"Istat"
"7618",2063,"Femmine",42,225499,252001,279076,"Istat"
"7619",2063,"Femmine",43,234765,261137,288250,"Istat"
"7620",2063,"Femmine",44,243438,269665,296745,"Istat"
"7621",2063,"Femmine",45,252811,278763,305666,"Istat"
"7622",2063,"Femmine",46,260757,286409,313077,"Istat"
"7623",2063,"Femmine",47,266435,291878,318329,"Istat"
"7624",2063,"Femmine",48,273763,298883,325081,"Istat"
"7625",2063,"Femmine",49,277744,302519,328438,"Istat"
"7626",2063,"Femmine",50,288754,313167,338734,"Istat"
"7627",2063,"Femmine",51,293102,317129,342220,"Istat"
"7628",2063,"Femmine",52,300427,324025,348706,"Istat"
"7629",2063,"Femmine",53,305316,328497,352779,"Istat"
"7630",2063,"Femmine",54,309490,332209,356003,"Istat"
"7631",2063,"Femmine",55,308202,330379,353661,"Istat"
"7632",2063,"Femmine",56,308324,330040,352844,"Istat"
"7633",2063,"Femmine",57,306354,327641,349843,"Istat"
"7634",2063,"Femmine",58,310021,330803,352553,"Istat"
"7635",2063,"Femmine",59,304292,324527,345663,"Istat"
"7636",2063,"Femmine",60,301295,320953,341369,"Istat"
"7637",2063,"Femmine",61,301918,320987,340610,"Istat"
"7638",2063,"Femmine",62,305084,323495,342312,"Istat"
"7639",2063,"Femmine",63,300113,317884,335917,"Istat"
"7640",2063,"Femmine",64,298964,316125,333380,"Istat"
"7641",2063,"Femmine",65,298004,314630,331175,"Istat"
"7642",2063,"Femmine",66,298016,313974,329720,"Istat"
"7643",2063,"Femmine",67,296417,311681,326874,"Istat"
"7644",2063,"Femmine",68,299209,313883,328437,"Istat"
"7645",2063,"Femmine",69,303457,317545,331780,"Istat"
"7646",2063,"Femmine",70,313455,327074,340642,"Istat"
"7647",2063,"Femmine",71,310735,323862,337027,"Istat"
"7648",2063,"Femmine",72,313266,326005,338778,"Istat"
"7649",2063,"Femmine",73,311276,323636,335965,"Istat"
"7650",2063,"Femmine",74,314519,326778,338785,"Istat"
"7651",2063,"Femmine",75,305808,317936,329690,"Istat"
"7652",2063,"Femmine",76,303168,315201,326791,"Istat"
"7653",2063,"Femmine",77,307528,319918,331775,"Istat"
"7654",2063,"Femmine",78,306801,319787,332015,"Istat"
"7655",2063,"Femmine",79,305217,318703,331430,"Istat"
"7656",2063,"Femmine",80,307923,322259,335752,"Istat"
"7657",2063,"Femmine",81,300979,316573,330820,"Istat"
"7658",2063,"Femmine",82,296331,313516,329008,"Istat"
"7659",2063,"Femmine",83,294273,313508,330892,"Istat"
"7660",2063,"Femmine",84,294267,316166,335902,"Istat"
"7661",2063,"Femmine",85,287073,312020,334557,"Istat"
"7662",2063,"Femmine",86,279109,307740,333639,"Istat"
"7663",2063,"Femmine",87,269501,302026,331953,"Istat"
"7664",2063,"Femmine",88,254685,290782,325010,"Istat"
"7665",2063,"Femmine",89,227155,265259,302301,"Istat"
"7666",2063,"Femmine",90,200625,240803,280393,"Istat"
"7667",2063,"Femmine",91,174308,216196,258566,"Istat"
"7668",2063,"Femmine",92,144660,186454,229771,"Istat"
"7669",2063,"Femmine",93,121582,163670,209174,"Istat"
"7670",2063,"Femmine",94,96183,136085,180975,"Istat"
"7671",2063,"Femmine",95,74869,112157,155999,"Istat"
"7672",2063,"Femmine",96,56584,90375,132190,"Istat"
"7673",2063,"Femmine",97,41148,70532,109134,"Istat"
"7674",2063,"Femmine",98,29345,54410,89608,"Istat"
"7675",2063,"Femmine",99,18716,37851,66782,"Istat"
"7676",2063,"Femmine",100,11727,88652,49570,"Istat"
"7677",2064,"Maschi",0,128050,168188,212694,"Istat"
"7678",2064,"Maschi",1,129808,169009,212101,"Istat"
"7679",2064,"Maschi",2,131803,169955,211648,"Istat"
"7680",2064,"Maschi",3,133944,171106,211743,"Istat"
"7681",2064,"Maschi",4,136043,172582,212115,"Istat"
"7682",2064,"Maschi",5,138652,174413,213203,"Istat"
"7683",2064,"Maschi",6,141455,176683,214619,"Istat"
"7684",2064,"Maschi",7,144302,179083,216276,"Istat"
"7685",2064,"Maschi",8,147333,181916,218383,"Istat"
"7686",2064,"Maschi",9,150723,184918,220762,"Istat"
"7687",2064,"Maschi",10,154261,188161,223770,"Istat"
"7688",2064,"Maschi",11,158114,191742,226984,"Istat"
"7689",2064,"Maschi",12,161963,195350,230056,"Istat"
"7690",2064,"Maschi",13,165898,199165,233341,"Istat"
"7691",2064,"Maschi",14,169959,202947,236706,"Istat"
"7692",2064,"Maschi",15,174182,206904,240467,"Istat"
"7693",2064,"Maschi",16,178266,210971,244378,"Istat"
"7694",2064,"Maschi",17,182632,215241,248420,"Istat"
"7695",2064,"Maschi",18,187378,219706,252602,"Istat"
"7696",2064,"Maschi",19,192067,224432,257043,"Istat"
"7697",2064,"Maschi",20,196650,228879,261443,"Istat"
"7698",2064,"Maschi",21,201129,233320,265981,"Istat"
"7699",2064,"Maschi",22,205657,237540,270375,"Istat"
"7700",2064,"Maschi",23,209363,241554,274527,"Istat"
"7701",2064,"Maschi",24,212552,244946,278312,"Istat"
"7702",2064,"Maschi",25,215524,248156,281208,"Istat"
"7703",2064,"Maschi",26,217746,250849,283898,"Istat"
"7704",2064,"Maschi",27,220074,253043,286304,"Istat"
"7705",2064,"Maschi",28,221600,255050,288393,"Istat"
"7706",2064,"Maschi",29,223178,256794,290749,"Istat"
"7707",2064,"Maschi",30,224339,257900,292523,"Istat"
"7708",2064,"Maschi",31,224914,258650,293351,"Istat"
"7709",2064,"Maschi",32,225730,259747,294555,"Istat"
"7710",2064,"Maschi",33,226503,260716,295732,"Istat"
"7711",2064,"Maschi",34,227153,261469,296521,"Istat"
"7712",2064,"Maschi",35,228034,262260,297557,"Istat"
"7713",2064,"Maschi",36,229088,263276,298826,"Istat"
"7714",2064,"Maschi",37,230316,264281,299973,"Istat"
"7715",2064,"Maschi",38,231111,265142,300556,"Istat"
"7716",2064,"Maschi",39,231925,265991,301448,"Istat"
"7717",2064,"Maschi",40,238208,272147,307020,"Istat"
"7718",2064,"Maschi",41,247090,280790,315607,"Istat"
"7719",2064,"Maschi",42,251164,284591,319282,"Istat"
"7720",2064,"Maschi",43,255618,288742,323215,"Istat"
"7721",2064,"Maschi",44,263421,296180,330417,"Istat"
"7722",2064,"Maschi",45,273827,306239,340152,"Istat"
"7723",2064,"Maschi",46,283734,315732,349316,"Istat"
"7724",2064,"Maschi",47,290448,322133,355317,"Istat"
"7725",2064,"Maschi",48,297248,328609,361296,"Istat"
"7726",2064,"Maschi",49,305137,335946,368066,"Istat"
"7727",2064,"Maschi",50,309376,339627,371151,"Istat"
"7728",2064,"Maschi",51,321176,350931,381832,"Istat"
"7729",2064,"Maschi",52,326335,355453,385668,"Istat"
"7730",2064,"Maschi",53,335360,363850,393130,"Istat"
"7731",2064,"Maschi",54,340081,367893,396422,"Istat"
"7732",2064,"Maschi",55,343541,370685,398445,"Istat"
"7733",2064,"Maschi",56,344199,370637,397507,"Istat"
"7734",2064,"Maschi",57,345950,371662,397544,"Istat"
"7735",2064,"Maschi",58,346584,371343,396191,"Istat"
"7736",2064,"Maschi",59,349800,373699,397559,"Istat"
"7737",2064,"Maschi",60,342083,365116,388044,"Istat"
"7738",2064,"Maschi",61,336373,358489,380465,"Istat"
"7739",2064,"Maschi",62,336175,357361,378335,"Istat"
"7740",2064,"Maschi",63,340881,361151,381188,"Istat"
"7741",2064,"Maschi",64,335243,354690,373668,"Istat"
"7742",2064,"Maschi",65,335276,353580,371552,"Istat"
"7743",2064,"Maschi",66,327055,344411,361456,"Istat"
"7744",2064,"Maschi",67,322489,339121,355216,"Istat"
"7745",2064,"Maschi",68,315722,331434,346654,"Istat"
"7746",2064,"Maschi",69,312288,327258,341675,"Istat"
"7747",2064,"Maschi",70,310479,324921,338754,"Istat"
"7748",2064,"Maschi",71,316467,330684,344264,"Istat"
"7749",2064,"Maschi",72,307679,321787,334863,"Istat"
"7750",2064,"Maschi",73,307510,321771,334769,"Istat"
"7751",2064,"Maschi",74,297442,311935,324922,"Istat"
"7752",2064,"Maschi",75,296858,312151,325584,"Istat"
"7753",2064,"Maschi",76,282009,297845,311411,"Istat"
"7754",2064,"Maschi",77,273804,290451,304576,"Istat"
"7755",2064,"Maschi",78,271159,289138,304131,"Istat"
"7756",2064,"Maschi",79,265340,284576,300441,"Istat"
"7757",2064,"Maschi",80,257985,278838,295937,"Istat"
"7758",2064,"Maschi",81,252817,275708,294574,"Istat"
"7759",2064,"Maschi",82,239262,263860,284156,"Istat"
"7760",2064,"Maschi",83,229916,256929,279289,"Istat"
"7761",2064,"Maschi",84,217827,247116,271998,"Istat"
"7762",2064,"Maschi",85,209463,242176,270091,"Istat"
"7763",2064,"Maschi",86,193458,229151,259886,"Istat"
"7764",2064,"Maschi",87,177907,216548,250665,"Istat"
"7765",2064,"Maschi",88,161448,202537,240002,"Istat"
"7766",2064,"Maschi",89,141734,184860,225271,"Istat"
"7767",2064,"Maschi",90,115789,158024,198754,"Istat"
"7768",2064,"Maschi",91,93848,134741,175858,"Istat"
"7769",2064,"Maschi",92,73279,111631,151998,"Istat"
"7770",2064,"Maschi",93,54505,88945,127063,"Istat"
"7771",2064,"Maschi",94,40354,71286,107606,"Istat"
"7772",2064,"Maschi",95,27806,53763,86315,"Istat"
"7773",2064,"Maschi",96,18572,39760,68404,"Istat"
"7774",2064,"Maschi",97,12098,28980,53765,"Istat"
"7775",2064,"Maschi",98,7477,20226,40716,"Istat"
"7776",2064,"Maschi",99,4507,13868,30460,"Istat"
"7777",2064,"Maschi",100,2410,92630,20417,"Istat"
"7778",2064,"Femmine",0,120547,158367,200303,"Istat"
"7779",2064,"Femmine",1,122145,159120,199684,"Istat"
"7780",2064,"Femmine",2,123980,159973,199304,"Istat"
"7781",2064,"Femmine",3,125931,161010,199271,"Istat"
"7782",2064,"Femmine",4,127916,162352,199637,"Istat"
"7783",2064,"Femmine",5,130269,164030,200552,"Istat"
"7784",2064,"Femmine",6,132893,166126,201824,"Istat"
"7785",2064,"Femmine",7,135523,168350,203447,"Istat"
"7786",2064,"Femmine",8,138329,170985,205306,"Istat"
"7787",2064,"Femmine",9,141575,173773,207570,"Istat"
"7788",2064,"Femmine",10,144892,176769,210278,"Istat"
"7789",2064,"Femmine",11,148413,180056,213300,"Istat"
"7790",2064,"Femmine",12,151880,183324,215820,"Istat"
"7791",2064,"Femmine",13,155341,186720,218913,"Istat"
"7792",2064,"Femmine",14,158883,189994,221714,"Istat"
"7793",2064,"Femmine",15,162572,193305,224700,"Istat"
"7794",2064,"Femmine",16,165955,196548,227620,"Istat"
"7795",2064,"Femmine",17,169317,199725,230576,"Istat"
"7796",2064,"Femmine",18,172678,202846,233513,"Istat"
"7797",2064,"Femmine",19,176041,206087,235915,"Istat"
"7798",2064,"Femmine",20,179357,209055,238606,"Istat"
"7799",2064,"Femmine",21,182822,212097,241437,"Istat"
"7800",2064,"Femmine",22,186127,215031,244278,"Istat"
"7801",2064,"Femmine",23,189022,217838,246785,"Istat"
"7802",2064,"Femmine",24,191278,220098,249009,"Istat"
"7803",2064,"Femmine",25,193235,222228,251076,"Istat"
"7804",2064,"Femmine",26,194956,223929,252733,"Istat"
"7805",2064,"Femmine",27,196166,225222,253914,"Istat"
"7806",2064,"Femmine",28,197920,226395,254841,"Istat"
"7807",2064,"Femmine",29,198629,227362,255825,"Istat"
"7808",2064,"Femmine",30,199190,227753,256109,"Istat"
"7809",2064,"Femmine",31,199827,227825,256560,"Istat"
"7810",2064,"Femmine",32,200034,228237,256747,"Istat"
"7811",2064,"Femmine",33,200281,228545,257188,"Istat"
"7812",2064,"Femmine",34,200522,228676,257136,"Istat"
"7813",2064,"Femmine",35,200913,228874,257482,"Istat"
"7814",2064,"Femmine",36,201392,229321,257917,"Istat"
"7815",2064,"Femmine",37,202133,229800,258582,"Istat"
"7816",2064,"Femmine",38,202467,230192,258435,"Istat"
"7817",2064,"Femmine",39,203053,230623,259078,"Istat"
"7818",2064,"Femmine",40,209572,237019,264850,"Istat"
"7819",2064,"Femmine",41,216960,244422,272177,"Istat"
"7820",2064,"Femmine",42,223070,250539,278414,"Istat"
"7821",2064,"Femmine",43,225637,253026,280936,"Istat"
"7822",2064,"Femmine",44,234901,262105,289875,"Istat"
"7823",2064,"Femmine",45,243630,270578,298267,"Istat"
"7824",2064,"Femmine",46,252884,279622,307189,"Istat"
"7825",2064,"Femmine",47,260787,287215,314554,"Istat"
"7826",2064,"Femmine",48,266580,292632,319696,"Istat"
"7827",2064,"Femmine",49,273840,299582,326365,"Istat"
"7828",2064,"Femmine",50,277768,303159,329615,"Istat"
"7829",2064,"Femmine",51,288736,313738,339791,"Istat"
"7830",2064,"Femmine",52,293028,317633,343224,"Istat"
"7831",2064,"Femmine",53,300309,324453,349595,"Istat"
"7832",2064,"Femmine",54,305180,328850,353580,"Istat"
"7833",2064,"Femmine",55,309288,332486,356763,"Istat"
"7834",2064,"Femmine",56,307908,330584,354310,"Istat"
"7835",2064,"Femmine",57,308061,330168,353351,"Istat"
"7836",2064,"Femmine",58,306074,327691,350348,"Istat"
"7837",2064,"Femmine",59,309610,330760,352879,"Istat"
"7838",2064,"Femmine",60,303821,324404,345910,"Istat"
"7839",2064,"Femmine",61,300752,320741,341480,"Istat"
"7840",2064,"Femmine",62,301277,320673,340562,"Istat"
"7841",2064,"Femmine",63,304297,323066,342110,"Istat"
"7842",2064,"Femmine",64,299204,317354,335769,"Istat"
"7843",2064,"Femmine",65,297970,315482,332966,"Istat"
"7844",2064,"Femmine",66,296942,313872,330552,"Istat"
"7845",2064,"Femmine",67,296911,313096,329209,"Istat"
"7846",2064,"Femmine",68,295119,310681,326072,"Istat"
"7847",2064,"Femmine",69,297780,312729,327683,"Istat"
"7848",2064,"Femmine",70,301857,316203,330618,"Istat"
"7849",2064,"Femmine",71,311545,325489,339407,"Istat"
"7850",2064,"Femmine",72,308716,322082,335539,"Istat"
"7851",2064,"Femmine",73,310822,323968,337051,"Istat"
"7852",2064,"Femmine",74,308566,321339,333951,"Istat"
"7853",2064,"Femmine",75,311433,324134,336421,"Istat"
"7854",2064,"Femmine",76,302526,314988,327057,"Istat"
"7855",2064,"Femmine",77,299224,311834,323994,"Istat"
"7856",2064,"Femmine",78,302700,315953,328493,"Istat"
"7857",2064,"Femmine",79,301373,315149,328176,"Istat"
"7858",2064,"Femmine",80,298843,313268,326854,"Istat"
"7859",2064,"Femmine",81,299788,315750,330358,"Istat"
"7860",2064,"Femmine",82,291665,309004,324589,"Istat"
"7861",2064,"Femmine",83,285553,304638,321598,"Istat"
"7862",2064,"Femmine",84,281610,302965,322008,"Istat"
"7863",2064,"Femmine",85,278961,303537,325597,"Istat"
"7864",2064,"Femmine",86,269203,297201,322377,"Istat"
"7865",2064,"Femmine",87,258614,290367,319466,"Istat"
"7866",2064,"Femmine",88,246470,281842,315086,"Istat"
"7867",2064,"Femmine",89,228666,267862,305491,"Istat"
"7868",2064,"Femmine",90,199617,240817,280861,"Istat"
"7869",2064,"Femmine",91,172373,215171,257518,"Istat"
"7870",2064,"Femmine",92,146293,189890,234438,"Istat"
"7871",2064,"Femmine",93,118534,160786,205597,"Istat"
"7872",2064,"Femmine",94,96959,138374,184175,"Istat"
"7873",2064,"Femmine",95,74560,112643,156949,"Istat"
"7874",2064,"Femmine",96,56281,90790,133213,"Istat"
"7875",2064,"Femmine",97,41154,71507,111059,"Istat"
"7876",2064,"Femmine",98,28792,54380,89944,"Istat"
"7877",2064,"Femmine",99,19641,40689,72167,"Istat"
"7878",2064,"Femmine",100,11973,92630,52374,"Istat"
"7879",2065,"Maschi",0,127286,168911,214868,"Istat"
"7880",2065,"Maschi",1,128973,169373,214110,"Istat"
"7881",2065,"Maschi",2,130536,170126,213495,"Istat"
"7882",2065,"Maschi",3,132539,170983,213049,"Istat"
"7883",2065,"Maschi",4,134422,172060,213021,"Istat"
"7884",2065,"Maschi",5,136806,173476,213472,"Istat"
"7885",2065,"Maschi",6,139186,175257,214092,"Istat"
"7886",2065,"Maschi",7,141872,177483,215523,"Istat"
"7887",2065,"Maschi",8,144611,179849,217442,"Istat"
"7888",2065,"Maschi",9,147730,182663,219471,"Istat"
"7889",2065,"Maschi",10,151180,185662,222038,"Istat"
"7890",2065,"Maschi",11,154787,188915,224744,"Istat"
"7891",2065,"Maschi",12,158632,192524,228084,"Istat"
"7892",2065,"Maschi",13,162593,196188,231140,"Istat"
"7893",2065,"Maschi",14,166631,200096,234587,"Istat"
"7894",2065,"Maschi",15,170728,204034,238190,"Istat"
"7895",2065,"Maschi",16,175273,208238,242113,"Istat"
"7896",2065,"Maschi",17,179641,212704,246400,"Istat"
"7897",2065,"Maschi",18,184421,217440,250782,"Istat"
"7898",2065,"Maschi",19,189332,222341,255815,"Istat"
"7899",2065,"Maschi",20,194479,227444,260883,"Istat"
"7900",2065,"Maschi",21,199256,232169,265818,"Istat"
"7901",2065,"Maschi",22,203679,236749,270514,"Istat"
"7902",2065,"Maschi",23,207824,240955,275326,"Istat"
"7903",2065,"Maschi",24,211520,244845,279533,"Istat"
"7904",2065,"Maschi",25,214450,248062,282360,"Istat"
"7905",2065,"Maschi",26,217057,251098,285598,"Istat"
"7906",2065,"Maschi",27,219420,253642,288450,"Istat"
"7907",2065,"Maschi",28,221199,255709,290463,"Istat"
"7908",2065,"Maschi",29,222520,257595,292900,"Istat"
"7909",2065,"Maschi",30,224310,259216,294977,"Istat"
"7910",2065,"Maschi",31,224921,260196,296229,"Istat"
"7911",2065,"Maschi",32,225383,260815,296705,"Istat"
"7912",2065,"Maschi",33,226107,261778,298086,"Istat"
"7913",2065,"Maschi",34,226966,262612,299042,"Istat"
"7914",2065,"Maschi",35,227396,263229,299637,"Istat"
"7915",2065,"Maschi",36,228364,263884,300640,"Istat"
"7916",2065,"Maschi",37,229587,264764,301655,"Istat"
"7917",2065,"Maschi",38,230633,265635,302369,"Istat"
"7918",2065,"Maschi",39,231352,266366,302820,"Istat"
"7919",2065,"Maschi",40,232178,267088,303569,"Istat"
"7920",2065,"Maschi",41,238080,273121,308791,"Istat"
"7921",2065,"Maschi",42,246848,281645,317249,"Istat"
"7922",2065,"Maschi",43,250924,285338,320821,"Istat"
"7923",2065,"Maschi",44,255361,289387,324537,"Istat"
"7924",2065,"Maschi",45,263019,296728,331632,"Istat"
"7925",2065,"Maschi",46,273521,306696,341245,"Istat"
"7926",2065,"Maschi",47,283392,316101,350299,"Istat"
"7927",2065,"Maschi",48,290216,322421,356269,"Istat"
"7928",2065,"Maschi",49,296979,328817,362115,"Istat"
"7929",2065,"Maschi",50,304704,336073,368697,"Istat"
"7930",2065,"Maschi",51,308883,339676,371706,"Istat"
"7931",2065,"Maschi",52,320697,350892,382206,"Istat"
"7932",2065,"Maschi",53,325806,355330,385943,"Istat"
"7933",2065,"Maschi",54,334733,363633,393326,"Istat"
"7934",2065,"Maschi",55,339490,367585,396462,"Istat"
"7935",2065,"Maschi",56,342869,370283,398311,"Istat"
"7936",2065,"Maschi",57,343581,370142,397241,"Istat"
"7937",2065,"Maschi",58,345205,371065,397063,"Istat"
"7938",2065,"Maschi",59,345516,370641,395620,"Istat"
"7939",2065,"Maschi",60,348593,372875,396923,"Istat"
"7940",2065,"Maschi",61,340872,364191,387347,"Istat"
"7941",2065,"Maschi",62,335101,357447,379611,"Istat"
"7942",2065,"Maschi",63,334725,356175,377338,"Istat"
"7943",2065,"Maschi",64,339142,359789,380044,"Istat"
"7944",2065,"Maschi",65,333627,353180,372285,"Istat"
"7945",2065,"Maschi",66,333331,351885,370131,"Istat"
"7946",2065,"Maschi",67,324887,342561,359837,"Istat"
"7947",2065,"Maschi",68,320280,337077,353348,"Istat"
"7948",2065,"Maschi",69,313224,329197,344694,"Istat"
"7949",2065,"Maschi",70,309420,324773,339431,"Istat"
"7950",2065,"Maschi",71,307273,322133,336301,"Istat"
"7951",2065,"Maschi",72,312580,327467,341260,"Istat"
"7952",2065,"Maschi",73,303440,318243,331848,"Istat"
"7953",2065,"Maschi",74,302555,317752,331455,"Istat"
"7954",2065,"Maschi",75,291897,307509,321251,"Istat"
"7955",2065,"Maschi",76,290353,307109,321484,"Istat"
"7956",2065,"Maschi",77,275265,292346,306918,"Istat"
"7957",2065,"Maschi",78,266227,284295,299408,"Istat"
"7958",2065,"Maschi",79,262510,282080,298266,"Istat"
"7959",2065,"Maschi",80,255598,276540,293807,"Istat"
"7960",2065,"Maschi",81,246971,269706,288482,"Istat"
"7961",2065,"Maschi",82,240128,265178,285798,"Istat"
"7962",2065,"Maschi",83,225056,252060,274330,"Istat"
"7963",2065,"Maschi",84,213867,243411,267991,"Istat"
"7964",2065,"Maschi",85,199825,231828,259026,"Istat"
"7965",2065,"Maschi",86,189138,224613,255332,"Istat"
"7966",2065,"Maschi",87,171620,209725,243187,"Istat"
"7967",2065,"Maschi",88,154657,195167,231869,"Istat"
"7968",2065,"Maschi",89,136660,179385,219129,"Istat"
"7969",2065,"Maschi",90,116718,160579,202538,"Istat"
"7970",2065,"Maschi",91,92501,134395,175867,"Istat"
"7971",2065,"Maschi",92,72395,111968,152917,"Istat"
"7972",2065,"Maschi",93,54441,90455,129797,"Istat"
"7973",2065,"Maschi",94,38897,70163,106444,"Istat"
"7974",2065,"Maschi",95,27563,54648,88264,"Istat"
"7975",2065,"Maschi",96,18156,40023,69342,"Istat"
"7976",2065,"Maschi",97,11628,28802,53910,"Istat"
"7977",2065,"Maschi",98,7265,20424,41544,"Istat"
"7978",2065,"Maschi",99,4305,13821,30711,"Istat"
"7979",2065,"Maschi",100,2482,97985,22303,"Istat"
"7980",2065,"Femmine",0,119859,159048,202322,"Istat"
"7981",2065,"Femmine",1,121422,159465,201567,"Istat"
"7982",2065,"Femmine",2,122856,160138,201038,"Istat"
"7983",2065,"Femmine",3,124690,160899,200544,"Istat"
"7984",2065,"Femmine",4,126370,161868,200433,"Istat"
"7985",2065,"Femmine",5,128606,163157,200867,"Istat"
"7986",2065,"Femmine",6,130824,164793,201358,"Istat"
"7987",2065,"Femmine",7,133312,166855,202727,"Istat"
"7988",2065,"Femmine",8,135764,169052,204514,"Istat"
"7989",2065,"Femmine",9,138678,171664,206364,"Istat"
"7990",2065,"Femmine",10,141928,174432,208677,"Istat"
"7991",2065,"Femmine",11,145287,177411,211116,"Istat"
"7992",2065,"Femmine",12,148767,180681,214169,"Istat"
"7993",2065,"Femmine",13,152248,183937,216851,"Istat"
"7994",2065,"Femmine",14,155760,187331,219843,"Istat"
"7995",2065,"Femmine",15,159409,190625,222541,"Istat"
"7996",2065,"Femmine",16,163113,193997,225654,"Istat"
"7997",2065,"Femmine",17,166558,197362,228677,"Istat"
"7998",2065,"Femmine",18,170036,200741,231847,"Istat"
"7999",2065,"Femmine",19,173729,204149,234941,"Istat"
"8000",2065,"Femmine",20,177393,207738,238163,"Istat"
"8001",2065,"Femmine",21,180984,211051,241165,"Istat"
"8002",2065,"Femmine",22,184503,214327,244360,"Istat"
"8003",2065,"Femmine",23,187741,217319,247369,"Istat"
"8004",2065,"Femmine",24,190209,220055,249886,"Istat"
"8005",2065,"Femmine",25,192135,222209,252261,"Istat"
"8006",2065,"Femmine",26,194272,224254,254249,"Istat"
"8007",2065,"Femmine",27,195643,225898,255710,"Istat"
"8008",2065,"Femmine",28,197261,227150,256903,"Istat"
"8009",2065,"Femmine",29,198210,228288,257958,"Istat"
"8010",2065,"Femmine",30,199182,229213,258811,"Istat"
"8011",2065,"Femmine",31,199955,229553,259503,"Istat"
"8012",2065,"Femmine",32,200097,229566,259559,"Istat"
"8013",2065,"Femmine",33,200234,229912,259757,"Istat"
"8014",2065,"Femmine",34,200775,230150,259868,"Istat"
"8015",2065,"Femmine",35,201000,230209,259834,"Istat"
"8016",2065,"Femmine",36,201098,230335,260011,"Istat"
"8017",2065,"Femmine",37,201518,230711,260464,"Istat"
"8018",2065,"Femmine",38,202509,231121,260950,"Istat"
"8019",2065,"Femmine",39,202889,231449,260711,"Istat"
"8020",2065,"Femmine",40,203425,231820,261245,"Istat"
"8021",2065,"Femmine",41,209681,238156,266884,"Istat"
"8022",2065,"Femmine",42,217107,245501,274258,"Istat"
"8023",2065,"Femmine",43,223308,251563,280197,"Istat"
"8024",2065,"Femmine",44,225841,253997,282592,"Istat"
"8025",2065,"Femmine",45,235002,263022,291613,"Istat"
"8026",2065,"Femmine",46,243699,271441,299808,"Istat"
"8027",2065,"Femmine",47,253013,280432,308645,"Istat"
"8028",2065,"Femmine",48,260848,287973,315927,"Istat"
"8029",2065,"Femmine",49,266574,293336,321050,"Istat"
"8030",2065,"Femmine",50,273880,300226,327535,"Istat"
"8031",2065,"Femmine",51,277785,303741,330790,"Istat"
"8032",2065,"Femmine",52,288705,314247,340838,"Istat"
"8033",2065,"Femmine",53,292911,318071,344196,"Istat"
"8034",2065,"Femmine",54,300146,324815,350448,"Istat"
"8035",2065,"Femmine",55,304979,329135,354289,"Istat"
"8036",2065,"Femmine",56,309047,332691,357324,"Istat"
"8037",2065,"Femmine",57,307623,330716,354828,"Istat"
"8038",2065,"Femmine",58,307684,330219,353879,"Istat"
"8039",2065,"Femmine",59,305616,327660,350750,"Istat"
"8040",2065,"Femmine",60,309096,330631,352948,"Istat"
"8041",2065,"Femmine",61,303189,324191,345961,"Istat"
"8042",2065,"Femmine",62,300053,320435,341462,"Istat"
"8043",2065,"Femmine",63,300525,320260,340429,"Istat"
"8044",2065,"Femmine",64,303484,322531,342040,"Istat"
"8045",2065,"Femmine",65,298284,316718,335280,"Istat"
"8046",2065,"Femmine",66,296847,314734,332438,"Istat"
"8047",2065,"Femmine",67,295891,313009,330144,"Istat"
"8048",2065,"Femmine",68,295666,312107,328429,"Istat"
"8049",2065,"Femmine",69,293750,309558,325283,"Istat"
"8050",2065,"Femmine",70,296247,311431,326624,"Istat"
"8051",2065,"Femmine",71,300017,314702,329312,"Istat"
"8052",2065,"Femmine",72,309567,323726,337941,"Istat"
"8053",2065,"Femmine",73,306399,320101,333844,"Istat"
"8054",2065,"Femmine",74,308269,321703,334995,"Istat"
"8055",2065,"Femmine",75,305612,318779,331649,"Istat"
"8056",2065,"Femmine",76,308097,321170,333852,"Istat"
"8057",2065,"Femmine",77,298554,311670,324271,"Istat"
"8058",2065,"Femmine",78,294608,308022,320767,"Istat"
"8059",2065,"Femmine",79,297305,311435,324783,"Istat"
"8060",2065,"Femmine",80,295111,309839,323776,"Istat"
"8061",2065,"Femmine",81,291130,307016,321577,"Istat"
"8062",2065,"Femmine",82,290872,308287,324140,"Istat"
"8063",2065,"Femmine",83,281354,300348,317261,"Istat"
"8064",2065,"Femmine",84,273419,294497,313263,"Istat"
"8065",2065,"Femmine",85,267292,290963,312233,"Istat"
"8066",2065,"Femmine",86,261848,289238,313803,"Istat"
"8067",2065,"Femmine",87,249442,280549,308660,"Istat"
"8068",2065,"Femmine",88,236261,271075,303078,"Istat"
"8069",2065,"Femmine",89,221155,259759,296087,"Istat"
"8070",2065,"Femmine",90,201298,243305,283930,"Istat"
"8071",2065,"Femmine",91,172175,215305,258154,"Istat"
"8072",2065,"Femmine",92,145459,189112,234167,"Istat"
"8073",2065,"Femmine",93,120390,163844,210236,"Istat"
"8074",2065,"Femmine",94,94925,136033,181831,"Istat"
"8075",2065,"Femmine",95,75430,114620,160470,"Istat"
"8076",2065,"Femmine",96,56183,91254,134546,"Istat"
"8077",2065,"Femmine",97,41090,71895,112190,"Istat"
"8078",2065,"Femmine",98,29034,55180,91697,"Istat"
"8079",2065,"Femmine",99,19553,40708,72624,"Istat"
"8080",2065,"Femmine",100,12811,97985,56648,"Istat"
"8081",2066,"Maschi",0,126681,169641,217338,"Istat"
"8082",2066,"Maschi",1,128184,170095,216374,"Istat"
"8083",2066,"Maschi",2,129795,170489,215480,"Istat"
"8084",2066,"Maschi",3,131378,171154,214810,"Istat"
"8085",2066,"Maschi",4,133288,171936,214424,"Istat"
"8086",2066,"Maschi",5,135295,172954,214311,"Istat"
"8087",2066,"Maschi",6,137311,174319,214523,"Istat"
"8088",2066,"Maschi",7,139857,176056,215180,"Istat"
"8089",2066,"Maschi",8,142358,178248,216691,"Istat"
"8090",2066,"Maschi",9,145024,180596,218625,"Istat"
"8091",2066,"Maschi",10,148068,183406,220522,"Istat"
"8092",2066,"Maschi",11,151765,186415,223135,"Istat"
"8093",2066,"Maschi",12,155386,189697,225995,"Istat"
"8094",2066,"Maschi",13,159191,193362,229164,"Istat"
"8095",2066,"Maschi",14,163155,197120,232398,"Istat"
"8096",2066,"Maschi",15,167444,201184,236120,"Istat"
"8097",2066,"Maschi",16,171883,205368,240021,"Istat"
"8098",2066,"Maschi",17,176563,209971,244197,"Istat"
"8099",2066,"Maschi",18,181239,214904,249012,"Istat"
"8100",2066,"Maschi",19,186663,220076,254101,"Istat"
"8101",2066,"Maschi",20,191952,225353,259589,"Istat"
"8102",2066,"Maschi",21,197159,230734,265311,"Istat"
"8103",2066,"Maschi",22,201977,235598,270406,"Istat"
"8104",2066,"Maschi",23,206101,240164,275647,"Istat"
"8105",2066,"Maschi",24,209959,244247,280082,"Istat"
"8106",2066,"Maschi",25,212922,247961,283771,"Istat"
"8107",2066,"Maschi",26,216106,251004,286795,"Istat"
"8108",2066,"Maschi",27,218422,253892,289916,"Istat"
"8109",2066,"Maschi",28,220622,256309,292608,"Istat"
"8110",2066,"Maschi",29,222255,258255,295049,"Istat"
"8111",2066,"Maschi",30,223609,260018,296887,"Istat"
"8112",2066,"Maschi",31,224879,261512,299068,"Istat"
"8113",2066,"Maschi",32,225483,262362,299831,"Istat"
"8114",2066,"Maschi",33,225815,262846,300513,"Istat"
"8115",2066,"Maschi",34,226499,263674,301472,"Istat"
"8116",2066,"Maschi",35,227291,264372,301946,"Istat"
"8117",2066,"Maschi",36,227485,264853,302595,"Istat"
"8118",2066,"Maschi",37,228632,265373,303502,"Istat"
"8119",2066,"Maschi",38,229784,266120,304203,"Istat"
"8120",2066,"Maschi",39,230738,266860,304580,"Istat"
"8121",2066,"Maschi",40,231411,267465,305073,"Istat"
"8122",2066,"Maschi",41,232051,268066,305529,"Istat"
"8123",2066,"Maschi",42,237820,273982,310532,"Istat"
"8124",2066,"Maschi",43,246590,282396,318765,"Istat"
"8125",2066,"Maschi",44,250511,285988,322093,"Istat"
"8126",2066,"Maschi",45,254864,289943,325854,"Istat"
"8127",2066,"Maschi",46,262638,297195,332660,"Istat"
"8128",2066,"Maschi",47,273087,307075,342193,"Istat"
"8129",2066,"Maschi",48,282983,316398,351206,"Istat"
"8130",2066,"Maschi",49,289793,322638,357005,"Istat"
"8131",2066,"Maschi",50,296694,328956,362788,"Istat"
"8132",2066,"Maschi",51,304330,336131,369429,"Istat"
"8133",2066,"Maschi",52,308442,339657,372164,"Istat"
"8134",2066,"Maschi",53,320122,350782,382545,"Istat"
"8135",2066,"Maschi",54,325148,355134,386168,"Istat"
"8136",2066,"Maschi",55,334084,363341,393416,"Istat"
"8137",2066,"Maschi",56,338655,367198,396305,"Istat"
"8138",2066,"Maschi",57,342045,369799,397981,"Istat"
"8139",2066,"Maschi",58,342622,369560,396835,"Istat"
"8140",2066,"Maschi",59,344140,370377,396602,"Istat"
"8141",2066,"Maschi",60,344445,369840,395113,"Istat"
"8142",2066,"Maschi",61,347438,371939,396173,"Istat"
"8143",2066,"Maschi",62,339636,363145,386527,"Istat"
"8144",2066,"Maschi",63,333658,356280,378601,"Istat"
"8145",2066,"Maschi",64,333145,354855,376187,"Istat"
"8146",2066,"Maschi",65,337582,358279,378513,"Istat"
"8147",2066,"Maschi",66,331780,351511,370852,"Istat"
"8148",2066,"Maschi",67,331208,350019,368541,"Istat"
"8149",2066,"Maschi",68,322674,340526,357974,"Istat"
"8150",2066,"Maschi",69,317777,334832,351316,"Istat"
"8151",2066,"Maschi",70,310473,326735,342446,"Istat"
"8152",2066,"Maschi",71,306285,322028,337089,"Istat"
"8153",2066,"Maschi",72,303576,319047,333672,"Istat"
"8154",2066,"Maschi",73,308266,323907,338195,"Istat"
"8155",2066,"Maschi",74,298714,314319,328514,"Istat"
"8156",2066,"Maschi",75,297061,313300,327795,"Istat"
"8157",2066,"Maschi",76,285618,302600,317255,"Istat"
"8158",2066,"Maschi",77,283430,301500,316785,"Istat"
"8159",2066,"Maschi",78,267645,286213,301832,"Istat"
"8160",2066,"Maschi",79,257756,277419,293822,"Istat"
"8161",2066,"Maschi",80,253008,274186,291858,"Istat"
"8162",2066,"Maschi",81,244591,267548,286579,"Istat"
"8163",2066,"Maschi",82,234284,259480,279988,"Istat"
"8164",2066,"Maschi",83,225613,253382,276008,"Istat"
"8165",2066,"Maschi",84,209172,238872,263307,"Istat"
"8166",2066,"Maschi",85,195982,228413,255638,"Istat"
"8167",2066,"Maschi",86,180187,215056,244968,"Istat"
"8168",2066,"Maschi",87,167314,205605,239124,"Istat"
"8169",2066,"Maschi",88,148640,189048,225377,"Istat"
"8170",2066,"Maschi",89,130642,172854,211947,"Istat"
"8171",2066,"Maschi",90,112405,155808,197243,"Istat"
"8172",2066,"Maschi",91,93014,136536,179491,"Istat"
"8173",2066,"Maschi",92,71232,111637,153383,"Istat"
"8174",2066,"Maschi",93,53687,90680,131100,"Istat"
"8175",2066,"Maschi",94,38743,71303,109147,"Istat"
"8176",2066,"Maschi",95,26514,53741,87721,"Istat"
"8177",2066,"Maschi",96,17999,40640,71228,"Istat"
"8178",2066,"Maschi",97,11377,28958,54869,"Istat"
"8179",2066,"Maschi",98,6998,20272,41777,"Istat"
"8180",2066,"Maschi",99,4189,13936,31500,"Istat"
"8181",2066,"Maschi",100,2367,101495,22614,"Istat"
"8182",2066,"Femmine",0,119283,159737,204644,"Istat"
"8183",2066,"Femmine",1,120691,160148,203731,"Istat"
"8184",2066,"Femmine",2,122099,160485,202879,"Istat"
"8185",2066,"Femmine",3,123616,161067,202301,"Istat"
"8186",2066,"Femmine",4,125295,161759,201769,"Istat"
"8187",2066,"Femmine",5,127099,162675,201675,"Istat"
"8188",2066,"Femmine",6,129135,163922,201827,"Istat"
"8189",2066,"Femmine",7,131433,165524,202456,"Istat"
"8190",2066,"Femmine",8,133785,167559,203819,"Istat"
"8191",2066,"Femmine",9,136183,169732,205625,"Istat"
"8192",2066,"Femmine",10,138991,172324,207276,"Istat"
"8193",2066,"Femmine",11,142403,175075,209688,"Istat"
"8194",2066,"Femmine",12,145705,178038,212265,"Istat"
"8195",2066,"Femmine",13,149117,181296,215019,"Istat"
"8196",2066,"Femmine",14,152660,184549,217648,"Istat"
"8197",2066,"Femmine",15,156272,187963,220714,"Istat"
"8198",2066,"Femmine",16,159894,191319,223581,"Istat"
"8199",2066,"Femmine",17,163717,194814,226844,"Istat"
"8200",2066,"Femmine",18,167301,198380,230037,"Istat"
"8201",2066,"Femmine",19,171061,202046,233502,"Istat"
"8202",2066,"Femmine",20,175061,205803,237047,"Istat"
"8203",2066,"Femmine",21,179111,209737,240586,"Istat"
"8204",2066,"Femmine",22,182608,213284,244193,"Istat"
"8205",2066,"Femmine",23,186093,216619,247656,"Istat"
"8206",2066,"Femmine",24,188814,219539,250633,"Istat"
"8207",2066,"Femmine",25,191157,222170,253317,"Istat"
"8208",2066,"Femmine",26,193150,224239,255562,"Istat"
"8209",2066,"Femmine",27,195098,226227,257336,"Istat"
"8210",2066,"Femmine",28,196677,227831,258578,"Istat"
"8211",2066,"Femmine",29,197934,229048,260048,"Istat"
"8212",2066,"Femmine",30,198894,230144,261025,"Istat"
"8213",2066,"Femmine",31,199912,231018,262174,"Istat"
"8214",2066,"Femmine",32,200364,231298,262790,"Istat"
"8215",2066,"Femmine",33,200534,231244,262475,"Istat"
"8216",2066,"Femmine",34,200538,231520,262521,"Istat"
"8217",2066,"Femmine",35,201002,231686,262639,"Istat"
"8218",2066,"Femmine",36,201003,231673,262389,"Istat"
"8219",2066,"Femmine",37,201233,231728,262490,"Istat"
"8220",2066,"Femmine",38,201760,232036,262741,"Istat"
"8221",2066,"Femmine",39,202657,232381,262904,"Istat"
"8222",2066,"Femmine",40,203281,232648,262960,"Istat"
"8223",2066,"Femmine",41,203729,232962,263207,"Istat"
"8224",2066,"Femmine",42,209850,239241,268822,"Istat"
"8225",2066,"Femmine",43,217154,246531,276134,"Istat"
"8226",2066,"Femmine",44,223340,252539,282061,"Istat"
"8227",2066,"Femmine",45,225994,254921,284268,"Istat"
"8228",2066,"Femmine",46,235217,263893,293078,"Istat"
"8229",2066,"Femmine",47,243798,272261,301402,"Istat"
"8230",2066,"Femmine",48,253077,281198,310053,"Istat"
"8231",2066,"Femmine",49,260932,288684,317298,"Istat"
"8232",2066,"Femmine",50,266566,293990,322202,"Istat"
"8233",2066,"Femmine",51,273853,300815,328800,"Istat"
"8234",2066,"Femmine",52,277724,304266,331853,"Istat"
"8235",2066,"Femmine",53,288617,314695,341870,"Istat"
"8236",2066,"Femmine",54,292831,318446,345167,"Istat"
"8237",2066,"Femmine",55,299938,325110,351239,"Istat"
"8238",2066,"Femmine",56,304727,329352,354991,"Istat"
"8239",2066,"Femmine",57,308731,332826,357927,"Istat"
"8240",2066,"Femmine",58,307230,330773,355361,"Istat"
"8241",2066,"Femmine",59,307281,330191,354262,"Istat"
"8242",2066,"Femmine",60,305202,327546,350939,"Istat"
"8243",2066,"Femmine",61,308586,330413,353114,"Istat"
"8244",2066,"Femmine",62,302567,323886,345907,"Istat"
"8245",2066,"Femmine",63,299317,320033,341400,"Istat"
"8246",2066,"Femmine",64,299686,319744,340300,"Istat"
"8247",2066,"Femmine",65,302497,321891,341503,"Istat"
"8248",2066,"Femmine",66,297126,315979,334727,"Istat"
"8249",2066,"Femmine",67,295758,313882,332009,"Istat"
"8250",2066,"Femmine",68,294691,312037,329364,"Istat"
"8251",2066,"Femmine",69,294309,310997,327620,"Istat"
"8252",2066,"Femmine",70,292281,308297,324335,"Istat"
"8253",2066,"Femmine",71,294555,309981,325447,"Istat"
"8254",2066,"Femmine",72,298096,313032,327920,"Istat"
"8255",2066,"Femmine",73,307295,321763,336253,"Istat"
"8256",2066,"Femmine",74,303777,317897,331967,"Istat"
"8257",2066,"Femmine",75,305422,319179,332717,"Istat"
"8258",2066,"Femmine",76,302280,315908,329052,"Istat"
"8259",2066,"Femmine",77,304143,317832,330959,"Istat"
"8260",2066,"Femmine",78,294045,307912,321121,"Istat"
"8261",2066,"Femmine",79,289458,303675,317208,"Istat"
"8262",2066,"Femmine",80,291210,306257,320424,"Istat"
"8263",2066,"Femmine",81,287622,303725,318539,"Istat"
"8264",2066,"Femmine",82,282396,299839,315614,"Istat"
"8265",2066,"Femmine",83,280586,299740,317055,"Istat"
"8266",2066,"Femmine",84,269372,290446,309212,"Istat"
"8267",2066,"Femmine",85,259505,282933,303859,"Istat"
"8268",2066,"Femmine",86,250921,277352,301083,"Istat"
"8269",2066,"Femmine",87,242995,273143,300527,"Istat"
"8270",2066,"Femmine",88,228218,262025,293083,"Istat"
"8271",2066,"Femmine",89,212128,249935,285357,"Istat"
"8272",2066,"Femmine",90,194767,236060,275740,"Istat"
"8273",2066,"Femmine",91,173484,217632,261356,"Istat"
"8274",2066,"Femmine",92,145091,189328,234507,"Istat"
"8275",2066,"Femmine",93,119648,163271,209676,"Istat"
"8276",2066,"Femmine",94,96564,138694,185706,"Istat"
"8277",2066,"Femmine",95,74088,112757,158193,"Istat"
"8278",2066,"Femmine",96,57051,92917,137384,"Istat"
"8279",2066,"Femmine",97,41164,72311,113317,"Istat"
"8280",2066,"Femmine",98,29054,55520,92768,"Istat"
"8281",2066,"Femmine",99,19712,41339,74174,"Istat"
"8282",2066,"Femmine",100,12712,101495,57184,"Istat"
"8283",2067,"Maschi",0,126136,170385,219662,"Istat"
"8284",2067,"Maschi",1,127621,170824,218951,"Istat"
"8285",2067,"Maschi",2,129237,171210,217809,"Istat"
"8286",2067,"Maschi",3,130504,171516,216732,"Istat"
"8287",2067,"Maschi",4,132245,172105,215817,"Istat"
"8288",2067,"Maschi",5,133879,172828,215602,"Istat"
"8289",2067,"Maschi",6,135673,173795,215656,"Istat"
"8290",2067,"Maschi",7,137875,175117,215985,"Istat"
"8291",2067,"Maschi",8,140238,176820,216568,"Istat"
"8292",2067,"Maschi",9,142705,178994,217782,"Istat"
"8293",2067,"Maschi",10,145434,181337,219542,"Istat"
"8294",2067,"Maschi",11,148740,184158,221532,"Istat"
"8295",2067,"Maschi",12,152319,187196,224198,"Istat"
"8296",2067,"Maschi",13,155967,190533,227203,"Istat"
"8297",2067,"Maschi",14,159728,194293,230427,"Istat"
"8298",2067,"Maschi",15,163829,198206,233805,"Istat"
"8299",2067,"Maschi",16,168330,202517,237872,"Istat"
"8300",2067,"Maschi",17,172968,207102,242182,"Istat"
"8301",2067,"Maschi",18,178108,212171,247171,"Istat"
"8302",2067,"Maschi",19,183581,217540,252212,"Istat"
"8303",2067,"Maschi",20,189011,223089,258125,"Istat"
"8304",2067,"Maschi",21,194559,228644,264243,"Istat"
"8305",2067,"Maschi",22,199578,234162,270062,"Istat"
"8306",2067,"Maschi",23,204198,239013,275455,"Istat"
"8307",2067,"Maschi",24,208004,243454,280246,"Istat"
"8308",2067,"Maschi",25,211825,247360,284482,"Istat"
"8309",2067,"Maschi",26,214914,250900,287878,"Istat"
"8310",2067,"Maschi",27,217263,253794,291027,"Istat"
"8311",2067,"Maschi",28,219616,256554,294092,"Istat"
"8312",2067,"Maschi",29,221319,258851,296722,"Istat"
"8313",2067,"Maschi",30,223041,260674,299252,"Istat"
"8314",2067,"Maschi",31,224341,262310,301081,"Istat"
"8315",2067,"Maschi",32,225196,263673,302454,"Istat"
"8316",2067,"Maschi",33,225636,264389,303343,"Istat"
"8317",2067,"Maschi",34,226128,264739,304023,"Istat"
"8318",2067,"Maschi",35,226847,265431,304815,"Istat"
"8319",2067,"Maschi",36,227351,265993,305025,"Istat"
"8320",2067,"Maschi",37,227989,266339,305320,"Istat"
"8321",2067,"Maschi",38,228690,266726,306023,"Istat"
"8322",2067,"Maschi",39,229705,267342,306401,"Istat"
"8323",2067,"Maschi",40,230808,267957,306878,"Istat"
"8324",2067,"Maschi",41,231308,268441,307117,"Istat"
"8325",2067,"Maschi",42,232191,268929,307151,"Istat"
"8326",2067,"Maschi",43,237615,274736,312205,"Istat"
"8327",2067,"Maschi",44,246278,283046,320242,"Istat"
"8328",2067,"Maschi",45,250204,286546,323414,"Istat"
"8329",2067,"Maschi",46,254528,290414,326951,"Istat"
"8330",2067,"Maschi",47,262258,297582,333657,"Istat"
"8331",2067,"Maschi",48,272683,307380,342998,"Istat"
"8332",2067,"Maschi",49,282502,316623,351852,"Istat"
"8333",2067,"Maschi",50,289263,322786,357640,"Istat"
"8334",2067,"Maschi",51,296220,329025,363356,"Istat"
"8335",2067,"Maschi",52,303925,336119,369850,"Istat"
"8336",2067,"Maschi",53,307853,339567,372580,"Istat"
"8337",2067,"Maschi",54,319467,350598,382803,"Istat"
"8338",2067,"Maschi",55,324457,354862,386241,"Istat"
"8339",2067,"Maschi",56,333351,362969,393363,"Istat"
"8340",2067,"Maschi",57,337925,366729,396059,"Istat"
"8341",2067,"Maschi",58,341177,369229,397880,"Istat"
"8342",2067,"Maschi",59,341629,368887,396479,"Istat"
"8343",2067,"Maschi",60,343187,369589,396172,"Istat"
"8344",2067,"Maschi",61,343336,368928,394493,"Istat"
"8345",2067,"Maschi",62,346254,370881,395427,"Istat"
"8346",2067,"Maschi",63,338210,361971,385491,"Istat"
"8347",2067,"Maschi",64,332163,354978,377642,"Istat"
"8348",2067,"Maschi",65,331537,353388,374836,"Istat"
"8349",2067,"Maschi",66,335680,356607,377121,"Istat"
"8350",2067,"Maschi",67,329716,349670,369300,"Istat"
"8351",2067,"Maschi",68,328936,347964,366606,"Istat"
"8352",2067,"Maschi",69,320173,338288,355946,"Istat"
"8353",2067,"Maschi",70,315052,332359,349128,"Istat"
"8354",2067,"Maschi",71,307252,324012,339946,"Istat"
"8355",2067,"Maschi",72,302617,318985,334360,"Istat"
"8356",2067,"Maschi",73,299554,315626,330453,"Istat"
"8357",2067,"Maschi",74,303485,319959,334843,"Istat"
"8358",2067,"Maschi",75,293347,309963,324981,"Istat"
"8359",2067,"Maschi",76,290714,308353,323553,"Istat"
"8360",2067,"Maschi",77,278640,297129,312690,"Istat"
"8361",2067,"Maschi",78,275795,295236,311689,"Istat"
"8362",2067,"Maschi",79,259194,279352,296277,"Istat"
"8363",2067,"Maschi",80,248234,269715,287470,"Istat"
"8364",2067,"Maschi",81,242086,265338,284497,"Istat"
"8365",2067,"Maschi",82,231946,257462,278158,"Istat"
"8366",2067,"Maschi",83,220152,248002,270531,"Istat"
"8367",2067,"Maschi",84,209545,240175,265260,"Istat"
"8368",2067,"Maschi",85,191663,224212,251304,"Istat"
"8369",2067,"Maschi",86,176820,211929,241819,"Istat"
"8370",2067,"Maschi",87,159502,196871,229460,"Istat"
"8371",2067,"Maschi",88,144843,185338,221392,"Istat"
"8372",2067,"Maschi",89,125658,167432,205737,"Istat"
"8373",2067,"Maschi",90,107031,150099,190846,"Istat"
"8374",2067,"Maschi",91,89056,132432,175138,"Istat"
"8375",2067,"Maschi",92,71380,113356,156868,"Istat"
"8376",2067,"Maschi",93,52671,90347,131731,"Istat"
"8377",2067,"Maschi",94,38114,71417,110453,"Istat"
"8378",2067,"Maschi",95,26337,54554,90135,"Istat"
"8379",2067,"Maschi",96,17210,39915,71028,"Istat"
"8380",2067,"Maschi",97,11195,29361,56652,"Istat"
"8381",2067,"Maschi",98,6787,20349,42801,"Istat"
"8382",2067,"Maschi",99,3993,13808,31825,"Istat"
"8383",2067,"Maschi",100,2272,104264,23280,"Istat"
"8384",2067,"Femmine",0,118803,160439,206852,"Istat"
"8385",2067,"Femmine",1,120154,160838,206123,"Istat"
"8386",2067,"Femmine",2,121600,161169,205066,"Istat"
"8387",2067,"Femmine",3,122864,161413,203951,"Istat"
"8388",2067,"Femmine",4,124430,161927,203130,"Istat"
"8389",2067,"Femmine",5,125784,162566,202965,"Istat"
"8390",2067,"Femmine",6,127464,163439,202917,"Istat"
"8391",2067,"Femmine",7,129546,164653,203188,"Istat"
"8392",2067,"Femmine",8,131731,166228,203761,"Istat"
"8393",2067,"Femmine",9,134109,168239,204825,"Istat"
"8394",2067,"Femmine",10,136527,170393,206400,"Istat"
"8395",2067,"Femmine",11,139589,172967,208195,"Istat"
"8396",2067,"Femmine",12,142694,175702,210631,"Istat"
"8397",2067,"Femmine",13,146099,178652,213173,"Istat"
"8398",2067,"Femmine",14,149393,181908,215877,"Istat"
"8399",2067,"Femmine",15,152931,185181,218538,"Istat"
"8400",2067,"Femmine",16,156733,188658,221657,"Istat"
"8401",2067,"Femmine",17,160498,192136,224673,"Istat"
"8402",2067,"Femmine",18,164381,195833,228103,"Istat"
"8403",2067,"Femmine",19,168021,199687,231713,"Istat"
"8404",2067,"Femmine",20,172460,203703,235632,"Istat"
"8405",2067,"Femmine",21,176573,207805,239667,"Istat"
"8406",2067,"Femmine",22,180678,211973,243709,"Istat"
"8407",2067,"Femmine",23,184122,215578,247276,"Istat"
"8408",2067,"Femmine",24,187227,218840,250875,"Istat"
"8409",2067,"Femmine",25,189902,221655,253935,"Istat"
"8410",2067,"Femmine",26,192192,224200,256570,"Istat"
"8411",2067,"Femmine",27,194033,226211,258438,"Istat"
"8412",2067,"Femmine",28,195840,228159,260255,"Istat"
"8413",2067,"Femmine",29,197287,229727,261905,"Istat"
"8414",2067,"Femmine",30,198633,230903,263211,"Istat"
"8415",2067,"Femmine",31,199412,231948,264411,"Istat"
"8416",2067,"Femmine",32,200317,232762,265534,"Istat"
"8417",2067,"Femmine",33,200490,232977,265556,"Istat"
"8418",2067,"Femmine",34,200872,232853,265340,"Istat"
"8419",2067,"Femmine",35,200842,233056,265265,"Istat"
"8420",2067,"Femmine",36,201228,233150,265357,"Istat"
"8421",2067,"Femmine",37,201313,233066,264889,"Istat"
"8422",2067,"Femmine",38,201398,233053,265076,"Istat"
"8423",2067,"Femmine",39,201910,233296,265087,"Istat"
"8424",2067,"Femmine",40,202857,233581,265041,"Istat"
"8425",2067,"Femmine",41,203458,233791,265001,"Istat"
"8426",2067,"Femmine",42,203860,234050,265030,"Istat"
"8427",2067,"Femmine",43,210009,240275,270717,"Istat"
"8428",2067,"Femmine",44,217350,247510,277871,"Istat"
"8429",2067,"Femmine",45,223412,253465,283815,"Istat"
"8430",2067,"Femmine",46,225972,255799,285992,"Istat"
"8431",2067,"Femmine",47,235245,264720,294664,"Istat"
"8432",2067,"Femmine",48,243918,273035,302698,"Istat"
"8433",2067,"Femmine",49,253137,281917,311453,"Istat"
"8434",2067,"Femmine",50,260984,289344,318600,"Istat"
"8435",2067,"Femmine",51,266606,294588,323430,"Istat"
"8436",2067,"Femmine",52,273771,301346,329807,"Istat"
"8437",2067,"Femmine",53,277544,304728,332869,"Istat"
"8438",2067,"Femmine",54,288444,315078,342797,"Istat"
"8439",2067,"Femmine",55,292598,318755,345977,"Istat"
"8440",2067,"Femmine",56,299693,325338,352015,"Istat"
"8441",2067,"Femmine",57,304420,329497,355668,"Istat"
"8442",2067,"Femmine",58,308334,332885,358600,"Istat"
"8443",2067,"Femmine",59,306763,330750,355842,"Istat"
"8444",2067,"Femmine",60,306688,330078,354617,"Istat"
"8445",2067,"Femmine",61,304535,327341,351192,"Istat"
"8446",2067,"Femmine",62,307776,330101,353118,"Istat"
"8447",2067,"Femmine",63,301777,323483,345738,"Istat"
"8448",2067,"Femmine",64,298423,319527,341006,"Istat"
"8449",2067,"Femmine",65,298841,319123,339759,"Istat"
"8450",2067,"Femmine",66,301331,321147,340965,"Istat"
"8451",2067,"Femmine",67,296002,315136,334175,"Istat"
"8452",2067,"Femmine",68,294603,312922,331300,"Istat"
"8453",2067,"Femmine",69,293326,310945,328433,"Istat"
"8454",2067,"Femmine",70,292847,309749,326737,"Istat"
"8455",2067,"Femmine",71,290601,306884,323204,"Istat"
"8456",2067,"Femmine",72,292723,308364,324102,"Istat"
"8457",2067,"Femmine",73,295978,311168,326380,"Istat"
"8458",2067,"Femmine",74,304777,319579,334490,"Istat"
"8459",2067,"Femmine",75,300976,315439,329657,"Istat"
"8460",2067,"Femmine",76,302080,316345,330082,"Istat"
"8461",2067,"Femmine",77,298574,312672,326334,"Istat"
"8462",2067,"Femmine",78,299575,314049,327893,"Istat"
"8463",2067,"Femmine",79,289014,303621,317647,"Istat"
"8464",2067,"Femmine",80,283639,298687,313015,"Istat"
"8465",2067,"Femmine",81,284147,300287,315377,"Istat"
"8466",2067,"Femmine",82,279140,296696,312683,"Istat"
"8467",2067,"Femmine",83,272514,291609,308870,"Istat"
"8468",2067,"Femmine",84,268626,289950,309006,"Istat"
"8469",2067,"Femmine",85,255815,279138,299990,"Istat"
"8470",2067,"Femmine",86,243989,269799,292934,"Istat"
"8471",2067,"Femmine",87,232909,262010,288534,"Istat"
"8472",2067,"Femmine",88,221836,255213,285856,"Istat"
"8473",2067,"Femmine",89,205145,241698,276106,"Istat"
"8474",2067,"Femmine",90,187389,227221,265705,"Istat"
"8475",2067,"Femmine",91,168461,211252,253925,"Istat"
"8476",2067,"Femmine",92,146847,191462,237552,"Istat"
"8477",2067,"Femmine",93,119753,163539,210434,"Istat"
"8478",2067,"Femmine",94,95972,138291,185577,"Istat"
"8479",2067,"Femmine",95,75162,115021,161831,"Istat"
"8480",2067,"Femmine",96,55881,91467,135740,"Istat"
"8481",2067,"Femmine",97,41701,73676,115856,"Istat"
"8482",2067,"Femmine",98,29058,55876,93726,"Istat"
"8483",2067,"Femmine",99,19728,41622,75051,"Istat"
"8484",2067,"Femmine",100,12822,104264,58518,"Istat"
"8485",2068,"Maschi",0,125543,171033,221790,"Istat"
"8486",2068,"Maschi",1,127158,171567,221219,"Istat"
"8487",2068,"Maschi",2,128734,171937,220176,"Istat"
"8488",2068,"Maschi",3,130062,172234,218839,"Istat"
"8489",2068,"Maschi",4,131278,172464,217985,"Istat"
"8490",2068,"Maschi",5,132696,172995,217186,"Istat"
"8491",2068,"Maschi",6,134359,173667,216751,"Istat"
"8492",2068,"Maschi",7,136078,174590,216850,"Istat"
"8493",2068,"Maschi",8,138373,175878,217225,"Istat"
"8494",2068,"Maschi",9,140448,177562,217704,"Istat"
"8495",2068,"Maschi",10,143163,179732,219061,"Istat"
"8496",2068,"Maschi",11,145972,182087,220733,"Istat"
"8497",2068,"Maschi",12,149262,184936,222873,"Istat"
"8498",2068,"Maschi",13,152794,188030,225423,"Istat"
"8499",2068,"Maschi",14,156422,191462,228440,"Istat"
"8500",2068,"Maschi",15,160337,195377,231746,"Istat"
"8501",2068,"Maschi",16,164760,199537,235551,"Istat"
"8502",2068,"Maschi",17,169448,204248,240093,"Istat"
"8503",2068,"Maschi",18,174653,209299,245010,"Istat"
"8504",2068,"Maschi",19,180210,214805,250674,"Istat"
"8505",2068,"Maschi",20,185510,220551,256113,"Istat"
"8506",2068,"Maschi",21,191319,226376,262774,"Istat"
"8507",2068,"Maschi",22,196738,232069,269267,"Istat"
"8508",2068,"Maschi",23,201598,237572,274928,"Istat"
"8509",2068,"Maschi",24,205740,242296,279977,"Istat"
"8510",2068,"Maschi",25,210006,246560,284666,"Istat"
"8511",2068,"Maschi",26,213365,250291,288597,"Istat"
"8512",2068,"Maschi",27,216133,253681,291995,"Istat"
"8513",2068,"Maschi",28,218297,256448,295288,"Istat"
"8514",2068,"Maschi",29,220459,259087,298277,"Istat"
"8515",2068,"Maschi",30,222165,261261,301147,"Istat"
"8516",2068,"Maschi",31,223879,262957,303346,"Istat"
"8517",2068,"Maschi",32,224664,264463,304688,"Istat"
"8518",2068,"Maschi",33,225382,265693,306300,"Istat"
"8519",2068,"Maschi",34,226227,266274,307006,"Istat"
"8520",2068,"Maschi",35,226633,266489,307400,"Istat"
"8521",2068,"Maschi",36,227267,267047,307869,"Istat"
"8522",2068,"Maschi",37,227732,267473,308054,"Istat"
"8523",2068,"Maschi",38,228119,267687,307792,"Istat"
"8524",2068,"Maschi",39,228761,267944,308258,"Istat"
"8525",2068,"Maschi",40,229675,268435,308758,"Istat"
"8526",2068,"Maschi",41,230718,268929,308859,"Istat"
"8527",2068,"Maschi",42,231283,269301,308900,"Istat"
"8528",2068,"Maschi",43,232031,269683,308755,"Istat"
"8529",2068,"Maschi",44,237805,275389,313664,"Istat"
"8530",2068,"Maschi",45,246111,283604,321606,"Istat"
"8531",2068,"Maschi",46,249945,287019,324696,"Istat"
"8532",2068,"Maschi",47,254202,290806,327946,"Istat"
"8533",2068,"Maschi",48,261812,297895,334627,"Istat"
"8534",2068,"Maschi",49,272206,307614,343752,"Istat"
"8535",2068,"Maschi",50,282050,316777,352366,"Istat"
"8536",2068,"Maschi",51,288851,322863,358060,"Istat"
"8537",2068,"Maschi",52,295701,329025,363744,"Istat"
"8538",2068,"Maschi",53,303389,336037,370170,"Istat"
"8539",2068,"Maschi",54,307349,339405,372796,"Istat"
"8540",2068,"Maschi",55,318771,350339,382870,"Istat"
"8541",2068,"Maschi",56,323663,354513,386164,"Istat"
"8542",2068,"Maschi",57,332606,362517,393219,"Istat"
"8543",2068,"Maschi",58,337004,366175,395729,"Istat"
"8544",2068,"Maschi",59,340206,368568,397451,"Istat"
"8545",2068,"Maschi",60,340697,368116,395903,"Istat"
"8546",2068,"Maschi",61,342059,368693,395408,"Istat"
"8547",2068,"Maschi",62,342132,367896,393650,"Istat"
"8548",2068,"Maschi",63,344739,369694,394610,"Istat"
"8549",2068,"Maschi",64,336663,360663,384584,"Istat"
"8550",2068,"Maschi",65,330488,353532,376315,"Istat"
"8551",2068,"Maschi",66,329722,351764,373439,"Istat"
"8552",2068,"Maschi",67,333595,354763,375569,"Istat"
"8553",2068,"Maschi",68,327502,347644,367547,"Istat"
"8554",2068,"Maschi",69,326459,345705,364545,"Istat"
"8555",2068,"Maschi",70,317461,335824,353714,"Istat"
"8556",2068,"Maschi",71,311859,329625,346609,"Istat"
"8557",2068,"Maschi",72,303647,320994,337260,"Istat"
"8558",2068,"Maschi",73,298669,315613,331395,"Istat"
"8559",2068,"Maschi",74,294961,311834,327239,"Istat"
"8560",2068,"Maschi",75,298066,315581,331286,"Istat"
"8561",2068,"Maschi",76,287197,305127,320868,"Istat"
"8562",2068,"Maschi",77,283613,302844,319108,"Istat"
"8563",2068,"Maschi",78,271128,291022,307808,"Istat"
"8564",2068,"Maschi",79,267210,288230,306004,"Istat"
"8565",2068,"Maschi",80,249667,271666,289933,"Istat"
"8566",2068,"Maschi",81,237509,261080,280388,"Istat"
"8567",2068,"Maschi",82,229646,255412,276277,"Istat"
"8568",2068,"Maschi",83,217751,246140,269044,"Istat"
"8569",2068,"Maschi",84,204582,235148,260134,"Istat"
"8570",2068,"Maschi",85,192010,225492,253225,"Istat"
"8571",2068,"Maschi",86,172828,208095,237843,"Istat"
"8572",2068,"Maschi",87,156450,194055,226625,"Istat"
"8573",2068,"Maschi",88,138092,177485,212434,"Istat"
"8574",2068,"Maschi",89,122287,164157,202381,"Istat"
"8575",2068,"Maschi",90,102855,145395,185534,"Istat"
"8576",2068,"Maschi",91,85075,127552,169696,"Istat"
"8577",2068,"Maschi",92,68467,109914,153281,"Istat"
"8578",2068,"Maschi",93,52781,91695,134900,"Istat"
"8579",2068,"Maschi",94,37363,71109,111113,"Istat"
"8580",2068,"Maschi",95,25868,54600,91380,"Istat"
"8581",2068,"Maschi",96,17071,40482,73155,"Istat"
"8582",2068,"Maschi",97,10666,28809,56606,"Istat"
"8583",2068,"Maschi",98,6630,20608,44273,"Istat"
"8584",2068,"Maschi",99,3838,13843,32694,"Istat"
"8585",2068,"Maschi",100,2151,106114,23646,"Istat"
"8586",2068,"Femmine",0,118182,161050,208842,"Istat"
"8587",2068,"Femmine",1,119687,161539,208270,"Istat"
"8588",2068,"Femmine",2,121127,161858,207284,"Istat"
"8589",2068,"Femmine",3,122331,162096,206008,"Istat"
"8590",2068,"Femmine",4,123508,162272,205121,"Istat"
"8591",2068,"Femmine",5,124748,162732,204336,"Istat"
"8592",2068,"Femmine",6,126179,163329,203940,"Istat"
"8593",2068,"Femmine",7,127895,164169,204014,"Istat"
"8594",2068,"Femmine",8,130020,165355,204315,"Istat"
"8595",2068,"Femmine",9,131928,166907,204771,"Istat"
"8596",2068,"Femmine",10,134520,168898,205926,"Istat"
"8597",2068,"Femmine",11,137018,171034,207624,"Istat"
"8598",2068,"Femmine",12,139991,173593,209353,"Istat"
"8599",2068,"Femmine",13,143070,176315,211488,"Istat"
"8600",2068,"Femmine",14,146299,179263,214030,"Istat"
"8601",2068,"Femmine",15,149668,182539,216756,"Istat"
"8602",2068,"Femmine",16,153332,185875,219613,"Istat"
"8603",2068,"Femmine",17,157145,189474,222799,"Istat"
"8604",2068,"Femmine",18,161087,193155,226195,"Istat"
"8605",2068,"Femmine",19,164942,197140,229929,"Istat"
"8606",2068,"Femmine",20,169512,201344,233765,"Istat"
"8607",2068,"Femmine",21,173973,205705,238306,"Istat"
"8608",2068,"Femmine",22,178117,210041,242597,"Istat"
"8609",2068,"Femmine",23,182060,214266,246910,"Istat"
"8610",2068,"Femmine",24,185377,217798,250695,"Istat"
"8611",2068,"Femmine",25,188357,220953,254344,"Istat"
"8612",2068,"Femmine",26,190883,223681,257034,"Istat"
"8613",2068,"Femmine",27,192821,226168,259469,"Istat"
"8614",2068,"Femmine",28,194919,228139,261393,"Istat"
"8615",2068,"Femmine",29,196677,230051,263510,"Istat"
"8616",2068,"Femmine",30,197936,231578,265133,"Istat"
"8617",2068,"Femmine",31,199134,232703,266411,"Istat"
"8618",2068,"Femmine",32,199923,233689,267846,"Istat"
"8619",2068,"Femmine",33,200531,234437,268658,"Istat"
"8620",2068,"Femmine",34,201124,234582,268517,"Istat"
"8621",2068,"Femmine",35,200865,234386,267944,"Istat"
"8622",2068,"Femmine",36,201126,234518,267854,"Istat"
"8623",2068,"Femmine",37,201387,234541,267682,"Istat"
"8624",2068,"Femmine",38,201510,234389,267271,"Istat"
"8625",2068,"Femmine",39,201694,234312,267338,"Istat"
"8626",2068,"Femmine",40,202252,234494,267235,"Istat"
"8627",2068,"Femmine",41,203242,234722,267074,"Istat"
"8628",2068,"Femmine",42,203486,234878,266964,"Istat"
"8629",2068,"Femmine",43,204039,235085,266902,"Istat"
"8630",2068,"Femmine",44,210177,241256,272612,"Istat"
"8631",2068,"Femmine",45,217490,248439,279638,"Istat"
"8632",2068,"Femmine",46,223561,254344,285329,"Istat"
"8633",2068,"Femmine",47,226052,256631,287578,"Istat"
"8634",2068,"Femmine",48,235202,265499,296223,"Istat"
"8635",2068,"Femmine",49,243868,273761,304138,"Istat"
"8636",2068,"Femmine",50,253081,282584,312589,"Istat"
"8637",2068,"Femmine",51,260848,289948,319736,"Istat"
"8638",2068,"Femmine",52,266533,295127,324637,"Istat"
"8639",2068,"Femmine",53,273686,301814,330779,"Istat"
"8640",2068,"Femmine",54,277486,305126,333753,"Istat"
"8641",2068,"Femmine",55,288163,315394,343681,"Istat"
"8642",2068,"Femmine",56,292325,318995,346759,"Istat"
"8643",2068,"Femmine",57,299391,325493,352701,"Istat"
"8644",2068,"Femmine",58,304022,329566,356194,"Istat"
"8645",2068,"Femmine",59,307871,332863,358871,"Istat"
"8646",2068,"Femmine",60,306129,330641,356158,"Istat"
"8647",2068,"Femmine",61,306018,329875,354741,"Istat"
"8648",2068,"Femmine",62,303803,327043,351159,"Istat"
"8649",2068,"Femmine",63,306945,329689,353032,"Istat"
"8650",2068,"Femmine",64,300847,322975,345463,"Istat"
"8651",2068,"Femmine",65,297541,318916,340513,"Istat"
"8652",2068,"Femmine",66,297650,318398,339225,"Istat"
"8653",2068,"Femmine",67,300145,320297,340473,"Istat"
"8654",2068,"Femmine",68,294751,314183,333562,"Istat"
"8655",2068,"Femmine",69,293220,311841,330385,"Istat"
"8656",2068,"Femmine",70,291836,309714,327575,"Istat"
"8657",2068,"Femmine",71,291161,308349,325664,"Istat"
"8658",2068,"Femmine",72,288724,305306,321895,"Istat"
"8659",2068,"Femmine",73,290674,306556,322485,"Istat"
"8660",2068,"Femmine",74,293668,309091,324548,"Istat"
"8661",2068,"Femmine",75,301951,317139,332257,"Istat"
"8662",2068,"Femmine",76,297922,312675,327016,"Istat"
"8663",2068,"Femmine",77,298388,313146,327249,"Istat"
"8664",2068,"Femmine",78,294089,308997,323071,"Istat"
"8665",2068,"Femmine",79,294546,309723,324323,"Istat"
"8666",2068,"Femmine",80,283319,298688,313452,"Istat"
"8667",2068,"Femmine",81,276772,292924,308277,"Istat"
"8668",2068,"Femmine",82,275723,293410,309668,"Istat"
"8669",2068,"Femmine",83,269556,288621,306079,"Istat"
"8670",2068,"Femmine",84,261036,282161,301075,"Istat"
"8671",2068,"Femmine",85,255260,278745,299767,"Istat"
"8672",2068,"Femmine",86,240744,266266,289579,"Istat"
"8673",2068,"Femmine",87,226434,254962,280932,"Istat"
"8674",2068,"Femmine",88,212826,244883,274685,"Istat"
"8675",2068,"Femmine",89,199627,235494,269464,"Istat"
"8676",2068,"Femmine",90,180982,219808,257621,"Istat"
"8677",2068,"Femmine",91,161433,203397,244808,"Istat"
"8678",2068,"Femmine",92,141623,185912,231195,"Istat"
"8679",2068,"Femmine",93,120232,165433,213511,"Istat"
"8680",2068,"Femmine",94,95330,138562,186353,"Istat"
"8681",2068,"Femmine",95,74258,114733,161910,"Istat"
"8682",2068,"Femmine",96,56274,93331,138965,"Istat"
"8683",2068,"Femmine",97,40432,72555,114591,"Istat"
"8684",2068,"Femmine",98,29096,56949,96073,"Istat"
"8685",2068,"Femmine",99,19446,41902,75996,"Istat"
"8686",2068,"Femmine",100,12624,106114,59224,"Istat"
"8687",2069,"Maschi",0,124545,171530,224090,"Istat"
"8688",2069,"Maschi",1,126295,172212,223481,"Istat"
"8689",2069,"Maschi",2,127933,172677,222557,"Istat"
"8690",2069,"Maschi",3,129283,172958,221331,"Istat"
"8691",2069,"Maschi",4,130705,173180,219993,"Istat"
"8692",2069,"Maschi",5,131864,173351,219023,"Istat"
"8693",2069,"Maschi",6,133262,173830,218424,"Istat"
"8694",2069,"Maschi",7,134631,174459,217980,"Istat"
"8695",2069,"Maschi",8,136419,175348,217610,"Istat"
"8696",2069,"Maschi",9,138643,176618,218303,"Istat"
"8697",2069,"Maschi",10,140766,178299,218926,"Istat"
"8698",2069,"Maschi",11,143561,180480,220348,"Istat"
"8699",2069,"Maschi",12,146438,182863,222036,"Istat"
"8700",2069,"Maschi",13,149735,185768,223923,"Istat"
"8701",2069,"Maschi",14,153402,188957,226724,"Istat"
"8702",2069,"Maschi",15,157313,192545,229758,"Istat"
"8703",2069,"Maschi",16,161533,196707,233486,"Istat"
"8704",2069,"Maschi",17,166126,201267,237726,"Istat"
"8705",2069,"Maschi",18,171097,206445,243004,"Istat"
"8706",2069,"Maschi",19,176572,211932,248225,"Istat"
"8707",2069,"Maschi",20,182316,217814,254501,"Istat"
"8708",2069,"Maschi",21,188184,223836,261124,"Istat"
"8709",2069,"Maschi",22,193612,229798,267806,"Istat"
"8710",2069,"Maschi",23,198838,235475,273879,"Istat"
"8711",2069,"Maschi",24,203393,240851,279398,"Istat"
"8712",2069,"Maschi",25,207650,245397,284344,"Istat"
"8713",2069,"Maschi",26,211233,249484,288699,"Istat"
"8714",2069,"Maschi",27,214512,253065,292595,"Istat"
"8715",2069,"Maschi",28,217325,256328,296460,"Istat"
"8716",2069,"Maschi",29,219040,258974,299520,"Istat"
"8717",2069,"Maschi",30,221290,261490,302764,"Istat"
"8718",2069,"Maschi",31,223128,263538,305194,"Istat"
"8719",2069,"Maschi",32,224445,265104,307112,"Istat"
"8720",2069,"Maschi",33,224990,266477,308535,"Istat"
"8721",2069,"Maschi",34,225934,267573,309835,"Istat"
"8722",2069,"Maschi",35,226378,268019,310405,"Istat"
"8723",2069,"Maschi",36,227133,268099,310518,"Istat"
"8724",2069,"Maschi",37,227438,268522,310631,"Istat"
"8725",2069,"Maschi",38,228045,268817,310438,"Istat"
"8726",2069,"Maschi",39,228195,268901,310316,"Istat"
"8727",2069,"Maschi",40,228753,269033,310300,"Istat"
"8728",2069,"Maschi",41,229557,269405,310339,"Istat"
"8729",2069,"Maschi",42,230559,269787,310472,"Istat"
"8730",2069,"Maschi",43,231060,270053,310673,"Istat"
"8731",2069,"Maschi",44,231743,270339,310428,"Istat"
"8732",2069,"Maschi",45,237527,275951,315013,"Istat"
"8733",2069,"Maschi",46,246069,284079,322793,"Istat"
"8734",2069,"Maschi",47,249754,287414,325724,"Istat"
"8735",2069,"Maschi",48,253867,291125,329044,"Istat"
"8736",2069,"Maschi",49,261432,298138,335454,"Istat"
"8737",2069,"Maschi",50,271652,307779,344518,"Istat"
"8738",2069,"Maschi",51,281548,316863,352851,"Istat"
"8739",2069,"Maschi",52,288348,322873,358383,"Istat"
"8740",2069,"Maschi",53,295105,328956,363910,"Istat"
"8741",2069,"Maschi",54,302622,335885,370311,"Istat"
"8742",2069,"Maschi",55,306557,339171,372978,"Istat"
"8743",2069,"Maschi",56,318052,350004,382844,"Istat"
"8744",2069,"Maschi",57,322903,354085,385989,"Istat"
"8745",2069,"Maschi",58,331629,361981,392982,"Istat"
"8746",2069,"Maschi",59,336071,365532,395450,"Istat"
"8747",2069,"Maschi",60,339219,367811,396844,"Istat"
"8748",2069,"Maschi",61,339608,367238,395204,"Istat"
"8749",2069,"Maschi",62,340835,367678,394645,"Istat"
"8750",2069,"Maschi",63,340643,366738,392747,"Istat"
"8751",2069,"Maschi",64,343195,368372,393513,"Istat"
"8752",2069,"Maschi",65,334965,359210,383367,"Istat"
"8753",2069,"Maschi",66,328640,351930,374870,"Istat"
"8754",2069,"Maschi",67,327513,349972,371898,"Istat"
"8755",2069,"Maschi",68,331505,352734,373790,"Istat"
"8756",2069,"Maschi",69,325110,345415,365425,"Istat"
"8757",2069,"Maschi",70,323680,343217,362285,"Istat"
"8758",2069,"Maschi",71,314315,333098,351104,"Istat"
"8759",2069,"Maschi",72,308301,326593,343857,"Istat"
"8760",2069,"Maschi",73,299846,317647,334173,"Istat"
"8761",2069,"Maschi",74,294279,311871,327941,"Istat"
"8762",2069,"Maschi",75,289628,307622,323737,"Istat"
"8763",2069,"Maschi",76,292022,310712,327169,"Istat"
"8764",2069,"Maschi",77,280191,299734,316405,"Istat"
"8765",2069,"Maschi",78,275985,296685,314008,"Istat"
"8766",2069,"Maschi",79,262811,284181,302211,"Istat"
"8767",2069,"Maschi",80,257283,280370,299609,"Istat"
"8768",2069,"Maschi",81,238974,263037,282881,"Istat"
"8769",2069,"Maschi",82,225563,251377,272499,"Istat"
"8770",2069,"Maschi",83,215750,244248,267271,"Istat"
"8771",2069,"Maschi",84,202531,233439,258601,"Istat"
"8772",2069,"Maschi",85,187696,220831,248282,"Istat"
"8773",2069,"Maschi",86,173388,209321,239615,"Istat"
"8774",2069,"Maschi",87,153123,190586,223065,"Istat"
"8775",2069,"Maschi",88,135409,174967,210032,"Istat"
"8776",2069,"Maschi",89,116409,157195,194367,"Istat"
"8777",2069,"Maschi",90,100337,142530,182343,"Istat"
"8778",2069,"Maschi",91,81880,123528,164729,"Istat"
"8779",2069,"Maschi",92,65341,105812,148342,"Istat"
"8780",2069,"Maschi",93,50490,88855,131618,"Istat"
"8781",2069,"Maschi",94,37309,72112,113432,"Istat"
"8782",2069,"Maschi",95,25253,54311,91564,"Istat"
"8783",2069,"Maschi",96,16685,40471,73737,"Istat"
"8784",2069,"Maschi",97,10524,29180,57878,"Istat"
"8785",2069,"Maschi",98,6308,20191,43890,"Istat"
"8786",2069,"Maschi",99,3753,13996,33537,"Istat"
"8787",2069,"Maschi",100,2071,107463,24140,"Istat"
"8788",2069,"Femmine",0,117249,161519,210962,"Istat"
"8789",2069,"Femmine",1,118938,162150,210407,"Istat"
"8790",2069,"Femmine",2,120402,162559,209555,"Istat"
"8791",2069,"Femmine",3,121573,162784,208372,"Istat"
"8792",2069,"Femmine",4,122937,162954,207175,"Istat"
"8793",2069,"Femmine",5,123876,163077,206154,"Istat"
"8794",2069,"Femmine",6,125191,163494,205591,"Istat"
"8795",2069,"Femmine",7,126443,164058,205051,"Istat"
"8796",2069,"Femmine",8,128159,164870,204733,"Istat"
"8797",2069,"Femmine",9,130188,166033,205299,"Istat"
"8798",2069,"Femmine",10,132190,167565,205811,"Istat"
"8799",2069,"Femmine",11,134817,169539,207139,"Istat"
"8800",2069,"Femmine",12,137363,171659,208553,"Istat"
"8801",2069,"Femmine",13,140213,174205,210142,"Istat"
"8802",2069,"Femmine",14,143423,176925,212392,"Istat"
"8803",2069,"Femmine",15,146810,179894,214833,"Istat"
"8804",2069,"Femmine",16,150185,183233,217652,"Istat"
"8805",2069,"Femmine",17,153901,186691,220750,"Istat"
"8806",2069,"Femmine",18,157773,190493,224216,"Istat"
"8807",2069,"Femmine",19,161963,194463,227920,"Istat"
"8808",2069,"Femmine",20,166359,198798,232144,"Istat"
"8809",2069,"Femmine",21,170933,203348,236476,"Istat"
"8810",2069,"Femmine",22,175279,207942,241211,"Istat"
"8811",2069,"Femmine",23,179465,212335,245910,"Istat"
"8812",2069,"Femmine",24,183422,216485,250298,"Istat"
"8813",2069,"Femmine",25,186510,219909,254253,"Istat"
"8814",2069,"Femmine",26,189200,222977,257395,"Istat"
"8815",2069,"Femmine",27,191544,225646,259973,"Istat"
"8816",2069,"Femmine",28,193639,228093,262384,"Istat"
"8817",2069,"Femmine",29,195590,230029,264757,"Istat"
"8818",2069,"Femmine",30,197060,231900,267006,"Istat"
"8819",2069,"Femmine",31,198326,233376,268633,"Istat"
"8820",2069,"Femmine",32,199492,234441,269865,"Istat"
"8821",2069,"Femmine",33,200448,235362,270779,"Istat"
"8822",2069,"Femmine",34,200964,236040,271525,"Istat"
"8823",2069,"Femmine",35,201377,236113,271347,"Istat"
"8824",2069,"Femmine",36,201035,235846,270711,"Istat"
"8825",2069,"Femmine",37,201455,235907,270374,"Istat"
"8826",2069,"Femmine",38,201713,235863,269978,"Istat"
"8827",2069,"Femmine",39,201850,235647,269660,"Istat"
"8828",2069,"Femmine",40,201880,235509,269485,"Istat"
"8829",2069,"Femmine",41,202587,235635,269136,"Istat"
"8830",2069,"Femmine",42,203398,235809,268886,"Istat"
"8831",2069,"Femmine",43,203650,235912,268728,"Istat"
"8832",2069,"Femmine",44,204202,236069,268735,"Istat"
"8833",2069,"Femmine",45,210393,242189,274247,"Istat"
"8834",2069,"Femmine",46,217619,249321,281270,"Istat"
"8835",2069,"Femmine",47,223711,255178,286972,"Istat"
"8836",2069,"Femmine",48,226135,257417,288923,"Istat"
"8837",2069,"Femmine",49,235262,266232,297538,"Istat"
"8838",2069,"Femmine",50,243839,274436,305511,"Istat"
"8839",2069,"Femmine",51,253022,283196,313876,"Istat"
"8840",2069,"Femmine",52,260697,290493,320840,"Istat"
"8841",2069,"Femmine",53,266197,295604,325565,"Istat"
"8842",2069,"Femmine",54,273377,302218,331749,"Istat"
"8843",2069,"Femmine",55,277137,305459,334545,"Istat"
"8844",2069,"Femmine",56,287816,315642,344334,"Istat"
"8845",2069,"Femmine",57,292010,319164,347370,"Istat"
"8846",2069,"Femmine",58,299006,325574,353284,"Istat"
"8847",2069,"Femmine",59,303551,329555,356664,"Istat"
"8848",2069,"Femmine",60,307328,332756,359235,"Istat"
"8849",2069,"Femmine",61,305574,330442,356214,"Istat"
"8850",2069,"Femmine",62,305284,329577,354650,"Istat"
"8851",2069,"Femmine",63,303056,326647,350972,"Istat"
"8852",2069,"Femmine",64,306183,329173,352684,"Istat"
"8853",2069,"Femmine",65,300020,322363,345093,"Istat"
"8854",2069,"Femmine",66,296500,318202,340164,"Istat"
"8855",2069,"Femmine",67,296432,317569,338780,"Istat"
"8856",2069,"Femmine",68,298920,319337,339664,"Istat"
"8857",2069,"Femmine",69,293398,313110,332750,"Istat"
"8858",2069,"Femmine",70,291661,310621,329442,"Istat"
"8859",2069,"Femmine",71,290105,308333,326597,"Istat"
"8860",2069,"Femmine",72,289349,306785,324381,"Istat"
"8861",2069,"Femmine",73,286806,303542,320410,"Istat"
"8862",2069,"Femmine",74,288254,304540,320889,"Istat"
"8863",2069,"Femmine",75,291007,306768,322595,"Istat"
"8864",2069,"Femmine",76,298901,314395,329574,"Istat"
"8865",2069,"Femmine",77,294279,309553,324192,"Istat"
"8866",2069,"Femmine",78,294025,309512,324108,"Istat"
"8867",2069,"Femmine",79,289318,304792,319715,"Istat"
"8868",2069,"Femmine",80,288824,304747,320176,"Istat"
"8869",2069,"Femmine",81,276607,292985,308725,"Istat"
"8870",2069,"Femmine",82,268705,286280,302628,"Istat"
"8871",2069,"Femmine",83,266262,285501,303197,"Istat"
"8872",2069,"Femmine",84,258222,279342,298360,"Istat"
"8873",2069,"Femmine",85,248258,271336,292201,"Istat"
"8874",2069,"Femmine",86,239968,265975,289455,"Istat"
"8875",2069,"Femmine",87,223321,251708,277784,"Istat"
"8876",2069,"Femmine",88,207174,238379,267535,"Istat"
"8877",2069,"Femmine",89,191471,226027,258728,"Istat"
"8878",2069,"Femmine",90,176174,214237,251626,"Istat"
"8879",2069,"Femmine",91,156109,196827,237393,"Istat"
"8880",2069,"Femmine",92,136207,179045,223158,"Istat"
"8881",2069,"Femmine",93,116345,160690,207782,"Istat"
"8882",2069,"Femmine",94,96079,140209,189044,"Istat"
"8883",2069,"Femmine",95,74019,114995,162803,"Istat"
"8884",2069,"Femmine",96,55849,93135,139268,"Istat"
"8885",2069,"Femmine",97,40988,74054,117627,"Istat"
"8886",2069,"Femmine",98,28437,56105,95244,"Istat"
"8887",2069,"Femmine",99,19611,42721,78105,"Istat"
"8888",2069,"Femmine",100,12550,107463,60259,"Istat"
"8889",2070,"Maschi",0,123938,172153,226179,"Istat"
"8890",2070,"Maschi",1,125586,172708,225638,"Istat"
"8891",2070,"Maschi",2,127250,173320,224878,"Istat"
"8892",2070,"Maschi",3,128637,173696,223830,"Istat"
"8893",2070,"Maschi",4,129792,173901,222360,"Istat"
"8894",2070,"Maschi",5,131224,174064,221165,"Istat"
"8895",2070,"Maschi",6,132426,174184,220322,"Istat"
"8896",2070,"Maschi",7,133614,174620,219613,"Istat"
"8897",2070,"Maschi",8,135001,175215,219150,"Istat"
"8898",2070,"Maschi",9,136929,176086,218899,"Istat"
"8899",2070,"Maschi",10,139043,177352,219366,"Istat"
"8900",2070,"Maschi",11,141220,179044,220043,"Istat"
"8901",2070,"Maschi",12,144087,181254,221548,"Istat"
"8902",2070,"Maschi",13,146812,183693,223022,"Istat"
"8903",2070,"Maschi",14,150191,186693,225082,"Istat"
"8904",2070,"Maschi",15,154120,190038,228289,"Istat"
"8905",2070,"Maschi",16,158363,193872,231501,"Istat"
"8906",2070,"Maschi",17,162717,198434,235683,"Istat"
"8907",2070,"Maschi",18,167607,203461,240425,"Istat"
"8908",2070,"Maschi",19,173003,209075,246011,"Istat"
"8909",2070,"Maschi",20,178704,214938,252144,"Istat"
"8910",2070,"Maschi",21,184662,221096,259209,"Istat"
"8911",2070,"Maschi",22,190251,227254,265946,"Istat"
"8912",2070,"Maschi",23,195886,233200,272195,"Istat"
"8913",2070,"Maschi",24,200576,238748,278279,"Istat"
"8914",2070,"Maschi",25,205338,243945,283645,"Istat"
"8915",2070,"Maschi",26,209298,248314,288456,"Istat"
"8916",2070,"Maschi",27,212390,252252,292758,"Istat"
"8917",2070,"Maschi",28,215332,255705,297041,"Istat"
"8918",2070,"Maschi",29,218035,258847,300810,"Istat"
"8919",2070,"Maschi",30,219983,261370,304160,"Istat"
"8920",2070,"Maschi",31,222134,263761,306995,"Istat"
"8921",2070,"Maschi",32,223425,265678,309149,"Istat"
"8922",2070,"Maschi",33,224428,267112,310859,"Istat"
"8923",2070,"Maschi",34,225452,268351,312022,"Istat"
"8924",2070,"Maschi",35,226053,269312,313006,"Istat"
"8925",2070,"Maschi",36,226705,269624,313302,"Istat"
"8926",2070,"Maschi",37,227319,269570,313172,"Istat"
"8927",2070,"Maschi",38,227670,269861,313076,"Istat"
"8928",2070,"Maschi",39,227923,270027,312747,"Istat"
"8929",2070,"Maschi",40,228255,269987,312473,"Istat"
"8930",2070,"Maschi",41,228727,270000,311920,"Istat"
"8931",2070,"Maschi",42,229547,270259,311944,"Istat"
"8932",2070,"Maschi",43,230377,270537,312059,"Istat"
"8933",2070,"Maschi",44,230844,270706,312123,"Istat"
"8934",2070,"Maschi",45,231568,270903,311681,"Istat"
"8935",2070,"Maschi",46,237338,276430,316279,"Istat"
"8936",2070,"Maschi",47,245839,284475,323829,"Istat"
"8937",2070,"Maschi",48,249490,287736,326600,"Istat"
"8938",2070,"Maschi",49,253593,291375,329797,"Istat"
"8939",2070,"Maschi",50,261009,298314,336145,"Istat"
"8940",2070,"Maschi",51,271321,307877,345105,"Istat"
"8941",2070,"Maschi",52,281089,316883,353328,"Istat"
"8942",2070,"Maschi",53,287797,322815,358677,"Istat"
"8943",2070,"Maschi",54,294434,328818,364050,"Istat"
"8944",2070,"Maschi",55,301984,335660,370293,"Istat"
"8945",2070,"Maschi",56,305818,338863,372865,"Istat"
"8946",2070,"Maschi",57,317395,349593,382857,"Istat"
"8947",2070,"Maschi",58,322059,353576,385806,"Istat"
"8948",2070,"Maschi",59,330518,361358,392651,"Istat"
"8949",2070,"Maschi",60,334912,364793,395068,"Istat"
"8950",2070,"Maschi",61,338011,366947,396109,"Istat"
"8951",2070,"Maschi",62,338221,366242,394358,"Istat"
"8952",2070,"Maschi",63,339273,366536,393659,"Istat"
"8953",2070,"Maschi",64,339103,365446,391640,"Istat"
"8954",2070,"Maschi",65,341379,366902,392360,"Istat"
"8955",2070,"Maschi",66,333128,357599,381821,"Istat"
"8956",2070,"Maschi",67,326631,350161,373281,"Istat"
"8957",2070,"Maschi",68,325436,347997,370144,"Istat"
"8958",2070,"Maschi",69,329100,350499,371777,"Istat"
"8959",2070,"Maschi",70,322284,342957,363100,"Istat"
"8960",2070,"Maschi",71,320529,340461,359680,"Istat"
"8961",2070,"Maschi",72,310699,330071,348352,"Istat"
"8962",2070,"Maschi",73,304335,323227,340747,"Istat"
"8963",2070,"Maschi",74,295520,313927,330950,"Istat"
"8964",2070,"Maschi",75,289063,307709,324366,"Istat"
"8965",2070,"Maschi",76,283699,302932,319885,"Istat"
"8966",2070,"Maschi",77,284985,305276,322511,"Istat"
"8967",2070,"Maschi",78,272494,293696,311362,"Istat"
"8968",2070,"Maschi",79,267336,289776,308357,"Istat"
"8969",2070,"Maschi",80,253052,276494,295783,"Istat"
"8970",2070,"Maschi",81,246219,271531,292397,"Istat"
"8971",2070,"Maschi",82,226699,253323,275043,"Istat"
"8972",2070,"Maschi",83,212009,240443,263729,"Istat"
"8973",2070,"Maschi",84,200593,231700,257235,"Istat"
"8974",2070,"Maschi",85,185590,219264,247175,"Istat"
"8975",2070,"Maschi",86,169401,205032,235438,"Istat"
"8976",2070,"Maschi",87,153453,191723,224811,"Istat"
"8977",2070,"Maschi",88,132516,171853,206723,"Istat"
"8978",2070,"Maschi",89,114039,154955,192216,"Istat"
"8979",2070,"Maschi",90,95260,136450,175575,"Istat"
"8980",2070,"Maschi",91,79313,121045,162447,"Istat"
"8981",2070,"Maschi",92,62380,102420,144182,"Istat"
"8982",2070,"Maschi",93,47891,85467,127180,"Istat"
"8983",2070,"Maschi",94,35494,69810,110659,"Istat"
"8984",2070,"Maschi",95,25044,55013,93867,"Istat"
"8985",2070,"Maschi",96,16140,40202,74147,"Istat"
"8986",2070,"Maschi",97,10179,29127,58639,"Istat"
"8987",2070,"Maschi",98,6149,20416,45178,"Istat"
"8988",2070,"Maschi",99,3528,13687,33477,"Istat"
"8989",2070,"Maschi",100,2006,109028,24874,"Istat"
"8990",2070,"Femmine",0,116711,162107,213007,"Istat"
"8991",2070,"Femmine",1,118281,162619,212401,"Istat"
"8992",2070,"Femmine",2,119879,163169,211705,"Istat"
"8993",2070,"Femmine",3,121012,163485,210678,"Istat"
"8994",2070,"Femmine",4,122023,163642,209307,"Istat"
"8995",2070,"Femmine",5,123333,163758,208128,"Istat"
"8996",2070,"Femmine",6,124411,163838,207399,"Istat"
"8997",2070,"Femmine",7,125408,164222,206678,"Istat"
"8998",2070,"Femmine",8,126767,164758,206216,"Istat"
"8999",2070,"Femmine",9,128667,165548,205998,"Istat"
"9000",2070,"Femmine",10,130563,166691,206233,"Istat"
"9001",2070,"Femmine",11,132555,168205,206868,"Istat"
"9002",2070,"Femmine",12,135107,170163,208157,"Istat"
"9003",2070,"Femmine",13,137631,172271,209211,"Istat"
"9004",2070,"Femmine",14,140392,174815,210952,"Istat"
"9005",2070,"Femmine",15,143821,177556,213495,"Istat"
"9006",2070,"Femmine",16,147276,180587,215773,"Istat"
"9007",2070,"Femmine",17,150794,184049,218840,"Istat"
"9008",2070,"Femmine",18,154655,187711,222034,"Istat"
"9009",2070,"Femmine",19,158741,191801,226019,"Istat"
"9010",2070,"Femmine",20,163039,196122,230235,"Istat"
"9011",2070,"Femmine",21,167859,200802,234589,"Istat"
"9012",2070,"Femmine",22,172137,205585,239635,"Istat"
"9013",2070,"Femmine",23,176810,210236,244612,"Istat"
"9014",2070,"Femmine",24,180822,214553,249524,"Istat"
"9015",2070,"Femmine",25,184176,218595,253869,"Istat"
"9016",2070,"Femmine",26,186974,221931,256991,"Istat"
"9017",2070,"Femmine",27,189747,224940,260243,"Istat"
"9018",2070,"Femmine",28,192123,227569,263093,"Istat"
"9019",2070,"Femmine",29,194361,229980,265732,"Istat"
"9020",2070,"Femmine",30,196047,231875,268050,"Istat"
"9021",2070,"Femmine",31,197380,233695,270322,"Istat"
"9022",2070,"Femmine",32,198660,235112,271895,"Istat"
"9023",2070,"Femmine",33,199928,236113,273219,"Istat"
"9024",2070,"Femmine",34,200512,236963,273624,"Istat"
"9025",2070,"Femmine",35,201197,237570,274180,"Istat"
"9026",2070,"Femmine",36,201455,237572,273859,"Istat"
"9027",2070,"Femmine",37,201195,237234,273355,"Istat"
"9028",2070,"Femmine",38,201745,237228,272800,"Istat"
"9029",2070,"Femmine",39,202117,237120,272342,"Istat"
"9030",2070,"Femmine",40,202140,236844,271981,"Istat"
"9031",2070,"Femmine",41,202040,236649,271475,"Istat"
"9032",2070,"Femmine",42,202843,236721,270892,"Istat"
"9033",2070,"Femmine",43,203522,236843,270785,"Istat"
"9034",2070,"Femmine",44,203782,236896,270569,"Istat"
"9035",2070,"Femmine",45,204396,237005,270488,"Istat"
"9036",2070,"Femmine",46,210659,243075,275931,"Istat"
"9037",2070,"Femmine",47,217854,250159,282749,"Istat"
"9038",2070,"Femmine",48,223805,255966,288411,"Istat"
"9039",2070,"Femmine",49,226253,258157,290418,"Istat"
"9040",2070,"Femmine",50,235249,266915,298821,"Istat"
"9041",2070,"Femmine",51,243731,275057,306773,"Istat"
"9042",2070,"Femmine",52,252907,283750,315064,"Istat"
"9043",2070,"Femmine",53,260532,290978,321882,"Istat"
"9044",2070,"Femmine",54,266044,296019,326447,"Istat"
"9045",2070,"Femmine",55,273094,302558,332610,"Istat"
"9046",2070,"Femmine",56,276855,305725,335326,"Istat"
"9047",2070,"Femmine",57,287518,315822,345003,"Istat"
"9048",2070,"Femmine",58,291588,319261,347862,"Istat"
"9049",2070,"Femmine",59,298517,325576,353595,"Istat"
"9050",2070,"Femmine",60,302940,329461,356889,"Istat"
"9051",2070,"Femmine",61,306653,332560,359408,"Istat"
"9052",2070,"Femmine",62,304774,330152,356331,"Istat"
"9053",2070,"Femmine",63,304485,329184,354650,"Istat"
"9054",2070,"Femmine",64,302136,326149,350833,"Istat"
"9055",2070,"Femmine",65,305182,328553,352403,"Istat"
"9056",2070,"Femmine",66,298955,321650,344788,"Istat"
"9057",2070,"Femmine",67,295331,317387,339673,"Istat"
"9058",2070,"Femmine",68,295230,316635,338127,"Istat"
"9059",2070,"Femmine",69,297568,318260,338942,"Istat"
"9060",2070,"Femmine",70,291875,311904,331681,"Istat"
"9061",2070,"Femmine",71,290153,309257,328443,"Istat"
"9062",2070,"Femmine",72,288368,306794,325366,"Istat"
"9063",2070,"Femmine",73,287340,305040,322786,"Istat"
"9064",2070,"Femmine",74,284595,301578,318720,"Istat"
"9065",2070,"Femmine",75,285809,302291,318786,"Istat"
"9066",2070,"Femmine",76,288002,304159,320202,"Istat"
"9067",2070,"Femmine",77,295443,311301,326716,"Istat"
"9068",2070,"Femmine",78,290105,306012,321055,"Istat"
"9069",2070,"Femmine",79,289235,305359,320703,"Istat"
"9070",2070,"Femmine",80,283720,299961,315712,"Istat"
"9071",2070,"Femmine",81,282085,299001,315405,"Istat"
"9072",2070,"Femmine",82,268651,286417,303167,"Istat"
"9073",2070,"Femmine",83,259641,278647,296360,"Istat"
"9074",2070,"Femmine",84,255313,276422,295792,"Istat"
"9075",2070,"Femmine",85,245633,268721,289684,"Istat"
"9076",2070,"Femmine",86,233284,259011,282291,"Istat"
"9077",2070,"Femmine",87,222828,251545,277852,"Istat"
"9078",2070,"Femmine",88,204101,235450,264312,"Istat"
"9079",2070,"Femmine",89,186171,220139,252235,"Istat"
"9080",2070,"Femmine",90,168860,205726,241972,"Istat"
"9081",2070,"Femmine",91,151742,191947,232246,"Istat"
"9082",2070,"Femmine",92,131446,173366,216818,"Istat"
"9083",2070,"Femmine",93,111739,154843,201118,"Istat"
"9084",2070,"Femmine",94,93046,136284,184888,"Istat"
"9085",2070,"Femmine",95,74493,116447,165981,"Istat"
"9086",2070,"Femmine",96,55605,93423,140669,"Istat"
"9087",2070,"Femmine",97,40598,73968,118235,"Istat"
"9088",2070,"Femmine",98,28727,57313,97904,"Istat"
"9089",2070,"Femmine",99,19118,42131,77562,"Istat"
"9090",2070,"Femmine",100,12635,109028,62002,"Istat"
"9091",2071,"Maschi",0,123432,172571,228679,"Istat"
"9092",2071,"Maschi",1,124924,173333,227593,"Istat"
"9093",2071,"Maschi",2,126406,173818,226913,"Istat"
"9094",2071,"Maschi",3,127957,174341,226199,"Istat"
"9095",2071,"Maschi",4,129113,174641,225013,"Istat"
"9096",2071,"Maschi",5,130537,174788,223436,"Istat"
"9097",2071,"Maschi",6,131657,174899,222281,"Istat"
"9098",2071,"Maschi",7,132582,174975,221299,"Istat"
"9099",2071,"Maschi",8,133911,175378,220580,"Istat"
"9100",2071,"Maschi",9,135544,175954,220326,"Istat"
"9101",2071,"Maschi",10,137439,176822,220042,"Istat"
"9102",2071,"Maschi",11,139465,178099,220324,"Istat"
"9103",2071,"Maschi",12,141806,179820,221010,"Istat"
"9104",2071,"Maschi",13,144592,182086,222457,"Istat"
"9105",2071,"Maschi",14,147594,184620,224171,"Istat"
"9106",2071,"Maschi",15,151067,187777,226586,"Istat"
"9107",2071,"Maschi",16,154896,191368,229923,"Istat"
"9108",2071,"Maschi",17,159202,195604,233643,"Istat"
"9109",2071,"Maschi",18,164043,200634,238520,"Istat"
"9110",2071,"Maschi",19,169499,206098,243913,"Istat"
"9111",2071,"Maschi",20,175291,212088,250115,"Istat"
"9112",2071,"Maschi",21,180817,218228,257003,"Istat"
"9113",2071,"Maschi",22,186651,224522,263717,"Istat"
"9114",2071,"Maschi",23,192314,230664,270144,"Istat"
"9115",2071,"Maschi",24,197573,236481,276588,"Istat"
"9116",2071,"Maschi",25,202441,241851,282792,"Istat"
"9117",2071,"Maschi",26,206608,246870,288046,"Istat"
"9118",2071,"Maschi",27,210279,251089,292444,"Istat"
"9119",2071,"Maschi",28,213105,254899,297086,"Istat"
"9120",2071,"Maschi",29,215975,258231,301382,"Istat"
"9121",2071,"Maschi",30,218744,261249,305287,"Istat"
"9122",2071,"Maschi",31,220641,263647,308395,"Istat"
"9123",2071,"Maschi",32,222149,265907,310891,"Istat"
"9124",2071,"Maschi",33,223302,267691,312719,"Istat"
"9125",2071,"Maschi",34,224755,268991,314279,"Istat"
"9126",2071,"Maschi",35,225462,270095,315170,"Istat"
"9127",2071,"Maschi",36,226515,270921,315995,"Istat"
"9128",2071,"Maschi",37,226807,271099,316150,"Istat"
"9129",2071,"Maschi",38,227396,270913,315717,"Istat"
"9130",2071,"Maschi",39,227835,271075,315406,"Istat"
"9131",2071,"Maschi",40,228031,271116,315095,"Istat"
"9132",2071,"Maschi",41,228158,270957,314479,"Istat"
"9133",2071,"Maschi",42,228690,270857,313417,"Istat"
"9134",2071,"Maschi",43,229409,271013,313376,"Istat"
"9135",2071,"Maschi",44,230226,271194,313336,"Istat"
"9136",2071,"Maschi",45,230654,271274,313367,"Istat"
"9137",2071,"Maschi",46,231310,271389,312803,"Istat"
"9138",2071,"Maschi",47,237167,276836,317406,"Istat"
"9139",2071,"Maschi",48,245609,284803,324826,"Istat"
"9140",2071,"Maschi",49,249316,287993,327386,"Istat"
"9141",2071,"Maschi",50,253302,291561,330362,"Istat"
"9142",2071,"Maschi",51,260746,298426,336768,"Istat"
"9143",2071,"Maschi",52,270890,307912,345592,"Istat"
"9144",2071,"Maschi",53,280687,316838,353755,"Istat"
"9145",2071,"Maschi",54,287096,322692,358813,"Istat"
"9146",2071,"Maschi",55,293822,328612,364138,"Istat"
"9147",2071,"Maschi",56,301260,335365,370138,"Istat"
"9148",2071,"Maschi",57,305144,338481,372642,"Istat"
"9149",2071,"Maschi",58,316659,349102,382564,"Istat"
"9150",2071,"Maschi",59,321154,352982,385481,"Istat"
"9151",2071,"Maschi",60,329403,360642,392141,"Istat"
"9152",2071,"Maschi",61,333535,363951,394396,"Istat"
"9153",2071,"Maschi",62,336744,365967,395284,"Istat"
"9154",2071,"Maschi",63,336888,365122,393466,"Istat"
"9155",2071,"Maschi",64,337770,365262,392672,"Istat"
"9156",2071,"Maschi",65,337472,364008,390668,"Istat"
"9157",2071,"Maschi",66,339704,365272,390916,"Istat"
"9158",2071,"Maschi",67,331141,355819,380232,"Istat"
"9159",2071,"Maschi",68,324595,348209,371532,"Istat"
"9160",2071,"Maschi",69,323194,345820,368298,"Istat"
"9161",2071,"Maschi",70,326294,348032,369410,"Istat"
"9162",2071,"Maschi",71,319288,340231,360434,"Istat"
"9163",2071,"Maschi",72,316850,337398,356791,"Istat"
"9164",2071,"Maschi",73,306830,326705,345300,"Istat"
"9165",2071,"Maschi",74,299992,319479,337498,"Istat"
"9166",2071,"Maschi",75,290217,309783,327242,"Istat"
"9167",2071,"Maschi",76,283159,303066,320639,"Istat"
"9168",2071,"Maschi",77,277492,297685,315402,"Istat"
"9169",2071,"Maschi",78,277359,299178,317649,"Istat"
"9170",2071,"Maschi",79,264072,286908,305766,"Istat"
"9171",2071,"Maschi",80,257489,281994,302008,"Istat"
"9172",2071,"Maschi",81,242180,267828,289056,"Istat"
"9173",2071,"Maschi",82,233558,261555,284281,"Istat"
"9174",2071,"Maschi",83,213300,242349,266164,"Istat"
"9175",2071,"Maschi",84,197019,228123,253800,"Istat"
"9176",2071,"Maschi",85,183919,217661,245921,"Istat"
"9177",2071,"Maschi",86,167501,203585,234314,"Istat"
"9178",2071,"Maschi",87,149523,187794,220699,"Istat"
"9179",2071,"Maschi",88,132328,172852,208518,"Istat"
"9180",2071,"Maschi",89,111233,152167,189640,"Istat"
"9181",2071,"Maschi",90,93033,134451,173874,"Istat"
"9182",2071,"Maschi",91,75267,115803,156481,"Istat"
"9183",2071,"Maschi",92,60522,100273,142489,"Istat"
"9184",2071,"Maschi",93,45777,82639,124317,"Istat"
"9185",2071,"Maschi",94,33634,67051,107581,"Istat"
"9186",2071,"Maschi",95,23802,53170,91838,"Istat"
"9187",2071,"Maschi",96,16006,40645,76100,"Istat"
"9188",2071,"Maschi",97,9850,28873,59058,"Istat"
"9189",2071,"Maschi",98,5954,20332,45776,"Istat"
"9190",2071,"Maschi",99,3420,13804,34461,"Istat"
"9191",2071,"Maschi",100,1859,109428,24825,"Istat"
"9192",2071,"Femmine",0,116231,162502,215324,"Istat"
"9193",2071,"Femmine",1,117619,163212,214371,"Istat"
"9194",2071,"Femmine",2,119009,163642,213628,"Istat"
"9195",2071,"Femmine",3,120375,164099,212896,"Istat"
"9196",2071,"Femmine",4,121393,164346,211849,"Istat"
"9197",2071,"Femmine",5,122658,164449,210260,"Istat"
"9198",2071,"Femmine",6,123742,164523,209118,"Istat"
"9199",2071,"Femmine",7,124636,164569,208150,"Istat"
"9200",2071,"Femmine",8,125649,164926,207590,"Istat"
"9201",2071,"Femmine",9,127202,165439,207219,"Istat"
"9202",2071,"Femmine",10,128981,166208,206971,"Istat"
"9203",2071,"Femmine",11,130840,167334,207087,"Istat"
"9204",2071,"Femmine",12,133027,168832,207648,"Istat"
"9205",2071,"Femmine",13,135455,170778,208747,"Istat"
"9206",2071,"Femmine",14,137875,172884,210131,"Istat"
"9207",2071,"Femmine",15,140840,175449,211959,"Istat"
"9208",2071,"Femmine",16,144136,178252,214512,"Istat"
"9209",2071,"Femmine",17,147856,181408,217064,"Istat"
"9210",2071,"Femmine",18,151636,185073,220121,"Istat"
"9211",2071,"Femmine",19,155571,189024,223664,"Istat"
"9212",2071,"Femmine",20,159949,193467,228064,"Istat"
"9213",2071,"Femmine",21,164673,198134,232367,"Istat"
"9214",2071,"Femmine",22,169321,203049,237886,"Istat"
"9215",2071,"Femmine",23,173601,207888,243147,"Istat"
"9216",2071,"Femmine",24,177838,212463,248410,"Istat"
"9217",2071,"Femmine",25,181522,216672,253014,"Istat"
"9218",2071,"Femmine",26,184851,220626,256423,"Istat"
"9219",2071,"Femmine",27,187761,223903,260168,"Istat"
"9220",2071,"Femmine",28,190425,226872,263269,"Istat"
"9221",2071,"Femmine",29,192551,229465,266302,"Istat"
"9222",2071,"Femmine",30,194611,231835,269339,"Istat"
"9223",2071,"Femmine",31,196302,233679,271617,"Istat"
"9224",2071,"Femmine",32,197843,235440,273480,"Istat"
"9225",2071,"Femmine",33,199258,236792,274924,"Istat"
"9226",2071,"Femmine",34,200024,237722,275768,"Istat"
"9227",2071,"Femmine",35,200935,238501,276527,"Istat"
"9228",2071,"Femmine",36,201533,239036,276672,"Istat"
"9229",2071,"Femmine",37,201509,238967,276307,"Istat"
"9230",2071,"Femmine",38,201445,238562,275533,"Istat"
"9231",2071,"Femmine",39,201928,238491,275002,"Istat"
"9232",2071,"Femmine",40,202171,238322,274586,"Istat"
"9233",2071,"Femmine",41,202401,237989,274103,"Istat"
"9234",2071,"Femmine",42,202262,237741,273318,"Istat"
"9235",2071,"Femmine",43,203042,237761,272899,"Istat"
"9236",2071,"Femmine",44,203590,237833,272742,"Istat"
"9237",2071,"Femmine",45,203872,237838,272437,"Istat"
"9238",2071,"Femmine",46,204563,237900,272186,"Istat"
"9239",2071,"Femmine",47,210738,243922,277667,"Istat"
"9240",2071,"Femmine",48,218030,250956,284398,"Istat"
"9241",2071,"Femmine",49,224042,256713,289777,"Istat"
"9242",2071,"Femmine",50,226381,258853,291661,"Istat"
"9243",2071,"Femmine",51,235342,267549,300151,"Istat"
"9244",2071,"Femmine",52,243755,275626,307824,"Istat"
"9245",2071,"Femmine",53,252741,284249,316173,"Istat"
"9246",2071,"Femmine",54,260376,291406,322905,"Istat"
"9247",2071,"Femmine",55,265834,296374,327399,"Istat"
"9248",2071,"Femmine",56,272832,302836,333447,"Istat"
"9249",2071,"Femmine",57,276510,305928,336032,"Istat"
"9250",2071,"Femmine",58,287183,315932,345553,"Istat"
"9251",2071,"Femmine",59,291084,319283,348299,"Istat"
"9252",2071,"Femmine",60,297905,325499,353997,"Istat"
"9253",2071,"Femmine",61,302338,329282,357199,"Istat"
"9254",2071,"Femmine",62,305922,332275,359539,"Istat"
"9255",2071,"Femmine",63,304018,329768,356406,"Istat"
"9256",2071,"Femmine",64,303661,328692,354588,"Istat"
"9257",2071,"Femmine",65,301138,325551,350556,"Istat"
"9258",2071,"Femmine",66,304167,327834,352093,"Istat"
"9259",2071,"Femmine",67,297812,320838,344231,"Istat"
"9260",2071,"Femmine",68,294080,316470,339095,"Istat"
"9261",2071,"Femmine",69,293909,315587,337300,"Istat"
"9262",2071,"Femmine",70,295927,317050,338007,"Istat"
"9263",2071,"Femmine",71,290451,310555,330685,"Istat"
"9264",2071,"Femmine",72,288305,307737,327363,"Istat"
"9265",2071,"Femmine",73,286477,305077,323811,"Istat"
"9266",2071,"Femmine",74,285191,303098,321213,"Istat"
"9267",2071,"Femmine",75,282087,299385,316688,"Istat"
"9268",2071,"Femmine",76,283017,299763,316468,"Istat"
"9269",2071,"Femmine",77,284806,301216,317381,"Istat"
"9270",2071,"Femmine",78,291272,307790,323602,"Istat"
"9271",2071,"Femmine",79,285418,301963,317644,"Istat"
"9272",2071,"Femmine",80,283926,300584,316729,"Istat"
"9273",2071,"Femmine",81,277335,294375,310986,"Istat"
"9274",2071,"Femmine",82,274029,292376,309790,"Istat"
"9275",2071,"Femmine",83,259499,278862,296825,"Istat"
"9276",2071,"Femmine",84,248986,269871,289178,"Istat"
"9277",2071,"Femmine",85,242754,266013,287116,"Istat"
"9278",2071,"Femmine",86,230847,256609,279872,"Istat"
"9279",2071,"Femmine",87,216800,245060,271077,"Istat"
"9280",2071,"Femmine",88,204024,235405,264541,"Istat"
"9281",2071,"Femmine",89,183667,217541,249588,"Istat"
"9282",2071,"Femmine",90,164014,200470,236099,"Istat"
"9283",2071,"Femmine",91,145248,184407,223535,"Istat"
"9284",2071,"Femmine",92,127527,169158,212150,"Istat"
"9285",2071,"Femmine",93,107631,150017,195479,"Istat"
"9286",2071,"Femmine",94,88990,131396,178918,"Istat"
"9287",2071,"Femmine",95,71837,113263,161948,"Istat"
"9288",2071,"Femmine",96,55741,94668,143089,"Istat"
"9289",2071,"Femmine",97,40267,74253,119371,"Istat"
"9290",2071,"Femmine",98,28334,57296,98620,"Istat"
"9291",2071,"Femmine",99,19214,43072,79964,"Istat"
"9292",2071,"Femmine",100,12232,109428,61789,"Istat"
"9293",2072,"Maschi",0,122375,172808,230618,"Istat"
"9294",2072,"Maschi",1,124391,173745,229981,"Istat"
"9295",2072,"Maschi",2,125914,174437,229095,"Istat"
"9296",2072,"Maschi",3,127246,174832,228133,"Istat"
"9297",2072,"Maschi",4,128628,175279,227203,"Istat"
"9298",2072,"Maschi",5,129874,175520,226166,"Istat"
"9299",2072,"Maschi",6,131087,175615,224526,"Istat"
"9300",2072,"Maschi",7,131964,175683,223213,"Istat"
"9301",2072,"Maschi",8,132980,175726,222361,"Istat"
"9302",2072,"Maschi",9,134127,176111,221834,"Istat"
"9303",2072,"Maschi",10,135842,176684,221350,"Istat"
"9304",2072,"Maschi",11,137586,177563,220912,"Istat"
"9305",2072,"Maschi",12,139711,178869,221228,"Istat"
"9306",2072,"Maschi",13,142134,180646,221979,"Istat"
"9307",2072,"Maschi",14,145079,183007,223556,"Istat"
"9308",2072,"Maschi",15,148211,185697,225538,"Istat"
"9309",2072,"Maschi",16,151734,189101,228287,"Istat"
"9310",2072,"Maschi",17,155872,193093,232126,"Istat"
"9311",2072,"Maschi",18,160573,197795,236424,"Istat"
"9312",2072,"Maschi",19,166074,203260,241881,"Istat"
"9313",2072,"Maschi",20,171419,209100,247989,"Istat"
"9314",2072,"Maschi",21,177204,215365,254671,"Istat"
"9315",2072,"Maschi",22,182853,221640,261180,"Istat"
"9316",2072,"Maschi",23,188657,227916,268035,"Istat"
"9317",2072,"Maschi",24,194357,233928,274966,"Istat"
"9318",2072,"Maschi",25,199045,239565,280920,"Istat"
"9319",2072,"Maschi",26,203606,244755,286888,"Istat"
"9320",2072,"Maschi",27,207771,249624,291906,"Istat"
"9321",2072,"Maschi",28,210866,253715,297173,"Istat"
"9322",2072,"Maschi",29,213747,257403,301992,"Istat"
"9323",2072,"Maschi",30,216592,260614,305977,"Istat"
"9324",2072,"Maschi",31,218975,263507,309425,"Istat"
"9325",2072,"Maschi",32,220699,265775,312196,"Istat"
"9326",2072,"Maschi",33,222087,267902,314389,"Istat"
"9327",2072,"Maschi",34,223589,269554,316445,"Istat"
"9328",2072,"Maschi",35,224960,270719,317585,"Istat"
"9329",2072,"Maschi",36,225632,271690,318089,"Istat"
"9330",2072,"Maschi",37,226481,272382,318746,"Istat"
"9331",2072,"Maschi",38,226969,272429,318765,"Istat"
"9332",2072,"Maschi",39,227318,272115,317890,"Istat"
"9333",2072,"Maschi",40,227767,272153,317481,"Istat"
"9334",2072,"Maschi",41,228004,272076,316879,"Istat"
"9335",2072,"Maschi",42,228129,271805,316161,"Istat"
"9336",2072,"Maschi",43,228487,271603,315271,"Istat"
"9337",2072,"Maschi",44,229244,271662,315018,"Istat"
"9338",2072,"Maschi",45,229852,271754,314695,"Istat"
"9339",2072,"Maschi",46,230337,271754,314357,"Istat"
"9340",2072,"Maschi",47,231048,271794,314029,"Istat"
"9341",2072,"Maschi",48,237070,277166,318343,"Istat"
"9342",2072,"Maschi",49,245444,285059,325804,"Istat"
"9343",2072,"Maschi",50,249127,288180,328201,"Istat"
"9344",2072,"Maschi",51,252924,291678,330966,"Istat"
"9345",2072,"Maschi",52,260440,298470,337164,"Istat"
"9346",2072,"Maschi",53,270515,307878,345931,"Istat"
"9347",2072,"Maschi",54,280068,316723,354058,"Istat"
"9348",2072,"Maschi",55,286651,322496,359024,"Istat"
"9349",2072,"Maschi",56,293184,328331,364080,"Istat"
"9350",2072,"Maschi",57,300561,334993,369983,"Istat"
"9351",2072,"Maschi",58,304445,338020,372418,"Istat"
"9352",2072,"Maschi",59,315722,348525,382091,"Istat"
"9353",2072,"Maschi",60,320162,352294,384884,"Istat"
"9354",2072,"Maschi",61,328370,359819,391443,"Istat"
"9355",2072,"Maschi",62,332506,362990,393668,"Istat"
"9356",2072,"Maschi",63,335399,364861,394593,"Istat"
"9357",2072,"Maschi",64,335404,363868,392558,"Istat"
"9358",2072,"Maschi",65,336325,363841,391687,"Istat"
"9359",2072,"Maschi",66,335591,362410,389234,"Istat"
"9360",2072,"Maschi",67,337630,363468,389208,"Istat"
"9361",2072,"Maschi",68,329065,353852,378471,"Istat"
"9362",2072,"Maschi",69,322319,346054,369811,"Istat"
"9363",2072,"Maschi",70,320671,343413,366072,"Istat"
"9364",2072,"Maschi",71,323237,345293,366629,"Istat"
"9365",2072,"Maschi",72,315753,337197,357593,"Istat"
"9366",2072,"Maschi",73,312908,333989,353676,"Istat"
"9367",2072,"Maschi",74,302585,322955,342042,"Istat"
"9368",2072,"Maschi",75,294831,315301,333852,"Istat"
"9369",2072,"Maschi",76,284483,305157,323434,"Istat"
"9370",2072,"Maschi",77,276827,297867,316172,"Istat"
"9371",2072,"Maschi",78,269986,291793,310426,"Istat"
"9372",2072,"Maschi",79,268707,292318,312023,"Istat"
"9373",2072,"Maschi",80,254491,279256,299613,"Istat"
"9374",2072,"Maschi",81,246559,273214,295162,"Istat"
"9375",2072,"Maschi",82,229935,258038,281064,"Istat"
"9376",2072,"Maschi",83,219759,250275,275386,"Istat"
"9377",2072,"Maschi",84,198236,229972,256483,"Istat"
"9378",2072,"Maschi",85,180898,214325,242745,"Istat"
"9379",2072,"Maschi",86,165596,202116,233139,"Istat"
"9380",2072,"Maschi",87,147513,186466,219655,"Istat"
"9381",2072,"Maschi",88,128607,169297,204909,"Istat"
"9382",2072,"Maschi",89,110854,153011,191335,"Istat"
"9383",2072,"Maschi",90,90459,131988,171349,"Istat"
"9384",2072,"Maschi",91,73213,114042,154957,"Istat"
"9385",2072,"Maschi",92,56910,95847,137079,"Istat"
"9386",2072,"Maschi",93,43959,80819,122542,"Istat"
"9387",2072,"Maschi",94,31831,64750,104905,"Istat"
"9388",2072,"Maschi",95,22320,50985,88900,"Istat"
"9389",2072,"Maschi",96,15018,39213,74270,"Istat"
"9390",2072,"Maschi",97,9638,29132,60461,"Istat"
"9391",2072,"Maschi",98,5673,20109,45998,"Istat"
"9392",2072,"Maschi",99,3262,13713,34830,"Istat"
"9393",2072,"Maschi",100,1787,110403,25465,"Istat"
"9394",2072,"Femmine",0,115265,162726,217129,"Istat"
"9395",2072,"Femmine",1,117133,163602,216601,"Istat"
"9396",2072,"Femmine",2,118521,164230,215716,"Istat"
"9397",2072,"Femmine",3,119771,164567,214833,"Istat"
"9398",2072,"Femmine",4,120930,164955,213785,"Istat"
"9399",2072,"Femmine",5,122062,165148,212832,"Istat"
"9400",2072,"Femmine",6,123262,165209,211394,"Istat"
"9401",2072,"Femmine",7,124011,165249,210060,"Istat"
"9402",2072,"Femmine",8,124887,165268,209225,"Istat"
"9403",2072,"Femmine",9,125962,165601,208770,"Istat"
"9404",2072,"Femmine",10,127513,166095,208291,"Istat"
"9405",2072,"Femmine",11,129067,166847,207716,"Istat"
"9406",2072,"Femmine",12,131033,167957,207839,"Istat"
"9407",2072,"Femmine",13,133008,169443,208325,"Istat"
"9408",2072,"Femmine",14,135603,171387,209519,"Istat"
"9409",2072,"Femmine",15,138288,173514,210958,"Istat"
"9410",2072,"Femmine",16,141181,176141,212773,"Istat"
"9411",2072,"Femmine",17,144557,179069,215509,"Istat"
"9412",2072,"Femmine",18,148241,182428,218341,"Istat"
"9413",2072,"Femmine",19,152267,186382,221800,"Istat"
"9414",2072,"Femmine",20,156515,190685,225911,"Istat"
"9415",2072,"Femmine",21,161410,195474,230561,"Istat"
"9416",2072,"Femmine",22,166061,200374,235790,"Istat"
"9417",2072,"Femmine",23,170520,205343,241473,"Istat"
"9418",2072,"Femmine",24,174595,210105,246878,"Istat"
"9419",2072,"Femmine",25,178572,214570,251416,"Istat"
"9420",2072,"Femmine",26,182197,218689,255519,"Istat"
"9421",2072,"Femmine",27,185636,222583,259664,"Istat"
"9422",2072,"Femmine",28,188381,225820,263118,"Istat"
"9423",2072,"Femmine",29,190760,228754,266736,"Istat"
"9424",2072,"Femmine",30,193087,231307,269975,"Istat"
"9425",2072,"Femmine",31,194837,233626,272542,"Istat"
"9426",2072,"Femmine",32,196439,235412,274911,"Istat"
"9427",2072,"Femmine",33,198148,237108,276594,"Istat"
"9428",2072,"Femmine",34,199422,238390,277701,"Istat"
"9429",2072,"Femmine",35,200137,239249,278829,"Istat"
"9430",2072,"Femmine",36,201089,239957,278953,"Istat"
"9431",2072,"Femmine",37,201832,240422,278816,"Istat"
"9432",2072,"Femmine",38,201818,240286,278422,"Istat"
"9433",2072,"Femmine",39,201820,239817,277747,"Istat"
"9434",2072,"Femmine",40,202049,239686,277139,"Istat"
"9435",2072,"Femmine",41,202355,239460,276738,"Istat"
"9436",2072,"Femmine",42,202388,239074,275743,"Istat"
"9437",2072,"Femmine",43,202548,238775,275269,"Istat"
"9438",2072,"Femmine",44,203116,238745,274788,"Istat"
"9439",2072,"Femmine",45,203703,238768,274439,"Istat"
"9440",2072,"Femmine",46,203985,238728,274146,"Istat"
"9441",2072,"Femmine",47,204585,238746,273770,"Istat"
"9442",2072,"Femmine",48,210740,244720,279170,"Istat"
"9443",2072,"Femmine",49,218064,251704,285951,"Istat"
"9444",2072,"Femmine",50,224032,257407,291294,"Istat"
"9445",2072,"Femmine",51,226459,259492,292883,"Istat"
"9446",2072,"Femmine",52,235370,268123,301209,"Istat"
"9447",2072,"Femmine",53,243743,276132,308927,"Istat"
"9448",2072,"Femmine",54,252609,284683,316996,"Istat"
"9449",2072,"Femmine",55,260186,291766,323792,"Istat"
"9450",2072,"Femmine",56,265608,296661,328247,"Istat"
"9451",2072,"Femmine",57,272558,303044,334228,"Istat"
"9452",2072,"Femmine",58,276164,306055,336720,"Istat"
"9453",2072,"Femmine",59,286655,315962,345969,"Istat"
"9454",2072,"Femmine",60,290511,319221,348607,"Istat"
"9455",2072,"Femmine",61,297265,325331,354232,"Istat"
"9456",2072,"Femmine",62,301549,329009,357482,"Istat"
"9457",2072,"Femmine",63,305133,331891,359575,"Istat"
"9458",2072,"Femmine",64,303145,329280,356280,"Istat"
"9459",2072,"Femmine",65,302713,328094,354326,"Istat"
"9460",2072,"Femmine",66,300275,324851,350279,"Istat"
"9461",2072,"Femmine",67,303044,327011,351588,"Istat"
"9462",2072,"Femmine",68,296653,319919,343598,"Istat"
"9463",2072,"Femmine",69,292766,315436,338191,"Istat"
"9464",2072,"Femmine",70,292360,314404,336428,"Istat"
"9465",2072,"Femmine",71,294485,315694,336910,"Istat"
"9466",2072,"Femmine",72,288604,309047,329671,"Istat"
"9467",2072,"Femmine",73,286454,306038,325924,"Istat"
"9468",2072,"Femmine",74,284315,303161,322168,"Istat"
"9469",2072,"Femmine",75,282670,300925,319140,"Istat"
"9470",2072,"Femmine",76,279333,296916,314460,"Istat"
"9471",2072,"Femmine",77,279854,296904,313900,"Istat"
"9472",2072,"Femmine",78,281017,297868,314191,"Istat"
"9473",2072,"Femmine",79,286638,303767,320130,"Istat"
"9474",2072,"Femmine",80,280020,297296,313882,"Istat"
"9475",2072,"Femmine",81,277470,295052,312130,"Istat"
"9476",2072,"Femmine",82,269433,287923,305725,"Istat"
"9477",2072,"Femmine",83,264661,284740,303314,"Istat"
"9478",2072,"Femmine",84,248992,270158,289667,"Istat"
"9479",2072,"Femmine",85,236842,259790,280652,"Istat"
"9480",2072,"Femmine",86,228239,254116,277492,"Istat"
"9481",2072,"Femmine",87,214560,242872,268876,"Istat"
"9482",2072,"Femmine",88,198500,229423,258132,"Istat"
"9483",2072,"Femmine",89,183428,217587,249902,"Istat"
"9484",2072,"Femmine",90,161586,198187,233744,"Istat"
"9485",2072,"Femmine",91,141091,179775,218439,"Istat"
"9486",2072,"Femmine",92,122245,162575,204490,"Istat"
"9487",2072,"Femmine",93,104601,146440,191518,"Istat"
"9488",2072,"Femmine",94,85884,127359,174248,"Istat"
"9489",2072,"Femmine",95,68903,109246,157105,"Istat"
"9490",2072,"Femmine",96,53826,92129,140307,"Istat"
"9491",2072,"Femmine",97,40413,75281,122204,"Istat"
"9492",2072,"Femmine",98,28125,57547,100244,"Istat"
"9493",2072,"Femmine",99,19016,43087,81098,"Istat"
"9494",2072,"Femmine",100,12356,110403,64151,"Istat"
"9495",2073,"Maschi",0,121690,173266,232067,"Istat"
"9496",2073,"Maschi",1,123444,173981,231959,"Istat"
"9497",2073,"Maschi",2,125273,174849,231414,"Istat"
"9498",2073,"Maschi",3,126551,175450,230283,"Istat"
"9499",2073,"Maschi",4,128010,175769,229246,"Istat"
"9500",2073,"Maschi",5,129133,176158,228309,"Istat"
"9501",2073,"Maschi",6,130299,176347,227177,"Istat"
"9502",2073,"Maschi",7,131500,176399,225799,"Istat"
"9503",2073,"Maschi",8,132154,176434,224397,"Istat"
"9504",2073,"Maschi",9,133129,176459,223854,"Istat"
"9505",2073,"Maschi",10,134435,176840,223094,"Istat"
"9506",2073,"Maschi",11,136158,177424,222475,"Istat"
"9507",2073,"Maschi",12,137985,178332,222059,"Istat"
"9508",2073,"Maschi",13,140072,179695,222470,"Istat"
"9509",2073,"Maschi",14,142526,181567,223211,"Istat"
"9510",2073,"Maschi",15,145531,184084,225183,"Istat"
"9511",2073,"Maschi",16,148924,187021,227533,"Istat"
"9512",2073,"Maschi",17,152691,190825,230721,"Istat"
"9513",2073,"Maschi",18,157165,195284,234705,"Istat"
"9514",2073,"Maschi",19,162341,200423,239724,"Istat"
"9515",2073,"Maschi",20,168002,206263,245900,"Istat"
"9516",2073,"Maschi",21,173376,212378,252316,"Istat"
"9517",2073,"Maschi",22,179415,218779,258957,"Istat"
"9518",2073,"Maschi",23,185341,225035,265944,"Istat"
"9519",2073,"Maschi",24,190575,231181,272916,"Istat"
"9520",2073,"Maschi",25,195625,237012,279336,"Istat"
"9521",2073,"Maschi",26,200455,242469,285239,"Istat"
"9522",2073,"Maschi",27,204656,247509,290832,"Istat"
"9523",2073,"Maschi",28,208198,252250,296595,"Istat"
"9524",2073,"Maschi",29,211492,256219,302073,"Istat"
"9525",2073,"Maschi",30,214440,259786,306275,"Istat"
"9526",2073,"Maschi",31,216823,262871,310247,"Istat"
"9527",2073,"Maschi",32,219240,265634,313339,"Istat"
"9528",2073,"Maschi",33,220686,267770,315737,"Istat"
"9529",2073,"Maschi",34,222119,269764,317729,"Istat"
"9530",2073,"Maschi",35,224008,271282,319492,"Istat"
"9531",2073,"Maschi",36,224930,272314,320251,"Istat"
"9532",2073,"Maschi",37,225720,273151,320837,"Istat"
"9533",2073,"Maschi",38,226568,273712,321334,"Istat"
"9534",2073,"Maschi",39,227053,273630,320793,"Istat"
"9535",2073,"Maschi",40,227214,273193,320041,"Istat"
"9536",2073,"Maschi",41,227559,273113,319272,"Istat"
"9537",2073,"Maschi",42,227823,272925,318660,"Istat"
"9538",2073,"Maschi",43,227851,272551,317812,"Istat"
"9539",2073,"Maschi",44,228461,272253,316802,"Istat"
"9540",2073,"Maschi",45,228823,272224,316277,"Istat"
"9541",2073,"Maschi",46,229631,272236,316034,"Istat"
"9542",2073,"Maschi",47,230145,272161,315347,"Istat"
"9543",2073,"Maschi",48,230702,272130,314961,"Istat"
"9544",2073,"Maschi",49,236856,277430,319174,"Istat"
"9545",2073,"Maschi",50,245181,285250,326653,"Istat"
"9546",2073,"Maschi",51,248772,288304,328952,"Istat"
"9547",2073,"Maschi",52,252675,291734,331665,"Istat"
"9548",2073,"Maschi",53,259927,298452,337550,"Istat"
"9549",2073,"Maschi",54,269964,307780,346440,"Istat"
"9550",2073,"Maschi",55,279428,316542,354219,"Istat"
"9551",2073,"Maschi",56,285872,322232,359064,"Istat"
"9552",2073,"Maschi",57,292422,327980,364000,"Istat"
"9553",2073,"Maschi",58,299894,334545,369887,"Istat"
"9554",2073,"Maschi",59,303632,337478,372018,"Istat"
"9555",2073,"Maschi",60,314773,347859,381466,"Istat"
"9556",2073,"Maschi",61,319156,351507,384148,"Istat"
"9557",2073,"Maschi",62,327307,358885,390703,"Istat"
"9558",2073,"Maschi",63,331378,361909,392833,"Istat"
"9559",2073,"Maschi",64,334074,363625,393483,"Istat"
"9560",2073,"Maschi",65,333743,362472,391582,"Istat"
"9561",2073,"Maschi",66,334372,362265,390168,"Istat"
"9562",2073,"Maschi",67,333739,360644,387626,"Istat"
"9563",2073,"Maschi",68,335643,361478,387279,"Istat"
"9564",2073,"Maschi",69,326752,351684,376572,"Istat"
"9565",2073,"Maschi",70,319690,343674,367436,"Istat"
"9566",2073,"Maschi",71,317697,340743,363205,"Istat"
"9567",2073,"Maschi",72,319569,342248,363846,"Istat"
"9568",2073,"Maschi",73,311604,333824,354578,"Istat"
"9569",2073,"Maschi",74,308629,330193,350338,"Istat"
"9570",2073,"Maschi",75,297238,318776,338282,"Istat"
"9571",2073,"Maschi",76,288939,310639,329725,"Istat"
"9572",2073,"Maschi",77,278142,299978,319162,"Istat"
"9573",2073,"Maschi",78,269457,292030,311362,"Istat"
"9574",2073,"Maschi",79,261446,285164,305018,"Istat"
"9575",2073,"Maschi",80,258872,284582,305835,"Istat"
"9576",2073,"Maschi",81,243568,270619,292850,"Istat"
"9577",2073,"Maschi",82,234042,263290,287301,"Istat"
"9578",2073,"Maschi",83,216376,246962,272446,"Istat"
"9579",2073,"Maschi",84,204229,237544,265296,"Istat"
"9580",2073,"Maschi",85,181937,216102,245455,"Istat"
"9581",2073,"Maschi",86,162648,199040,230175,"Istat"
"9582",2073,"Maschi",87,146064,185134,218635,"Istat"
"9583",2073,"Maschi",88,127076,168089,203964,"Istat"
"9584",2073,"Maschi",89,107730,149844,188026,"Istat"
"9585",2073,"Maschi",90,89989,132675,172868,"Istat"
"9586",2073,"Maschi",91,70926,111905,152853,"Istat"
"9587",2073,"Maschi",92,55142,94325,135642,"Istat"
"9588",2073,"Maschi",93,41244,77176,117558,"Istat"
"9589",2073,"Maschi",94,30380,63248,102756,"Istat"
"9590",2073,"Maschi",95,20929,49168,86351,"Istat"
"9591",2073,"Maschi",96,13946,37537,71787,"Istat"
"9592",2073,"Maschi",97,8961,28055,58888,"Istat"
"9593",2073,"Maschi",98,5495,20248,46996,"Istat"
"9594",2073,"Maschi",99,3084,13533,34962,"Istat"
"9595",2073,"Maschi",100,1684,111023,25760,"Istat"
"9596",2073,"Femmine",0,114603,163159,218615,"Istat"
"9597",2073,"Femmine",1,116254,163828,218468,"Istat"
"9598",2073,"Femmine",2,117896,164623,217903,"Istat"
"9599",2073,"Femmine",3,119045,165157,216946,"Istat"
"9600",2073,"Femmine",4,120359,165425,215923,"Istat"
"9601",2073,"Femmine",5,121445,165758,214892,"Istat"
"9602",2073,"Femmine",6,122571,165909,213754,"Istat"
"9603",2073,"Femmine",7,123566,165936,212460,"Istat"
"9604",2073,"Femmine",8,124168,165949,211251,"Istat"
"9605",2073,"Femmine",9,125081,165945,210686,"Istat"
"9606",2073,"Femmine",10,126292,166258,209883,"Istat"
"9607",2073,"Femmine",11,127781,166735,209301,"Istat"
"9608",2073,"Femmine",12,129455,167471,208753,"Istat"
"9609",2073,"Femmine",13,131172,168568,208832,"Istat"
"9610",2073,"Femmine",14,133301,170053,209236,"Istat"
"9611",2073,"Femmine",15,135801,172018,210605,"Istat"
"9612",2073,"Femmine",16,138499,174208,212021,"Istat"
"9613",2073,"Femmine",17,141451,176959,213993,"Istat"
"9614",2073,"Femmine",18,144904,180091,216818,"Istat"
"9615",2073,"Femmine",19,148781,183740,219861,"Istat"
"9616",2073,"Femmine",20,153147,188046,224048,"Istat"
"9617",2073,"Femmine",21,158007,192696,228620,"Istat"
"9618",2073,"Femmine",22,162705,197718,233951,"Istat"
"9619",2073,"Femmine",23,167081,202672,239290,"Istat"
"9620",2073,"Femmine",24,171162,207564,244863,"Istat"
"9621",2073,"Femmine",25,175555,212215,249622,"Istat"
"9622",2073,"Femmine",26,179396,216591,254334,"Istat"
"9623",2073,"Femmine",27,183021,220650,258757,"Istat"
"9624",2073,"Femmine",28,186019,224505,262626,"Istat"
"9625",2073,"Femmine",29,188666,227706,266572,"Istat"
"9626",2073,"Femmine",30,191000,230599,270252,"Istat"
"9627",2073,"Femmine",31,193191,233101,273365,"Istat"
"9628",2073,"Femmine",32,195393,235362,275788,"Istat"
"9629",2073,"Femmine",33,196798,237083,277908,"Istat"
"9630",2073,"Femmine",34,198371,238709,279490,"Istat"
"9631",2073,"Femmine",35,199443,239920,280540,"Istat"
"9632",2073,"Femmine",36,200528,240708,281359,"Istat"
"9633",2073,"Femmine",37,201341,241346,281287,"Istat"
"9634",2073,"Femmine",38,201967,241743,281381,"Istat"
"9635",2073,"Femmine",39,202244,241543,280796,"Istat"
"9636",2073,"Femmine",40,202171,241014,280121,"Istat"
"9637",2073,"Femmine",41,202255,240827,279421,"Istat"
"9638",2073,"Femmine",42,202404,240548,278811,"Istat"
"9639",2073,"Femmine",43,202480,240110,277718,"Istat"
"9640",2073,"Femmine",44,202791,239761,277114,"Istat"
"9641",2073,"Femmine",45,203356,239683,276561,"Istat"
"9642",2073,"Femmine",46,203988,239661,276196,"Istat"
"9643",2073,"Femmine",47,204132,239577,275641,"Istat"
"9644",2073,"Femmine",48,204691,239551,275292,"Istat"
"9645",2073,"Femmine",49,210814,245475,280581,"Istat"
"9646",2073,"Femmine",50,217987,252405,287222,"Istat"
"9647",2073,"Femmine",51,224054,258051,292588,"Istat"
"9648",2073,"Femmine",52,226477,260078,294258,"Istat"
"9649",2073,"Femmine",53,235382,268642,302329,"Istat"
"9650",2073,"Femmine",54,243717,276580,309851,"Istat"
"9651",2073,"Femmine",55,252591,285057,317944,"Istat"
"9652",2073,"Femmine",56,260014,292065,324519,"Istat"
"9653",2073,"Femmine",57,265424,296883,328899,"Istat"
"9654",2073,"Femmine",58,272266,303182,334636,"Istat"
"9655",2073,"Femmine",59,275804,306110,337033,"Istat"
"9656",2073,"Femmine",60,286090,315913,346316,"Istat"
"9657",2073,"Femmine",61,289926,319074,348750,"Istat"
"9658",2073,"Femmine",62,296554,325075,354162,"Istat"
"9659",2073,"Femmine",63,300770,328643,357189,"Istat"
"9660",2073,"Femmine",64,304349,331408,359419,"Istat"
"9661",2073,"Femmine",65,302238,328692,356106,"Istat"
"9662",2073,"Femmine",66,301765,327399,353964,"Istat"
"9663",2073,"Femmine",67,299014,324052,349738,"Istat"
"9664",2073,"Femmine",68,301746,326085,350852,"Istat"
"9665",2073,"Femmine",69,295220,318886,342670,"Istat"
"9666",2073,"Femmine",70,291311,314271,337262,"Istat"
"9667",2073,"Femmine",71,290790,313080,335284,"Istat"
"9668",2073,"Femmine",72,292809,314181,335804,"Istat"
"9669",2073,"Femmine",73,286737,307364,328296,"Istat"
"9670",2073,"Femmine",74,284329,304143,324229,"Istat"
"9671",2073,"Femmine",75,281879,301021,320139,"Istat"
"9672",2073,"Femmine",76,279983,298480,317002,"Istat"
"9673",2073,"Femmine",77,276356,294125,311942,"Istat"
"9674",2073,"Femmine",78,276317,293653,310968,"Istat"
"9675",2073,"Femmine",79,276583,294030,310948,"Istat"
"9676",2073,"Femmine",80,281308,299131,316297,"Istat"
"9677",2073,"Femmine",81,273852,291889,309332,"Istat"
"9678",2073,"Femmine",82,269625,288659,306769,"Istat"
"9679",2073,"Femmine",83,260227,280483,299423,"Istat"
"9680",2073,"Femmine",84,254085,275938,296131,"Istat"
"9681",2073,"Femmine",85,237030,260153,281389,"Istat"
"9682",2073,"Femmine",86,222768,248260,271303,"Istat"
"9683",2073,"Femmine",87,212256,240611,266481,"Istat"
"9684",2073,"Femmine",88,196254,227463,256349,"Istat"
"9685",2073,"Femmine",89,178232,212148,244082,"Istat"
"9686",2073,"Femmine",90,161150,198320,234113,"Istat"
"9687",2073,"Femmine",91,139268,177812,216328,"Istat"
"9688",2073,"Femmine",92,118864,158571,199961,"Istat"
"9689",2073,"Femmine",93,100366,140803,184756,"Istat"
"9690",2073,"Femmine",94,83639,124388,171045,"Istat"
"9691",2073,"Femmine",95,66587,105949,153216,"Istat"
"9692",2073,"Femmine",96,51793,88909,136572,"Istat"
"9693",2073,"Femmine",97,39191,73309,120304,"Istat"
"9694",2073,"Femmine",98,28315,58381,102704,"Istat"
"9695",2073,"Femmine",99,18865,43305,82384,"Istat"
"9696",2073,"Femmine",100,12190,111023,65073,"Istat"
"9697",2074,"Maschi",0,120906,173335,233728,"Istat"
"9698",2074,"Maschi",1,122732,174438,233650,"Istat"
"9699",2074,"Maschi",2,124433,175082,233292,"Istat"
"9700",2074,"Maschi",3,125862,175859,232569,"Istat"
"9701",2074,"Maschi",4,127163,176385,231523,"Istat"
"9702",2074,"Maschi",5,128371,176645,230293,"Istat"
"9703",2074,"Maschi",6,129529,176982,229297,"Istat"
"9704",2074,"Maschi",7,130707,177128,228123,"Istat"
"9705",2074,"Maschi",8,131567,177147,226768,"Istat"
"9706",2074,"Maschi",9,132563,177163,225631,"Istat"
"9707",2074,"Maschi",10,133599,177185,224950,"Istat"
"9708",2074,"Maschi",11,135025,177578,224052,"Istat"
"9709",2074,"Maschi",12,136539,178191,223626,"Istat"
"9710",2074,"Maschi",13,138334,179156,223380,"Istat"
"9711",2074,"Maschi",14,140467,180613,223597,"Istat"
"9712",2074,"Maschi",15,143128,182641,224722,"Istat"
"9713",2074,"Maschi",16,146072,185406,226948,"Istat"
"9714",2074,"Maschi",17,149872,188743,229826,"Istat"
"9715",2074,"Maschi",18,154093,193014,233327,"Istat"
"9716",2074,"Maschi",19,159036,197909,238372,"Istat"
"9717",2074,"Maschi",20,164127,203423,243843,"Istat"
"9718",2074,"Maschi",21,170313,209539,250326,"Istat"
"9719",2074,"Maschi",22,176054,215788,256888,"Istat"
"9720",2074,"Maschi",23,181709,222169,263861,"Istat"
"9721",2074,"Maschi",24,186995,228294,270667,"Istat"
"9722",2074,"Maschi",25,192177,234258,277645,"Istat"
"9723",2074,"Maschi",26,197201,239909,283570,"Istat"
"9724",2074,"Maschi",27,201139,245216,289664,"Istat"
"9725",2074,"Maschi",28,205505,250127,296049,"Istat"
"9726",2074,"Maschi",29,208685,254747,301587,"Istat"
"9727",2074,"Maschi",30,212103,258594,306377,"Istat"
"9728",2074,"Maschi",31,214979,262036,310500,"Istat"
"9729",2074,"Maschi",32,216795,264991,314045,"Istat"
"9730",2074,"Maschi",33,218715,267623,316952,"Istat"
"9731",2074,"Maschi",34,220860,269625,319056,"Istat"
"9732",2074,"Maschi",35,222461,271487,320798,"Istat"
"9733",2074,"Maschi",36,224155,272870,322206,"Istat"
"9734",2074,"Maschi",37,225273,273769,322888,"Istat"
"9735",2074,"Maschi",38,225843,274475,323597,"Istat"
"9736",2074,"Maschi",39,226445,274909,323608,"Istat"
"9737",2074,"Maschi",40,226973,274704,322698,"Istat"
"9738",2074,"Maschi",41,227099,274149,321627,"Istat"
"9739",2074,"Maschi",42,227381,273958,321099,"Istat"
"9740",2074,"Maschi",43,227525,273667,320227,"Istat"
"9741",2074,"Maschi",44,227678,273198,319362,"Istat"
"9742",2074,"Maschi",45,228173,272813,318247,"Istat"
"9743",2074,"Maschi",46,228572,272703,317577,"Istat"
"9744",2074,"Maschi",47,229318,272641,316924,"Istat"
"9745",2074,"Maschi",48,229732,272495,316241,"Istat"
"9746",2074,"Maschi",49,230413,272398,315598,"Istat"
"9747",2074,"Maschi",50,236451,277630,319943,"Istat"
"9748",2074,"Maschi",51,244867,285378,327270,"Istat"
"9749",2074,"Maschi",52,248398,288365,329433,"Istat"
"9750",2074,"Maschi",53,252201,291726,332119,"Istat"
"9751",2074,"Maschi",54,259523,298370,337983,"Istat"
"9752",2074,"Maschi",55,269533,307616,346510,"Istat"
"9753",2074,"Maschi",56,278847,316292,354291,"Istat"
"9754",2074,"Maschi",57,285186,321896,359115,"Istat"
"9755",2074,"Maschi",58,291772,327553,363951,"Istat"
"9756",2074,"Maschi",59,299015,334018,369662,"Istat"
"9757",2074,"Maschi",60,302802,336850,371600,"Istat"
"9758",2074,"Maschi",61,313803,347094,380972,"Istat"
"9759",2074,"Maschi",62,318017,350610,383560,"Istat"
"9760",2074,"Maschi",63,326223,357831,389706,"Istat"
"9761",2074,"Maschi",64,330095,360699,391656,"Istat"
"9762",2074,"Maschi",65,332446,362248,392281,"Istat"
"9763",2074,"Maschi",66,331889,360922,390020,"Istat"
"9764",2074,"Maschi",67,332407,360522,388482,"Istat"
"9765",2074,"Maschi",68,331606,358695,385727,"Istat"
"9766",2074,"Maschi",69,333362,359284,385387,"Istat"
"9767",2074,"Maschi",70,324125,349289,374189,"Istat"
"9768",2074,"Maschi",71,316895,341033,364657,"Istat"
"9769",2074,"Maschi",72,314010,337773,360360,"Istat"
"9770",2074,"Maschi",73,315586,338861,360755,"Istat"
"9771",2074,"Maschi",74,307318,330066,351353,"Istat"
"9772",2074,"Maschi",75,303438,325960,346505,"Istat"
"9773",2074,"Maschi",76,291512,314109,334213,"Istat"
"9774",2074,"Maschi",77,282547,305415,325652,"Istat"
"9775",2074,"Maschi",78,270791,294157,314298,"Istat"
"9776",2074,"Maschi",79,261309,285456,306022,"Istat"
"9777",2074,"Maschi",80,252011,277681,299024,"Istat"
"9778",2074,"Maschi",81,247731,275842,298817,"Istat"
"9779",2074,"Maschi",82,231343,260846,285058,"Istat"
"9780",2074,"Maschi",83,220155,252049,278602,"Istat"
"9781",2074,"Maschi",84,200910,234448,262394,"Istat"
"9782",2074,"Maschi",85,186869,223261,253846,"Istat"
"9783",2074,"Maschi",86,163009,200719,232727,"Istat"
"9784",2074,"Maschi",87,142935,182325,216216,"Istat"
"9785",2074,"Maschi",88,125359,166888,203379,"Istat"
"9786",2074,"Maschi",89,106159,148750,187160,"Istat"
"9787",2074,"Maschi",90,86956,129894,170085,"Istat"
"9788",2074,"Maschi",91,70380,112429,154209,"Istat"
"9789",2074,"Maschi",92,53447,92499,133678,"Istat"
"9790",2074,"Maschi",93,39781,75881,116543,"Istat"
"9791",2074,"Maschi",94,28285,60324,99228,"Istat"
"9792",2074,"Maschi",95,19834,47958,85184,"Istat"
"9793",2074,"Maschi",96,12955,36142,69878,"Istat"
"9794",2074,"Maschi",97,8196,26805,56977,"Istat"
"9795",2074,"Maschi",98,5016,19461,45860,"Istat"
"9796",2074,"Maschi",99,2923,13596,35722,"Istat"
"9797",2074,"Maschi",100,1556,111513,25841,"Istat"
"9798",2074,"Femmine",0,113850,163225,220185,"Istat"
"9799",2074,"Femmine",1,115569,164261,220155,"Istat"
"9800",2074,"Femmine",2,117138,164848,219682,"Istat"
"9801",2074,"Femmine",3,118380,165549,219122,"Istat"
"9802",2074,"Femmine",4,119544,166013,218027,"Istat"
"9803",2074,"Femmine",5,120780,166227,216798,"Istat"
"9804",2074,"Femmine",6,121805,166518,215695,"Istat"
"9805",2074,"Femmine",7,122800,166635,214780,"Istat"
"9806",2074,"Femmine",8,123533,166635,213581,"Istat"
"9807",2074,"Femmine",9,124562,166624,212260,"Istat"
"9808",2074,"Femmine",10,125571,166601,211544,"Istat"
"9809",2074,"Femmine",11,126809,166897,210781,"Istat"
"9810",2074,"Femmine",12,128094,167357,210209,"Istat"
"9811",2074,"Femmine",13,129476,168082,209706,"Istat"
"9812",2074,"Femmine",14,131332,169177,209648,"Istat"
"9813",2074,"Femmine",15,133459,170683,210248,"Istat"
"9814",2074,"Femmine",16,135981,172711,211598,"Istat"
"9815",2074,"Femmine",17,138744,175025,213140,"Istat"
"9816",2074,"Femmine",18,141897,177982,215434,"Istat"
"9817",2074,"Femmine",19,145698,181403,218447,"Istat"
"9818",2074,"Femmine",20,150070,185404,222113,"Istat"
"9819",2074,"Femmine",21,154522,190057,226768,"Istat"
"9820",2074,"Femmine",22,159197,194940,231883,"Istat"
"9821",2074,"Femmine",23,163710,200015,237122,"Istat"
"9822",2074,"Femmine",24,167943,204891,242555,"Istat"
"9823",2074,"Femmine",25,172440,209672,247952,"Istat"
"9824",2074,"Femmine",26,176196,214233,252827,"Istat"
"9825",2074,"Femmine",27,180225,218548,257513,"Istat"
"9826",2074,"Femmine",28,183373,222568,261711,"Istat"
"9827",2074,"Femmine",29,186026,226387,266481,"Istat"
"9828",2074,"Femmine",30,188776,229548,270317,"Istat"
"9829",2074,"Femmine",31,191442,232390,273649,"Istat"
"9830",2074,"Femmine",32,193687,234835,276663,"Istat"
"9831",2074,"Femmine",33,195720,237031,278991,"Istat"
"9832",2074,"Femmine",34,197133,238682,280827,"Istat"
"9833",2074,"Femmine",35,198692,240237,282228,"Istat"
"9834",2074,"Femmine",36,199694,241377,283275,"Istat"
"9835",2074,"Femmine",37,200919,242095,283616,"Istat"
"9836",2074,"Femmine",38,201567,242665,283657,"Istat"
"9837",2074,"Femmine",39,202231,242999,283758,"Istat"
"9838",2074,"Femmine",40,202392,242739,282877,"Istat"
"9839",2074,"Femmine",41,202377,242154,282200,"Istat"
"9840",2074,"Femmine",42,202729,241913,281443,"Istat"
"9841",2074,"Femmine",43,202813,241583,280597,"Istat"
"9842",2074,"Femmine",44,202679,241096,279731,"Istat"
"9843",2074,"Femmine",45,202736,240699,278993,"Istat"
"9844",2074,"Femmine",46,203478,240575,278327,"Istat"
"9845",2074,"Femmine",47,204154,240510,277751,"Istat"
"9846",2074,"Femmine",48,204197,240381,277113,"Istat"
"9847",2074,"Femmine",49,204759,240311,276508,"Istat"
"9848",2074,"Femmine",50,210853,246182,281989,"Istat"
"9849",2074,"Femmine",51,218044,253054,288453,"Istat"
"9850",2074,"Femmine",52,223949,258640,293692,"Istat"
"9851",2074,"Femmine",53,226417,260607,295258,"Istat"
"9852",2074,"Femmine",54,235329,269101,303344,"Istat"
"9853",2074,"Femmine",55,243594,276967,310806,"Istat"
"9854",2074,"Femmine",56,252402,285367,318713,"Istat"
"9855",2074,"Femmine",57,259811,292297,325226,"Istat"
"9856",2074,"Femmine",58,265116,297035,329493,"Istat"
"9857",2074,"Femmine",59,271893,303246,335122,"Istat"
"9858",2074,"Femmine",60,275373,306085,337349,"Istat"
"9859",2074,"Femmine",61,285555,315780,346550,"Istat"
"9860",2074,"Femmine",62,289294,318839,348941,"Istat"
"9861",2074,"Femmine",63,295793,324727,354146,"Istat"
"9862",2074,"Femmine",64,299965,328177,356965,"Istat"
"9863",2074,"Femmine",65,303290,330824,359089,"Istat"
"9864",2074,"Femmine",66,301397,328006,355636,"Istat"
"9865",2074,"Femmine",67,300495,326604,353345,"Istat"
"9866",2074,"Femmine",68,297828,323150,349037,"Istat"
"9867",2074,"Femmine",69,300289,325044,349923,"Istat"
"9868",2074,"Femmine",70,293738,317724,341726,"Istat"
"9869",2074,"Femmine",71,289746,312967,336301,"Istat"
"9870",2074,"Femmine",72,289200,311603,334059,"Istat"
"9871",2074,"Femmine",73,290844,312493,334352,"Istat"
"9872",2074,"Femmine",74,284652,305488,326570,"Istat"
"9873",2074,"Femmine",75,281923,302027,322232,"Istat"
"9874",2074,"Femmine",76,279163,298612,317971,"Istat"
"9875",2074,"Femmine",77,277053,295717,314617,"Istat"
"9876",2074,"Femmine",78,272960,290951,309053,"Istat"
"9877",2074,"Femmine",79,271901,289925,307484,"Istat"
"9878",2074,"Femmine",80,271370,289606,307077,"Istat"
"9879",2074,"Femmine",81,274986,293757,311756,"Istat"
"9880",2074,"Femmine",82,266225,285638,304109,"Istat"
"9881",2074,"Femmine",83,260561,281283,300716,"Istat"
"9882",2074,"Femmine",84,249749,271901,292356,"Istat"
"9883",2074,"Femmine",85,241877,265814,287676,"Istat"
"9884",2074,"Femmine",86,222924,248703,271948,"Istat"
"9885",2074,"Femmine",87,207155,235161,260836,"Istat"
"9886",2074,"Femmine",88,194062,225450,254380,"Istat"
"9887",2074,"Femmine",89,176251,210430,242306,"Istat"
"9888",2074,"Femmine",90,156999,193457,228753,"Istat"
"9889",2074,"Femmine",91,139308,178024,216656,"Istat"
"9890",2074,"Femmine",92,117292,156925,198016,"Istat"
"9891",2074,"Femmine",93,97536,137418,180738,"Istat"
"9892",2074,"Femmine",94,79978,119667,165099,"Istat"
"9893",2074,"Femmine",95,64636,103546,150327,"Istat"
"9894",2074,"Femmine",96,49822,86286,132813,"Istat"
"9895",2074,"Femmine",97,37467,70795,116385,"Istat"
"9896",2074,"Femmine",98,27311,56897,100452,"Istat"
"9897",2074,"Femmine",99,18924,43969,84052,"Istat"
"9898",2074,"Femmine",100,12081,111513,65758,"Istat"
"9899",2075,"Maschi",0,119902,173126,235325,"Istat"
"9900",2075,"Maschi",1,122008,174506,235288,"Istat"
"9901",2075,"Maschi",2,123835,175538,234971,"Istat"
"9902",2075,"Maschi",3,125031,176091,234650,"Istat"
"9903",2075,"Maschi",4,126471,176792,233610,"Istat"
"9904",2075,"Maschi",5,127876,177259,232519,"Istat"
"9905",2075,"Maschi",6,128830,177468,231117,"Istat"
"9906",2075,"Maschi",7,129871,177761,230290,"Istat"
"9907",2075,"Maschi",8,130810,177874,229258,"Istat"
"9908",2075,"Maschi",9,131559,177875,228044,"Istat"
"9909",2075,"Maschi",10,132911,177888,226743,"Istat"
"9910",2075,"Maschi",11,134028,177922,225881,"Istat"
"9911",2075,"Maschi",12,135545,178343,225203,"Istat"
"9912",2075,"Maschi",13,136915,179013,224794,"Istat"
"9913",2075,"Maschi",14,138714,180073,224552,"Istat"
"9914",2075,"Maschi",15,141074,181687,225149,"Istat"
"9915",2075,"Maschi",16,143767,183963,226536,"Istat"
"9916",2075,"Maschi",17,147234,187128,229045,"Istat"
"9917",2075,"Maschi",18,151178,190933,232674,"Istat"
"9918",2075,"Maschi",19,155440,195641,236820,"Istat"
"9919",2075,"Maschi",20,160857,200911,242233,"Istat"
"9920",2075,"Maschi",21,166844,206700,248307,"Istat"
"9921",2075,"Maschi",22,172348,212950,254842,"Istat"
"9922",2075,"Maschi",23,178160,219178,261817,"Istat"
"9923",2075,"Maschi",24,183559,225427,268821,"Istat"
"9924",2075,"Maschi",25,188733,231369,275244,"Istat"
"9925",2075,"Maschi",26,193407,237152,281891,"Istat"
"9926",2075,"Maschi",27,197928,242652,288259,"Istat"
"9927",2075,"Maschi",28,202063,247830,294918,"Istat"
"9928",2075,"Maschi",29,206010,252620,300727,"Istat"
"9929",2075,"Maschi",30,209403,257118,306084,"Istat"
"9930",2075,"Maschi",31,212257,260840,310449,"Istat"
"9931",2075,"Maschi",32,215023,264152,314110,"Istat"
"9932",2075,"Maschi",33,216855,266976,317680,"Istat"
"9933",2075,"Maschi",34,218938,269475,320058,"Istat"
"9934",2075,"Maschi",35,221036,271344,322057,"Istat"
"9935",2075,"Maschi",36,222907,273072,323831,"Istat"
"9936",2075,"Maschi",37,224379,274323,325076,"Istat"
"9937",2075,"Maschi",38,225119,275091,325502,"Istat"
"9938",2075,"Maschi",39,225687,275669,325639,"Istat"
"9939",2075,"Maschi",40,226215,275980,325673,"Istat"
"9940",2075,"Maschi",41,226868,275657,324519,"Istat"
"9941",2075,"Maschi",42,226953,274992,323456,"Istat"
"9942",2075,"Maschi",43,227112,274699,322850,"Istat"
"9943",2075,"Maschi",44,227319,274313,321585,"Istat"
"9944",2075,"Maschi",45,227332,273757,320612,"Istat"
"9945",2075,"Maschi",46,227792,273292,319429,"Istat"
"9946",2075,"Maschi",47,228274,273108,318702,"Istat"
"9947",2075,"Maschi",48,228897,272976,317895,"Istat"
"9948",2075,"Maschi",49,229316,272765,317078,"Istat"
"9949",2075,"Maschi",50,230098,272603,316224,"Istat"
"9950",2075,"Maschi",51,236101,277766,320595,"Istat"
"9951",2075,"Maschi",52,244542,285444,327821,"Istat"
"9952",2075,"Maschi",53,248108,288365,329909,"Istat"
"9953",2075,"Maschi",54,251807,291657,332437,"Istat"
"9954",2075,"Maschi",55,259076,298224,338215,"Istat"
"9955",2075,"Maschi",56,268992,307386,346588,"Istat"
"9956",2075,"Maschi",57,278291,315973,354368,"Istat"
"9957",2075,"Maschi",58,284513,321489,358964,"Istat"
"9958",2075,"Maschi",59,290906,327050,363794,"Istat"
"9959",2075,"Maschi",60,298251,333407,369278,"Istat"
"9960",2075,"Maschi",61,301826,336128,371179,"Istat"
"9961",2075,"Maschi",62,312781,346223,380314,"Istat"
"9962",2075,"Maschi",63,317050,349599,382619,"Istat"
"9963",2075,"Maschi",64,325143,356653,388641,"Istat"
"9964",2075,"Maschi",65,328681,359352,390440,"Istat"
"9965",2075,"Maschi",66,330695,360720,390920,"Istat"
"9966",2075,"Maschi",67,330004,359209,388236,"Istat"
"9967",2075,"Maschi",68,330448,358599,386765,"Istat"
"9968",2075,"Maschi",69,329352,356548,383812,"Istat"
"9969",2075,"Maschi",70,330434,356863,382933,"Istat"
"9970",2075,"Maschi",71,321306,346633,371515,"Istat"
"9971",2075,"Maschi",72,313217,338096,361968,"Istat"
"9972",2075,"Maschi",73,310253,334469,357431,"Istat"
"9973",2075,"Maschi",74,311161,335088,357400,"Istat"
"9974",2075,"Maschi",75,302331,325877,347421,"Istat"
"9975",2075,"Maschi",76,297301,321236,342491,"Istat"
"9976",2075,"Maschi",77,285045,308882,329989,"Istat"
"9977",2075,"Maschi",78,275071,299546,320626,"Istat"
"9978",2075,"Maschi",79,262579,287602,308939,"Istat"
"9979",2075,"Maschi",80,251574,278035,300072,"Istat"
"9980",2075,"Maschi",81,240786,269224,292390,"Istat"
"9981",2075,"Maschi",82,235288,265951,291159,"Istat"
"9982",2075,"Maschi",83,217592,249773,276281,"Istat"
"9983",2075,"Maschi",84,204093,239342,268323,"Istat"
"9984",2075,"Maschi",85,183532,220403,251092,"Istat"
"9985",2075,"Maschi",86,167585,207414,240857,"Istat"
"9986",2075,"Maschi",87,142987,183893,218611,"Istat"
"9987",2075,"Maschi",88,122268,164364,200960,"Istat"
"9988",2075,"Maschi",89,104348,147684,186605,"Istat"
"9989",2075,"Maschi",90,85520,128920,169429,"Istat"
"9990",2075,"Maschi",91,67843,110038,151585,"Istat"
"9991",2075,"Maschi",92,52687,92881,134898,"Istat"
"9992",2075,"Maschi",93,38238,74364,114809,"Istat"
"9993",2075,"Maschi",94,27254,59257,98283,"Istat"
"9994",2075,"Maschi",95,18508,45688,82046,"Istat"
"9995",2075,"Maschi",96,12304,35205,69010,"Istat"
"9996",2075,"Maschi",97,7647,25771,55627,"Istat"
"9997",2075,"Maschi",98,4616,18561,44502,"Istat"
"9998",2075,"Maschi",99,2677,13044,34977,"Istat"
"9999",2075,"Maschi",100,1480,112316,26488,"Istat"
"10000",2075,"Femmine",0,112974,163029,221573,"Istat"
"10001",2075,"Femmine",1,114833,164329,221598,"Istat"
"10002",2075,"Femmine",2,116513,165282,221242,"Istat"
"10003",2075,"Femmine",3,117683,165774,221020,"Istat"
"10004",2075,"Femmine",4,119126,166405,219873,"Istat"
"10005",2075,"Femmine",5,120178,166816,218907,"Istat"
"10006",2075,"Femmine",6,121179,166987,217652,"Istat"
"10007",2075,"Femmine",7,122054,167245,216822,"Istat"
"10008",2075,"Femmine",8,122999,167334,215947,"Istat"
"10009",2075,"Femmine",9,123612,167311,214634,"Istat"
"10010",2075,"Femmine",10,124789,167280,213258,"Istat"
"10011",2075,"Femmine",11,125829,167239,212314,"Istat"
"10012",2075,"Femmine",12,127120,167520,211486,"Istat"
"10013",2075,"Femmine",13,128216,167968,211026,"Istat"
"10014",2075,"Femmine",14,129548,168691,210483,"Istat"
"10015",2075,"Femmine",15,131450,169808,210653,"Istat"
"10016",2075,"Femmine",16,133638,171377,211273,"Istat"
"10017",2075,"Femmine",17,136236,173530,212519,"Istat"
"10018",2075,"Femmine",18,139298,176049,214607,"Istat"
"10019",2075,"Femmine",19,142718,179296,217210,"Istat"
"10020",2075,"Femmine",20,146699,183071,220601,"Istat"
"10021",2075,"Femmine",21,151040,187419,224720,"Istat"
"10022",2075,"Femmine",22,155543,192306,229889,"Istat"
"10023",2075,"Femmine",23,160237,197241,234816,"Istat"
"10024",2075,"Femmine",24,164927,202237,240472,"Istat"
"10025",2075,"Femmine",25,169179,207000,245966,"Istat"
"10026",2075,"Femmine",26,172946,211690,251052,"Istat"
"10027",2075,"Femmine",27,177057,216191,255633,"Istat"
"10028",2075,"Femmine",28,180561,220466,260695,"Istat"
"10029",2075,"Femmine",29,183660,224450,265684,"Istat"
"10030",2075,"Femmine",30,186489,228228,269988,"Istat"
"10031",2075,"Femmine",31,189200,231339,273767,"Istat"
"10032",2075,"Femmine",32,191869,234124,277153,"Istat"
"10033",2075,"Femmine",33,193778,236503,279617,"Istat"
"10034",2075,"Femmine",34,195902,238630,281871,"Istat"
"10035",2075,"Femmine",35,197402,240210,283588,"Istat"
"10036",2075,"Femmine",36,198785,241695,284714,"Istat"
"10037",2075,"Femmine",37,200265,242765,285572,"Istat"
"10038",2075,"Femmine",38,201008,243415,285992,"Istat"
"10039",2075,"Femmine",39,201764,243922,285889,"Istat"
"10040",2075,"Femmine",40,202275,244195,285641,"Istat"
"10041",2075,"Femmine",41,202416,243879,284968,"Istat"
"10042",2075,"Femmine",42,202405,243240,284285,"Istat"
"10043",2075,"Femmine",43,202660,242949,283213,"Istat"
"10044",2075,"Femmine",44,202748,242569,282426,"Istat"
"10045",2075,"Femmine",45,202716,242034,281495,"Istat"
"10046",2075,"Femmine",46,202826,241592,280590,"Istat"
"10047",2075,"Femmine",47,203702,241425,280018,"Istat"
"10048",2075,"Femmine",48,204288,241316,278993,"Istat"
"10049",2075,"Femmine",49,204332,241143,278630,"Istat"
"10050",2075,"Femmine",50,204822,241024,277999,"Istat"
"10051",2075,"Femmine",51,210918,246840,283154,"Istat"
"10052",2075,"Femmine",52,218031,253651,289659,"Istat"
"10053",2075,"Femmine",53,223969,259174,294745,"Istat"
"10054",2075,"Femmine",54,226237,261079,296217,"Istat"
"10055",2075,"Femmine",55,235161,269501,304241,"Istat"
"10056",2075,"Femmine",56,243409,277292,311551,"Istat"
"10057",2075,"Femmine",57,252214,285613,319536,"Istat"
"10058",2075,"Femmine",58,259464,292461,325746,"Istat"
"10059",2075,"Femmine",59,264715,297114,329905,"Istat"
"10060",2075,"Femmine",60,271498,303232,335597,"Istat"
"10061",2075,"Femmine",61,274813,305977,337705,"Istat"
"10062",2075,"Femmine",62,284963,315558,346625,"Istat"
"10063",2075,"Femmine",63,288499,318512,348873,"Istat"
"10064",2075,"Femmine",64,294898,324279,354091,"Istat"
"10065",2075,"Femmine",65,299009,327611,356811,"Istat"
"10066",2075,"Femmine",66,302208,330141,358581,"Istat"
"10067",2075,"Femmine",67,300180,327219,354856,"Istat"
"10068",2075,"Femmine",68,299393,325705,352572,"Istat"
"10069",2075,"Femmine",69,296349,322133,348107,"Istat"
"10070",2075,"Femmine",70,298817,323869,348956,"Istat"
"10071",2075,"Femmine",71,292216,316419,340759,"Istat"
"10072",2075,"Femmine",72,288045,311508,335068,"Istat"
"10073",2075,"Femmine",73,287286,309949,332853,"Istat"
"10074",2075,"Femmine",74,288767,310607,332655,"Istat"
"10075",2075,"Femmine",75,282270,303385,324776,"Istat"
"10076",2075,"Femmine",76,279217,299637,319931,"Istat"
"10077",2075,"Femmine",77,276329,295880,315649,"Istat"
"10078",2075,"Femmine",78,273740,292563,311721,"Istat"
"10079",2075,"Femmine",79,268742,287297,305856,"Istat"
"10080",2075,"Femmine",80,266951,285611,303677,"Istat"
"10081",2075,"Femmine",81,265442,284458,302864,"Istat"
"10082",2075,"Femmine",82,267588,287521,306400,"Istat"
"10083",2075,"Femmine",83,257418,278397,298202,"Istat"
"10084",2075,"Femmine",84,250006,272741,293710,"Istat"
"10085",2075,"Femmine",85,237812,261989,284018,"Istat"
"10086",2075,"Femmine",86,227513,254178,278198,"Istat"
"10087",2075,"Femmine",87,207158,235641,261666,"Istat"
"10088",2075,"Femmine",88,189054,220397,249046,"Istat"
"10089",2075,"Femmine",89,174277,208621,240569,"Istat"
"10090",2075,"Femmine",90,155351,191927,227154,"Istat"
"10091",2075,"Femmine",91,135237,173690,211955,"Istat"
"10092",2075,"Femmine",92,116888,157138,198903,"Istat"
"10093",2075,"Femmine",93,95835,136011,179471,"Istat"
"10094",2075,"Femmine",94,77408,116806,161470,"Istat"
"10095",2075,"Femmine",95,61520,99619,145034,"Istat"
"10096",2075,"Femmine",96,48055,84335,129937,"Istat"
"10097",2075,"Femmine",97,35783,68707,113058,"Istat"
"10098",2075,"Femmine",98,25948,54941,97458,"Istat"
"10099",2075,"Femmine",99,18179,42849,82490,"Istat"
"10100",2075,"Femmine",100,12077,112316,67346,"Istat"
