"","sex","age","year","qx"
"1","Maschi","0 anni",2002,4.65308
"2","Maschi","0 anni",2003,4.36719
"3","Maschi","0 anni",2004,3.98859
"4","Maschi","0 anni",2005,3.75626
"5","Maschi","0 anni",2006,3.66916
"6","Maschi","0 anni",2007,3.52316
"7","Maschi","0 anni",2008,3.42158
"8","Maschi","0 anni",2009,3.44424
"9","Maschi","0 anni",2010,3.48075
"10","Maschi","0 anni",2011,3.43246
"11","Maschi","0 anni",2012,3.26057
"12","Maschi","0 anni",2013,3.2856
"13","Maschi","0 anni",2014,3.2512
"14","Maschi","0 anni",2015,3.27444
"15","Maschi","0 anni",2016,3.20092
"16","Maschi","0 anni",2017,3.10268
"17","Maschi","0 anni",2018,3.12156
"18","Maschi","0 anni",2019,2.99255
"19","Maschi","0 anni",2020,2.85162
"20","Maschi","0 anni",2021,2.58229
"21","Maschi","0 anni",2022,2.49291
"22","Maschi","0 anni",2023,2.62887
"23","Maschi","0 anni",2024,2.76326
"24","Maschi","0 anni",2025,2.83574
"25","Maschi","1 anni",2002,0.29234
"26","Maschi","1 anni",2003,0.26772
"27","Maschi","1 anni",2004,0.26037
"28","Maschi","1 anni",2005,0.24799
"29","Maschi","1 anni",2006,0.26482
"30","Maschi","1 anni",2007,0.249
"31","Maschi","1 anni",2008,0.24404
"32","Maschi","1 anni",2009,0.23295
"33","Maschi","1 anni",2010,0.22904
"34","Maschi","1 anni",2011,0.23881
"35","Maschi","1 anni",2012,0.23525
"36","Maschi","1 anni",2013,0.2593
"37","Maschi","1 anni",2014,0.231
"38","Maschi","1 anni",2015,0.21618
"39","Maschi","1 anni",2016,0.17429
"40","Maschi","1 anni",2017,0.19992
"41","Maschi","1 anni",2018,0.21933
"42","Maschi","1 anni",2019,0.24179
"43","Maschi","1 anni",2020,0.22168
"44","Maschi","1 anni",2021,0.20525
"45","Maschi","1 anni",2022,0.19564
"46","Maschi","1 anni",2023,0.20819
"47","Maschi","1 anni",2024,0.20119
"48","Maschi","1 anni",2025,0.17377
"49","Maschi","2 anni",2002,0.21539
"50","Maschi","2 anni",2003,0.20784
"51","Maschi","2 anni",2004,0.19973
"52","Maschi","2 anni",2005,0.18947
"53","Maschi","2 anni",2006,0.19491
"54","Maschi","2 anni",2007,0.18523
"55","Maschi","2 anni",2008,0.18206
"56","Maschi","2 anni",2009,0.17745
"57","Maschi","2 anni",2010,0.17401
"58","Maschi","2 anni",2011,0.17118
"59","Maschi","2 anni",2012,0.16606
"60","Maschi","2 anni",2013,0.17672
"61","Maschi","2 anni",2014,0.17532
"62","Maschi","2 anni",2015,0.17251
"63","Maschi","2 anni",2016,0.14435
"64","Maschi","2 anni",2017,0.14771
"65","Maschi","2 anni",2018,0.15834
"66","Maschi","2 anni",2019,0.1741
"67","Maschi","2 anni",2020,0.164
"68","Maschi","2 anni",2021,0.15199
"69","Maschi","2 anni",2022,0.14114
"70","Maschi","2 anni",2023,0.15151
"71","Maschi","2 anni",2024,0.14772
"72","Maschi","2 anni",2025,0.14052
"73","Maschi","3 anni",2002,0.16783
"74","Maschi","3 anni",2003,0.16841
"75","Maschi","3 anni",2004,0.15787
"76","Maschi","3 anni",2005,0.15071
"77","Maschi","3 anni",2006,0.14869
"78","Maschi","3 anni",2007,0.14187
"79","Maschi","3 anni",2008,0.13779
"80","Maschi","3 anni",2009,0.13471
"81","Maschi","3 anni",2010,0.13358
"82","Maschi","3 anni",2011,0.12732
"83","Maschi","3 anni",2012,0.12764
"84","Maschi","3 anni",2013,0.12363
"85","Maschi","3 anni",2014,0.13298
"86","Maschi","3 anni",2015,0.13574
"87","Maschi","3 anni",2016,0.11854
"88","Maschi","3 anni",2017,0.11138
"89","Maschi","3 anni",2018,0.11832
"90","Maschi","3 anni",2019,0.12648
"91","Maschi","3 anni",2020,0.12357
"92","Maschi","3 anni",2021,0.11273
"93","Maschi","3 anni",2022,0.10689
"94","Maschi","3 anni",2023,0.11516
"95","Maschi","3 anni",2024,0.11496
"96","Maschi","3 anni",2025,0.11698
"97","Maschi","4 anni",2002,0.14041
"98","Maschi","4 anni",2003,0.14292
"99","Maschi","4 anni",2004,0.13084
"100","Maschi","4 anni",2005,0.12569
"101","Maschi","4 anni",2006,0.11973
"102","Maschi","4 anni",2007,0.11467
"103","Maschi","4 anni",2008,0.10884
"104","Maschi","4 anni",2009,0.11062
"105","Maschi","4 anni",2010,0.10657
"106","Maschi","4 anni",2011,0.10086
"107","Maschi","4 anni",2012,0.10379
"108","Maschi","4 anni",2013,0.09327
"109","Maschi","4 anni",2014,0.10344
"110","Maschi","4 anni",2015,0.10731
"111","Maschi","4 anni",2016,0.09836
"112","Maschi","4 anni",2017,0.08883
"113","Maschi","4 anni",2018,0.09448
"114","Maschi","4 anni",2019,0.09539
"115","Maschi","4 anni",2020,0.09605
"116","Maschi","4 anni",2021,0.08579
"117","Maschi","4 anni",2022,0.08633
"118","Maschi","4 anni",2023,0.09384
"119","Maschi","4 anni",2024,0.09635
"120","Maschi","4 anni",2025,0.10071
"121","Maschi","5 anni",2002,0.13055
"122","Maschi","5 anni",2003,0.13995
"123","Maschi","5 anni",2004,0.12012
"124","Maschi","5 anni",2005,0.11194
"125","Maschi","5 anni",2006,0.11017
"126","Maschi","5 anni",2007,0.10536
"127","Maschi","5 anni",2008,0.09622
"128","Maschi","5 anni",2009,0.10081
"129","Maschi","5 anni",2010,0.09798
"130","Maschi","5 anni",2011,0.09299
"131","Maschi","5 anni",2012,0.09959
"132","Maschi","5 anni",2013,0.0882
"133","Maschi","5 anni",2014,0.09042
"134","Maschi","5 anni",2015,0.08863
"135","Maschi","5 anni",2016,0.08628
"136","Maschi","5 anni",2017,0.08365
"137","Maschi","5 anni",2018,0.08882
"138","Maschi","5 anni",2019,0.08271
"139","Maschi","5 anni",2020,0.07986
"140","Maschi","5 anni",2021,0.07307
"141","Maschi","5 anni",2022,0.08565
"142","Maschi","5 anni",2023,0.08871
"143","Maschi","5 anni",2024,0.09317
"144","Maschi","5 anni",2025,0.09127
"145","Maschi","6 anni",2002,0.13088
"146","Maschi","6 anni",2003,0.12095
"147","Maschi","6 anni",2004,0.1152
"148","Maschi","6 anni",2005,0.10671
"149","Maschi","6 anni",2006,0.1018
"150","Maschi","6 anni",2007,0.10467
"151","Maschi","6 anni",2008,0.09557
"152","Maschi","6 anni",2009,0.09258
"153","Maschi","6 anni",2010,0.09111
"154","Maschi","6 anni",2011,0.0895
"155","Maschi","6 anni",2012,0.09712
"156","Maschi","6 anni",2013,0.08993
"157","Maschi","6 anni",2014,0.08784
"158","Maschi","6 anni",2015,0.08607
"159","Maschi","6 anni",2016,0.07755
"160","Maschi","6 anni",2017,0.08118
"161","Maschi","6 anni",2018,0.08621
"162","Maschi","6 anni",2019,0.07673
"163","Maschi","6 anni",2020,0.07817
"164","Maschi","6 anni",2021,0.07378
"165","Maschi","6 anni",2022,0.08209
"166","Maschi","6 anni",2023,0.08887
"167","Maschi","6 anni",2024,0.09041
"168","Maschi","6 anni",2025,0.08541
"169","Maschi","7 anni",2002,0.13143
"170","Maschi","7 anni",2003,0.11742
"171","Maschi","7 anni",2004,0.11436
"172","Maschi","7 anni",2005,0.09854
"173","Maschi","7 anni",2006,0.0965
"174","Maschi","7 anni",2007,0.10694
"175","Maschi","7 anni",2008,0.09793
"176","Maschi","7 anni",2009,0.09073
"177","Maschi","7 anni",2010,0.08605
"178","Maschi","7 anni",2011,0.08302
"179","Maschi","7 anni",2012,0.07739
"180","Maschi","7 anni",2013,0.08928
"181","Maschi","7 anni",2014,0.0816
"182","Maschi","7 anni",2015,0.07961
"183","Maschi","7 anni",2016,0.07995
"184","Maschi","7 anni",2017,0.0782
"185","Maschi","7 anni",2018,0.08826
"186","Maschi","7 anni",2019,0.07418
"187","Maschi","7 anni",2020,0.0695
"188","Maschi","7 anni",2021,0.06924
"189","Maschi","7 anni",2022,0.07729
"190","Maschi","7 anni",2023,0.08499
"191","Maschi","7 anni",2024,0.08328
"192","Maschi","7 anni",2025,0.08188
"193","Maschi","8 anni",2002,0.13172
"194","Maschi","8 anni",2003,0.12164
"195","Maschi","8 anni",2004,0.11985
"196","Maschi","8 anni",2005,0.09894
"197","Maschi","8 anni",2006,0.09407
"198","Maschi","8 anni",2007,0.09832
"199","Maschi","8 anni",2008,0.09599
"200","Maschi","8 anni",2009,0.09135
"201","Maschi","8 anni",2010,0.082
"202","Maschi","8 anni",2011,0.0835
"203","Maschi","8 anni",2012,0.07279
"204","Maschi","8 anni",2013,0.08591
"205","Maschi","8 anni",2014,0.07939
"206","Maschi","8 anni",2015,0.08302
"207","Maschi","8 anni",2016,0.08441
"208","Maschi","8 anni",2017,0.08364
"209","Maschi","8 anni",2018,0.08611
"210","Maschi","8 anni",2019,0.0781
"211","Maschi","8 anni",2020,0.06751
"212","Maschi","8 anni",2021,0.06919
"213","Maschi","8 anni",2022,0.0651
"214","Maschi","8 anni",2023,0.08169
"215","Maschi","8 anni",2024,0.08017
"216","Maschi","8 anni",2025,0.0791
"217","Maschi","9 anni",2002,0.13116
"218","Maschi","9 anni",2003,0.12628
"219","Maschi","9 anni",2004,0.11822
"220","Maschi","9 anni",2005,0.10024
"221","Maschi","9 anni",2006,0.09029
"222","Maschi","9 anni",2007,0.0904
"223","Maschi","9 anni",2008,0.08915
"224","Maschi","9 anni",2009,0.08932
"225","Maschi","9 anni",2010,0.08346
"226","Maschi","9 anni",2011,0.08514
"227","Maschi","9 anni",2012,0.07379
"228","Maschi","9 anni",2013,0.0846
"229","Maschi","9 anni",2014,0.07778
"230","Maschi","9 anni",2015,0.08568
"231","Maschi","9 anni",2016,0.08427
"232","Maschi","9 anni",2017,0.08311
"233","Maschi","9 anni",2018,0.08281
"234","Maschi","9 anni",2019,0.08208
"235","Maschi","9 anni",2020,0.07266
"236","Maschi","9 anni",2021,0.06699
"237","Maschi","9 anni",2022,0.06556
"238","Maschi","9 anni",2023,0.07466
"239","Maschi","9 anni",2024,0.07602
"240","Maschi","9 anni",2025,0.07541
"241","Maschi","10 anni",2002,0.12905
"242","Maschi","10 anni",2003,0.12311
"243","Maschi","10 anni",2004,0.11171
"244","Maschi","10 anni",2005,0.10443
"245","Maschi","10 anni",2006,0.0908
"246","Maschi","10 anni",2007,0.08885
"247","Maschi","10 anni",2008,0.08736
"248","Maschi","10 anni",2009,0.09318
"249","Maschi","10 anni",2010,0.0903
"250","Maschi","10 anni",2011,0.09328
"251","Maschi","10 anni",2012,0.08051
"252","Maschi","10 anni",2013,0.08302
"253","Maschi","10 anni",2014,0.07347
"254","Maschi","10 anni",2015,0.08088
"255","Maschi","10 anni",2016,0.08299
"256","Maschi","10 anni",2017,0.08798
"257","Maschi","10 anni",2018,0.0886
"258","Maschi","10 anni",2019,0.0861
"259","Maschi","10 anni",2020,0.07758
"260","Maschi","10 anni",2021,0.07193
"261","Maschi","10 anni",2022,0.0686
"262","Maschi","10 anni",2023,0.06943
"263","Maschi","10 anni",2024,0.07312
"264","Maschi","10 anni",2025,0.07366
"265","Maschi","11 anni",2002,0.124
"266","Maschi","11 anni",2003,0.12818
"267","Maschi","11 anni",2004,0.11235
"268","Maschi","11 anni",2005,0.115
"269","Maschi","11 anni",2006,0.09914
"270","Maschi","11 anni",2007,0.09345
"271","Maschi","11 anni",2008,0.0925
"272","Maschi","11 anni",2009,0.1058
"273","Maschi","11 anni",2010,0.1063
"274","Maschi","11 anni",2011,0.10355
"275","Maschi","11 anni",2012,0.09196
"276","Maschi","11 anni",2013,0.08921
"277","Maschi","11 anni",2014,0.07858
"278","Maschi","11 anni",2015,0.08222
"279","Maschi","11 anni",2016,0.08457
"280","Maschi","11 anni",2017,0.09583
"281","Maschi","11 anni",2018,0.09539
"282","Maschi","11 anni",2019,0.08657
"283","Maschi","11 anni",2020,0.07905
"284","Maschi","11 anni",2021,0.07137
"285","Maschi","11 anni",2022,0.07336
"286","Maschi","11 anni",2023,0.07119
"287","Maschi","11 anni",2024,0.07722
"288","Maschi","11 anni",2025,0.07554
"289","Maschi","12 anni",2002,0.14065
"290","Maschi","12 anni",2003,0.14419
"291","Maschi","12 anni",2004,0.12535
"292","Maschi","12 anni",2005,0.13335
"293","Maschi","12 anni",2006,0.12643
"294","Maschi","12 anni",2007,0.11559
"295","Maschi","12 anni",2008,0.10898
"296","Maschi","12 anni",2009,0.12464
"297","Maschi","12 anni",2010,0.12082
"298","Maschi","12 anni",2011,0.11477
"299","Maschi","12 anni",2012,0.10263
"300","Maschi","12 anni",2013,0.10016
"301","Maschi","12 anni",2014,0.09237
"302","Maschi","12 anni",2015,0.09243
"303","Maschi","12 anni",2016,0.0969
"304","Maschi","12 anni",2017,0.10178
"305","Maschi","12 anni",2018,0.10221
"306","Maschi","12 anni",2019,0.08812
"307","Maschi","12 anni",2020,0.08643
"308","Maschi","12 anni",2021,0.07714
"309","Maschi","12 anni",2022,0.08142
"310","Maschi","12 anni",2023,0.07938
"311","Maschi","12 anni",2024,0.08814
"312","Maschi","12 anni",2025,0.08656
"313","Maschi","13 anni",2002,0.18554
"314","Maschi","13 anni",2003,0.18026
"315","Maschi","13 anni",2004,0.16369
"316","Maschi","13 anni",2005,0.16593
"317","Maschi","13 anni",2006,0.15506
"318","Maschi","13 anni",2007,0.15407
"319","Maschi","13 anni",2008,0.14756
"320","Maschi","13 anni",2009,0.15779
"321","Maschi","13 anni",2010,0.14862
"322","Maschi","13 anni",2011,0.14175
"323","Maschi","13 anni",2012,0.12451
"324","Maschi","13 anni",2013,0.12083
"325","Maschi","13 anni",2014,0.11517
"326","Maschi","13 anni",2015,0.11689
"327","Maschi","13 anni",2016,0.1213
"328","Maschi","13 anni",2017,0.12335
"329","Maschi","13 anni",2018,0.11375
"330","Maschi","13 anni",2019,0.09937
"331","Maschi","13 anni",2020,0.09779
"332","Maschi","13 anni",2021,0.09257
"333","Maschi","13 anni",2022,0.09726
"334","Maschi","13 anni",2023,0.09988
"335","Maschi","13 anni",2024,0.10905
"336","Maschi","13 anni",2025,0.10779
"337","Maschi","14 anni",2002,0.26157
"338","Maschi","14 anni",2003,0.24161
"339","Maschi","14 anni",2004,0.22694
"340","Maschi","14 anni",2005,0.21361
"341","Maschi","14 anni",2006,0.20586
"342","Maschi","14 anni",2007,0.2139
"343","Maschi","14 anni",2008,0.20967
"344","Maschi","14 anni",2009,0.22529
"345","Maschi","14 anni",2010,0.1958
"346","Maschi","14 anni",2011,0.18429
"347","Maschi","14 anni",2012,0.15717
"348","Maschi","14 anni",2013,0.15536
"349","Maschi","14 anni",2014,0.14723
"350","Maschi","14 anni",2015,0.15206
"351","Maschi","14 anni",2016,0.15236
"352","Maschi","14 anni",2017,0.1473
"353","Maschi","14 anni",2018,0.14106
"354","Maschi","14 anni",2019,0.12934
"355","Maschi","14 anni",2020,0.12063
"356","Maschi","14 anni",2021,0.1184
"357","Maschi","14 anni",2022,0.12384
"358","Maschi","14 anni",2023,0.13018
"359","Maschi","14 anni",2024,0.14198
"360","Maschi","14 anni",2025,0.14177
"361","Maschi","15 anni",2002,0.35665
"362","Maschi","15 anni",2003,0.33824
"363","Maschi","15 anni",2004,0.3083
"364","Maschi","15 anni",2005,0.28274
"365","Maschi","15 anni",2006,0.28144
"366","Maschi","15 anni",2007,0.28976
"367","Maschi","15 anni",2008,0.28825
"368","Maschi","15 anni",2009,0.29456
"369","Maschi","15 anni",2010,0.25659
"370","Maschi","15 anni",2011,0.24559
"371","Maschi","15 anni",2012,0.21576
"372","Maschi","15 anni",2013,0.20172
"373","Maschi","15 anni",2014,0.19114
"374","Maschi","15 anni",2015,0.1975
"375","Maschi","15 anni",2016,0.1956
"376","Maschi","15 anni",2017,0.19016
"377","Maschi","15 anni",2018,0.17972
"378","Maschi","15 anni",2019,0.1734
"379","Maschi","15 anni",2020,0.16007
"380","Maschi","15 anni",2021,0.155
"381","Maschi","15 anni",2022,0.1611
"382","Maschi","15 anni",2023,0.16874
"383","Maschi","15 anni",2024,0.17828
"384","Maschi","15 anni",2025,0.1856
"385","Maschi","16 anni",2002,0.47608
"386","Maschi","16 anni",2003,0.46072
"387","Maschi","16 anni",2004,0.4299
"388","Maschi","16 anni",2005,0.3957
"389","Maschi","16 anni",2006,0.37543
"390","Maschi","16 anni",2007,0.38463
"391","Maschi","16 anni",2008,0.38171
"392","Maschi","16 anni",2009,0.37891
"393","Maschi","16 anni",2010,0.34073
"394","Maschi","16 anni",2011,0.3319
"395","Maschi","16 anni",2012,0.28481
"396","Maschi","16 anni",2013,0.26558
"397","Maschi","16 anni",2014,0.24773
"398","Maschi","16 anni",2015,0.24926
"399","Maschi","16 anni",2016,0.24938
"400","Maschi","16 anni",2017,0.24755
"401","Maschi","16 anni",2018,0.23758
"402","Maschi","16 anni",2019,0.23262
"403","Maschi","16 anni",2020,0.20949
"404","Maschi","16 anni",2021,0.20172
"405","Maschi","16 anni",2022,0.21184
"406","Maschi","16 anni",2023,0.22155
"407","Maschi","16 anni",2024,0.22211
"408","Maschi","16 anni",2025,0.23113
"409","Maschi","17 anni",2002,0.58829
"410","Maschi","17 anni",2003,0.5755
"411","Maschi","17 anni",2004,0.5463
"412","Maschi","17 anni",2005,0.51423
"413","Maschi","17 anni",2006,0.47889
"414","Maschi","17 anni",2007,0.46805
"415","Maschi","17 anni",2008,0.46904
"416","Maschi","17 anni",2009,0.45536
"417","Maschi","17 anni",2010,0.41757
"418","Maschi","17 anni",2011,0.39572
"419","Maschi","17 anni",2012,0.3439
"420","Maschi","17 anni",2013,0.32345
"421","Maschi","17 anni",2014,0.30015
"422","Maschi","17 anni",2015,0.30294
"423","Maschi","17 anni",2016,0.30408
"424","Maschi","17 anni",2017,0.29977
"425","Maschi","17 anni",2018,0.28816
"426","Maschi","17 anni",2019,0.28726
"427","Maschi","17 anni",2020,0.27194
"428","Maschi","17 anni",2021,0.25914
"429","Maschi","17 anni",2022,0.26676
"430","Maschi","17 anni",2023,0.27753
"431","Maschi","17 anni",2024,0.27169
"432","Maschi","17 anni",2025,0.27668
"433","Maschi","18 anni",2002,0.68114
"434","Maschi","18 anni",2003,0.65912
"435","Maschi","18 anni",2004,0.63519
"436","Maschi","18 anni",2005,0.61633
"437","Maschi","18 anni",2006,0.56594
"438","Maschi","18 anni",2007,0.53743
"439","Maschi","18 anni",2008,0.52555
"440","Maschi","18 anni",2009,0.52101
"441","Maschi","18 anni",2010,0.48304
"442","Maschi","18 anni",2011,0.45778
"443","Maschi","18 anni",2012,0.39793
"444","Maschi","18 anni",2013,0.38748
"445","Maschi","18 anni",2014,0.35242
"446","Maschi","18 anni",2015,0.35029
"447","Maschi","18 anni",2016,0.34445
"448","Maschi","18 anni",2017,0.33932
"449","Maschi","18 anni",2018,0.33145
"450","Maschi","18 anni",2019,0.33214
"451","Maschi","18 anni",2020,0.32045
"452","Maschi","18 anni",2021,0.30645
"453","Maschi","18 anni",2022,0.30732
"454","Maschi","18 anni",2023,0.31592
"455","Maschi","18 anni",2024,0.31397
"456","Maschi","18 anni",2025,0.32783
"457","Maschi","19 anni",2002,0.74849
"458","Maschi","19 anni",2003,0.71253
"459","Maschi","19 anni",2004,0.7015
"460","Maschi","19 anni",2005,0.69004
"461","Maschi","19 anni",2006,0.6339
"462","Maschi","19 anni",2007,0.57693
"463","Maschi","19 anni",2008,0.55673
"464","Maschi","19 anni",2009,0.54502
"465","Maschi","19 anni",2010,0.52373
"466","Maschi","19 anni",2011,0.4947
"467","Maschi","19 anni",2012,0.44149
"468","Maschi","19 anni",2013,0.43195
"469","Maschi","19 anni",2014,0.39388
"470","Maschi","19 anni",2015,0.38556
"471","Maschi","19 anni",2016,0.36963
"472","Maschi","19 anni",2017,0.36315
"473","Maschi","19 anni",2018,0.36346
"474","Maschi","19 anni",2019,0.36311
"475","Maschi","19 anni",2020,0.35559
"476","Maschi","19 anni",2021,0.33743
"477","Maschi","19 anni",2022,0.34253
"478","Maschi","19 anni",2023,0.35279
"479","Maschi","19 anni",2024,0.34918
"480","Maschi","19 anni",2025,0.35762
"481","Maschi","20 anni",2002,0.79228
"482","Maschi","20 anni",2003,0.73205
"483","Maschi","20 anni",2004,0.71733
"484","Maschi","20 anni",2005,0.7185
"485","Maschi","20 anni",2006,0.68488
"486","Maschi","20 anni",2007,0.63148
"487","Maschi","20 anni",2008,0.60324
"488","Maschi","20 anni",2009,0.59624
"489","Maschi","20 anni",2010,0.55917
"490","Maschi","20 anni",2011,0.51728
"491","Maschi","20 anni",2012,0.46342
"492","Maschi","20 anni",2013,0.4521
"493","Maschi","20 anni",2014,0.42263
"494","Maschi","20 anni",2015,0.41186
"495","Maschi","20 anni",2016,0.39546
"496","Maschi","20 anni",2017,0.3816
"497","Maschi","20 anni",2018,0.38263
"498","Maschi","20 anni",2019,0.38534
"499","Maschi","20 anni",2020,0.38292
"500","Maschi","20 anni",2021,0.36491
"501","Maschi","20 anni",2022,0.37044
"502","Maschi","20 anni",2023,0.3812
"503","Maschi","20 anni",2024,0.38708
"504","Maschi","20 anni",2025,0.37529
"505","Maschi","21 anni",2002,0.83196
"506","Maschi","21 anni",2003,0.75278
"507","Maschi","21 anni",2004,0.73148
"508","Maschi","21 anni",2005,0.72428
"509","Maschi","21 anni",2006,0.71935
"510","Maschi","21 anni",2007,0.66175
"511","Maschi","21 anni",2008,0.62426
"512","Maschi","21 anni",2009,0.60508
"513","Maschi","21 anni",2010,0.55007
"514","Maschi","21 anni",2011,0.51814
"515","Maschi","21 anni",2012,0.47614
"516","Maschi","21 anni",2013,0.45973
"517","Maschi","21 anni",2014,0.43393
"518","Maschi","21 anni",2015,0.42336
"519","Maschi","21 anni",2016,0.41353
"520","Maschi","21 anni",2017,0.39982
"521","Maschi","21 anni",2018,0.39795
"522","Maschi","21 anni",2019,0.4051
"523","Maschi","21 anni",2020,0.39546
"524","Maschi","21 anni",2021,0.38029
"525","Maschi","21 anni",2022,0.38013
"526","Maschi","21 anni",2023,0.39594
"527","Maschi","21 anni",2024,0.39912
"528","Maschi","21 anni",2025,0.3815
"529","Maschi","22 anni",2002,0.8579
"530","Maschi","22 anni",2003,0.77748
"531","Maschi","22 anni",2004,0.74821
"532","Maschi","22 anni",2005,0.73307
"533","Maschi","22 anni",2006,0.7379
"534","Maschi","22 anni",2007,0.6967
"535","Maschi","22 anni",2008,0.6438
"536","Maschi","22 anni",2009,0.60836
"537","Maschi","22 anni",2010,0.55312
"538","Maschi","22 anni",2011,0.53252
"539","Maschi","22 anni",2012,0.49157
"540","Maschi","22 anni",2013,0.47317
"541","Maschi","22 anni",2014,0.44722
"542","Maschi","22 anni",2015,0.43576
"543","Maschi","22 anni",2016,0.43023
"544","Maschi","22 anni",2017,0.42143
"545","Maschi","22 anni",2018,0.41524
"546","Maschi","22 anni",2019,0.41867
"547","Maschi","22 anni",2020,0.39747
"548","Maschi","22 anni",2021,0.3948
"549","Maschi","22 anni",2022,0.38267
"550","Maschi","22 anni",2023,0.40669
"551","Maschi","22 anni",2024,0.39952
"552","Maschi","22 anni",2025,0.38641
"553","Maschi","23 anni",2002,0.87556
"554","Maschi","23 anni",2003,0.78693
"555","Maschi","23 anni",2004,0.75144
"556","Maschi","23 anni",2005,0.74366
"557","Maschi","23 anni",2006,0.75665
"558","Maschi","23 anni",2007,0.71919
"559","Maschi","23 anni",2008,0.66771
"560","Maschi","23 anni",2009,0.62231
"561","Maschi","23 anni",2010,0.56134
"562","Maschi","23 anni",2011,0.54136
"563","Maschi","23 anni",2012,0.50662
"564","Maschi","23 anni",2013,0.492
"565","Maschi","23 anni",2014,0.46716
"566","Maschi","23 anni",2015,0.45599
"567","Maschi","23 anni",2016,0.45278
"568","Maschi","23 anni",2017,0.43682
"569","Maschi","23 anni",2018,0.42524
"570","Maschi","23 anni",2019,0.42397
"571","Maschi","23 anni",2020,0.40203
"572","Maschi","23 anni",2021,0.40174
"573","Maschi","23 anni",2022,0.38805
"574","Maschi","23 anni",2023,0.41299
"575","Maschi","23 anni",2024,0.40662
"576","Maschi","23 anni",2025,0.39445
"577","Maschi","24 anni",2002,0.89892
"578","Maschi","24 anni",2003,0.79991
"579","Maschi","24 anni",2004,0.75498
"580","Maschi","24 anni",2005,0.74519
"581","Maschi","24 anni",2006,0.75225
"582","Maschi","24 anni",2007,0.72322
"583","Maschi","24 anni",2008,0.66151
"584","Maschi","24 anni",2009,0.64044
"585","Maschi","24 anni",2010,0.57245
"586","Maschi","24 anni",2011,0.56565
"587","Maschi","24 anni",2012,0.52623
"588","Maschi","24 anni",2013,0.52023
"589","Maschi","24 anni",2014,0.48345
"590","Maschi","24 anni",2015,0.47007
"591","Maschi","24 anni",2016,0.45123
"592","Maschi","24 anni",2017,0.44407
"593","Maschi","24 anni",2018,0.44005
"594","Maschi","24 anni",2019,0.44288
"595","Maschi","24 anni",2020,0.4242
"596","Maschi","24 anni",2021,0.41267
"597","Maschi","24 anni",2022,0.39267
"598","Maschi","24 anni",2023,0.40626
"599","Maschi","24 anni",2024,0.40571
"600","Maschi","24 anni",2025,0.40574
"601","Maschi","25 anni",2002,0.8884
"602","Maschi","25 anni",2003,0.81028
"603","Maschi","25 anni",2004,0.7736
"604","Maschi","25 anni",2005,0.77375
"605","Maschi","25 anni",2006,0.76767
"606","Maschi","25 anni",2007,0.7332
"607","Maschi","25 anni",2008,0.66366
"608","Maschi","25 anni",2009,0.6322
"609","Maschi","25 anni",2010,0.58124
"610","Maschi","25 anni",2011,0.574
"611","Maschi","25 anni",2012,0.53462
"612","Maschi","25 anni",2013,0.5281
"613","Maschi","25 anni",2014,0.48922
"614","Maschi","25 anni",2015,0.47856
"615","Maschi","25 anni",2016,0.44818
"616","Maschi","25 anni",2017,0.44042
"617","Maschi","25 anni",2018,0.44859
"618","Maschi","25 anni",2019,0.44841
"619","Maschi","25 anni",2020,0.43637
"620","Maschi","25 anni",2021,0.41709
"621","Maschi","25 anni",2022,0.40381
"622","Maschi","25 anni",2023,0.41249
"623","Maschi","25 anni",2024,0.40307
"624","Maschi","25 anni",2025,0.40217
"625","Maschi","26 anni",2002,0.88253
"626","Maschi","26 anni",2003,0.81594
"627","Maschi","26 anni",2004,0.77972
"628","Maschi","26 anni",2005,0.78513
"629","Maschi","26 anni",2006,0.78355
"630","Maschi","26 anni",2007,0.76035
"631","Maschi","26 anni",2008,0.68841
"632","Maschi","26 anni",2009,0.65046
"633","Maschi","26 anni",2010,0.59696
"634","Maschi","26 anni",2011,0.57768
"635","Maschi","26 anni",2012,0.53802
"636","Maschi","26 anni",2013,0.52586
"637","Maschi","26 anni",2014,0.50046
"638","Maschi","26 anni",2015,0.4839
"639","Maschi","26 anni",2016,0.45445
"640","Maschi","26 anni",2017,0.44587
"641","Maschi","26 anni",2018,0.45514
"642","Maschi","26 anni",2019,0.46412
"643","Maschi","26 anni",2020,0.45815
"644","Maschi","26 anni",2021,0.44428
"645","Maschi","26 anni",2022,0.43
"646","Maschi","26 anni",2023,0.43343
"647","Maschi","26 anni",2024,0.41759
"648","Maschi","26 anni",2025,0.3965
"649","Maschi","27 anni",2002,0.87457
"650","Maschi","27 anni",2003,0.81326
"651","Maschi","27 anni",2004,0.79334
"652","Maschi","27 anni",2005,0.79481
"653","Maschi","27 anni",2006,0.79473
"654","Maschi","27 anni",2007,0.76621
"655","Maschi","27 anni",2008,0.70464
"656","Maschi","27 anni",2009,0.65757
"657","Maschi","27 anni",2010,0.60071
"658","Maschi","27 anni",2011,0.57616
"659","Maschi","27 anni",2012,0.54168
"660","Maschi","27 anni",2013,0.52358
"661","Maschi","27 anni",2014,0.49041
"662","Maschi","27 anni",2015,0.4705
"663","Maschi","27 anni",2016,0.44222
"664","Maschi","27 anni",2017,0.43791
"665","Maschi","27 anni",2018,0.45847
"666","Maschi","27 anni",2019,0.47415
"667","Maschi","27 anni",2020,0.46985
"668","Maschi","27 anni",2021,0.46282
"669","Maschi","27 anni",2022,0.45571
"670","Maschi","27 anni",2023,0.47247
"671","Maschi","27 anni",2024,0.44289
"672","Maschi","27 anni",2025,0.41088
"673","Maschi","28 anni",2002,0.85944
"674","Maschi","28 anni",2003,0.80243
"675","Maschi","28 anni",2004,0.78172
"676","Maschi","28 anni",2005,0.7866
"677","Maschi","28 anni",2006,0.79435
"678","Maschi","28 anni",2007,0.77185
"679","Maschi","28 anni",2008,0.72818
"680","Maschi","28 anni",2009,0.68021
"681","Maschi","28 anni",2010,0.62025
"682","Maschi","28 anni",2011,0.57358
"683","Maschi","28 anni",2012,0.53965
"684","Maschi","28 anni",2013,0.52537
"685","Maschi","28 anni",2014,0.50062
"686","Maschi","28 anni",2015,0.47682
"687","Maschi","28 anni",2016,0.45183
"688","Maschi","28 anni",2017,0.44083
"689","Maschi","28 anni",2018,0.45308
"690","Maschi","28 anni",2019,0.46662
"691","Maschi","28 anni",2020,0.46629
"692","Maschi","28 anni",2021,0.47148
"693","Maschi","28 anni",2022,0.46949
"694","Maschi","28 anni",2023,0.49595
"695","Maschi","28 anni",2024,0.46507
"696","Maschi","28 anni",2025,0.43226
"697","Maschi","29 anni",2002,0.84288
"698","Maschi","29 anni",2003,0.77517
"699","Maschi","29 anni",2004,0.75906
"700","Maschi","29 anni",2005,0.77143
"701","Maschi","29 anni",2006,0.79183
"702","Maschi","29 anni",2007,0.76794
"703","Maschi","29 anni",2008,0.74775
"704","Maschi","29 anni",2009,0.71231
"705","Maschi","29 anni",2010,0.66505
"706","Maschi","29 anni",2011,0.60146
"707","Maschi","29 anni",2012,0.55449
"708","Maschi","29 anni",2013,0.53036
"709","Maschi","29 anni",2014,0.51914
"710","Maschi","29 anni",2015,0.50282
"711","Maschi","29 anni",2016,0.48567
"712","Maschi","29 anni",2017,0.46406
"713","Maschi","29 anni",2018,0.45958
"714","Maschi","29 anni",2019,0.45367
"715","Maschi","29 anni",2020,0.45129
"716","Maschi","29 anni",2021,0.46342
"717","Maschi","29 anni",2022,0.47729
"718","Maschi","29 anni",2023,0.51516
"719","Maschi","29 anni",2024,0.49463
"720","Maschi","29 anni",2025,0.46119
"721","Maschi","30 anni",2002,0.85469
"722","Maschi","30 anni",2003,0.76793
"723","Maschi","30 anni",2004,0.74664
"724","Maschi","30 anni",2005,0.7473
"725","Maschi","30 anni",2006,0.77588
"726","Maschi","30 anni",2007,0.75163
"727","Maschi","30 anni",2008,0.74419
"728","Maschi","30 anni",2009,0.72885
"729","Maschi","30 anni",2010,0.68265
"730","Maschi","30 anni",2011,0.6293
"731","Maschi","30 anni",2012,0.57496
"732","Maschi","30 anni",2013,0.55749
"733","Maschi","30 anni",2014,0.53611
"734","Maschi","30 anni",2015,0.53327
"735","Maschi","30 anni",2016,0.51109
"736","Maschi","30 anni",2017,0.49283
"737","Maschi","30 anni",2018,0.47966
"738","Maschi","30 anni",2019,0.47443
"739","Maschi","30 anni",2020,0.48309
"740","Maschi","30 anni",2021,0.48688
"741","Maschi","30 anni",2022,0.49112
"742","Maschi","30 anni",2023,0.51837
"743","Maschi","30 anni",2024,0.50744
"744","Maschi","30 anni",2025,0.48421
"745","Maschi","31 anni",2002,0.84775
"746","Maschi","31 anni",2003,0.7815
"747","Maschi","31 anni",2004,0.7453
"748","Maschi","31 anni",2005,0.75879
"749","Maschi","31 anni",2006,0.77989
"750","Maschi","31 anni",2007,0.75982
"751","Maschi","31 anni",2008,0.75231
"752","Maschi","31 anni",2009,0.7348
"753","Maschi","31 anni",2010,0.70167
"754","Maschi","31 anni",2011,0.65171
"755","Maschi","31 anni",2012,0.59331
"756","Maschi","31 anni",2013,0.57454
"757","Maschi","31 anni",2014,0.55037
"758","Maschi","31 anni",2015,0.55789
"759","Maschi","31 anni",2016,0.53816
"760","Maschi","31 anni",2017,0.52065
"761","Maschi","31 anni",2018,0.504
"762","Maschi","31 anni",2019,0.49556
"763","Maschi","31 anni",2020,0.50241
"764","Maschi","31 anni",2021,0.51184
"765","Maschi","31 anni",2022,0.51312
"766","Maschi","31 anni",2023,0.53412
"767","Maschi","31 anni",2024,0.52285
"768","Maschi","31 anni",2025,0.50197
"769","Maschi","32 anni",2002,0.88319
"770","Maschi","32 anni",2003,0.81223
"771","Maschi","32 anni",2004,0.76265
"772","Maschi","32 anni",2005,0.75547
"773","Maschi","32 anni",2006,0.7789
"774","Maschi","32 anni",2007,0.75227
"775","Maschi","32 anni",2008,0.73972
"776","Maschi","32 anni",2009,0.71938
"777","Maschi","32 anni",2010,0.71288
"778","Maschi","32 anni",2011,0.67359
"779","Maschi","32 anni",2012,0.62725
"780","Maschi","32 anni",2013,0.60152
"781","Maschi","32 anni",2014,0.57521
"782","Maschi","32 anni",2015,0.58491
"783","Maschi","32 anni",2016,0.5746
"784","Maschi","32 anni",2017,0.57475
"785","Maschi","32 anni",2018,0.54956
"786","Maschi","32 anni",2019,0.53957
"787","Maschi","32 anni",2020,0.52846
"788","Maschi","32 anni",2021,0.53727
"789","Maschi","32 anni",2022,0.52563
"790","Maschi","32 anni",2023,0.54643
"791","Maschi","32 anni",2024,0.52767
"792","Maschi","32 anni",2025,0.51248
"793","Maschi","33 anni",2002,0.92982
"794","Maschi","33 anni",2003,0.84812
"795","Maschi","33 anni",2004,0.78931
"796","Maschi","33 anni",2005,0.77435
"797","Maschi","33 anni",2006,0.78595
"798","Maschi","33 anni",2007,0.76252
"799","Maschi","33 anni",2008,0.74973
"800","Maschi","33 anni",2009,0.72325
"801","Maschi","33 anni",2010,0.73436
"802","Maschi","33 anni",2011,0.71111
"803","Maschi","33 anni",2012,0.67354
"804","Maschi","33 anni",2013,0.63186
"805","Maschi","33 anni",2014,0.61006
"806","Maschi","33 anni",2015,0.61154
"807","Maschi","33 anni",2016,0.59804
"808","Maschi","33 anni",2017,0.59141
"809","Maschi","33 anni",2018,0.58025
"810","Maschi","33 anni",2019,0.57381
"811","Maschi","33 anni",2020,0.56128
"812","Maschi","33 anni",2021,0.56841
"813","Maschi","33 anni",2022,0.56192
"814","Maschi","33 anni",2023,0.58638
"815","Maschi","33 anni",2024,0.56331
"816","Maschi","33 anni",2025,0.5469
"817","Maschi","34 anni",2002,0.99052
"818","Maschi","34 anni",2003,0.89724
"819","Maschi","34 anni",2004,0.82871
"820","Maschi","34 anni",2005,0.81269
"821","Maschi","34 anni",2006,0.82133
"822","Maschi","34 anni",2007,0.79286
"823","Maschi","34 anni",2008,0.77795
"824","Maschi","34 anni",2009,0.75424
"825","Maschi","34 anni",2010,0.74495
"826","Maschi","34 anni",2011,0.72928
"827","Maschi","34 anni",2012,0.7111
"828","Maschi","34 anni",2013,0.68333
"829","Maschi","34 anni",2014,0.66879
"830","Maschi","34 anni",2015,0.65684
"831","Maschi","34 anni",2016,0.63785
"832","Maschi","34 anni",2017,0.61404
"833","Maschi","34 anni",2018,0.59469
"834","Maschi","34 anni",2019,0.59402
"835","Maschi","34 anni",2020,0.58687
"836","Maschi","34 anni",2021,0.59966
"837","Maschi","34 anni",2022,0.60581
"838","Maschi","34 anni",2023,0.62419
"839","Maschi","34 anni",2024,0.60143
"840","Maschi","34 anni",2025,0.58565
"841","Maschi","35 anni",2002,1.025
"842","Maschi","35 anni",2003,0.93495
"843","Maschi","35 anni",2004,0.872
"844","Maschi","35 anni",2005,0.85305
"845","Maschi","35 anni",2006,0.86693
"846","Maschi","35 anni",2007,0.8448
"847","Maschi","35 anni",2008,0.82109
"848","Maschi","35 anni",2009,0.7984
"849","Maschi","35 anni",2010,0.78617
"850","Maschi","35 anni",2011,0.75443
"851","Maschi","35 anni",2012,0.73563
"852","Maschi","35 anni",2013,0.70492
"853","Maschi","35 anni",2014,0.71406
"854","Maschi","35 anni",2015,0.69998
"855","Maschi","35 anni",2016,0.68675
"856","Maschi","35 anni",2017,0.64614
"857","Maschi","35 anni",2018,0.63729
"858","Maschi","35 anni",2019,0.62162
"859","Maschi","35 anni",2020,0.6283
"860","Maschi","35 anni",2021,0.62427
"861","Maschi","35 anni",2022,0.63739
"862","Maschi","35 anni",2023,0.64604
"863","Maschi","35 anni",2024,0.63065
"864","Maschi","35 anni",2025,0.62028
"865","Maschi","36 anni",2002,1.07491
"866","Maschi","36 anni",2003,0.99851
"867","Maschi","36 anni",2004,0.93645
"868","Maschi","36 anni",2005,0.91997
"869","Maschi","36 anni",2006,0.91018
"870","Maschi","36 anni",2007,0.8956
"871","Maschi","36 anni",2008,0.86567
"872","Maschi","36 anni",2009,0.8397
"873","Maschi","36 anni",2010,0.8098
"874","Maschi","36 anni",2011,0.78287
"875","Maschi","36 anni",2012,0.767
"876","Maschi","36 anni",2013,0.76099
"877","Maschi","36 anni",2014,0.7694
"878","Maschi","36 anni",2015,0.74306
"879","Maschi","36 anni",2016,0.72358
"880","Maschi","36 anni",2017,0.6739
"881","Maschi","36 anni",2018,0.66811
"882","Maschi","36 anni",2019,0.65164
"883","Maschi","36 anni",2020,0.67719
"884","Maschi","36 anni",2021,0.67941
"885","Maschi","36 anni",2022,0.67813
"886","Maschi","36 anni",2023,0.68207
"887","Maschi","36 anni",2024,0.67016
"888","Maschi","36 anni",2025,0.6616
"889","Maschi","37 anni",2002,1.11486
"890","Maschi","37 anni",2003,1.05865
"891","Maschi","37 anni",2004,1.0233
"892","Maschi","37 anni",2005,1.01166
"893","Maschi","37 anni",2006,0.98286
"894","Maschi","37 anni",2007,0.95891
"895","Maschi","37 anni",2008,0.93017
"896","Maschi","37 anni",2009,0.89987
"897","Maschi","37 anni",2010,0.84858
"898","Maschi","37 anni",2011,0.81183
"899","Maschi","37 anni",2012,0.79785
"900","Maschi","37 anni",2013,0.79666
"901","Maschi","37 anni",2014,0.81433
"902","Maschi","37 anni",2015,0.7919
"903","Maschi","37 anni",2016,0.76941
"904","Maschi","37 anni",2017,0.72285
"905","Maschi","37 anni",2018,0.71736
"906","Maschi","37 anni",2019,0.69367
"907","Maschi","37 anni",2020,0.71832
"908","Maschi","37 anni",2021,0.72865
"909","Maschi","37 anni",2022,0.7431
"910","Maschi","37 anni",2023,0.7476
"911","Maschi","37 anni",2024,0.72889
"912","Maschi","37 anni",2025,0.71283
"913","Maschi","38 anni",2002,1.18657
"914","Maschi","38 anni",2003,1.129
"915","Maschi","38 anni",2004,1.10161
"916","Maschi","38 anni",2005,1.09678
"917","Maschi","38 anni",2006,1.06074
"918","Maschi","38 anni",2007,1.01932
"919","Maschi","38 anni",2008,0.98691
"920","Maschi","38 anni",2009,0.95231
"921","Maschi","38 anni",2010,0.91434
"922","Maschi","38 anni",2011,0.87194
"923","Maschi","38 anni",2012,0.85659
"924","Maschi","38 anni",2013,0.85929
"925","Maschi","38 anni",2014,0.85251
"926","Maschi","38 anni",2015,0.84122
"927","Maschi","38 anni",2016,0.82644
"928","Maschi","38 anni",2017,0.80761
"929","Maschi","38 anni",2018,0.79831
"930","Maschi","38 anni",2019,0.77019
"931","Maschi","38 anni",2020,0.77416
"932","Maschi","38 anni",2021,0.78316
"933","Maschi","38 anni",2022,0.78254
"934","Maschi","38 anni",2023,0.80338
"935","Maschi","38 anni",2024,0.77325
"936","Maschi","38 anni",2025,0.76661
"937","Maschi","39 anni",2002,1.28087
"938","Maschi","39 anni",2003,1.22861
"939","Maschi","39 anni",2004,1.19437
"940","Maschi","39 anni",2005,1.18043
"941","Maschi","39 anni",2006,1.1605
"942","Maschi","39 anni",2007,1.10863
"943","Maschi","39 anni",2008,1.0832
"944","Maschi","39 anni",2009,1.04118
"945","Maschi","39 anni",2010,1.00382
"946","Maschi","39 anni",2011,0.95768
"947","Maschi","39 anni",2012,0.9168
"948","Maschi","39 anni",2013,0.90727
"949","Maschi","39 anni",2014,0.89336
"950","Maschi","39 anni",2015,0.89254
"951","Maschi","39 anni",2016,0.89251
"952","Maschi","39 anni",2017,0.88919
"953","Maschi","39 anni",2018,0.87829
"954","Maschi","39 anni",2019,0.85521
"955","Maschi","39 anni",2020,0.85669
"956","Maschi","39 anni",2021,0.85989
"957","Maschi","39 anni",2022,0.85654
"958","Maschi","39 anni",2023,0.87914
"959","Maschi","39 anni",2024,0.84572
"960","Maschi","39 anni",2025,0.83003
"961","Maschi","40 anni",2002,1.37551
"962","Maschi","40 anni",2003,1.32311
"963","Maschi","40 anni",2004,1.28413
"964","Maschi","40 anni",2005,1.26289
"965","Maschi","40 anni",2006,1.25132
"966","Maschi","40 anni",2007,1.21821
"967","Maschi","40 anni",2008,1.18057
"968","Maschi","40 anni",2009,1.14709
"969","Maschi","40 anni",2010,1.08812
"970","Maschi","40 anni",2011,1.05379
"971","Maschi","40 anni",2012,1.02154
"972","Maschi","40 anni",2013,0.99691
"973","Maschi","40 anni",2014,0.9646
"974","Maschi","40 anni",2015,0.95531
"975","Maschi","40 anni",2016,0.96551
"976","Maschi","40 anni",2017,0.98585
"977","Maschi","40 anni",2018,0.97433
"978","Maschi","40 anni",2019,0.9578
"979","Maschi","40 anni",2020,0.94582
"980","Maschi","40 anni",2021,0.95692
"981","Maschi","40 anni",2022,0.95952
"982","Maschi","40 anni",2023,0.98567
"983","Maschi","40 anni",2024,0.93314
"984","Maschi","40 anni",2025,0.91433
"985","Maschi","41 anni",2002,1.4566
"986","Maschi","41 anni",2003,1.39838
"987","Maschi","41 anni",2004,1.3661
"988","Maschi","41 anni",2005,1.33065
"989","Maschi","41 anni",2006,1.34372
"990","Maschi","41 anni",2007,1.32192
"991","Maschi","41 anni",2008,1.30489
"992","Maschi","41 anni",2009,1.27368
"993","Maschi","41 anni",2010,1.21743
"994","Maschi","41 anni",2011,1.16865
"995","Maschi","41 anni",2012,1.12063
"996","Maschi","41 anni",2013,1.08548
"997","Maschi","41 anni",2014,1.05408
"998","Maschi","41 anni",2015,1.04039
"999","Maschi","41 anni",2016,1.05193
"1000","Maschi","41 anni",2017,1.06629
"1001","Maschi","41 anni",2018,1.07803
"1002","Maschi","41 anni",2019,1.06894
"1003","Maschi","41 anni",2020,1.06618
"1004","Maschi","41 anni",2021,1.07256
"1005","Maschi","41 anni",2022,1.07131
"1006","Maschi","41 anni",2023,1.06983
"1007","Maschi","41 anni",2024,1.01005
"1008","Maschi","41 anni",2025,0.98125
"1009","Maschi","42 anni",2002,1.57295
"1010","Maschi","42 anni",2003,1.50171
"1011","Maschi","42 anni",2004,1.46347
"1012","Maschi","42 anni",2005,1.43188
"1013","Maschi","42 anni",2006,1.44091
"1014","Maschi","42 anni",2007,1.41064
"1015","Maschi","42 anni",2008,1.39575
"1016","Maschi","42 anni",2009,1.38932
"1017","Maschi","42 anni",2010,1.33857
"1018","Maschi","42 anni",2011,1.28383
"1019","Maschi","42 anni",2012,1.21694
"1020","Maschi","42 anni",2013,1.18752
"1021","Maschi","42 anni",2014,1.17467
"1022","Maschi","42 anni",2015,1.1426
"1023","Maschi","42 anni",2016,1.13781
"1024","Maschi","42 anni",2017,1.14225
"1025","Maschi","42 anni",2018,1.15614
"1026","Maschi","42 anni",2019,1.16893
"1027","Maschi","42 anni",2020,1.17676
"1028","Maschi","42 anni",2021,1.19642
"1029","Maschi","42 anni",2022,1.19761
"1030","Maschi","42 anni",2023,1.20509
"1031","Maschi","42 anni",2024,1.14258
"1032","Maschi","42 anni",2025,1.0951
"1033","Maschi","43 anni",2002,1.70513
"1034","Maschi","43 anni",2003,1.61654
"1035","Maschi","43 anni",2004,1.58942
"1036","Maschi","43 anni",2005,1.55181
"1037","Maschi","43 anni",2006,1.56559
"1038","Maschi","43 anni",2007,1.52826
"1039","Maschi","43 anni",2008,1.50816
"1040","Maschi","43 anni",2009,1.50127
"1041","Maschi","43 anni",2010,1.46957
"1042","Maschi","43 anni",2011,1.40474
"1043","Maschi","43 anni",2012,1.32737
"1044","Maschi","43 anni",2013,1.29812
"1045","Maschi","43 anni",2014,1.29886
"1046","Maschi","43 anni",2015,1.27877
"1047","Maschi","43 anni",2016,1.24873
"1048","Maschi","43 anni",2017,1.25023
"1049","Maschi","43 anni",2018,1.25037
"1050","Maschi","43 anni",2019,1.26464
"1051","Maschi","43 anni",2020,1.2839
"1052","Maschi","43 anni",2021,1.32249
"1053","Maschi","43 anni",2022,1.32388
"1054","Maschi","43 anni",2023,1.33222
"1055","Maschi","43 anni",2024,1.2828
"1056","Maschi","43 anni",2025,1.22867
"1057","Maschi","44 anni",2002,1.88803
"1058","Maschi","44 anni",2003,1.77955
"1059","Maschi","44 anni",2004,1.74213
"1060","Maschi","44 anni",2005,1.69604
"1061","Maschi","44 anni",2006,1.71511
"1062","Maschi","44 anni",2007,1.67012
"1063","Maschi","44 anni",2008,1.64358
"1064","Maschi","44 anni",2009,1.61525
"1065","Maschi","44 anni",2010,1.58559
"1066","Maschi","44 anni",2011,1.55586
"1067","Maschi","44 anni",2012,1.48253
"1068","Maschi","44 anni",2013,1.4679
"1069","Maschi","44 anni",2014,1.43207
"1070","Maschi","44 anni",2015,1.4255
"1071","Maschi","44 anni",2016,1.38166
"1072","Maschi","44 anni",2017,1.37344
"1073","Maschi","44 anni",2018,1.34918
"1074","Maschi","44 anni",2019,1.36556
"1075","Maschi","44 anni",2020,1.38688
"1076","Maschi","44 anni",2021,1.45234
"1077","Maschi","44 anni",2022,1.46119
"1078","Maschi","44 anni",2023,1.46846
"1079","Maschi","44 anni",2024,1.41301
"1080","Maschi","44 anni",2025,1.35905
"1081","Maschi","45 anni",2002,2.07402
"1082","Maschi","45 anni",2003,1.97928
"1083","Maschi","45 anni",2004,1.92419
"1084","Maschi","45 anni",2005,1.86157
"1085","Maschi","45 anni",2006,1.87522
"1086","Maschi","45 anni",2007,1.83652
"1087","Maschi","45 anni",2008,1.82326
"1088","Maschi","45 anni",2009,1.76366
"1089","Maschi","45 anni",2010,1.71059
"1090","Maschi","45 anni",2011,1.66532
"1091","Maschi","45 anni",2012,1.62503
"1092","Maschi","45 anni",2013,1.60973
"1093","Maschi","45 anni",2014,1.56119
"1094","Maschi","45 anni",2015,1.56809
"1095","Maschi","45 anni",2016,1.53555
"1096","Maschi","45 anni",2017,1.5466
"1097","Maschi","45 anni",2018,1.48477
"1098","Maschi","45 anni",2019,1.48874
"1099","Maschi","45 anni",2020,1.50459
"1100","Maschi","45 anni",2021,1.54439
"1101","Maschi","45 anni",2022,1.58397
"1102","Maschi","45 anni",2023,1.6009
"1103","Maschi","45 anni",2024,1.5612
"1104","Maschi","45 anni",2025,1.49456
"1105","Maschi","46 anni",2002,2.2526
"1106","Maschi","46 anni",2003,2.19092
"1107","Maschi","46 anni",2004,2.13233
"1108","Maschi","46 anni",2005,2.06529
"1109","Maschi","46 anni",2006,2.03341
"1110","Maschi","46 anni",2007,1.98873
"1111","Maschi","46 anni",2008,1.97042
"1112","Maschi","46 anni",2009,1.90487
"1113","Maschi","46 anni",2010,1.84453
"1114","Maschi","46 anni",2011,1.79856
"1115","Maschi","46 anni",2012,1.78805
"1116","Maschi","46 anni",2013,1.79694
"1117","Maschi","46 anni",2014,1.74106
"1118","Maschi","46 anni",2015,1.74025
"1119","Maschi","46 anni",2016,1.71024
"1120","Maschi","46 anni",2017,1.7199
"1121","Maschi","46 anni",2018,1.65899
"1122","Maschi","46 anni",2019,1.62261
"1123","Maschi","46 anni",2020,1.63175
"1124","Maschi","46 anni",2021,1.66219
"1125","Maschi","46 anni",2022,1.71506
"1126","Maschi","46 anni",2023,1.74767
"1127","Maschi","46 anni",2024,1.70084
"1128","Maschi","46 anni",2025,1.63086
"1129","Maschi","47 anni",2002,2.53423
"1130","Maschi","47 anni",2003,2.41152
"1131","Maschi","47 anni",2004,2.37249
"1132","Maschi","47 anni",2005,2.29064
"1133","Maschi","47 anni",2006,2.24269
"1134","Maschi","47 anni",2007,2.17527
"1135","Maschi","47 anni",2008,2.16524
"1136","Maschi","47 anni",2009,2.09735
"1137","Maschi","47 anni",2010,2.04389
"1138","Maschi","47 anni",2011,1.98249
"1139","Maschi","47 anni",2012,1.95584
"1140","Maschi","47 anni",2013,1.9602
"1141","Maschi","47 anni",2014,1.9322
"1142","Maschi","47 anni",2015,1.93079
"1143","Maschi","47 anni",2016,1.89789
"1144","Maschi","47 anni",2017,1.88715
"1145","Maschi","47 anni",2018,1.82945
"1146","Maschi","47 anni",2019,1.80347
"1147","Maschi","47 anni",2020,1.76631
"1148","Maschi","47 anni",2021,1.80972
"1149","Maschi","47 anni",2022,1.87291
"1150","Maschi","47 anni",2023,1.88151
"1151","Maschi","47 anni",2024,1.86238
"1152","Maschi","47 anni",2025,1.79335
"1153","Maschi","48 anni",2002,2.73592
"1154","Maschi","48 anni",2003,2.63654
"1155","Maschi","48 anni",2004,2.59213
"1156","Maschi","48 anni",2005,2.54599
"1157","Maschi","48 anni",2006,2.45851
"1158","Maschi","48 anni",2007,2.40661
"1159","Maschi","48 anni",2008,2.33982
"1160","Maschi","48 anni",2009,2.32336
"1161","Maschi","48 anni",2010,2.2732
"1162","Maschi","48 anni",2011,2.2292
"1163","Maschi","48 anni",2012,2.17604
"1164","Maschi","48 anni",2013,2.15467
"1165","Maschi","48 anni",2014,2.14256
"1166","Maschi","48 anni",2015,2.14779
"1167","Maschi","48 anni",2016,2.07702
"1168","Maschi","48 anni",2017,2.05354
"1169","Maschi","48 anni",2018,1.99371
"1170","Maschi","48 anni",2019,1.97865
"1171","Maschi","48 anni",2020,1.99016
"1172","Maschi","48 anni",2021,1.98003
"1173","Maschi","48 anni",2022,2.01618
"1174","Maschi","48 anni",2023,2.07816
"1175","Maschi","48 anni",2024,1.99668
"1176","Maschi","48 anni",2025,1.99087
"1177","Maschi","49 anni",2002,2.97226
"1178","Maschi","49 anni",2003,2.9016
"1179","Maschi","49 anni",2004,2.8385
"1180","Maschi","49 anni",2005,2.75075
"1181","Maschi","49 anni",2006,2.70777
"1182","Maschi","49 anni",2007,2.66848
"1183","Maschi","49 anni",2008,2.58793
"1184","Maschi","49 anni",2009,2.55719
"1185","Maschi","49 anni",2010,2.49239
"1186","Maschi","49 anni",2011,2.49464
"1187","Maschi","49 anni",2012,2.4126
"1188","Maschi","49 anni",2013,2.36237
"1189","Maschi","49 anni",2014,2.35773
"1190","Maschi","49 anni",2015,2.39248
"1191","Maschi","49 anni",2016,2.29297
"1192","Maschi","49 anni",2017,2.21813
"1193","Maschi","49 anni",2018,2.17854
"1194","Maschi","49 anni",2019,2.16492
"1195","Maschi","49 anni",2020,2.25585
"1196","Maschi","49 anni",2021,2.24427
"1197","Maschi","49 anni",2022,2.17232
"1198","Maschi","49 anni",2023,2.23965
"1199","Maschi","49 anni",2024,2.14345
"1200","Maschi","49 anni",2025,2.16373
"1201","Maschi","50 anni",2002,3.24973
"1202","Maschi","50 anni",2003,3.2858
"1203","Maschi","50 anni",2004,3.12343
"1204","Maschi","50 anni",2005,3.0188
"1205","Maschi","50 anni",2006,3.00089
"1206","Maschi","50 anni",2007,2.98297
"1207","Maschi","50 anni",2008,2.84536
"1208","Maschi","50 anni",2009,2.84005
"1209","Maschi","50 anni",2010,2.75848
"1210","Maschi","50 anni",2011,2.76007
"1211","Maschi","50 anni",2012,2.68967
"1212","Maschi","50 anni",2013,2.63106
"1213","Maschi","50 anni",2014,2.59174
"1214","Maschi","50 anni",2015,2.64793
"1215","Maschi","50 anni",2016,2.51119
"1216","Maschi","50 anni",2017,2.47487
"1217","Maschi","50 anni",2018,2.39777
"1218","Maschi","50 anni",2019,2.32617
"1219","Maschi","50 anni",2020,2.51677
"1220","Maschi","50 anni",2021,2.51879
"1221","Maschi","50 anni",2022,2.39571
"1222","Maschi","50 anni",2023,2.44727
"1223","Maschi","50 anni",2024,2.31073
"1224","Maschi","50 anni",2025,2.3229
"1225","Maschi","51 anni",2002,3.6005
"1226","Maschi","51 anni",2003,3.70728
"1227","Maschi","51 anni",2004,3.49218
"1228","Maschi","51 anni",2005,3.34831
"1229","Maschi","51 anni",2006,3.30612
"1230","Maschi","51 anni",2007,3.27279
"1231","Maschi","51 anni",2008,3.1935
"1232","Maschi","51 anni",2009,3.14647
"1233","Maschi","51 anni",2010,3.02227
"1234","Maschi","51 anni",2011,2.99291
"1235","Maschi","51 anni",2012,2.9434
"1236","Maschi","51 anni",2013,2.91957
"1237","Maschi","51 anni",2014,2.8231
"1238","Maschi","51 anni",2015,2.92076
"1239","Maschi","51 anni",2016,2.69353
"1240","Maschi","51 anni",2017,2.74678
"1241","Maschi","51 anni",2018,2.64102
"1242","Maschi","51 anni",2019,2.59221
"1243","Maschi","51 anni",2020,2.80657
"1244","Maschi","51 anni",2021,2.80336
"1245","Maschi","51 anni",2022,2.65628
"1246","Maschi","51 anni",2023,2.62841
"1247","Maschi","51 anni",2024,2.50285
"1248","Maschi","51 anni",2025,2.51555
"1249","Maschi","52 anni",2002,3.99843
"1250","Maschi","52 anni",2003,4.1269
"1251","Maschi","52 anni",2004,3.87524
"1252","Maschi","52 anni",2005,3.75876
"1253","Maschi","52 anni",2006,3.6403
"1254","Maschi","52 anni",2007,3.56546
"1255","Maschi","52 anni",2008,3.50214
"1256","Maschi","52 anni",2009,3.50419
"1257","Maschi","52 anni",2010,3.33299
"1258","Maschi","52 anni",2011,3.28485
"1259","Maschi","52 anni",2012,3.23284
"1260","Maschi","52 anni",2013,3.21774
"1261","Maschi","52 anni",2014,3.16926
"1262","Maschi","52 anni",2015,3.18567
"1263","Maschi","52 anni",2016,3.03342
"1264","Maschi","52 anni",2017,2.95744
"1265","Maschi","52 anni",2018,2.90488
"1266","Maschi","52 anni",2019,2.87551
"1267","Maschi","52 anni",2020,3.1242
"1268","Maschi","52 anni",2021,3.12791
"1269","Maschi","52 anni",2022,2.91403
"1270","Maschi","52 anni",2023,2.85767
"1271","Maschi","52 anni",2024,2.71829
"1272","Maschi","52 anni",2025,2.6978
"1273","Maschi","53 anni",2002,4.63875
"1274","Maschi","53 anni",2003,4.59596
"1275","Maschi","53 anni",2004,4.38762
"1276","Maschi","53 anni",2005,4.20359
"1277","Maschi","53 anni",2006,4.10244
"1278","Maschi","53 anni",2007,3.8859
"1279","Maschi","53 anni",2008,3.8941
"1280","Maschi","53 anni",2009,3.84097
"1281","Maschi","53 anni",2010,3.71463
"1282","Maschi","53 anni",2011,3.66623
"1283","Maschi","53 anni",2012,3.52607
"1284","Maschi","53 anni",2013,3.54162
"1285","Maschi","53 anni",2014,3.48938
"1286","Maschi","53 anni",2015,3.52051
"1287","Maschi","53 anni",2016,3.30211
"1288","Maschi","53 anni",2017,3.24316
"1289","Maschi","53 anni",2018,3.21235
"1290","Maschi","53 anni",2019,3.15672
"1291","Maschi","53 anni",2020,3.44815
"1292","Maschi","53 anni",2021,3.42358
"1293","Maschi","53 anni",2022,3.24925
"1294","Maschi","53 anni",2023,3.163
"1295","Maschi","53 anni",2024,3.04817
"1296","Maschi","53 anni",2025,2.96315
"1297","Maschi","54 anni",2002,4.97017
"1298","Maschi","54 anni",2003,5.12555
"1299","Maschi","54 anni",2004,4.77971
"1300","Maschi","54 anni",2005,4.71555
"1301","Maschi","54 anni",2006,4.56005
"1302","Maschi","54 anni",2007,4.31666
"1303","Maschi","54 anni",2008,4.28097
"1304","Maschi","54 anni",2009,4.25134
"1305","Maschi","54 anni",2010,4.16037
"1306","Maschi","54 anni",2011,4.08189
"1307","Maschi","54 anni",2012,3.94244
"1308","Maschi","54 anni",2013,3.89051
"1309","Maschi","54 anni",2014,3.80954
"1310","Maschi","54 anni",2015,3.81847
"1311","Maschi","54 anni",2016,3.68782
"1312","Maschi","54 anni",2017,3.51691
"1313","Maschi","54 anni",2018,3.51557
"1314","Maschi","54 anni",2019,3.5033
"1315","Maschi","54 anni",2020,3.83434
"1316","Maschi","54 anni",2021,3.79675
"1317","Maschi","54 anni",2022,3.60773
"1318","Maschi","54 anni",2023,3.57934
"1319","Maschi","54 anni",2024,3.33815
"1320","Maschi","54 anni",2025,3.28455
"1321","Maschi","55 anni",2002,5.41707
"1322","Maschi","55 anni",2003,5.47606
"1323","Maschi","55 anni",2004,5.32792
"1324","Maschi","55 anni",2005,5.13404
"1325","Maschi","55 anni",2006,5.0857
"1326","Maschi","55 anni",2007,4.82834
"1327","Maschi","55 anni",2008,4.8223
"1328","Maschi","55 anni",2009,4.69975
"1329","Maschi","55 anni",2010,4.57039
"1330","Maschi","55 anni",2011,4.47458
"1331","Maschi","55 anni",2012,4.39295
"1332","Maschi","55 anni",2013,4.33568
"1333","Maschi","55 anni",2014,4.17846
"1334","Maschi","55 anni",2015,4.27743
"1335","Maschi","55 anni",2016,4.11455
"1336","Maschi","55 anni",2017,3.93618
"1337","Maschi","55 anni",2018,3.87723
"1338","Maschi","55 anni",2019,3.8569
"1339","Maschi","55 anni",2020,4.19144
"1340","Maschi","55 anni",2021,4.20802
"1341","Maschi","55 anni",2022,3.97997
"1342","Maschi","55 anni",2023,3.9117
"1343","Maschi","55 anni",2024,3.69698
"1344","Maschi","55 anni",2025,3.63159
"1345","Maschi","56 anni",2002,6.01412
"1346","Maschi","56 anni",2003,6.05578
"1347","Maschi","56 anni",2004,5.62804
"1348","Maschi","56 anni",2005,5.78127
"1349","Maschi","56 anni",2006,5.64578
"1350","Maschi","56 anni",2007,5.43356
"1351","Maschi","56 anni",2008,5.34158
"1352","Maschi","56 anni",2009,5.23946
"1353","Maschi","56 anni",2010,5.02783
"1354","Maschi","56 anni",2011,4.9319
"1355","Maschi","56 anni",2012,4.85706
"1356","Maschi","56 anni",2013,4.87537
"1357","Maschi","56 anni",2014,4.62105
"1358","Maschi","56 anni",2015,4.70322
"1359","Maschi","56 anni",2016,4.61716
"1360","Maschi","56 anni",2017,4.42876
"1361","Maschi","56 anni",2018,4.37042
"1362","Maschi","56 anni",2019,4.16826
"1363","Maschi","56 anni",2020,4.62528
"1364","Maschi","56 anni",2021,4.56065
"1365","Maschi","56 anni",2022,4.32697
"1366","Maschi","56 anni",2023,4.34645
"1367","Maschi","56 anni",2024,4.07053
"1368","Maschi","56 anni",2025,4.00744
"1369","Maschi","57 anni",2002,6.87241
"1370","Maschi","57 anni",2003,6.76912
"1371","Maschi","57 anni",2004,6.16349
"1372","Maschi","57 anni",2005,6.15477
"1373","Maschi","57 anni",2006,6.31574
"1374","Maschi","57 anni",2007,5.90583
"1375","Maschi","57 anni",2008,5.9611
"1376","Maschi","57 anni",2009,5.77516
"1377","Maschi","57 anni",2010,5.53284
"1378","Maschi","57 anni",2011,5.41297
"1379","Maschi","57 anni",2012,5.33038
"1380","Maschi","57 anni",2013,5.30369
"1381","Maschi","57 anni",2014,5.11915
"1382","Maschi","57 anni",2015,5.1467
"1383","Maschi","57 anni",2016,5.09693
"1384","Maschi","57 anni",2017,4.91278
"1385","Maschi","57 anni",2018,4.82319
"1386","Maschi","57 anni",2019,4.63957
"1387","Maschi","57 anni",2020,5.0991
"1388","Maschi","57 anni",2021,5.07373
"1389","Maschi","57 anni",2022,4.79254
"1390","Maschi","57 anni",2023,4.76792
"1391","Maschi","57 anni",2024,4.50079
"1392","Maschi","57 anni",2025,4.40653
"1393","Maschi","58 anni",2002,7.59987
"1394","Maschi","58 anni",2003,7.66912
"1395","Maschi","58 anni",2004,6.96024
"1396","Maschi","58 anni",2005,6.6726
"1397","Maschi","58 anni",2006,6.71304
"1398","Maschi","58 anni",2007,6.66861
"1399","Maschi","58 anni",2008,6.58126
"1400","Maschi","58 anni",2009,6.44466
"1401","Maschi","58 anni",2010,6.12244
"1402","Maschi","58 anni",2011,6.09186
"1403","Maschi","58 anni",2012,5.88093
"1404","Maschi","58 anni",2013,5.81446
"1405","Maschi","58 anni",2014,5.66785
"1406","Maschi","58 anni",2015,5.70431
"1407","Maschi","58 anni",2016,5.63837
"1408","Maschi","58 anni",2017,5.40597
"1409","Maschi","58 anni",2018,5.4063
"1410","Maschi","58 anni",2019,5.12696
"1411","Maschi","58 anni",2020,5.74907
"1412","Maschi","58 anni",2021,5.58462
"1413","Maschi","58 anni",2022,5.27393
"1414","Maschi","58 anni",2023,5.14176
"1415","Maschi","58 anni",2024,4.94356
"1416","Maschi","58 anni",2025,4.80004
"1417","Maschi","59 anni",2002,8.66052
"1418","Maschi","59 anni",2003,8.49484
"1419","Maschi","59 anni",2004,7.90232
"1420","Maschi","59 anni",2005,7.50433
"1421","Maschi","59 anni",2006,7.3077
"1422","Maschi","59 anni",2007,7.21234
"1423","Maschi","59 anni",2008,7.37274
"1424","Maschi","59 anni",2009,7.07526
"1425","Maschi","59 anni",2010,6.87156
"1426","Maschi","59 anni",2011,6.76648
"1427","Maschi","59 anni",2012,6.49698
"1428","Maschi","59 anni",2013,6.30083
"1429","Maschi","59 anni",2014,6.24898
"1430","Maschi","59 anni",2015,6.35365
"1431","Maschi","59 anni",2016,6.10885
"1432","Maschi","59 anni",2017,5.98088
"1433","Maschi","59 anni",2018,5.95327
"1434","Maschi","59 anni",2019,5.59989
"1435","Maschi","59 anni",2020,6.44439
"1436","Maschi","59 anni",2021,6.17065
"1437","Maschi","59 anni",2022,5.84408
"1438","Maschi","59 anni",2023,5.58081
"1439","Maschi","59 anni",2024,5.40959
"1440","Maschi","59 anni",2025,5.22062
"1441","Maschi","60 anni",2002,9.40554
"1442","Maschi","60 anni",2003,9.66825
"1443","Maschi","60 anni",2004,8.8298
"1444","Maschi","60 anni",2005,8.51488
"1445","Maschi","60 anni",2006,8.03968
"1446","Maschi","60 anni",2007,7.78428
"1447","Maschi","60 anni",2008,7.80911
"1448","Maschi","60 anni",2009,7.88772
"1449","Maschi","60 anni",2010,7.60843
"1450","Maschi","60 anni",2011,7.55384
"1451","Maschi","60 anni",2012,7.21994
"1452","Maschi","60 anni",2013,7.03232
"1453","Maschi","60 anni",2014,6.83407
"1454","Maschi","60 anni",2015,6.94269
"1455","Maschi","60 anni",2016,6.68459
"1456","Maschi","60 anni",2017,6.63272
"1457","Maschi","60 anni",2018,6.53745
"1458","Maschi","60 anni",2019,6.24592
"1459","Maschi","60 anni",2020,7.19004
"1460","Maschi","60 anni",2021,6.91908
"1461","Maschi","60 anni",2022,6.46787
"1462","Maschi","60 anni",2023,6.10005
"1463","Maschi","60 anni",2024,5.86892
"1464","Maschi","60 anni",2025,5.6417
"1465","Maschi","61 anni",2002,10.22411
"1466","Maschi","61 anni",2003,10.51255
"1467","Maschi","61 anni",2004,10.12171
"1468","Maschi","61 anni",2005,9.46187
"1469","Maschi","61 anni",2006,9.00699
"1470","Maschi","61 anni",2007,8.71249
"1471","Maschi","61 anni",2008,8.44452
"1472","Maschi","61 anni",2009,8.41756
"1473","Maschi","61 anni",2010,8.49398
"1474","Maschi","61 anni",2011,8.23161
"1475","Maschi","61 anni",2012,8.14703
"1476","Maschi","61 anni",2013,7.8507
"1477","Maschi","61 anni",2014,7.66766
"1478","Maschi","61 anni",2015,7.74063
"1479","Maschi","61 anni",2016,7.32337
"1480","Maschi","61 anni",2017,7.34896
"1481","Maschi","61 anni",2018,7.25631
"1482","Maschi","61 anni",2019,6.85817
"1483","Maschi","61 anni",2020,7.87204
"1484","Maschi","61 anni",2021,7.7343
"1485","Maschi","61 anni",2022,7.10026
"1486","Maschi","61 anni",2023,6.71878
"1487","Maschi","61 anni",2024,6.40837
"1488","Maschi","61 anni",2025,6.22201
"1489","Maschi","62 anni",2002,11.13909
"1490","Maschi","62 anni",2003,11.41637
"1491","Maschi","62 anni",2004,10.93646
"1492","Maschi","62 anni",2005,10.74135
"1493","Maschi","62 anni",2006,9.9705
"1494","Maschi","62 anni",2007,9.7106
"1495","Maschi","62 anni",2008,9.31398
"1496","Maschi","62 anni",2009,9.25816
"1497","Maschi","62 anni",2010,9.02294
"1498","Maschi","62 anni",2011,9.11843
"1499","Maschi","62 anni",2012,8.94133
"1500","Maschi","62 anni",2013,8.8156
"1501","Maschi","62 anni",2014,8.52916
"1502","Maschi","62 anni",2015,8.7239
"1503","Maschi","62 anni",2016,8.02941
"1504","Maschi","62 anni",2017,8.09291
"1505","Maschi","62 anni",2018,7.97036
"1506","Maschi","62 anni",2019,7.62019
"1507","Maschi","62 anni",2020,8.80642
"1508","Maschi","62 anni",2021,8.52387
"1509","Maschi","62 anni",2022,7.8151
"1510","Maschi","62 anni",2023,7.41333
"1511","Maschi","62 anni",2024,6.98256
"1512","Maschi","62 anni",2025,6.85877
"1513","Maschi","63 anni",2002,12.06542
"1514","Maschi","63 anni",2003,12.34392
"1515","Maschi","63 anni",2004,11.84771
"1516","Maschi","63 anni",2005,11.70069
"1517","Maschi","63 anni",2006,11.34116
"1518","Maschi","63 anni",2007,10.5805
"1519","Maschi","63 anni",2008,10.42344
"1520","Maschi","63 anni",2009,10.30532
"1521","Maschi","63 anni",2010,9.71065
"1522","Maschi","63 anni",2011,9.61119
"1523","Maschi","63 anni",2012,9.95526
"1524","Maschi","63 anni",2013,9.4822
"1525","Maschi","63 anni",2014,9.46929
"1526","Maschi","63 anni",2015,9.50546
"1527","Maschi","63 anni",2016,8.91025
"1528","Maschi","63 anni",2017,8.85038
"1529","Maschi","63 anni",2018,8.63718
"1530","Maschi","63 anni",2019,8.27508
"1531","Maschi","63 anni",2020,9.85835
"1532","Maschi","63 anni",2021,9.4957
"1533","Maschi","63 anni",2022,8.66487
"1534","Maschi","63 anni",2023,8.29213
"1535","Maschi","63 anni",2024,7.72208
"1536","Maschi","63 anni",2025,7.60386
"1537","Maschi","64 anni",2002,13.34163
"1538","Maschi","64 anni",2003,13.21278
"1539","Maschi","64 anni",2004,12.77732
"1540","Maschi","64 anni",2005,12.58636
"1541","Maschi","64 anni",2006,12.40018
"1542","Maschi","64 anni",2007,12.02168
"1543","Maschi","64 anni",2008,11.53226
"1544","Maschi","64 anni",2009,11.54325
"1545","Maschi","64 anni",2010,10.80418
"1546","Maschi","64 anni",2011,10.51235
"1547","Maschi","64 anni",2012,10.51582
"1548","Maschi","64 anni",2013,10.57769
"1549","Maschi","64 anni",2014,10.34883
"1550","Maschi","64 anni",2015,10.53156
"1551","Maschi","64 anni",2016,9.77314
"1552","Maschi","64 anni",2017,9.74283
"1553","Maschi","64 anni",2018,9.46529
"1554","Maschi","64 anni",2019,9.11753
"1555","Maschi","64 anni",2020,10.85837
"1556","Maschi","64 anni",2021,10.46052
"1557","Maschi","64 anni",2022,9.6527
"1558","Maschi","64 anni",2023,9.17373
"1559","Maschi","64 anni",2024,8.49182
"1560","Maschi","64 anni",2025,8.4199
"1561","Maschi","65 anni",2002,14.85637
"1562","Maschi","65 anni",2003,14.43029
"1563","Maschi","65 anni",2004,13.70335
"1564","Maschi","65 anni",2005,13.66501
"1565","Maschi","65 anni",2006,13.4771
"1566","Maschi","65 anni",2007,13.23436
"1567","Maschi","65 anni",2008,13.17354
"1568","Maschi","65 anni",2009,12.60731
"1569","Maschi","65 anni",2010,12.17984
"1570","Maschi","65 anni",2011,11.63731
"1571","Maschi","65 anni",2012,11.40168
"1572","Maschi","65 anni",2013,11.14929
"1573","Maschi","65 anni",2014,11.58599
"1574","Maschi","65 anni",2015,11.52915
"1575","Maschi","65 anni",2016,10.96756
"1576","Maschi","65 anni",2017,10.75287
"1577","Maschi","65 anni",2018,10.50503
"1578","Maschi","65 anni",2019,10.01393
"1579","Maschi","65 anni",2020,12.03147
"1580","Maschi","65 anni",2021,11.44447
"1581","Maschi","65 anni",2022,10.79527
"1582","Maschi","65 anni",2023,10.18433
"1583","Maschi","65 anni",2024,9.40088
"1584","Maschi","65 anni",2025,9.37513
"1585","Maschi","66 anni",2002,16.63809
"1586","Maschi","66 anni",2003,16.04077
"1587","Maschi","66 anni",2004,15.05946
"1588","Maschi","66 anni",2005,14.5964
"1589","Maschi","66 anni",2006,14.6567
"1590","Maschi","66 anni",2007,14.31077
"1591","Maschi","66 anni",2008,14.28041
"1592","Maschi","66 anni",2009,14.21819
"1593","Maschi","66 anni",2010,13.4248
"1594","Maschi","66 anni",2011,13.20993
"1595","Maschi","66 anni",2012,12.5706
"1596","Maschi","66 anni",2013,12.19855
"1597","Maschi","66 anni",2014,12.14802
"1598","Maschi","66 anni",2015,12.79131
"1599","Maschi","66 anni",2016,12.23273
"1600","Maschi","66 anni",2017,11.99019
"1601","Maschi","66 anni",2018,11.57702
"1602","Maschi","66 anni",2019,11.21819
"1603","Maschi","66 anni",2020,13.13505
"1604","Maschi","66 anni",2021,12.57103
"1605","Maschi","66 anni",2022,11.72826
"1606","Maschi","66 anni",2023,11.26571
"1607","Maschi","66 anni",2024,10.46413
"1608","Maschi","66 anni",2025,10.30807
"1609","Maschi","67 anni",2002,18.55577
"1610","Maschi","67 anni",2003,18.08611
"1611","Maschi","67 anni",2004,17.01829
"1612","Maschi","67 anni",2005,16.05766
"1613","Maschi","67 anni",2006,15.72201
"1614","Maschi","67 anni",2007,15.54144
"1615","Maschi","67 anni",2008,15.4526
"1616","Maschi","67 anni",2009,15.45143
"1617","Maschi","67 anni",2010,15.06266
"1618","Maschi","67 anni",2011,14.54632
"1619","Maschi","67 anni",2012,14.149
"1620","Maschi","67 anni",2013,13.55872
"1621","Maschi","67 anni",2014,13.18587
"1622","Maschi","67 anni",2015,13.59111
"1623","Maschi","67 anni",2016,13.65786
"1624","Maschi","67 anni",2017,13.12995
"1625","Maschi","67 anni",2018,12.9008
"1626","Maschi","67 anni",2019,12.44874
"1627","Maschi","67 anni",2020,14.48346
"1628","Maschi","67 anni",2021,13.89891
"1629","Maschi","67 anni",2022,12.79794
"1630","Maschi","67 anni",2023,12.38075
"1631","Maschi","67 anni",2024,11.68369
"1632","Maschi","67 anni",2025,11.3561
"1633","Maschi","68 anni",2002,20.41623
"1634","Maschi","68 anni",2003,20.11741
"1635","Maschi","68 anni",2004,19.18725
"1636","Maschi","68 anni",2005,17.93225
"1637","Maschi","68 anni",2006,17.12422
"1638","Maschi","68 anni",2007,16.62059
"1639","Maschi","68 anni",2008,16.87843
"1640","Maschi","68 anni",2009,16.77563
"1641","Maschi","68 anni",2010,16.40983
"1642","Maschi","68 anni",2011,16.39623
"1643","Maschi","68 anni",2012,15.61612
"1644","Maschi","68 anni",2013,15.29038
"1645","Maschi","68 anni",2014,14.4783
"1646","Maschi","68 anni",2015,14.78349
"1647","Maschi","68 anni",2016,14.22635
"1648","Maschi","68 anni",2017,14.66073
"1649","Maschi","68 anni",2018,14.16065
"1650","Maschi","68 anni",2019,13.9313
"1651","Maschi","68 anni",2020,16.02416
"1652","Maschi","68 anni",2021,15.43465
"1653","Maschi","68 anni",2022,13.97499
"1654","Maschi","68 anni",2023,13.52553
"1655","Maschi","68 anni",2024,12.84605
"1656","Maschi","68 anni",2025,12.51877
"1657","Maschi","69 anni",2002,22.80492
"1658","Maschi","69 anni",2003,22.30262
"1659","Maschi","69 anni",2004,21.28199
"1660","Maschi","69 anni",2005,20.45917
"1661","Maschi","69 anni",2006,18.88237
"1662","Maschi","69 anni",2007,18.24027
"1663","Maschi","69 anni",2008,18.2622
"1664","Maschi","69 anni",2009,18.37721
"1665","Maschi","69 anni",2010,17.79523
"1666","Maschi","69 anni",2011,17.81802
"1667","Maschi","69 anni",2012,17.66354
"1668","Maschi","69 anni",2013,16.80181
"1669","Maschi","69 anni",2014,16.25072
"1670","Maschi","69 anni",2015,16.02029
"1671","Maschi","69 anni",2016,15.29609
"1672","Maschi","69 anni",2017,15.51034
"1673","Maschi","69 anni",2018,15.79119
"1674","Maschi","69 anni",2019,15.16952
"1675","Maschi","69 anni",2020,17.935
"1676","Maschi","69 anni",2021,17.05307
"1677","Maschi","69 anni",2022,15.66005
"1678","Maschi","69 anni",2023,14.99228
"1679","Maschi","69 anni",2024,14.16101
"1680","Maschi","69 anni",2025,13.6669
"1681","Maschi","70 anni",2002,25.5077
"1682","Maschi","70 anni",2003,25.05857
"1683","Maschi","70 anni",2004,23.37679
"1684","Maschi","70 anni",2005,22.98784
"1685","Maschi","70 anni",2006,21.34813
"1686","Maschi","70 anni",2007,20.44529
"1687","Maschi","70 anni",2008,19.93129
"1688","Maschi","70 anni",2009,19.6505
"1689","Maschi","70 anni",2010,19.64423
"1690","Maschi","70 anni",2011,19.30791
"1691","Maschi","70 anni",2012,19.16751
"1692","Maschi","70 anni",2013,19.19257
"1693","Maschi","70 anni",2014,17.87631
"1694","Maschi","70 anni",2015,17.98692
"1695","Maschi","70 anni",2016,16.70861
"1696","Maschi","70 anni",2017,16.80399
"1697","Maschi","70 anni",2018,16.6641
"1698","Maschi","70 anni",2019,16.93926
"1699","Maschi","70 anni",2020,19.87188
"1700","Maschi","70 anni",2021,19.00185
"1701","Maschi","70 anni",2022,17.47358
"1702","Maschi","70 anni",2023,16.83305
"1703","Maschi","70 anni",2024,15.37315
"1704","Maschi","70 anni",2025,14.90786
"1705","Maschi","71 anni",2002,28.25325
"1706","Maschi","71 anni",2003,27.77794
"1707","Maschi","71 anni",2004,26.11427
"1708","Maschi","71 anni",2005,25.54661
"1709","Maschi","71 anni",2006,23.92446
"1710","Maschi","71 anni",2007,23.20359
"1711","Maschi","71 anni",2008,22.36062
"1712","Maschi","71 anni",2009,21.57456
"1713","Maschi","71 anni",2010,21.09852
"1714","Maschi","71 anni",2011,20.9129
"1715","Maschi","71 anni",2012,20.96361
"1716","Maschi","71 anni",2013,20.95368
"1717","Maschi","71 anni",2014,20.53199
"1718","Maschi","71 anni",2015,19.95156
"1719","Maschi","71 anni",2016,18.90146
"1720","Maschi","71 anni",2017,18.56189
"1721","Maschi","71 anni",2018,18.20021
"1722","Maschi","71 anni",2019,17.89786
"1723","Maschi","71 anni",2020,22.49869
"1724","Maschi","71 anni",2021,20.7648
"1725","Maschi","71 anni",2022,19.73748
"1726","Maschi","71 anni",2023,18.82416
"1727","Maschi","71 anni",2024,17.14364
"1728","Maschi","71 anni",2025,16.58813
"1729","Maschi","72 anni",2002,31.55663
"1730","Maschi","72 anni",2003,30.68711
"1731","Maschi","72 anni",2004,28.93293
"1732","Maschi","72 anni",2005,28.5076
"1733","Maschi","72 anni",2006,26.58993
"1734","Maschi","72 anni",2007,26.01262
"1735","Maschi","72 anni",2008,25.19314
"1736","Maschi","72 anni",2009,24.27144
"1737","Maschi","72 anni",2010,23.4232
"1738","Maschi","72 anni",2011,22.52
"1739","Maschi","72 anni",2012,22.94523
"1740","Maschi","72 anni",2013,22.66801
"1741","Maschi","72 anni",2014,22.39257
"1742","Maschi","72 anni",2015,22.99355
"1743","Maschi","72 anni",2016,21.28001
"1744","Maschi","72 anni",2017,21.07871
"1745","Maschi","72 anni",2018,20.11988
"1746","Maschi","72 anni",2019,19.50565
"1747","Maschi","72 anni",2020,23.89297
"1748","Maschi","72 anni",2021,23.12212
"1749","Maschi","72 anni",2022,21.72177
"1750","Maschi","72 anni",2023,21.08607
"1751","Maschi","72 anni",2024,19.03337
"1752","Maschi","72 anni",2025,18.70951
"1753","Maschi","73 anni",2002,34.80212
"1754","Maschi","73 anni",2003,34.81873
"1755","Maschi","73 anni",2004,32.09887
"1756","Maschi","73 anni",2005,31.49016
"1757","Maschi","73 anni",2006,29.84683
"1758","Maschi","73 anni",2007,28.90006
"1759","Maschi","73 anni",2008,28.17435
"1760","Maschi","73 anni",2009,27.58958
"1761","Maschi","73 anni",2010,26.11104
"1762","Maschi","73 anni",2011,24.87225
"1763","Maschi","73 anni",2012,24.77719
"1764","Maschi","73 anni",2013,24.69606
"1765","Maschi","73 anni",2014,24.30768
"1766","Maschi","73 anni",2015,25.31389
"1767","Maschi","73 anni",2016,24.49872
"1768","Maschi","73 anni",2017,23.51001
"1769","Maschi","73 anni",2018,22.72833
"1770","Maschi","73 anni",2019,21.66771
"1771","Maschi","73 anni",2020,26.04468
"1772","Maschi","73 anni",2021,24.47811
"1773","Maschi","73 anni",2022,23.92103
"1774","Maschi","73 anni",2023,22.95799
"1775","Maschi","73 anni",2024,21.38266
"1776","Maschi","73 anni",2025,20.86125
"1777","Maschi","74 anni",2002,38.5912
"1778","Maschi","74 anni",2003,38.45609
"1779","Maschi","74 anni",2004,36.04237
"1780","Maschi","74 anni",2005,34.60375
"1781","Maschi","74 anni",2006,33.26122
"1782","Maschi","74 anni",2007,32.69719
"1783","Maschi","74 anni",2008,31.65144
"1784","Maschi","74 anni",2009,30.74509
"1785","Maschi","74 anni",2010,29.52714
"1786","Maschi","74 anni",2011,27.91499
"1787","Maschi","74 anni",2012,27.74321
"1788","Maschi","74 anni",2013,26.50588
"1789","Maschi","74 anni",2014,26.6321
"1790","Maschi","74 anni",2015,28.01214
"1791","Maschi","74 anni",2016,26.98757
"1792","Maschi","74 anni",2017,27.43013
"1793","Maschi","74 anni",2018,25.48201
"1794","Maschi","74 anni",2019,24.57058
"1795","Maschi","74 anni",2020,28.93262
"1796","Maschi","74 anni",2021,26.8674
"1797","Maschi","74 anni",2022,25.97889
"1798","Maschi","74 anni",2023,25.50786
"1799","Maschi","74 anni",2024,23.64865
"1800","Maschi","74 anni",2025,23.54907
"1801","Maschi","75 anni",2002,42.80239
"1802","Maschi","75 anni",2003,42.6777
"1803","Maschi","75 anni",2004,39.76425
"1804","Maschi","75 anni",2005,38.8403
"1805","Maschi","75 anni",2006,36.74081
"1806","Maschi","75 anni",2007,36.49202
"1807","Maschi","75 anni",2008,35.81184
"1808","Maschi","75 anni",2009,34.59764
"1809","Maschi","75 anni",2010,32.91985
"1810","Maschi","75 anni",2011,31.71179
"1811","Maschi","75 anni",2012,31.1372
"1812","Maschi","75 anni",2013,29.25839
"1813","Maschi","75 anni",2014,28.81158
"1814","Maschi","75 anni",2015,30.50419
"1815","Maschi","75 anni",2016,29.45364
"1816","Maschi","75 anni",2017,30.44355
"1817","Maschi","75 anni",2018,29.54622
"1818","Maschi","75 anni",2019,27.09513
"1819","Maschi","75 anni",2020,32.63288
"1820","Maschi","75 anni",2021,29.96527
"1821","Maschi","75 anni",2022,29.22232
"1822","Maschi","75 anni",2023,27.16996
"1823","Maschi","75 anni",2024,26.57138
"1824","Maschi","75 anni",2025,26.05178
"1825","Maschi","76 anni",2002,47.33221
"1826","Maschi","76 anni",2003,47.75157
"1827","Maschi","76 anni",2004,44.12604
"1828","Maschi","76 anni",2005,43.20168
"1829","Maschi","76 anni",2006,41.4346
"1830","Maschi","76 anni",2007,40.30314
"1831","Maschi","76 anni",2008,39.67238
"1832","Maschi","76 anni",2009,39.08016
"1833","Maschi","76 anni",2010,36.66486
"1834","Maschi","76 anni",2011,35.69571
"1835","Maschi","76 anni",2012,35.19545
"1836","Maschi","76 anni",2013,32.94555
"1837","Maschi","76 anni",2014,31.80589
"1838","Maschi","76 anni",2015,33.07795
"1839","Maschi","76 anni",2016,32.09977
"1840","Maschi","76 anni",2017,33.48173
"1841","Maschi","76 anni",2018,32.53181
"1842","Maschi","76 anni",2019,31.3022
"1843","Maschi","76 anni",2020,36.57429
"1844","Maschi","76 anni",2021,34.20647
"1845","Maschi","76 anni",2022,32.86943
"1846","Maschi","76 anni",2023,29.80342
"1847","Maschi","76 anni",2024,28.45181
"1848","Maschi","76 anni",2025,29.315
"1849","Maschi","77 anni",2002,52.17915
"1850","Maschi","77 anni",2003,52.67385
"1851","Maschi","77 anni",2004,49.14738
"1852","Maschi","77 anni",2005,48.12546
"1853","Maschi","77 anni",2006,46.06594
"1854","Maschi","77 anni",2007,45.19961
"1855","Maschi","77 anni",2008,44.1372
"1856","Maschi","77 anni",2009,43.86725
"1857","Maschi","77 anni",2010,41.25293
"1858","Maschi","77 anni",2011,40.30036
"1859","Maschi","77 anni",2012,39.76264
"1860","Maschi","77 anni",2013,37.65366
"1861","Maschi","77 anni",2014,36.09916
"1862","Maschi","77 anni",2015,36.74055
"1863","Maschi","77 anni",2016,34.55282
"1864","Maschi","77 anni",2017,36.55235
"1865","Maschi","77 anni",2018,35.69331
"1866","Maschi","77 anni",2019,35.05019
"1867","Maschi","77 anni",2020,42.17051
"1868","Maschi","77 anni",2021,38.38012
"1869","Maschi","77 anni",2022,37.54771
"1870","Maschi","77 anni",2023,33.41589
"1871","Maschi","77 anni",2024,31.46859
"1872","Maschi","77 anni",2025,31.43475
"1873","Maschi","78 anni",2002,58.07619
"1874","Maschi","78 anni",2003,58.57466
"1875","Maschi","78 anni",2004,54.36173
"1876","Maschi","78 anni",2005,53.85648
"1877","Maschi","78 anni",2006,51.08438
"1878","Maschi","78 anni",2007,50.43061
"1879","Maschi","78 anni",2008,50.26389
"1880","Maschi","78 anni",2009,48.65054
"1881","Maschi","78 anni",2010,46.61486
"1882","Maschi","78 anni",2011,46.10404
"1883","Maschi","78 anni",2012,44.81269
"1884","Maschi","78 anni",2013,42.76021
"1885","Maschi","78 anni",2014,41.40013
"1886","Maschi","78 anni",2015,41.85106
"1887","Maschi","78 anni",2016,38.62268
"1888","Maschi","78 anni",2017,39.56123
"1889","Maschi","78 anni",2018,39.26082
"1890","Maschi","78 anni",2019,38.92257
"1891","Maschi","78 anni",2020,46.90164
"1892","Maschi","78 anni",2021,44.03623
"1893","Maschi","78 anni",2022,41.50015
"1894","Maschi","78 anni",2023,38.0877
"1895","Maschi","78 anni",2024,35.56304
"1896","Maschi","78 anni",2025,34.69235
"1897","Maschi","79 anni",2002,64.38134
"1898","Maschi","79 anni",2003,66.31343
"1899","Maschi","79 anni",2004,59.9634
"1900","Maschi","79 anni",2005,59.81743
"1901","Maschi","79 anni",2006,56.85151
"1902","Maschi","79 anni",2007,56.06363
"1903","Maschi","79 anni",2008,55.89497
"1904","Maschi","79 anni",2009,54.86317
"1905","Maschi","79 anni",2010,52.47593
"1906","Maschi","79 anni",2011,52.06885
"1907","Maschi","79 anni",2012,51.00983
"1908","Maschi","79 anni",2013,48.6838
"1909","Maschi","79 anni",2014,46.45162
"1910","Maschi","79 anni",2015,47.50107
"1911","Maschi","79 anni",2016,43.63035
"1912","Maschi","79 anni",2017,44.14048
"1913","Maschi","79 anni",2018,42.9648
"1914","Maschi","79 anni",2019,43.26899
"1915","Maschi","79 anni",2020,51.85051
"1916","Maschi","79 anni",2021,48.49112
"1917","Maschi","79 anni",2022,47.04303
"1918","Maschi","79 anni",2023,42.73154
"1919","Maschi","79 anni",2024,40.60517
"1920","Maschi","79 anni",2025,38.89751
"1921","Maschi","80 anni",2002,70.73852
"1922","Maschi","80 anni",2003,73.79933
"1923","Maschi","80 anni",2004,67.40588
"1924","Maschi","80 anni",2005,66.7156
"1925","Maschi","80 anni",2006,63.56245
"1926","Maschi","80 anni",2007,62.72348
"1927","Maschi","80 anni",2008,62.71596
"1928","Maschi","80 anni",2009,60.81567
"1929","Maschi","80 anni",2010,60.26711
"1930","Maschi","80 anni",2011,57.96705
"1931","Maschi","80 anni",2012,58.04264
"1932","Maschi","80 anni",2013,55.56284
"1933","Maschi","80 anni",2014,52.34684
"1934","Maschi","80 anni",2015,54.17078
"1935","Maschi","80 anni",2016,50.26069
"1936","Maschi","80 anni",2017,50.62089
"1937","Maschi","80 anni",2018,47.85579
"1938","Maschi","80 anni",2019,47.22141
"1939","Maschi","80 anni",2020,57.54557
"1940","Maschi","80 anni",2021,53.69202
"1941","Maschi","80 anni",2022,52.77063
"1942","Maschi","80 anni",2023,50.06206
"1943","Maschi","80 anni",2024,45.45443
"1944","Maschi","80 anni",2025,44.31533
"1945","Maschi","81 anni",2002,75.48034
"1946","Maschi","81 anni",2003,81.10263
"1947","Maschi","81 anni",2004,74.3917
"1948","Maschi","81 anni",2005,75.44274
"1949","Maschi","81 anni",2006,71.47336
"1950","Maschi","81 anni",2007,71.04182
"1951","Maschi","81 anni",2008,70.36943
"1952","Maschi","81 anni",2009,68.55882
"1953","Maschi","81 anni",2010,67.75583
"1954","Maschi","81 anni",2011,65.31671
"1955","Maschi","81 anni",2012,65.26698
"1956","Maschi","81 anni",2013,62.5855
"1957","Maschi","81 anni",2014,59.20405
"1958","Maschi","81 anni",2015,61.11393
"1959","Maschi","81 anni",2016,57.06058
"1960","Maschi","81 anni",2017,58.29293
"1961","Maschi","81 anni",2018,54.23313
"1962","Maschi","81 anni",2019,52.3989
"1963","Maschi","81 anni",2020,62.4836
"1964","Maschi","81 anni",2021,59.30076
"1965","Maschi","81 anni",2022,58.95118
"1966","Maschi","81 anni",2023,56.14402
"1967","Maschi","81 anni",2024,52.77849
"1968","Maschi","81 anni",2025,49.99275
"1969","Maschi","82 anni",2002,81.71054
"1970","Maschi","82 anni",2003,86.65802
"1971","Maschi","82 anni",2004,81.85929
"1972","Maschi","82 anni",2005,84.49387
"1973","Maschi","82 anni",2006,81.44782
"1974","Maschi","82 anni",2007,79.65561
"1975","Maschi","82 anni",2008,79.20066
"1976","Maschi","82 anni",2009,77.95949
"1977","Maschi","82 anni",2010,76.03776
"1978","Maschi","82 anni",2011,73.74056
"1979","Maschi","82 anni",2012,74.19596
"1980","Maschi","82 anni",2013,69.23629
"1981","Maschi","82 anni",2014,67.31154
"1982","Maschi","82 anni",2015,69.72489
"1983","Maschi","82 anni",2016,64.20656
"1984","Maschi","82 anni",2017,66.11131
"1985","Maschi","82 anni",2018,61.81496
"1986","Maschi","82 anni",2019,59.96109
"1987","Maschi","82 anni",2020,70.33131
"1988","Maschi","82 anni",2021,64.581
"1989","Maschi","82 anni",2022,65.73642
"1990","Maschi","82 anni",2023,62.71056
"1991","Maschi","82 anni",2024,58.93182
"1992","Maschi","82 anni",2025,58.45031
"1993","Maschi","83 anni",2002,92.03531
"1994","Maschi","83 anni",2003,93.70948
"1995","Maschi","83 anni",2004,88.31611
"1996","Maschi","83 anni",2005,92.64961
"1997","Maschi","83 anni",2006,91.03217
"1998","Maschi","83 anni",2007,90.61181
"1999","Maschi","83 anni",2008,88.87259
"2000","Maschi","83 anni",2009,88.39361
"2001","Maschi","83 anni",2010,85.10833
"2002","Maschi","83 anni",2011,83.13661
"2003","Maschi","83 anni",2012,83.48015
"2004","Maschi","83 anni",2013,77.87555
"2005","Maschi","83 anni",2014,75.81993
"2006","Maschi","83 anni",2015,79.17483
"2007","Maschi","83 anni",2016,73.27177
"2008","Maschi","83 anni",2017,74.89942
"2009","Maschi","83 anni",2018,70.22092
"2010","Maschi","83 anni",2019,69.21799
"2011","Maschi","83 anni",2020,80.36784
"2012","Maschi","83 anni",2021,72.20352
"2013","Maschi","83 anni",2022,72.18438
"2014","Maschi","83 anni",2023,69.91651
"2015","Maschi","83 anni",2024,65.82973
"2016","Maschi","83 anni",2025,65.80256
"2017","Maschi","84 anni",2002,108.84803
"2018","Maschi","84 anni",2003,105.23502
"2019","Maschi","84 anni",2004,95.27911
"2020","Maschi","84 anni",2005,99.45739
"2021","Maschi","84 anni",2006,100.19459
"2022","Maschi","84 anni",2007,101.90467
"2023","Maschi","84 anni",2008,101.43393
"2024","Maschi","84 anni",2009,99.11653
"2025","Maschi","84 anni",2010,95.84866
"2026","Maschi","84 anni",2011,93.44392
"2027","Maschi","84 anni",2012,94.59541
"2028","Maschi","84 anni",2013,87.23524
"2029","Maschi","84 anni",2014,85.71127
"2030","Maschi","84 anni",2015,88.8068
"2031","Maschi","84 anni",2016,83.21085
"2032","Maschi","84 anni",2017,85.46978
"2033","Maschi","84 anni",2018,79.88797
"2034","Maschi","84 anni",2019,79.02303
"2035","Maschi","84 anni",2020,92.11878
"2036","Maschi","84 anni",2021,81.98744
"2037","Maschi","84 anni",2022,81.25731
"2038","Maschi","84 anni",2023,76.57986
"2039","Maschi","84 anni",2024,74.23688
"2040","Maschi","84 anni",2025,73.83313
"2041","Maschi","85 anni",2002,124.12448
"2042","Maschi","85 anni",2003,125.32407
"2043","Maschi","85 anni",2004,106.63631
"2044","Maschi","85 anni",2005,107.14512
"2045","Maschi","85 anni",2006,106.85621
"2046","Maschi","85 anni",2007,111.32563
"2047","Maschi","85 anni",2008,112.68893
"2048","Maschi","85 anni",2009,111.91083
"2049","Maschi","85 anni",2010,105.5384
"2050","Maschi","85 anni",2011,104.8004
"2051","Maschi","85 anni",2012,106.22894
"2052","Maschi","85 anni",2013,99.21978
"2053","Maschi","85 anni",2014,95.27135
"2054","Maschi","85 anni",2015,100.25752
"2055","Maschi","85 anni",2016,93.32136
"2056","Maschi","85 anni",2017,97.04625
"2057","Maschi","85 anni",2018,92.04736
"2058","Maschi","85 anni",2019,89.69483
"2059","Maschi","85 anni",2020,103.69312
"2060","Maschi","85 anni",2021,94.48942
"2061","Maschi","85 anni",2022,92.63958
"2062","Maschi","85 anni",2023,86.01641
"2063","Maschi","85 anni",2024,81.90591
"2064","Maschi","85 anni",2025,83.07158
"2065","Maschi","86 anni",2002,137.33439
"2066","Maschi","86 anni",2003,144.08532
"2067","Maschi","86 anni",2004,126.15746
"2068","Maschi","86 anni",2005,119.64132
"2069","Maschi","86 anni",2006,116.56014
"2070","Maschi","86 anni",2007,117.9184
"2071","Maschi","86 anni",2008,123.47695
"2072","Maschi","86 anni",2009,123.62114
"2073","Maschi","86 anni",2010,119.88458
"2074","Maschi","86 anni",2011,115.96286
"2075","Maschi","86 anni",2012,119.44153
"2076","Maschi","86 anni",2013,112.85735
"2077","Maschi","86 anni",2014,107.34781
"2078","Maschi","86 anni",2015,113.28079
"2079","Maschi","86 anni",2016,105.12643
"2080","Maschi","86 anni",2017,109.17641
"2081","Maschi","86 anni",2018,103.8723
"2082","Maschi","86 anni",2019,101.99045
"2083","Maschi","86 anni",2020,116.78827
"2084","Maschi","86 anni",2021,107.63625
"2085","Maschi","86 anni",2022,107.0014
"2086","Maschi","86 anni",2023,98.17043
"2087","Maschi","86 anni",2024,92.44318
"2088","Maschi","86 anni",2025,91.45528
"2089","Maschi","87 anni",2002,148.49637
"2090","Maschi","87 anni",2003,160.6374
"2091","Maschi","87 anni",2004,144.6078
"2092","Maschi","87 anni",2005,143.58886
"2093","Maschi","87 anni",2006,129.71268
"2094","Maschi","87 anni",2007,129.02159
"2095","Maschi","87 anni",2008,131.58811
"2096","Maschi","87 anni",2009,134.4195
"2097","Maschi","87 anni",2010,133.42412
"2098","Maschi","87 anni",2011,131.02811
"2099","Maschi","87 anni",2012,132.00575
"2100","Maschi","87 anni",2013,126.42055
"2101","Maschi","87 anni",2014,121.19859
"2102","Maschi","87 anni",2015,127.87141
"2103","Maschi","87 anni",2016,118.74545
"2104","Maschi","87 anni",2017,123.66782
"2105","Maschi","87 anni",2018,116.56202
"2106","Maschi","87 anni",2019,115.84828
"2107","Maschi","87 anni",2020,132.19537
"2108","Maschi","87 anni",2021,122.49595
"2109","Maschi","87 anni",2022,122.26466
"2110","Maschi","87 anni",2023,112.87439
"2111","Maschi","87 anni",2024,105.89444
"2112","Maschi","87 anni",2025,103.21068
"2113","Maschi","88 anni",2002,154.86098
"2114","Maschi","88 anni",2003,172.95665
"2115","Maschi","88 anni",2004,161.67537
"2116","Maschi","88 anni",2005,165.88924
"2117","Maschi","88 anni",2006,151.95165
"2118","Maschi","88 anni",2007,145.69257
"2119","Maschi","88 anni",2008,143.5639
"2120","Maschi","88 anni",2009,143.60072
"2121","Maschi","88 anni",2010,145.16681
"2122","Maschi","88 anni",2011,146.97366
"2123","Maschi","88 anni",2012,147.71156
"2124","Maschi","88 anni",2013,139.43155
"2125","Maschi","88 anni",2014,137.09519
"2126","Maschi","88 anni",2015,144.68401
"2127","Maschi","88 anni",2016,133.42479
"2128","Maschi","88 anni",2017,138.29974
"2129","Maschi","88 anni",2018,131.82089
"2130","Maschi","88 anni",2019,129.82011
"2131","Maschi","88 anni",2020,149.1944
"2132","Maschi","88 anni",2021,138.29945
"2133","Maschi","88 anni",2022,139.87939
"2134","Maschi","88 anni",2023,127.87425
"2135","Maschi","88 anni",2024,121.33854
"2136","Maschi","88 anni",2025,117.74916
"2137","Maschi","89 anni",2002,165.8316
"2138","Maschi","89 anni",2003,180.08593
"2139","Maschi","89 anni",2004,175.32803
"2140","Maschi","89 anni",2005,183.97738
"2141","Maschi","89 anni",2006,174.03992
"2142","Maschi","89 anni",2007,170.8309
"2143","Maschi","89 anni",2008,161.30862
"2144","Maschi","89 anni",2009,154.70382
"2145","Maschi","89 anni",2010,154.01463
"2146","Maschi","89 anni",2011,158.74597
"2147","Maschi","89 anni",2012,164.21458
"2148","Maschi","89 anni",2013,156.46867
"2149","Maschi","89 anni",2014,151.96698
"2150","Maschi","89 anni",2015,162.82854
"2151","Maschi","89 anni",2016,150.52628
"2152","Maschi","89 anni",2017,156.53336
"2153","Maschi","89 anni",2018,147.35142
"2154","Maschi","89 anni",2019,146.47445
"2155","Maschi","89 anni",2020,165.94559
"2156","Maschi","89 anni",2021,155.2208
"2157","Maschi","89 anni",2022,160.03311
"2158","Maschi","89 anni",2023,145.21823
"2159","Maschi","89 anni",2024,137.6386
"2160","Maschi","89 anni",2025,134.25126
"2161","Maschi","90 anni",2002,177.05454
"2162","Maschi","90 anni",2003,191.54932
"2163","Maschi","90 anni",2004,183.45602
"2164","Maschi","90 anni",2005,199.09245
"2165","Maschi","90 anni",2006,192.79908
"2166","Maschi","90 anni",2007,198.24852
"2167","Maschi","90 anni",2008,190.72318
"2168","Maschi","90 anni",2009,173.47519
"2169","Maschi","90 anni",2010,168.75841
"2170","Maschi","90 anni",2011,167.18148
"2171","Maschi","90 anni",2012,177.3089
"2172","Maschi","90 anni",2013,174.20687
"2173","Maschi","90 anni",2014,169.69557
"2174","Maschi","90 anni",2015,179.25151
"2175","Maschi","90 anni",2016,169.44807
"2176","Maschi","90 anni",2017,175.63902
"2177","Maschi","90 anni",2018,164.38736
"2178","Maschi","90 anni",2019,162.41613
"2179","Maschi","90 anni",2020,186.40831
"2180","Maschi","90 anni",2021,172.02513
"2181","Maschi","90 anni",2022,180.75868
"2182","Maschi","90 anni",2023,165.08644
"2183","Maschi","90 anni",2024,155.21754
"2184","Maschi","90 anni",2025,150.85585
"2185","Maschi","91 anni",2002,194.34806
"2186","Maschi","91 anni",2003,204.90213
"2187","Maschi","91 anni",2004,192.90982
"2188","Maschi","91 anni",2005,204.25917
"2189","Maschi","91 anni",2006,209.13014
"2190","Maschi","91 anni",2007,219.59093
"2191","Maschi","91 anni",2008,219.37486
"2192","Maschi","91 anni",2009,208.21605
"2193","Maschi","91 anni",2010,188.19622
"2194","Maschi","91 anni",2011,178.12121
"2195","Maschi","91 anni",2012,185.01547
"2196","Maschi","91 anni",2013,186.98317
"2197","Maschi","91 anni",2014,188.15054
"2198","Maschi","91 anni",2015,200.14174
"2199","Maschi","91 anni",2016,187.1336
"2200","Maschi","91 anni",2017,198.60749
"2201","Maschi","91 anni",2018,184.15903
"2202","Maschi","91 anni",2019,181.2251
"2203","Maschi","91 anni",2020,204.67967
"2204","Maschi","91 anni",2021,191.11763
"2205","Maschi","91 anni",2022,200.19365
"2206","Maschi","91 anni",2023,186.10438
"2207","Maschi","91 anni",2024,174.48918
"2208","Maschi","91 anni",2025,168.98256
"2209","Maschi","92 anni",2002,212.9327
"2210","Maschi","92 anni",2003,221.51711
"2211","Maschi","92 anni",2004,204.41257
"2212","Maschi","92 anni",2005,216.48851
"2213","Maschi","92 anni",2006,219.00881
"2214","Maschi","92 anni",2007,234.00495
"2215","Maschi","92 anni",2008,244.00444
"2216","Maschi","92 anni",2009,236.60148
"2217","Maschi","92 anni",2010,220.67152
"2218","Maschi","92 anni",2011,198.34667
"2219","Maschi","92 anni",2012,199.53687
"2220","Maschi","92 anni",2013,195.50325
"2221","Maschi","92 anni",2014,202.81694
"2222","Maschi","92 anni",2015,221.68544
"2223","Maschi","92 anni",2016,207.0268
"2224","Maschi","92 anni",2017,217.46328
"2225","Maschi","92 anni",2018,206.02016
"2226","Maschi","92 anni",2019,202.00696
"2227","Maschi","92 anni",2020,227.02652
"2228","Maschi","92 anni",2021,210.09538
"2229","Maschi","92 anni",2022,224.69547
"2230","Maschi","92 anni",2023,205.75694
"2231","Maschi","92 anni",2024,195.03168
"2232","Maschi","92 anni",2025,188.72623
"2233","Maschi","93 anni",2002,235.96241
"2234","Maschi","93 anni",2003,239.23901
"2235","Maschi","93 anni",2004,216.59786
"2236","Maschi","93 anni",2005,232.87724
"2237","Maschi","93 anni",2006,232.18436
"2238","Maschi","93 anni",2007,239.29532
"2239","Maschi","93 anni",2008,260.7373
"2240","Maschi","93 anni",2009,261.99877
"2241","Maschi","93 anni",2010,253.21863
"2242","Maschi","93 anni",2011,237.57871
"2243","Maschi","93 anni",2012,220.12996
"2244","Maschi","93 anni",2013,213.5337
"2245","Maschi","93 anni",2014,211.7466
"2246","Maschi","93 anni",2015,238.54325
"2247","Maschi","93 anni",2016,229.08756
"2248","Maschi","93 anni",2017,241.03123
"2249","Maschi","93 anni",2018,225.19124
"2250","Maschi","93 anni",2019,224.74996
"2251","Maschi","93 anni",2020,251.00388
"2252","Maschi","93 anni",2021,231.69338
"2253","Maschi","93 anni",2022,245.99945
"2254","Maschi","93 anni",2023,229.01886
"2255","Maschi","93 anni",2024,214.63016
"2256","Maschi","93 anni",2025,209.64873
"2257","Maschi","94 anni",2002,250.58078
"2258","Maschi","94 anni",2003,265.29174
"2259","Maschi","94 anni",2004,233.01778
"2260","Maschi","94 anni",2005,258.15077
"2261","Maschi","94 anni",2006,245.72606
"2262","Maschi","94 anni",2007,249.91189
"2263","Maschi","94 anni",2008,271.00988
"2264","Maschi","94 anni",2009,281.64311
"2265","Maschi","94 anni",2010,276.46901
"2266","Maschi","94 anni",2011,271.11847
"2267","Maschi","94 anni",2012,257.94254
"2268","Maschi","94 anni",2013,227.93408
"2269","Maschi","94 anni",2014,227.17156
"2270","Maschi","94 anni",2015,250.02536
"2271","Maschi","94 anni",2016,244.87358
"2272","Maschi","94 anni",2017,264.83422
"2273","Maschi","94 anni",2018,247.35213
"2274","Maschi","94 anni",2019,245.59916
"2275","Maschi","94 anni",2020,274.43693
"2276","Maschi","94 anni",2021,255.59323
"2277","Maschi","94 anni",2022,275.61788
"2278","Maschi","94 anni",2023,249.90547
"2279","Maschi","94 anni",2024,239.3214
"2280","Maschi","94 anni",2025,230.32121
"2281","Maschi","95 anni",2002,270.80077
"2282","Maschi","95 anni",2003,293.35584
"2283","Maschi","95 anni",2004,257.93421
"2284","Maschi","95 anni",2005,278.9723
"2285","Maschi","95 anni",2006,258.82478
"2286","Maschi","95 anni",2007,265.23885
"2287","Maschi","95 anni",2008,287.97696
"2288","Maschi","95 anni",2009,288.69464
"2289","Maschi","95 anni",2010,295.89742
"2290","Maschi","95 anni",2011,293.38566
"2291","Maschi","95 anni",2012,302.61079
"2292","Maschi","95 anni",2013,267.40326
"2293","Maschi","95 anni",2014,247.66382
"2294","Maschi","95 anni",2015,270.49904
"2295","Maschi","95 anni",2016,254.17943
"2296","Maschi","95 anni",2017,282.63866
"2297","Maschi","95 anni",2018,270.09561
"2298","Maschi","95 anni",2019,270.959
"2299","Maschi","95 anni",2020,294.91998
"2300","Maschi","95 anni",2021,282.32657
"2301","Maschi","95 anni",2022,305.56044
"2302","Maschi","95 anni",2023,269.39884
"2303","Maschi","95 anni",2024,262.24263
"2304","Maschi","95 anni",2025,250.48865
"2305","Maschi","96 anni",2002,280.00338
"2306","Maschi","96 anni",2003,317.20556
"2307","Maschi","96 anni",2004,282.40831
"2308","Maschi","96 anni",2005,302.05951
"2309","Maschi","96 anni",2006,282.44666
"2310","Maschi","96 anni",2007,289.33158
"2311","Maschi","96 anni",2008,304.31624
"2312","Maschi","96 anni",2009,301.50369
"2313","Maschi","96 anni",2010,304.27342
"2314","Maschi","96 anni",2011,308.04919
"2315","Maschi","96 anni",2012,327.63051
"2316","Maschi","96 anni",2013,317.00803
"2317","Maschi","96 anni",2014,287.66161
"2318","Maschi","96 anni",2015,296.33289
"2319","Maschi","96 anni",2016,274.17755
"2320","Maschi","96 anni",2017,289.82093
"2321","Maschi","96 anni",2018,287.57465
"2322","Maschi","96 anni",2019,292.62723
"2323","Maschi","96 anni",2020,321.63858
"2324","Maschi","96 anni",2021,304.13315
"2325","Maschi","96 anni",2022,332.57691
"2326","Maschi","96 anni",2023,297.68358
"2327","Maschi","96 anni",2024,282.77044
"2328","Maschi","96 anni",2025,270.36116
"2329","Maschi","97 anni",2002,292.34792
"2330","Maschi","97 anni",2003,329.46594
"2331","Maschi","97 anni",2004,297.59733
"2332","Maschi","97 anni",2005,323.61598
"2333","Maschi","97 anni",2006,303.22492
"2334","Maschi","97 anni",2007,312.19783
"2335","Maschi","97 anni",2008,318.95237
"2336","Maschi","97 anni",2009,316.85085
"2337","Maschi","97 anni",2010,319.19945
"2338","Maschi","97 anni",2011,319.16266
"2339","Maschi","97 anni",2012,343.45775
"2340","Maschi","97 anni",2013,341.53014
"2341","Maschi","97 anni",2014,309.4294
"2342","Maschi","97 anni",2015,334.18553
"2343","Maschi","97 anni",2016,303.84263
"2344","Maschi","97 anni",2017,310.9438
"2345","Maschi","97 anni",2018,297.57052
"2346","Maschi","97 anni",2019,305.63658
"2347","Maschi","97 anni",2020,343.21203
"2348","Maschi","97 anni",2021,326.8304
"2349","Maschi","97 anni",2022,356.57767
"2350","Maschi","97 anni",2023,321.66154
"2351","Maschi","97 anni",2024,305.55279
"2352","Maschi","97 anni",2025,287.48407
"2353","Maschi","98 anni",2002,310.06449
"2354","Maschi","98 anni",2003,338.49056
"2355","Maschi","98 anni",2004,311.47916
"2356","Maschi","98 anni",2005,344.6029
"2357","Maschi","98 anni",2006,326.18522
"2358","Maschi","98 anni",2007,337.27363
"2359","Maschi","98 anni",2008,335.02514
"2360","Maschi","98 anni",2009,336.22911
"2361","Maschi","98 anni",2010,336.63622
"2362","Maschi","98 anni",2011,329.18649
"2363","Maschi","98 anni",2012,353.3171
"2364","Maschi","98 anni",2013,359.58755
"2365","Maschi","98 anni",2014,339.48681
"2366","Maschi","98 anni",2015,376.53228
"2367","Maschi","98 anni",2016,337.77353
"2368","Maschi","98 anni",2017,335.81477
"2369","Maschi","98 anni",2018,306.65278
"2370","Maschi","98 anni",2019,317.22358
"2371","Maschi","98 anni",2020,364.27655
"2372","Maschi","98 anni",2021,349.42455
"2373","Maschi","98 anni",2022,379.08291
"2374","Maschi","98 anni",2023,345.37825
"2375","Maschi","98 anni",2024,328.93344
"2376","Maschi","98 anni",2025,304.91389
"2377","Maschi","99 anni",2002,330.75582
"2378","Maschi","99 anni",2003,353.90026
"2379","Maschi","99 anni",2004,329.78921
"2380","Maschi","99 anni",2005,367.26333
"2381","Maschi","99 anni",2006,350.88255
"2382","Maschi","99 anni",2007,363.21029
"2383","Maschi","99 anni",2008,356.18388
"2384","Maschi","99 anni",2009,360.31264
"2385","Maschi","99 anni",2010,359.03049
"2386","Maschi","99 anni",2011,346.05235
"2387","Maschi","99 anni",2012,368.01271
"2388","Maschi","99 anni",2013,378.11593
"2389","Maschi","99 anni",2014,371.97103
"2390","Maschi","99 anni",2015,412.56287
"2391","Maschi","99 anni",2016,368.98902
"2392","Maschi","99 anni",2017,362.34515
"2393","Maschi","99 anni",2018,322.74526
"2394","Maschi","99 anni",2019,334.44517
"2395","Maschi","99 anni",2020,387.29493
"2396","Maschi","99 anni",2021,373.17253
"2397","Maschi","99 anni",2022,402.51482
"2398","Maschi","99 anni",2023,369.61013
"2399","Maschi","99 anni",2024,353.08292
"2400","Maschi","99 anni",2025,325.65782
"2401","Maschi","100 anni",2002,361.9282
"2402","Maschi","100 anni",2003,387.19437
"2403","Maschi","100 anni",2004,360.77776
"2404","Maschi","100 anni",2005,398.01688
"2405","Maschi","100 anni",2006,380.79577
"2406","Maschi","100 anni",2007,393.12302
"2407","Maschi","100 anni",2008,388.50293
"2408","Maschi","100 anni",2009,392.36989
"2409","Maschi","100 anni",2010,391.32356
"2410","Maschi","100 anni",2011,379.23942
"2411","Maschi","100 anni",2012,401.15738
"2412","Maschi","100 anni",2013,409.02364
"2413","Maschi","100 anni",2014,400.41732
"2414","Maschi","100 anni",2015,439.75177
"2415","Maschi","100 anni",2016,396.6606
"2416","Maschi","100 anni",2017,392.48633
"2417","Maschi","100 anni",2018,354.99238
"2418","Maschi","100 anni",2019,366.354
"2419","Maschi","100 anni",2020,418.97606
"2420","Maschi","100 anni",2021,403.80255
"2421","Maschi","100 anni",2022,434.19751
"2422","Maschi","100 anni",2023,399.88517
"2423","Maschi","100 anni",2024,382.60409
"2424","Maschi","100 anni",2025,355.68986
"2425","Maschi","101 anni",2002,400.59785
"2426","Maschi","101 anni",2003,443.80123
"2427","Maschi","101 anni",2004,407.20147
"2428","Maschi","101 anni",2005,437.31744
"2429","Maschi","101 anni",2006,413.80766
"2430","Maschi","101 anni",2007,424.36786
"2431","Maschi","101 anni",2008,432.17502
"2432","Maschi","101 anni",2009,429.82565
"2433","Maschi","101 anni",2010,432.57044
"2434","Maschi","101 anni",2011,432.34156
"2435","Maschi","101 anni",2012,460.03997
"2436","Maschi","101 anni",2013,457.92962
"2437","Maschi","101 anni",2014,420.62942
"2438","Maschi","101 anni",2015,449.41681
"2439","Maschi","101 anni",2016,414.35278
"2440","Maschi","101 anni",2017,422.45397
"2441","Maschi","101 anni",2018,407.04561
"2442","Maschi","101 anni",2019,416.36326
"2443","Maschi","101 anni",2020,459.70942
"2444","Maschi","101 anni",2021,441.01902
"2445","Maschi","101 anni",2022,474.89509
"2446","Maschi","101 anni",2023,435.79983
"2447","Maschi","101 anni",2024,416.46154
"2448","Maschi","101 anni",2025,395.67427
"2449","Maschi","102 anni",2002,432.89329
"2450","Maschi","102 anni",2003,477.53267
"2451","Maschi","102 anni",2004,439.87016
"2452","Maschi","102 anni",2005,470.93243
"2453","Maschi","102 anni",2006,446.71139
"2454","Maschi","102 anni",2007,457.65766
"2455","Maschi","102 anni",2008,465.70747
"2456","Maschi","102 anni",2009,463.31012
"2457","Maschi","102 anni",2010,466.14992
"2458","Maschi","102 anni",2011,465.85504
"2459","Maschi","102 anni",2012,494.30638
"2460","Maschi","102 anni",2013,492.16561
"2461","Maschi","102 anni",2014,453.6876
"2462","Maschi","102 anni",2015,483.37571
"2463","Maschi","102 anni",2016,447.21951
"2464","Maschi","102 anni",2017,455.53721
"2465","Maschi","102 anni",2018,439.66962
"2466","Maschi","102 anni",2019,449.2719
"2467","Maschi","102 anni",2020,493.95083
"2468","Maschi","102 anni",2021,474.7458
"2469","Maschi","102 anni",2022,509.54043
"2470","Maschi","102 anni",2023,469.60112
"2471","Maschi","102 anni",2024,449.43528
"2472","Maschi","102 anni",2025,428.04448
"2473","Maschi","103 anni",2002,465.83899
"2474","Maschi","103 anni",2003,511.68233
"2475","Maschi","103 anni",2004,473.17568
"2476","Maschi","103 anni",2005,505.01368
"2477","Maschi","103 anni",2006,480.21782
"2478","Maschi","103 anni",2007,491.49796
"2479","Maschi","103 anni",2008,499.7462
"2480","Maschi","103 anni",2009,497.31778
"2481","Maschi","103 anni",2010,500.23851
"2482","Maschi","103 anni",2011,499.87034
"2483","Maschi","103 anni",2012,528.90736
"2484","Maschi","103 anni",2013,526.7524
"2485","Maschi","103 anni",2014,487.3007
"2486","Maschi","103 anni",2015,517.7297
"2487","Maschi","103 anni",2016,477.80002
"2488","Maschi","103 anni",2017,489.16015
"2489","Maschi","103 anni",2018,472.92534
"2490","Maschi","103 anni",2019,482.75731
"2491","Maschi","103 anni",2020,528.52651
"2492","Maschi","103 anni",2021,508.91786
"2493","Maschi","103 anni",2022,544.4304
"2494","Maschi","103 anni",2023,503.91112
"2495","Maschi","103 anni",2024,482.99447
"2496","Maschi","103 anni",2025,461.12933
"2497","Maschi","104 anni",2002,499.16594
"2498","Maschi","104 anni",2003,545.94874
"2499","Maschi","104 anni",2004,506.84416
"2500","Maschi","104 anni",2005,539.26447
"2501","Maschi","104 anni",2006,514.04796
"2502","Maschi","104 anni",2007,525.60178
"2503","Maschi","104 anni",2008,533.99835
"2504","Maschi","104 anni",2009,531.55756
"2505","Maschi","104 anni",2010,534.54314
"2506","Maschi","104 anni",2011,534.09443
"2507","Maschi","104 anni",2012,563.53012
"2508","Maschi","104 anni",2013,561.37867
"2509","Maschi","104 anni",2014,521.1844
"2510","Maschi","104 anni",2015,552.17336
"2511","Maschi","104 anni",2016,511.47457
"2512","Maschi","104 anni",2017,523.03698
"2513","Maschi","104 anni",2018,506.53893
"2514","Maschi","104 anni",2019,516.53837
"2515","Maschi","104 anni",2020,563.12389
"2516","Maschi","104 anni",2021,543.23577
"2517","Maschi","104 anni",2022,579.24222
"2518","Maschi","104 anni",2023,538.4345
"2519","Maschi","104 anni",2024,516.85804
"2520","Maschi","104 anni",2025,494.66445
"2521","Maschi","105 anni",2002,532.58692
"2522","Maschi","105 anni",2003,580.01573
"2523","Maschi","105 anni",2004,540.58368
"2524","Maschi","105 anni",2005,573.37259
"2525","Maschi","105 anni",2006,547.90524
"2526","Maschi","105 anni",2007,559.66531
"2527","Maschi","105 anni",2008,568.15493
"2528","Maschi","105 anni",2009,565.72201
"2529","Maschi","105 anni",2010,568.7545
"2530","Maschi","105 anni",2011,568.21826
"2531","Maschi","105 anni",2012,597.84844
"2532","Maschi","105 anni",2013,595.7194
"2533","Maschi","105 anni",2014,555.03753
"2534","Maschi","105 anni",2015,586.38692
"2535","Maschi","105 anni",2016,545.17813
"2536","Maschi","105 anni",2017,556.86532
"2537","Maschi","105 anni",2018,540.2186
"2538","Maschi","105 anni",2019,550.31679
"2539","Maschi","105 anni",2020,597.41701
"2540","Maschi","105 anni",2021,577.38499
"2541","Maschi","105 anni",2022,613.64118
"2542","Maschi","105 anni",2023,572.8597
"2543","Maschi","105 anni",2024,550.7276
"2544","Maschi","105 anni",2025,528.36631
"2545","Maschi","106 anni",2002,565.81402
"2546","Maschi","106 anni",2003,613.5717
"2547","Maschi","106 anni",2004,574.102
"2548","Maschi","106 anni",2005,607.02935
"2549","Maschi","106 anni",2006,581.49357
"2550","Maschi","106 anni",2007,593.38641
"2551","Maschi","106 anni",2008,601.90963
"2552","Maschi","106 anni",2009,599.50594
"2553","Maschi","106 anni",2010,602.56593
"2554","Maschi","106 anni",2011,601.93551
"2555","Maschi","106 anni",2012,631.54269
"2556","Maschi","106 anni",2013,629.45577
"2557","Maschi","106 anni",2014,588.56043
"2558","Maschi","106 anni",2015,620.05576
"2559","Maschi","106 anni",2016,578.61608
"2560","Maschi","106 anni",2017,590.34461
"2561","Maschi","106 anni",2018,573.67229
"2562","Maschi","106 anni",2019,583.79528
"2563","Maschi","106 anni",2020,631.08646
"2564","Maschi","106 anni",2021,611.05494
"2565","Maschi","106 anni",2022,647.30123
"2566","Maschi","106 anni",2023,606.87787
"2567","Maschi","106 anni",2024,584.30562
"2568","Maschi","106 anni",2025,561.94935
"2569","Maschi","107 anni",2002,598.56148
"2570","Maschi","107 anni",2003,646.31276
"2571","Maschi","107 anni",2004,607.10953
"2572","Maschi","107 anni",2005,639.93271
"2573","Maschi","107 anni",2006,614.52031
"2574","Maschi","107 anni",2007,626.46767
"2575","Maschi","107 anni",2008,634.96189
"2576","Maschi","107 anni",2009,632.60959
"2577","Maschi","107 anni",2010,635.67651
"2578","Maschi","107 anni",2011,634.94573
"2579","Maschi","107 anni",2012,664.30297
"2580","Maschi","107 anni",2013,662.27836
"2581","Maschi","107 anni",2014,621.45796
"2582","Maschi","107 anni",2015,652.87355
"2583","Maschi","107 anni",2016,611.49719
"2584","Maschi","107 anni",2017,623.17911
"2585","Maschi","107 anni",2018,606.61072
"2586","Maschi","107 anni",2019,616.68057
"2587","Maschi","107 anni",2020,663.82255
"2588","Maschi","107 anni",2021,643.94221
"2589","Maschi","107 anni",2022,679.90812
"2590","Maschi","107 anni",2023,640.18604
"2591","Maschi","107 anni",2024,617.29838
"2592","Maschi","107 anni",2025,595.12898
"2593","Maschi","108 anni",2002,630.56344
"2594","Maschi","108 anni",2003,677.9616
"2595","Maschi","108 anni",2004,639.33724
"2596","Maschi","108 anni",2005,671.80602
"2597","Maschi","108 anni",2006,646.71439
"2598","Maschi","108 anni",2007,658.63482
"2599","Maschi","108 anni",2008,667.03557
"2600","Maschi","108 anni",2009,664.75713
"2601","Maschi","108 anni",2010,667.80969
"2602","Maschi","108 anni",2011,666.97292
"2603","Maschi","108 anni",2012,695.84839
"2604","Maschi","108 anni",2013,693.90635
"2605","Maschi","108 anni",2014,653.45777
"2606","Maschi","108 anni",2015,684.56133
"2607","Maschi","108 anni",2016,643.5517
"2608","Maschi","108 anni",2017,655.09627
"2609","Maschi","108 anni",2018,638.76519
"2610","Maschi","108 anni",2019,648.7015
"2611","Maschi","108 anni",2020,695.34462
"2612","Maschi","108 anni",2021,675.76934
"2613","Maschi","108 anni",2022,711.1791
"2614","Maschi","108 anni",2023,672.50582
"2615","Maschi","108 anni",2024,649.43422
"2616","Maschi","108 anni",2025,627.63907
"2617","Maschi","109 anni",2002,661.57305
"2618","Maschi","109 anni",2003,708.2661
"2619","Maschi","109 anni",2004,670.53576
"2620","Maschi","109 anni",2005,702.39671
"2621","Maschi","109 anni",2006,677.82534
"2622","Maschi","109 anni",2007,689.63566
"2623","Maschi","109 anni",2008,697.87769
"2624","Maschi","109 anni",2009,695.69557
"2625","Maschi","109 anni",2010,698.71209
"2626","Maschi","109 anni",2011,697.76439
"2627","Maschi","109 anni",2012,725.9255
"2628","Maschi","109 anni",2013,724.08601
"2629","Maschi","109 anni",2014,684.30927
"2630","Maschi","109 anni",2015,714.86601
"2631","Maschi","109 anni",2016,674.53028
"2632","Maschi","109 anni",2017,685.84562
"2633","Maschi","109 anni",2018,669.88677
"2634","Maschi","109 anni",2019,679.60809
"2635","Maschi","109 anni",2020,725.39939
"2636","Maschi","109 anni",2021,706.28352
"2637","Maschi","109 anni",2022,740.861
"2638","Maschi","109 anni",2023,703.58229
"2639","Maschi","109 anni",2024,680.4625
"2640","Maschi","109 anni",2025,659.23134
"2641","Maschi","110 anni",2002,691.37639
"2642","Maschi","110 anni",2003,737.01367
"2643","Maschi","110 anni",2004,700.48947
"2644","Maschi","110 anni",2005,731.49063
"2645","Maschi","110 anni",2006,707.63744
"2646","Maschi","110 anni",2007,719.25428
"2647","Maschi","110 anni",2008,727.27284
"2648","Maschi","110 anni",2009,725.20901
"2649","Maschi","110 anni",2010,728.1679
"2650","Maschi","110 anni",2011,727.10498
"2651","Maschi","110 anni",2012,754.32276
"2652","Maschi","110 anni",2013,752.60513
"2653","Maschi","110 anni",2014,713.79773
"2654","Maschi","110 anni",2015,743.57479
"2655","Maschi","110 anni",2016,704.21817
"2656","Maschi","110 anni",2017,715.21289
"2657","Maschi","110 anni",2018,699.76028
"2658","Maschi","110 anni",2019,709.18558
"2659","Maschi","110 anni",2020,753.77548
"2660","Maschi","110 anni",2021,735.27091
"2661","Maschi","110 anni",2022,768.74484
"2662","Maschi","110 anni",2023,733.19834
"2663","Maschi","110 anni",2024,710.16776
"2664","Maschi","110 anni",2025,689.68923
"2665","Maschi","111 anni",2002,719.79373
"2666","Maschi","111 anni",2003,764.03174
"2667","Maschi","111 anni",2004,729.01766
"2668","Maschi","111 anni",2005,758.91274
"2669","Maschi","111 anni",2006,735.97078
"2670","Maschi","111 anni",2007,747.31202
"2671","Maschi","111 anni",2008,755.04387
"2672","Maschi","111 anni",2009,753.11955
"2673","Maschi","111 anni",2010,755.99961
"2674","Maschi","111 anni",2011,754.81793
"2675","Maschi","111 anni",2012,780.87071
"2676","Maschi","111 anni",2013,779.29334
"2677","Maschi","111 anni",2014,741.74528
"2678","Maschi","111 anni",2015,770.51561
"2679","Maschi","111 anni",2016,732.43623
"2680","Maschi","111 anni",2017,743.02097
"2681","Maschi","111 anni",2018,728.20548
"2682","Maschi","111 anni",2019,737.25551
"2683","Maschi","111 anni",2020,780.30356
"2684","Maschi","111 anni",2021,762.55727
"2685","Maschi","111 anni",2022,794.66568
"2686","Maschi","111 anni",2023,761.17552
"2687","Maschi","111 anni",2024,738.37074
"2688","Maschi","111 anni",2025,718.82937
"2689","Maschi","112 anni",2002,746.68565
"2690","Maschi","112 anni",2003,789.19349
"2691","Maschi","112 anni",2004,755.98073
"2692","Maschi","112 anni",2005,784.53288
"2693","Maschi","112 anni",2006,762.68741
"2694","Maschi","112 anni",2007,773.67349
"2695","Maschi","112 anni",2008,781.05792
"2696","Maschi","112 anni",2009,779.29319
"2697","Maschi","112 anni",2010,782.07399
"2698","Maschi","112 anni",2011,780.77075
"2699","Maschi","112 anni",2012,805.4476
"2700","Maschi","112 anni",2013,804.02766
"2701","Maschi","112 anni",2014,768.01691
"2702","Maschi","112 anni",2015,795.56277
"2703","Maschi","112 anni",2016,759.04704
"2704","Maschi","112 anni",2017,769.13582
"2705","Maschi","112 anni",2018,755.08324
"2706","Maschi","112 anni",2019,763.68172
"2707","Maschi","112 anni",2020,804.86198
"2708","Maschi","112 anni",2021,788.01373
"2709","Maschi","112 anni",2022,818.50801
"2710","Maschi","112 anni",2023,787.38002
"2711","Maschi","112 anni",2024,764.93448
"2712","Maschi","112 anni",2025,746.50791
"2713","Maschi","113 anni",2002,771.94845
"2714","Maschi","113 anni",2003,812.41202
"2715","Maschi","113 anni",2004,781.2754
"2716","Maschi","113 anni",2005,808.26022
"2717","Maschi","113 anni",2006,787.68638
"2718","Maschi","113 anni",2007,798.24135
"2719","Maschi","113 anni",2008,805.22092
"2720","Maschi","113 anni",2009,803.63454
"2721","Maschi","113 anni",2010,806.29668
"2722","Maschi","113 anni",2011,804.86976
"2723","Maschi","113 anni",2012,827.97305
"2724","Maschi","113 anni",2013,826.72632
"2725","Maschi","113 anni",2014,792.51528
"2726","Maschi","113 anni",2015,818.63106
"2727","Maschi","113 anni",2016,783.94998
"2728","Maschi","113 anni",2017,793.46132
"2729","Maschi","113 anni",2018,780.29077
"2730","Maschi","113 anni",2019,788.36532
"2731","Maschi","113 anni",2020,827.37041
"2732","Maschi","113 anni",2021,811.55106
"2733","Maschi","113 anni",2022,840.19901
"2734","Maschi","113 anni",2023,811.71715
"2735","Maschi","113 anni",2024,789.7593
"2736","Maschi","113 anni",2025,772.61613
"2737","Maschi","114 anni",2002,795.51837
"2738","Maschi","114 anni",2003,833.64394
"2739","Maschi","114 anni",2004,804.83896
"2740","Maschi","114 anni",2005,830.04699
"2741","Maschi","114 anni",2006,810.90786
"2742","Maschi","114 anni",2007,820.96026
"2743","Maschi","114 anni",2008,827.48146
"2744","Maschi","114 anni",2009,826.09068
"2745","Maschi","114 anni",2010,828.61599
"2746","Maschi","114 anni",2011,827.06397
"2747","Maschi","114 anni",2012,848.41147
"2748","Maschi","114 anni",2013,847.35219
"2749","Maschi","114 anni",2014,815.18474
"2750","Maschi","114 anni",2015,839.67921
"2751","Maschi","114 anni",2016,807.08537
"2752","Maschi","114 anni",2017,815.94314
"2753","Maschi","114 anni",2018,803.76581
"2754","Maschi","114 anni",2019,811.24875
"2755","Maschi","114 anni",2020,847.79328
"2756","Maschi","114 anni",2021,833.1234
"2757","Maschi","114 anni",2022,859.71165
"2758","Maschi","114 anni",2023,834.13523
"2759","Maschi","114 anni",2024,812.78686
"2760","Maschi","114 anni",2025,797.08482
"2761","Maschi","115 anni",2002,817.36493
"2762","Maschi","115 anni",2003,852.88158
"2763","Maschi","115 anni",2004,826.64245
"2764","Maschi","115 anni",2005,849.88082
"2765","Maschi","115 anni",2006,832.32618
"2766","Maschi","115 anni",2007,841.8097
"2767","Maschi","115 anni",2008,847.82334
"2768","Maschi","115 anni",2009,846.64378
"2769","Maschi","115 anni",2010,849.01552
"2770","Maschi","115 anni",2011,847.33758
"2771","Maschi","115 anni",2012,866.76373
"2772","Maschi","115 anni",2013,865.90455
"2773","Maschi","115 anni",2014,836.00417
"2774","Maschi","115 anni",2015,858.70196
"2775","Maschi","115 anni",2016,828.42751
"2776","Maschi","115 anni",2017,836.56156
"2777","Maschi","115 anni",2018,825.47981
"2778","Maschi","115 anni",2019,832.30873
"2779","Maschi","115 anni",2020,866.1315
"2780","Maschi","115 anni",2021,852.72047
"2781","Maschi","115 anni",2022,877.05602
"2782","Maschi","115 anni",2023,854.6181
"2783","Maschi","115 anni",2024,833.99314
"2784","Maschi","115 anni",2025,819.87791
"2785","Maschi","116 anni",2002,837.49121
"2786","Maschi","116 anni",2003,870.15243
"2787","Maschi","116 anni",2004,846.69089
"2788","Maschi","116 anni",2005,867.78441
"2789","Maschi","116 anni",2006,851.94993
"2790","Maschi","116 anni",2007,860.80382
"2791","Maschi","116 anni",2008,866.26533
"2792","Maschi","116 anni",2009,865.31094
"2793","Maschi","116 anni",2010,867.51384
"2794","Maschi","116 anni",2011,865.70974
"2795","Maschi","116 anni",2012,883.06648
"2796","Maschi","116 anni",2013,882.41841
"2797","Maschi","116 anni",2014,854.98684
"2798","Maschi","116 anni",2015,875.7295
"2799","Maschi","116 anni",2016,847.9848
"2800","Maschi","116 anni",2017,855.33134
"2801","Maschi","116 anni",2018,845.43818
"2802","Maschi","116 anni",2019,851.55622
"2803","Maschi","116 anni",2020,882.42167
"2804","Maschi","116 anni",2021,870.3672
"2805","Maschi","116 anni",2022,892.27829
"2806","Maschi","116 anni",2023,873.18481
"2807","Maschi","116 anni",2024,853.38842
"2808","Maschi","116 anni",2025,840.99284
"2809","Maschi","117 anni",2002,855.92514
"2810","Maschi","117 anni",2003,885.50946
"2811","Maschi","117 anni",2004,865.0144
"2812","Maschi","117 anni",2005,883.80597
"2813","Maschi","117 anni",2006,869.81293
"2814","Maschi","117 anni",2007,877.98221
"2815","Maschi","117 anni",2008,882.85171
"2816","Maschi","117 anni",2009,882.13476
"2817","Maschi","117 anni",2010,884.15512
"2818","Maschi","117 anni",2011,882.22509
"2819","Maschi","117 anni",2012,897.38196
"2820","Maschi","117 anni",2013,896.95439
"2821","Maschi","117 anni",2014,872.17134
"2822","Maschi","117 anni",2015,890.81757
"2823","Maschi","117 anni",2016,865.79073
"2824","Maschi","117 anni",2017,872.29249
"2825","Maschi","117 anni",2018,863.67137
"2826","Maschi","117 anni",2019,869.02739
"2827","Maschi","117 anni",2020,896.72601
"2828","Maschi","117 anni",2021,886.11403
"2829","Maschi","117 anni",2022,905.45023
"2830","Maschi","117 anni",2023,889.88017
"2831","Maschi","117 anni",2024,871.00828
"2832","Maschi","117 anni",2025,860.45206
"2833","Maschi","118 anni",2002,872.71871
"2834","Maschi","118 anni",2003,899.02974
"2835","Maschi","118 anni",2004,881.66738
"2836","Maschi","118 anni",2005,898.0179
"2837","Maschi","118 anni",2006,885.97328
"2838","Maschi","118 anni",2007,893.4088
"2839","Maschi","118 anni",2008,897.65112
"2840","Maschi","118 anni",2009,897.18221
"2841","Maschi","118 anni",2010,899.00788
"2842","Maschi","118 anni",2011,896.95259
"2843","Maschi","118 anni",2012,909.79648
"2844","Maschi","118 anni",2013,909.59726
"2845","Maschi","118 anni",2014,887.62044
"2846","Maschi","118 anni",2015,904.04603
"2847","Maschi","118 anni",2016,881.90299
"2848","Maschi","118 anni",2017,887.5092
"2849","Maschi","118 anni",2018,880.23406
"2850","Maschi","118 anni",2019,884.78263
"2851","Maschi","118 anni",2020,909.13074
"2852","Maschi","118 anni",2021,900.0356
"2853","Maschi","118 anni",2022,916.66748
"2854","Maschi","118 anni",2023,904.77349
"2855","Maschi","118 anni",2024,886.91255
"2856","Maschi","118 anni",2025,875.6089
"2857","Maschi","119 anni",2002,887.94018
"2858","Maschi","119 anni",2003,910.80587
"2859","Maschi","119 anni",2004,896.72054
"2860","Maschi","119 anni",2005,910.50843
"2861","Maschi","119 anni",2006,900.50535
"2862","Maschi","119 anni",2007,907.16366
"2863","Maschi","119 anni",2008,910.74816
"2864","Maschi","119 anni",2009,910.53635
"2865","Maschi","119 anni",2010,912.15669
"2866","Maschi","119 anni",2011,909.97715
"2867","Maschi","119 anni",2012,920.4116
"2868","Maschi","119 anni",2013,920.44711
"2869","Maschi","119 anni",2014,901.41299
"2870","Maschi","119 anni",2015,915.51029
"2871","Maschi","119 anni",2016,895.61248
"2872","Maschi","119 anni",2017,901.06164
"2873","Maschi","119 anni",2018,895.19723
"2874","Maschi","119 anni",2019,898.89844
"2875","Maschi","119 anni",2020,919.73738
"2876","Maschi","119 anni",2021,912.22228
"2877","Maschi","119 anni",2022,926.04048
"2878","Maschi","119 anni",2023,917.95019
"2879","Maschi","119 anni",2024,901.17728
"2880","Maschi","119 anni",2025,892.69888
"2881","Femmine","0 anni",2002,3.96138
"2882","Femmine","0 anni",2003,3.75152
"2883","Femmine","0 anni",2004,3.42378
"2884","Femmine","0 anni",2005,3.29264
"2885","Femmine","0 anni",2006,3.03919
"2886","Femmine","0 anni",2007,2.92615
"2887","Femmine","0 anni",2008,2.83072
"2888","Femmine","0 anni",2009,2.94775
"2889","Femmine","0 anni",2010,2.9146
"2890","Femmine","0 anni",2011,2.85565
"2891","Femmine","0 anni",2012,2.74711
"2892","Femmine","0 anni",2013,2.7231
"2893","Femmine","0 anni",2014,2.68543
"2894","Femmine","0 anni",2015,2.66601
"2895","Femmine","0 anni",2016,2.71077
"2896","Femmine","0 anni",2017,2.71633
"2897","Femmine","0 anni",2018,2.70366
"2898","Femmine","0 anni",2019,2.56397
"2899","Femmine","0 anni",2020,2.40087
"2900","Femmine","0 anni",2021,2.22212
"2901","Femmine","0 anni",2022,2.1904
"2902","Femmine","0 anni",2023,2.28152
"2903","Femmine","0 anni",2024,2.26886
"2904","Femmine","0 anni",2025,2.28026
"2905","Femmine","1 anni",2002,0.26216
"2906","Femmine","1 anni",2003,0.24028
"2907","Femmine","1 anni",2004,0.23164
"2908","Femmine","1 anni",2005,0.20148
"2909","Femmine","1 anni",2006,0.19404
"2910","Femmine","1 anni",2007,0.1865
"2911","Femmine","1 anni",2008,0.18761
"2912","Femmine","1 anni",2009,0.19187
"2913","Femmine","1 anni",2010,0.19652
"2914","Femmine","1 anni",2011,0.19561
"2915","Femmine","1 anni",2012,0.19468
"2916","Femmine","1 anni",2013,0.19122
"2917","Femmine","1 anni",2014,0.20281
"2918","Femmine","1 anni",2015,0.20493
"2919","Femmine","1 anni",2016,0.20602
"2920","Femmine","1 anni",2017,0.20537
"2921","Femmine","1 anni",2018,0.18797
"2922","Femmine","1 anni",2019,0.17336
"2923","Femmine","1 anni",2020,0.15801
"2924","Femmine","1 anni",2021,0.15656
"2925","Femmine","1 anni",2022,0.15258
"2926","Femmine","1 anni",2023,0.19005
"2927","Femmine","1 anni",2024,0.20423
"2928","Femmine","1 anni",2025,0.21689
"2929","Femmine","2 anni",2002,0.19347
"2930","Femmine","2 anni",2003,0.18504
"2931","Femmine","2 anni",2004,0.17982
"2932","Femmine","2 anni",2005,0.1634
"2933","Femmine","2 anni",2006,0.1579
"2934","Femmine","2 anni",2007,0.14781
"2935","Femmine","2 anni",2008,0.14825
"2936","Femmine","2 anni",2009,0.1498
"2937","Femmine","2 anni",2010,0.15531
"2938","Femmine","2 anni",2011,0.14711
"2939","Femmine","2 anni",2012,0.14882
"2940","Femmine","2 anni",2013,0.14336
"2941","Femmine","2 anni",2014,0.15016
"2942","Femmine","2 anni",2015,0.15094
"2943","Femmine","2 anni",2016,0.15102
"2944","Femmine","2 anni",2017,0.14271
"2945","Femmine","2 anni",2018,0.13088
"2946","Femmine","2 anni",2019,0.12784
"2947","Femmine","2 anni",2020,0.1199
"2948","Femmine","2 anni",2021,0.11617
"2949","Femmine","2 anni",2022,0.10893
"2950","Femmine","2 anni",2023,0.12425
"2951","Femmine","2 anni",2024,0.13442
"2952","Femmine","2 anni",2025,0.14245
"2953","Femmine","3 anni",2002,0.14986
"2954","Femmine","3 anni",2003,0.14563
"2955","Femmine","3 anni",2004,0.13844
"2956","Femmine","3 anni",2005,0.13234
"2957","Femmine","3 anni",2006,0.13187
"2958","Femmine","3 anni",2007,0.12114
"2959","Femmine","3 anni",2008,0.12086
"2960","Femmine","3 anni",2009,0.11575
"2961","Femmine","3 anni",2010,0.12083
"2962","Femmine","3 anni",2011,0.11499
"2963","Femmine","3 anni",2012,0.11706
"2964","Femmine","3 anni",2013,0.10909
"2965","Femmine","3 anni",2014,0.10981
"2966","Femmine","3 anni",2015,0.11159
"2967","Femmine","3 anni",2016,0.11094
"2968","Femmine","3 anni",2017,0.10272
"2969","Femmine","3 anni",2018,0.10001
"2970","Femmine","3 anni",2019,0.09998
"2971","Femmine","3 anni",2020,0.095
"2972","Femmine","3 anni",2021,0.08868
"2973","Femmine","3 anni",2022,0.08112
"2974","Femmine","3 anni",2023,0.08727
"2975","Femmine","3 anni",2024,0.09621
"2976","Femmine","3 anni",2025,0.10057
"2977","Femmine","4 anni",2002,0.12279
"2978","Femmine","4 anni",2003,0.11931
"2979","Femmine","4 anni",2004,0.10883
"2980","Femmine","4 anni",2005,0.10927
"2981","Femmine","4 anni",2006,0.11278
"2982","Femmine","4 anni",2007,0.10328
"2983","Femmine","4 anni",2008,0.10236
"2984","Femmine","4 anni",2009,0.09182
"2985","Femmine","4 anni",2010,0.0948
"2986","Femmine","4 anni",2011,0.09435
"2987","Femmine","4 anni",2012,0.09538
"2988","Femmine","4 anni",2013,0.08573
"2989","Femmine","4 anni",2014,0.08568
"2990","Femmine","4 anni",2015,0.08804
"2991","Femmine","4 anni",2016,0.08456
"2992","Femmine","4 anni",2017,0.0794
"2993","Femmine","4 anni",2018,0.08412
"2994","Femmine","4 anni",2019,0.08307
"2995","Femmine","4 anni",2020,0.07879
"2996","Femmine","4 anni",2021,0.07106
"2997","Femmine","4 anni",2022,0.06491
"2998","Femmine","4 anni",2023,0.06887
"2999","Femmine","4 anni",2024,0.07799
"3000","Femmine","4 anni",2025,0.07993
"3001","Femmine","5 anni",2002,0.11028
"3002","Femmine","5 anni",2003,0.10902
"3003","Femmine","5 anni",2004,0.09616
"3004","Femmine","5 anni",2005,0.0973
"3005","Femmine","5 anni",2006,0.1016
"3006","Femmine","5 anni",2007,0.09526
"3007","Femmine","5 anni",2008,0.09321
"3008","Femmine","5 anni",2009,0.08371
"3009","Femmine","5 anni",2010,0.08063
"3010","Femmine","5 anni",2011,0.08386
"3011","Femmine","5 anni",2012,0.08219
"3012","Femmine","5 anni",2013,0.07844
"3013","Femmine","5 anni",2014,0.06912
"3014","Femmine","5 anni",2015,0.07117
"3015","Femmine","5 anni",2016,0.07549
"3016","Femmine","5 anni",2017,0.07409
"3017","Femmine","5 anni",2018,0.07794
"3018","Femmine","5 anni",2019,0.07529
"3019","Femmine","5 anni",2020,0.06974
"3020","Femmine","5 anni",2021,0.06318
"3021","Femmine","5 anni",2022,0.05894
"3022","Femmine","5 anni",2023,0.06644
"3023","Femmine","5 anni",2024,0.07728
"3024","Femmine","5 anni",2025,0.07902
"3025","Femmine","6 anni",2002,0.10254
"3026","Femmine","6 anni",2003,0.10094
"3027","Femmine","6 anni",2004,0.08959
"3028","Femmine","6 anni",2005,0.08933
"3029","Femmine","6 anni",2006,0.08724
"3030","Femmine","6 anni",2007,0.0882
"3031","Femmine","6 anni",2008,0.0855
"3032","Femmine","6 anni",2009,0.08361
"3033","Femmine","6 anni",2010,0.07155
"3034","Femmine","6 anni",2011,0.07747
"3035","Femmine","6 anni",2012,0.08256
"3036","Femmine","6 anni",2013,0.07737
"3037","Femmine","6 anni",2014,0.0618
"3038","Femmine","6 anni",2015,0.07013
"3039","Femmine","6 anni",2016,0.0725
"3040","Femmine","6 anni",2017,0.07171
"3041","Femmine","6 anni",2018,0.07371
"3042","Femmine","6 anni",2019,0.0671
"3043","Femmine","6 anni",2020,0.06199
"3044","Femmine","6 anni",2021,0.0597
"3045","Femmine","6 anni",2022,0.06031
"3046","Femmine","6 anni",2023,0.07022
"3047","Femmine","6 anni",2024,0.0795
"3048","Femmine","6 anni",2025,0.08098
"3049","Femmine","7 anni",2002,0.09317
"3050","Femmine","7 anni",2003,0.0915
"3051","Femmine","7 anni",2004,0.0949
"3052","Femmine","7 anni",2005,0.09002
"3053","Femmine","7 anni",2006,0.08784
"3054","Femmine","7 anni",2007,0.07937
"3055","Femmine","7 anni",2008,0.07713
"3056","Femmine","7 anni",2009,0.08842
"3057","Femmine","7 anni",2010,0.07255
"3058","Femmine","7 anni",2011,0.07724
"3059","Femmine","7 anni",2012,0.07163
"3060","Femmine","7 anni",2013,0.06742
"3061","Femmine","7 anni",2014,0.07012
"3062","Femmine","7 anni",2015,0.06585
"3063","Femmine","7 anni",2016,0.06991
"3064","Femmine","7 anni",2017,0.07039
"3065","Femmine","7 anni",2018,0.06861
"3066","Femmine","7 anni",2019,0.06194
"3067","Femmine","7 anni",2020,0.05806
"3068","Femmine","7 anni",2021,0.05803
"3069","Femmine","7 anni",2022,0.06314
"3070","Femmine","7 anni",2023,0.0674
"3071","Femmine","7 anni",2024,0.0771
"3072","Femmine","7 anni",2025,0.07748
"3073","Femmine","8 anni",2002,0.08515
"3074","Femmine","8 anni",2003,0.08078
"3075","Femmine","8 anni",2004,0.07792
"3076","Femmine","8 anni",2005,0.08684
"3077","Femmine","8 anni",2006,0.07362
"3078","Femmine","8 anni",2007,0.08196
"3079","Femmine","8 anni",2008,0.07383
"3080","Femmine","8 anni",2009,0.08125
"3081","Femmine","8 anni",2010,0.07417
"3082","Femmine","8 anni",2011,0.07865
"3083","Femmine","8 anni",2012,0.07128
"3084","Femmine","8 anni",2013,0.06718
"3085","Femmine","8 anni",2014,0.06859
"3086","Femmine","8 anni",2015,0.06128
"3087","Femmine","8 anni",2016,0.0668
"3088","Femmine","8 anni",2017,0.06812
"3089","Femmine","8 anni",2018,0.0638
"3090","Femmine","8 anni",2019,0.06091
"3091","Femmine","8 anni",2020,0.0552
"3092","Femmine","8 anni",2021,0.06169
"3093","Femmine","8 anni",2022,0.06209
"3094","Femmine","8 anni",2023,0.06583
"3095","Femmine","8 anni",2024,0.07369
"3096","Femmine","8 anni",2025,0.07158
"3097","Femmine","9 anni",2002,0.08164
"3098","Femmine","9 anni",2003,0.07247
"3099","Femmine","9 anni",2004,0.07522
"3100","Femmine","9 anni",2005,0.0802
"3101","Femmine","9 anni",2006,0.07459
"3102","Femmine","9 anni",2007,0.07938
"3103","Femmine","9 anni",2008,0.07245
"3104","Femmine","9 anni",2009,0.08155
"3105","Femmine","9 anni",2010,0.07602
"3106","Femmine","9 anni",2011,0.07608
"3107","Femmine","9 anni",2012,0.07333
"3108","Femmine","9 anni",2013,0.06513
"3109","Femmine","9 anni",2014,0.06741
"3110","Femmine","9 anni",2015,0.05787
"3111","Femmine","9 anni",2016,0.06065
"3112","Femmine","9 anni",2017,0.06518
"3113","Femmine","9 anni",2018,0.06679
"3114","Femmine","9 anni",2019,0.07081
"3115","Femmine","9 anni",2020,0.05755
"3116","Femmine","9 anni",2021,0.06587
"3117","Femmine","9 anni",2022,0.06438
"3118","Femmine","9 anni",2023,0.0672
"3119","Femmine","9 anni",2024,0.07133
"3120","Femmine","9 anni",2025,0.06977
"3121","Femmine","10 anni",2002,0.09484
"3122","Femmine","10 anni",2003,0.07954
"3123","Femmine","10 anni",2004,0.0791
"3124","Femmine","10 anni",2005,0.07556
"3125","Femmine","10 anni",2006,0.07675
"3126","Femmine","10 anni",2007,0.07781
"3127","Femmine","10 anni",2008,0.07412
"3128","Femmine","10 anni",2009,0.0792
"3129","Femmine","10 anni",2010,0.07185
"3130","Femmine","10 anni",2011,0.07301
"3131","Femmine","10 anni",2012,0.06994
"3132","Femmine","10 anni",2013,0.06229
"3133","Femmine","10 anni",2014,0.06663
"3134","Femmine","10 anni",2015,0.05754
"3135","Femmine","10 anni",2016,0.0593
"3136","Femmine","10 anni",2017,0.06367
"3137","Femmine","10 anni",2018,0.07018
"3138","Femmine","10 anni",2019,0.07141
"3139","Femmine","10 anni",2020,0.0645
"3140","Femmine","10 anni",2021,0.07237
"3141","Femmine","10 anni",2022,0.06516
"3142","Femmine","10 anni",2023,0.07039
"3143","Femmine","10 anni",2024,0.0715
"3144","Femmine","10 anni",2025,0.06892
"3145","Femmine","11 anni",2002,0.10184
"3146","Femmine","11 anni",2003,0.08955
"3147","Femmine","11 anni",2004,0.087
"3148","Femmine","11 anni",2005,0.08221
"3149","Femmine","11 anni",2006,0.08014
"3150","Femmine","11 anni",2007,0.07807
"3151","Femmine","11 anni",2008,0.0765
"3152","Femmine","11 anni",2009,0.07621
"3153","Femmine","11 anni",2010,0.07545
"3154","Femmine","11 anni",2011,0.0729
"3155","Femmine","11 anni",2012,0.07154
"3156","Femmine","11 anni",2013,0.06358
"3157","Femmine","11 anni",2014,0.07371
"3158","Femmine","11 anni",2015,0.0612
"3159","Femmine","11 anni",2016,0.06282
"3160","Femmine","11 anni",2017,0.06306
"3161","Femmine","11 anni",2018,0.07203
"3162","Femmine","11 anni",2019,0.06952
"3163","Femmine","11 anni",2020,0.06652
"3164","Femmine","11 anni",2021,0.07314
"3165","Femmine","11 anni",2022,0.06524
"3166","Femmine","11 anni",2023,0.07576
"3167","Femmine","11 anni",2024,0.07218
"3168","Femmine","11 anni",2025,0.07425
"3169","Femmine","12 anni",2002,0.11124
"3170","Femmine","12 anni",2003,0.09905
"3171","Femmine","12 anni",2004,0.09441
"3172","Femmine","12 anni",2005,0.09086
"3173","Femmine","12 anni",2006,0.08786
"3174","Femmine","12 anni",2007,0.08358
"3175","Femmine","12 anni",2008,0.08464
"3176","Femmine","12 anni",2009,0.08016
"3177","Femmine","12 anni",2010,0.07676
"3178","Femmine","12 anni",2011,0.07413
"3179","Femmine","12 anni",2012,0.07608
"3180","Femmine","12 anni",2013,0.07363
"3181","Femmine","12 anni",2014,0.08164
"3182","Femmine","12 anni",2015,0.07039
"3183","Femmine","12 anni",2016,0.07016
"3184","Femmine","12 anni",2017,0.06727
"3185","Femmine","12 anni",2018,0.08028
"3186","Femmine","12 anni",2019,0.07471
"3187","Femmine","12 anni",2020,0.06829
"3188","Femmine","12 anni",2021,0.07189
"3189","Femmine","12 anni",2022,0.06829
"3190","Femmine","12 anni",2023,0.08173
"3191","Femmine","12 anni",2024,0.07744
"3192","Femmine","12 anni",2025,0.08713
"3193","Femmine","13 anni",2002,0.12918
"3194","Femmine","13 anni",2003,0.11084
"3195","Femmine","13 anni",2004,0.10831
"3196","Femmine","13 anni",2005,0.09945
"3197","Femmine","13 anni",2006,0.1013
"3198","Femmine","13 anni",2007,0.09936
"3199","Femmine","13 anni",2008,0.10029
"3200","Femmine","13 anni",2009,0.09201
"3201","Femmine","13 anni",2010,0.08809
"3202","Femmine","13 anni",2011,0.08441
"3203","Femmine","13 anni",2012,0.08696
"3204","Femmine","13 anni",2013,0.08353
"3205","Femmine","13 anni",2014,0.08544
"3206","Femmine","13 anni",2015,0.07573
"3207","Femmine","13 anni",2016,0.08287
"3208","Femmine","13 anni",2017,0.07728
"3209","Femmine","13 anni",2018,0.08843
"3210","Femmine","13 anni",2019,0.07903
"3211","Femmine","13 anni",2020,0.07709
"3212","Femmine","13 anni",2021,0.07545
"3213","Femmine","13 anni",2022,0.07811
"3214","Femmine","13 anni",2023,0.09162
"3215","Femmine","13 anni",2024,0.09356
"3216","Femmine","13 anni",2025,0.10035
"3217","Femmine","14 anni",2002,0.13827
"3218","Femmine","14 anni",2003,0.12492
"3219","Femmine","14 anni",2004,0.11739
"3220","Femmine","14 anni",2005,0.12198
"3221","Femmine","14 anni",2006,0.1213
"3222","Femmine","14 anni",2007,0.12874
"3223","Femmine","14 anni",2008,0.1292
"3224","Femmine","14 anni",2009,0.11905
"3225","Femmine","14 anni",2010,0.10436
"3226","Femmine","14 anni",2011,0.10265
"3227","Femmine","14 anni",2012,0.10282
"3228","Femmine","14 anni",2013,0.10036
"3229","Femmine","14 anni",2014,0.09379
"3230","Femmine","14 anni",2015,0.08442
"3231","Femmine","14 anni",2016,0.09246
"3232","Femmine","14 anni",2017,0.08896
"3233","Femmine","14 anni",2018,0.10168
"3234","Femmine","14 anni",2019,0.08902
"3235","Femmine","14 anni",2020,0.08243
"3236","Femmine","14 anni",2021,0.08453
"3237","Femmine","14 anni",2022,0.08782
"3238","Femmine","14 anni",2023,0.10612
"3239","Femmine","14 anni",2024,0.0973
"3240","Femmine","14 anni",2025,0.10912
"3241","Femmine","15 anni",2002,0.15127
"3242","Femmine","15 anni",2003,0.14281
"3243","Femmine","15 anni",2004,0.14285
"3244","Femmine","15 anni",2005,0.14399
"3245","Femmine","15 anni",2006,0.14287
"3246","Femmine","15 anni",2007,0.14734
"3247","Femmine","15 anni",2008,0.15416
"3248","Femmine","15 anni",2009,0.14117
"3249","Femmine","15 anni",2010,0.1231
"3250","Femmine","15 anni",2011,0.11871
"3251","Femmine","15 anni",2012,0.11364
"3252","Femmine","15 anni",2013,0.11195
"3253","Femmine","15 anni",2014,0.1007
"3254","Femmine","15 anni",2015,0.09713
"3255","Femmine","15 anni",2016,0.09926
"3256","Femmine","15 anni",2017,0.10328
"3257","Femmine","15 anni",2018,0.10981
"3258","Femmine","15 anni",2019,0.09539
"3259","Femmine","15 anni",2020,0.08986
"3260","Femmine","15 anni",2021,0.09548
"3261","Femmine","15 anni",2022,0.09647
"3262","Femmine","15 anni",2023,0.10386
"3263","Femmine","15 anni",2024,0.10528
"3264","Femmine","15 anni",2025,0.11326
"3265","Femmine","16 anni",2002,0.19379
"3266","Femmine","16 anni",2003,0.17676
"3267","Femmine","16 anni",2004,0.17474
"3268","Femmine","16 anni",2005,0.16529
"3269","Femmine","16 anni",2006,0.16484
"3270","Femmine","16 anni",2007,0.16219
"3271","Femmine","16 anni",2008,0.17584
"3272","Femmine","16 anni",2009,0.16279
"3273","Femmine","16 anni",2010,0.14202
"3274","Femmine","16 anni",2011,0.13713
"3275","Femmine","16 anni",2012,0.132
"3276","Femmine","16 anni",2013,0.12444
"3277","Femmine","16 anni",2014,0.11978
"3278","Femmine","16 anni",2015,0.11116
"3279","Femmine","16 anni",2016,0.11155
"3280","Femmine","16 anni",2017,0.11651
"3281","Femmine","16 anni",2018,0.11867
"3282","Femmine","16 anni",2019,0.1063
"3283","Femmine","16 anni",2020,0.11175
"3284","Femmine","16 anni",2021,0.11344
"3285","Femmine","16 anni",2022,0.12081
"3286","Femmine","16 anni",2023,0.12324
"3287","Femmine","16 anni",2024,0.1183
"3288","Femmine","16 anni",2025,0.11463
"3289","Femmine","17 anni",2002,0.21616
"3290","Femmine","17 anni",2003,0.19378
"3291","Femmine","17 anni",2004,0.20108
"3292","Femmine","17 anni",2005,0.17653
"3293","Femmine","17 anni",2006,0.18386
"3294","Femmine","17 anni",2007,0.17952
"3295","Femmine","17 anni",2008,0.19084
"3296","Femmine","17 anni",2009,0.17881
"3297","Femmine","17 anni",2010,0.16744
"3298","Femmine","17 anni",2011,0.15549
"3299","Femmine","17 anni",2012,0.14497
"3300","Femmine","17 anni",2013,0.13433
"3301","Femmine","17 anni",2014,0.13576
"3302","Femmine","17 anni",2015,0.12675
"3303","Femmine","17 anni",2016,0.12419
"3304","Femmine","17 anni",2017,0.12171
"3305","Femmine","17 anni",2018,0.12356
"3306","Femmine","17 anni",2019,0.11749
"3307","Femmine","17 anni",2020,0.11842
"3308","Femmine","17 anni",2021,0.12556
"3309","Femmine","17 anni",2022,0.12608
"3310","Femmine","17 anni",2023,0.14328
"3311","Femmine","17 anni",2024,0.12852
"3312","Femmine","17 anni",2025,0.11983
"3313","Femmine","18 anni",2002,0.2347
"3314","Femmine","18 anni",2003,0.20989
"3315","Femmine","18 anni",2004,0.21785
"3316","Femmine","18 anni",2005,0.18543
"3317","Femmine","18 anni",2006,0.19768
"3318","Femmine","18 anni",2007,0.19055
"3319","Femmine","18 anni",2008,0.1973
"3320","Femmine","18 anni",2009,0.19266
"3321","Femmine","18 anni",2010,0.18412
"3322","Femmine","18 anni",2011,0.17155
"3323","Femmine","18 anni",2012,0.15572
"3324","Femmine","18 anni",2013,0.14641
"3325","Femmine","18 anni",2014,0.14261
"3326","Femmine","18 anni",2015,0.14136
"3327","Femmine","18 anni",2016,0.1338
"3328","Femmine","18 anni",2017,0.12702
"3329","Femmine","18 anni",2018,0.12993
"3330","Femmine","18 anni",2019,0.12548
"3331","Femmine","18 anni",2020,0.12491
"3332","Femmine","18 anni",2021,0.13465
"3333","Femmine","18 anni",2022,0.13729
"3334","Femmine","18 anni",2023,0.14463
"3335","Femmine","18 anni",2024,0.13369
"3336","Femmine","18 anni",2025,0.13451
"3337","Femmine","19 anni",2002,0.24857
"3338","Femmine","19 anni",2003,0.22052
"3339","Femmine","19 anni",2004,0.2252
"3340","Femmine","19 anni",2005,0.19578
"3341","Femmine","19 anni",2006,0.20414
"3342","Femmine","19 anni",2007,0.20013
"3343","Femmine","19 anni",2008,0.19247
"3344","Femmine","19 anni",2009,0.19234
"3345","Femmine","19 anni",2010,0.18891
"3346","Femmine","19 anni",2011,0.18223
"3347","Femmine","19 anni",2012,0.16267
"3348","Femmine","19 anni",2013,0.15503
"3349","Femmine","19 anni",2014,0.15268
"3350","Femmine","19 anni",2015,0.14833
"3351","Femmine","19 anni",2016,0.1436
"3352","Femmine","19 anni",2017,0.14095
"3353","Femmine","19 anni",2018,0.14219
"3354","Femmine","19 anni",2019,0.13491
"3355","Femmine","19 anni",2020,0.13726
"3356","Femmine","19 anni",2021,0.14211
"3357","Femmine","19 anni",2022,0.14004
"3358","Femmine","19 anni",2023,0.14875
"3359","Femmine","19 anni",2024,0.14004
"3360","Femmine","19 anni",2025,0.14386
"3361","Femmine","20 anni",2002,0.24852
"3362","Femmine","20 anni",2003,0.21945
"3363","Femmine","20 anni",2004,0.22084
"3364","Femmine","20 anni",2005,0.20589
"3365","Femmine","20 anni",2006,0.20883
"3366","Femmine","20 anni",2007,0.20714
"3367","Femmine","20 anni",2008,0.19525
"3368","Femmine","20 anni",2009,0.201
"3369","Femmine","20 anni",2010,0.1939
"3370","Femmine","20 anni",2011,0.19174
"3371","Femmine","20 anni",2012,0.16904
"3372","Femmine","20 anni",2013,0.16114
"3373","Femmine","20 anni",2014,0.15122
"3374","Femmine","20 anni",2015,0.15649
"3375","Femmine","20 anni",2016,0.15761
"3376","Femmine","20 anni",2017,0.15793
"3377","Femmine","20 anni",2018,0.15714
"3378","Femmine","20 anni",2019,0.14287
"3379","Femmine","20 anni",2020,0.13621
"3380","Femmine","20 anni",2021,0.1399
"3381","Femmine","20 anni",2022,0.13861
"3382","Femmine","20 anni",2023,0.15508
"3383","Femmine","20 anni",2024,0.14515
"3384","Femmine","20 anni",2025,0.14864
"3385","Femmine","21 anni",2002,0.24035
"3386","Femmine","21 anni",2003,0.21216
"3387","Femmine","21 anni",2004,0.20725
"3388","Femmine","21 anni",2005,0.20581
"3389","Femmine","21 anni",2006,0.20659
"3390","Femmine","21 anni",2007,0.20368
"3391","Femmine","21 anni",2008,0.18955
"3392","Femmine","21 anni",2009,0.19737
"3393","Femmine","21 anni",2010,0.18704
"3394","Femmine","21 anni",2011,0.18858
"3395","Femmine","21 anni",2012,0.16761
"3396","Femmine","21 anni",2013,0.16515
"3397","Femmine","21 anni",2014,0.15396
"3398","Femmine","21 anni",2015,0.15881
"3399","Femmine","21 anni",2016,0.16413
"3400","Femmine","21 anni",2017,0.16729
"3401","Femmine","21 anni",2018,0.16004
"3402","Femmine","21 anni",2019,0.14026
"3403","Femmine","21 anni",2020,0.13099
"3404","Femmine","21 anni",2021,0.13094
"3405","Femmine","21 anni",2022,0.13324
"3406","Femmine","21 anni",2023,0.1428
"3407","Femmine","21 anni",2024,0.14754
"3408","Femmine","21 anni",2025,0.14544
"3409","Femmine","22 anni",2002,0.25485
"3410","Femmine","22 anni",2003,0.22505
"3411","Femmine","22 anni",2004,0.20648
"3412","Femmine","22 anni",2005,0.21041
"3413","Femmine","22 anni",2006,0.21001
"3414","Femmine","22 anni",2007,0.20529
"3415","Femmine","22 anni",2008,0.1922
"3416","Femmine","22 anni",2009,0.19564
"3417","Femmine","22 anni",2010,0.19034
"3418","Femmine","22 anni",2011,0.19061
"3419","Femmine","22 anni",2012,0.16767
"3420","Femmine","22 anni",2013,0.17521
"3421","Femmine","22 anni",2014,0.16041
"3422","Femmine","22 anni",2015,0.16279
"3423","Femmine","22 anni",2016,0.16894
"3424","Femmine","22 anni",2017,0.17825
"3425","Femmine","22 anni",2018,0.16895
"3426","Femmine","22 anni",2019,0.1476
"3427","Femmine","22 anni",2020,0.13157
"3428","Femmine","22 anni",2021,0.13263
"3429","Femmine","22 anni",2022,0.13723
"3430","Femmine","22 anni",2023,0.14976
"3431","Femmine","22 anni",2024,0.15034
"3432","Femmine","22 anni",2025,0.14086
"3433","Femmine","23 anni",2002,0.25549
"3434","Femmine","23 anni",2003,0.22775
"3435","Femmine","23 anni",2004,0.20424
"3436","Femmine","23 anni",2005,0.2067
"3437","Femmine","23 anni",2006,0.21618
"3438","Femmine","23 anni",2007,0.21169
"3439","Femmine","23 anni",2008,0.19599
"3440","Femmine","23 anni",2009,0.1963
"3441","Femmine","23 anni",2010,0.1876
"3442","Femmine","23 anni",2011,0.1878
"3443","Femmine","23 anni",2012,0.16992
"3444","Femmine","23 anni",2013,0.1755
"3445","Femmine","23 anni",2014,0.1676
"3446","Femmine","23 anni",2015,0.166
"3447","Femmine","23 anni",2016,0.16753
"3448","Femmine","23 anni",2017,0.174
"3449","Femmine","23 anni",2018,0.17055
"3450","Femmine","23 anni",2019,0.15608
"3451","Femmine","23 anni",2020,0.14267
"3452","Femmine","23 anni",2021,0.13748
"3453","Femmine","23 anni",2022,0.14435
"3454","Femmine","23 anni",2023,0.15511
"3455","Femmine","23 anni",2024,0.15124
"3456","Femmine","23 anni",2025,0.14277
"3457","Femmine","24 anni",2002,0.2602
"3458","Femmine","24 anni",2003,0.24157
"3459","Femmine","24 anni",2004,0.21032
"3460","Femmine","24 anni",2005,0.20628
"3461","Femmine","24 anni",2006,0.20966
"3462","Femmine","24 anni",2007,0.20636
"3463","Femmine","24 anni",2008,0.19426
"3464","Femmine","24 anni",2009,0.19792
"3465","Femmine","24 anni",2010,0.18774
"3466","Femmine","24 anni",2011,0.18667
"3467","Femmine","24 anni",2012,0.16885
"3468","Femmine","24 anni",2013,0.17889
"3469","Femmine","24 anni",2014,0.17485
"3470","Femmine","24 anni",2015,0.18301
"3471","Femmine","24 anni",2016,0.17992
"3472","Femmine","24 anni",2017,0.17897
"3473","Femmine","24 anni",2018,0.17259
"3474","Femmine","24 anni",2019,0.16283
"3475","Femmine","24 anni",2020,0.15053
"3476","Femmine","24 anni",2021,0.15526
"3477","Femmine","24 anni",2022,0.14974
"3478","Femmine","24 anni",2023,0.15906
"3479","Femmine","24 anni",2024,0.15029
"3480","Femmine","24 anni",2025,0.15163
"3481","Femmine","25 anni",2002,0.25946
"3482","Femmine","25 anni",2003,0.24554
"3483","Femmine","25 anni",2004,0.22561
"3484","Femmine","25 anni",2005,0.2215
"3485","Femmine","25 anni",2006,0.2246
"3486","Femmine","25 anni",2007,0.20432
"3487","Femmine","25 anni",2008,0.18505
"3488","Femmine","25 anni",2009,0.19594
"3489","Femmine","25 anni",2010,0.19155
"3490","Femmine","25 anni",2011,0.19455
"3491","Femmine","25 anni",2012,0.17456
"3492","Femmine","25 anni",2013,0.18374
"3493","Femmine","25 anni",2014,0.17979
"3494","Femmine","25 anni",2015,0.18822
"3495","Femmine","25 anni",2016,0.1881
"3496","Femmine","25 anni",2017,0.19044
"3497","Femmine","25 anni",2018,0.18363
"3498","Femmine","25 anni",2019,0.17802
"3499","Femmine","25 anni",2020,0.16753
"3500","Femmine","25 anni",2021,0.1643
"3501","Femmine","25 anni",2022,0.15791
"3502","Femmine","25 anni",2023,0.16799
"3503","Femmine","25 anni",2024,0.15759
"3504","Femmine","25 anni",2025,0.16154
"3505","Femmine","26 anni",2002,0.2642
"3506","Femmine","26 anni",2003,0.25125
"3507","Femmine","26 anni",2004,0.24086
"3508","Femmine","26 anni",2005,0.23738
"3509","Femmine","26 anni",2006,0.22549
"3510","Femmine","26 anni",2007,0.21171
"3511","Femmine","26 anni",2008,0.19474
"3512","Femmine","26 anni",2009,0.20199
"3513","Femmine","26 anni",2010,0.19332
"3514","Femmine","26 anni",2011,0.19091
"3515","Femmine","26 anni",2012,0.17621
"3516","Femmine","26 anni",2013,0.18341
"3517","Femmine","26 anni",2014,0.18299
"3518","Femmine","26 anni",2015,0.19213
"3519","Femmine","26 anni",2016,0.19534
"3520","Femmine","26 anni",2017,0.1941
"3521","Femmine","26 anni",2018,0.18944
"3522","Femmine","26 anni",2019,0.18256
"3523","Femmine","26 anni",2020,0.17937
"3524","Femmine","26 anni",2021,0.17771
"3525","Femmine","26 anni",2022,0.16647
"3526","Femmine","26 anni",2023,0.17185
"3527","Femmine","26 anni",2024,0.16958
"3528","Femmine","26 anni",2025,0.17125
"3529","Femmine","27 anni",2002,0.27854
"3530","Femmine","27 anni",2003,0.25276
"3531","Femmine","27 anni",2004,0.25245
"3532","Femmine","27 anni",2005,0.24998
"3533","Femmine","27 anni",2006,0.25245
"3534","Femmine","27 anni",2007,0.22576
"3535","Femmine","27 anni",2008,0.2043
"3536","Femmine","27 anni",2009,0.20915
"3537","Femmine","27 anni",2010,0.20573
"3538","Femmine","27 anni",2011,0.18832
"3539","Femmine","27 anni",2012,0.17725
"3540","Femmine","27 anni",2013,0.18574
"3541","Femmine","27 anni",2014,0.19145
"3542","Femmine","27 anni",2015,0.19459
"3543","Femmine","27 anni",2016,0.2014
"3544","Femmine","27 anni",2017,0.19066
"3545","Femmine","27 anni",2018,0.18815
"3546","Femmine","27 anni",2019,0.18043
"3547","Femmine","27 anni",2020,0.18118
"3548","Femmine","27 anni",2021,0.18434
"3549","Femmine","27 anni",2022,0.17325
"3550","Femmine","27 anni",2023,0.17665
"3551","Femmine","27 anni",2024,0.17728
"3552","Femmine","27 anni",2025,0.17709
"3553","Femmine","28 anni",2002,0.29039
"3554","Femmine","28 anni",2003,0.26119
"3555","Femmine","28 anni",2004,0.25525
"3556","Femmine","28 anni",2005,0.26072
"3557","Femmine","28 anni",2006,0.2588
"3558","Femmine","28 anni",2007,0.24583
"3559","Femmine","28 anni",2008,0.22387
"3560","Femmine","28 anni",2009,0.22437
"3561","Femmine","28 anni",2010,0.21893
"3562","Femmine","28 anni",2011,0.2021
"3563","Femmine","28 anni",2012,0.19348
"3564","Femmine","28 anni",2013,0.20435
"3565","Femmine","28 anni",2014,0.20531
"3566","Femmine","28 anni",2015,0.20016
"3567","Femmine","28 anni",2016,0.20231
"3568","Femmine","28 anni",2017,0.19487
"3569","Femmine","28 anni",2018,0.19236
"3570","Femmine","28 anni",2019,0.18585
"3571","Femmine","28 anni",2020,0.18345
"3572","Femmine","28 anni",2021,0.20157
"3573","Femmine","28 anni",2022,0.18356
"3574","Femmine","28 anni",2023,0.19144
"3575","Femmine","28 anni",2024,0.19484
"3576","Femmine","28 anni",2025,0.18709
"3577","Femmine","29 anni",2002,0.3012
"3578","Femmine","29 anni",2003,0.27013
"3579","Femmine","29 anni",2004,0.25944
"3580","Femmine","29 anni",2005,0.26417
"3581","Femmine","29 anni",2006,0.27227
"3582","Femmine","29 anni",2007,0.25787
"3583","Femmine","29 anni",2008,0.2457
"3584","Femmine","29 anni",2009,0.23703
"3585","Femmine","29 anni",2010,0.23033
"3586","Femmine","29 anni",2011,0.21399
"3587","Femmine","29 anni",2012,0.20622
"3588","Femmine","29 anni",2013,0.22087
"3589","Femmine","29 anni",2014,0.21859
"3590","Femmine","29 anni",2015,0.20499
"3591","Femmine","29 anni",2016,0.20677
"3592","Femmine","29 anni",2017,0.20628
"3593","Femmine","29 anni",2018,0.19842
"3594","Femmine","29 anni",2019,0.19487
"3595","Femmine","29 anni",2020,0.18561
"3596","Femmine","29 anni",2021,0.20217
"3597","Femmine","29 anni",2022,0.1992
"3598","Femmine","29 anni",2023,0.20466
"3599","Femmine","29 anni",2024,0.21156
"3600","Femmine","29 anni",2025,0.20015
"3601","Femmine","30 anni",2002,0.31833
"3602","Femmine","30 anni",2003,0.28573
"3603","Femmine","30 anni",2004,0.27489
"3604","Femmine","30 anni",2005,0.26485
"3605","Femmine","30 anni",2006,0.2809
"3606","Femmine","30 anni",2007,0.26877
"3607","Femmine","30 anni",2008,0.26218
"3608","Femmine","30 anni",2009,0.24611
"3609","Femmine","30 anni",2010,0.24509
"3610","Femmine","30 anni",2011,0.23865
"3611","Femmine","30 anni",2012,0.23432
"3612","Femmine","30 anni",2013,0.23942
"3613","Femmine","30 anni",2014,0.23548
"3614","Femmine","30 anni",2015,0.22657
"3615","Femmine","30 anni",2016,0.2138
"3616","Femmine","30 anni",2017,0.21662
"3617","Femmine","30 anni",2018,0.21762
"3618","Femmine","30 anni",2019,0.2121
"3619","Femmine","30 anni",2020,0.19808
"3620","Femmine","30 anni",2021,0.21283
"3621","Femmine","30 anni",2022,0.21224
"3622","Femmine","30 anni",2023,0.2176
"3623","Femmine","30 anni",2024,0.22371
"3624","Femmine","30 anni",2025,0.22699
"3625","Femmine","31 anni",2002,0.33253
"3626","Femmine","31 anni",2003,0.30228
"3627","Femmine","31 anni",2004,0.28632
"3628","Femmine","31 anni",2005,0.28644
"3629","Femmine","31 anni",2006,0.29591
"3630","Femmine","31 anni",2007,0.28411
"3631","Femmine","31 anni",2008,0.2738
"3632","Femmine","31 anni",2009,0.26488
"3633","Femmine","31 anni",2010,0.26928
"3634","Femmine","31 anni",2011,0.26775
"3635","Femmine","31 anni",2012,0.257
"3636","Femmine","31 anni",2013,0.25873
"3637","Femmine","31 anni",2014,0.2387
"3638","Femmine","31 anni",2015,0.23812
"3639","Femmine","31 anni",2016,0.22819
"3640","Femmine","31 anni",2017,0.23649
"3641","Femmine","31 anni",2018,0.2424
"3642","Femmine","31 anni",2019,0.23877
"3643","Femmine","31 anni",2020,0.22449
"3644","Femmine","31 anni",2021,0.22928
"3645","Femmine","31 anni",2022,0.23331
"3646","Femmine","31 anni",2023,0.24318
"3647","Femmine","31 anni",2024,0.24304
"3648","Femmine","31 anni",2025,0.24301
"3649","Femmine","32 anni",2002,0.35644
"3650","Femmine","32 anni",2003,0.32623
"3651","Femmine","32 anni",2004,0.31978
"3652","Femmine","32 anni",2005,0.31096
"3653","Femmine","32 anni",2006,0.31705
"3654","Femmine","32 anni",2007,0.30251
"3655","Femmine","32 anni",2008,0.29329
"3656","Femmine","32 anni",2009,0.288
"3657","Femmine","32 anni",2010,0.28824
"3658","Femmine","32 anni",2011,0.28865
"3659","Femmine","32 anni",2012,0.27779
"3660","Femmine","32 anni",2013,0.28397
"3661","Femmine","32 anni",2014,0.25648
"3662","Femmine","32 anni",2015,0.25238
"3663","Femmine","32 anni",2016,0.24547
"3664","Femmine","32 anni",2017,0.25176
"3665","Femmine","32 anni",2018,0.26699
"3666","Femmine","32 anni",2019,0.25852
"3667","Femmine","32 anni",2020,0.25559
"3668","Femmine","32 anni",2021,0.25151
"3669","Femmine","32 anni",2022,0.26048
"3670","Femmine","32 anni",2023,0.2666
"3671","Femmine","32 anni",2024,0.26798
"3672","Femmine","32 anni",2025,0.25487
"3673","Femmine","33 anni",2002,0.39645
"3674","Femmine","33 anni",2003,0.35781
"3675","Femmine","33 anni",2004,0.35048
"3676","Femmine","33 anni",2005,0.3406
"3677","Femmine","33 anni",2006,0.33607
"3678","Femmine","33 anni",2007,0.31871
"3679","Femmine","33 anni",2008,0.31133
"3680","Femmine","33 anni",2009,0.31366
"3681","Femmine","33 anni",2010,0.31508
"3682","Femmine","33 anni",2011,0.31891
"3683","Femmine","33 anni",2012,0.31507
"3684","Femmine","33 anni",2013,0.31218
"3685","Femmine","33 anni",2014,0.28395
"3686","Femmine","33 anni",2015,0.26946
"3687","Femmine","33 anni",2016,0.26868
"3688","Femmine","33 anni",2017,0.26988
"3689","Femmine","33 anni",2018,0.2901
"3690","Femmine","33 anni",2019,0.27691
"3691","Femmine","33 anni",2020,0.2882
"3692","Femmine","33 anni",2021,0.27711
"3693","Femmine","33 anni",2022,0.28097
"3694","Femmine","33 anni",2023,0.27998
"3695","Femmine","33 anni",2024,0.27854
"3696","Femmine","33 anni",2025,0.2666
"3697","Femmine","34 anni",2002,0.42781
"3698","Femmine","34 anni",2003,0.40138
"3699","Femmine","34 anni",2004,0.38164
"3700","Femmine","34 anni",2005,0.3765
"3701","Femmine","34 anni",2006,0.36402
"3702","Femmine","34 anni",2007,0.34482
"3703","Femmine","34 anni",2008,0.33448
"3704","Femmine","34 anni",2009,0.33914
"3705","Femmine","34 anni",2010,0.34889
"3706","Femmine","34 anni",2011,0.3525
"3707","Femmine","34 anni",2012,0.34145
"3708","Femmine","34 anni",2013,0.34629
"3709","Femmine","34 anni",2014,0.32068
"3710","Femmine","34 anni",2015,0.30335
"3711","Femmine","34 anni",2016,0.30585
"3712","Femmine","34 anni",2017,0.30375
"3713","Femmine","34 anni",2018,0.3143
"3714","Femmine","34 anni",2019,0.30443
"3715","Femmine","34 anni",2020,0.31994
"3716","Femmine","34 anni",2021,0.30395
"3717","Femmine","34 anni",2022,0.3041
"3718","Femmine","34 anni",2023,0.30274
"3719","Femmine","34 anni",2024,0.30076
"3720","Femmine","34 anni",2025,0.29374
"3721","Femmine","35 anni",2002,0.47404
"3722","Femmine","35 anni",2003,0.44916
"3723","Femmine","35 anni",2004,0.42374
"3724","Femmine","35 anni",2005,0.40887
"3725","Femmine","35 anni",2006,0.40001
"3726","Femmine","35 anni",2007,0.37904
"3727","Femmine","35 anni",2008,0.36263
"3728","Femmine","35 anni",2009,0.36218
"3729","Femmine","35 anni",2010,0.36563
"3730","Femmine","35 anni",2011,0.36878
"3731","Femmine","35 anni",2012,0.363
"3732","Femmine","35 anni",2013,0.37294
"3733","Femmine","35 anni",2014,0.359
"3734","Femmine","35 anni",2015,0.34527
"3735","Femmine","35 anni",2016,0.34752
"3736","Femmine","35 anni",2017,0.34864
"3737","Femmine","35 anni",2018,0.34222
"3738","Femmine","35 anni",2019,0.32593
"3739","Femmine","35 anni",2020,0.33747
"3740","Femmine","35 anni",2021,0.33114
"3741","Femmine","35 anni",2022,0.33697
"3742","Femmine","35 anni",2023,0.32969
"3743","Femmine","35 anni",2024,0.3216
"3744","Femmine","35 anni",2025,0.30512
"3745","Femmine","36 anni",2002,0.51551
"3746","Femmine","36 anni",2003,0.50345
"3747","Femmine","36 anni",2004,0.47917
"3748","Femmine","36 anni",2005,0.4621
"3749","Femmine","36 anni",2006,0.446
"3750","Femmine","36 anni",2007,0.42494
"3751","Femmine","36 anni",2008,0.40774
"3752","Femmine","36 anni",2009,0.39431
"3753","Femmine","36 anni",2010,0.39852
"3754","Femmine","36 anni",2011,0.39389
"3755","Femmine","36 anni",2012,0.39341
"3756","Femmine","36 anni",2013,0.40163
"3757","Femmine","36 anni",2014,0.41225
"3758","Femmine","36 anni",2015,0.40066
"3759","Femmine","36 anni",2016,0.39795
"3760","Femmine","36 anni",2017,0.39385
"3761","Femmine","36 anni",2018,0.38816
"3762","Femmine","36 anni",2019,0.3641
"3763","Femmine","36 anni",2020,0.36627
"3764","Femmine","36 anni",2021,0.36666
"3765","Femmine","36 anni",2022,0.36654
"3766","Femmine","36 anni",2023,0.36192
"3767","Femmine","36 anni",2024,0.34411
"3768","Femmine","36 anni",2025,0.33984
"3769","Femmine","37 anni",2002,0.55666
"3770","Femmine","37 anni",2003,0.54412
"3771","Femmine","37 anni",2004,0.51934
"3772","Femmine","37 anni",2005,0.50536
"3773","Femmine","37 anni",2006,0.48893
"3774","Femmine","37 anni",2007,0.47257
"3775","Femmine","37 anni",2008,0.45725
"3776","Femmine","37 anni",2009,0.44368
"3777","Femmine","37 anni",2010,0.42923
"3778","Femmine","37 anni",2011,0.41737
"3779","Femmine","37 anni",2012,0.41764
"3780","Femmine","37 anni",2013,0.42967
"3781","Femmine","37 anni",2014,0.45375
"3782","Femmine","37 anni",2015,0.45292
"3783","Femmine","37 anni",2016,0.4529
"3784","Femmine","37 anni",2017,0.44034
"3785","Femmine","37 anni",2018,0.44111
"3786","Femmine","37 anni",2019,0.42165
"3787","Femmine","37 anni",2020,0.40657
"3788","Femmine","37 anni",2021,0.4064
"3789","Femmine","37 anni",2022,0.402
"3790","Femmine","37 anni",2023,0.40905
"3791","Femmine","37 anni",2024,0.37682
"3792","Femmine","37 anni",2025,0.3725
"3793","Femmine","38 anni",2002,0.61001
"3794","Femmine","38 anni",2003,0.5741
"3795","Femmine","38 anni",2004,0.55827
"3796","Femmine","38 anni",2005,0.56006
"3797","Femmine","38 anni",2006,0.54206
"3798","Femmine","38 anni",2007,0.52956
"3799","Femmine","38 anni",2008,0.50994
"3800","Femmine","38 anni",2009,0.49277
"3801","Femmine","38 anni",2010,0.47648
"3802","Femmine","38 anni",2011,0.45777
"3803","Femmine","38 anni",2012,0.46311
"3804","Femmine","38 anni",2013,0.47205
"3805","Femmine","38 anni",2014,0.49484
"3806","Femmine","38 anni",2015,0.50892
"3807","Femmine","38 anni",2016,0.51249
"3808","Femmine","38 anni",2017,0.49257
"3809","Femmine","38 anni",2018,0.49216
"3810","Femmine","38 anni",2019,0.47419
"3811","Femmine","38 anni",2020,0.46234
"3812","Femmine","38 anni",2021,0.45754
"3813","Femmine","38 anni",2022,0.45436
"3814","Femmine","38 anni",2023,0.47227
"3815","Femmine","38 anni",2024,0.44377
"3816","Femmine","38 anni",2025,0.43388
"3817","Femmine","39 anni",2002,0.67237
"3818","Femmine","39 anni",2003,0.62194
"3819","Femmine","39 anni",2004,0.60608
"3820","Femmine","39 anni",2005,0.60453
"3821","Femmine","39 anni",2006,0.59712
"3822","Femmine","39 anni",2007,0.58129
"3823","Femmine","39 anni",2008,0.55919
"3824","Femmine","39 anni",2009,0.54889
"3825","Femmine","39 anni",2010,0.5328
"3826","Femmine","39 anni",2011,0.52344
"3827","Femmine","39 anni",2012,0.51093
"3828","Femmine","39 anni",2013,0.51959
"3829","Femmine","39 anni",2014,0.53682
"3830","Femmine","39 anni",2015,0.54688
"3831","Femmine","39 anni",2016,0.55456
"3832","Femmine","39 anni",2017,0.53931
"3833","Femmine","39 anni",2018,0.53645
"3834","Femmine","39 anni",2019,0.51607
"3835","Femmine","39 anni",2020,0.50622
"3836","Femmine","39 anni",2021,0.50165
"3837","Femmine","39 anni",2022,0.49687
"3838","Femmine","39 anni",2023,0.51468
"3839","Femmine","39 anni",2024,0.5024
"3840","Femmine","39 anni",2025,0.49452
"3841","Femmine","40 anni",2002,0.73486
"3842","Femmine","40 anni",2003,0.68932
"3843","Femmine","40 anni",2004,0.67046
"3844","Femmine","40 anni",2005,0.67366
"3845","Femmine","40 anni",2006,0.66206
"3846","Femmine","40 anni",2007,0.648
"3847","Femmine","40 anni",2008,0.61358
"3848","Femmine","40 anni",2009,0.60253
"3849","Femmine","40 anni",2010,0.58364
"3850","Femmine","40 anni",2011,0.5819
"3851","Femmine","40 anni",2012,0.56559
"3852","Femmine","40 anni",2013,0.57287
"3853","Femmine","40 anni",2014,0.57625
"3854","Femmine","40 anni",2015,0.58689
"3855","Femmine","40 anni",2016,0.58698
"3856","Femmine","40 anni",2017,0.58866
"3857","Femmine","40 anni",2018,0.59183
"3858","Femmine","40 anni",2019,0.58397
"3859","Femmine","40 anni",2020,0.56549
"3860","Femmine","40 anni",2021,0.56158
"3861","Femmine","40 anni",2022,0.55335
"3862","Femmine","40 anni",2023,0.57227
"3863","Femmine","40 anni",2024,0.56086
"3864","Femmine","40 anni",2025,0.55357
"3865","Femmine","41 anni",2002,0.79645
"3866","Femmine","41 anni",2003,0.75222
"3867","Femmine","41 anni",2004,0.72951
"3868","Femmine","41 anni",2005,0.72607
"3869","Femmine","41 anni",2006,0.72597
"3870","Femmine","41 anni",2007,0.71719
"3871","Femmine","41 anni",2008,0.68489
"3872","Femmine","41 anni",2009,0.67607
"3873","Femmine","41 anni",2010,0.65369
"3874","Femmine","41 anni",2011,0.65103
"3875","Femmine","41 anni",2012,0.63155
"3876","Femmine","41 anni",2013,0.63588
"3877","Femmine","41 anni",2014,0.62303
"3878","Femmine","41 anni",2015,0.63315
"3879","Femmine","41 anni",2016,0.63176
"3880","Femmine","41 anni",2017,0.63775
"3881","Femmine","41 anni",2018,0.63423
"3882","Femmine","41 anni",2019,0.6339
"3883","Femmine","41 anni",2020,0.62618
"3884","Femmine","41 anni",2021,0.62991
"3885","Femmine","41 anni",2022,0.63108
"3886","Femmine","41 anni",2023,0.62917
"3887","Femmine","41 anni",2024,0.61286
"3888","Femmine","41 anni",2025,0.59177
"3889","Femmine","42 anni",2002,0.86931
"3890","Femmine","42 anni",2003,0.82907
"3891","Femmine","42 anni",2004,0.81
"3892","Femmine","42 anni",2005,0.8111
"3893","Femmine","42 anni",2006,0.80128
"3894","Femmine","42 anni",2007,0.78732
"3895","Femmine","42 anni",2008,0.76092
"3896","Femmine","42 anni",2009,0.75999
"3897","Femmine","42 anni",2010,0.74689
"3898","Femmine","42 anni",2011,0.72963
"3899","Femmine","42 anni",2012,0.70961
"3900","Femmine","42 anni",2013,0.70775
"3901","Femmine","42 anni",2014,0.6973
"3902","Femmine","42 anni",2015,0.68676
"3903","Femmine","42 anni",2016,0.68145
"3904","Femmine","42 anni",2017,0.68232
"3905","Femmine","42 anni",2018,0.69112
"3906","Femmine","42 anni",2019,0.70174
"3907","Femmine","42 anni",2020,0.69838
"3908","Femmine","42 anni",2021,0.6977
"3909","Femmine","42 anni",2022,0.69445
"3910","Femmine","42 anni",2023,0.68863
"3911","Femmine","42 anni",2024,0.66712
"3912","Femmine","42 anni",2025,0.64216
"3913","Femmine","43 anni",2002,0.95319
"3914","Femmine","43 anni",2003,0.9152
"3915","Femmine","43 anni",2004,0.8817
"3916","Femmine","43 anni",2005,0.88827
"3917","Femmine","43 anni",2006,0.87115
"3918","Femmine","43 anni",2007,0.86917
"3919","Femmine","43 anni",2008,0.83751
"3920","Femmine","43 anni",2009,0.84515
"3921","Femmine","43 anni",2010,0.84441
"3922","Femmine","43 anni",2011,0.82504
"3923","Femmine","43 anni",2012,0.80533
"3924","Femmine","43 anni",2013,0.79743
"3925","Femmine","43 anni",2014,0.78247
"3926","Femmine","43 anni",2015,0.76111
"3927","Femmine","43 anni",2016,0.73814
"3928","Femmine","43 anni",2017,0.74315
"3929","Femmine","43 anni",2018,0.75765
"3930","Femmine","43 anni",2019,0.76518
"3931","Femmine","43 anni",2020,0.76369
"3932","Femmine","43 anni",2021,0.76408
"3933","Femmine","43 anni",2022,0.77206
"3934","Femmine","43 anni",2023,0.76775
"3935","Femmine","43 anni",2024,0.73383
"3936","Femmine","43 anni",2025,0.69694
"3937","Femmine","44 anni",2002,1.05886
"3938","Femmine","44 anni",2003,1.01617
"3939","Femmine","44 anni",2004,0.98668
"3940","Femmine","44 anni",2005,0.98247
"3941","Femmine","44 anni",2006,0.96809
"3942","Femmine","44 anni",2007,0.94967
"3943","Femmine","44 anni",2008,0.92268
"3944","Femmine","44 anni",2009,0.91895
"3945","Femmine","44 anni",2010,0.93399
"3946","Femmine","44 anni",2011,0.93422
"3947","Femmine","44 anni",2012,0.9263
"3948","Femmine","44 anni",2013,0.90738
"3949","Femmine","44 anni",2014,0.87734
"3950","Femmine","44 anni",2015,0.84701
"3951","Femmine","44 anni",2016,0.82839
"3952","Femmine","44 anni",2017,0.82116
"3953","Femmine","44 anni",2018,0.8373
"3954","Femmine","44 anni",2019,0.84203
"3955","Femmine","44 anni",2020,0.85082
"3956","Femmine","44 anni",2021,0.85781
"3957","Femmine","44 anni",2022,0.87045
"3958","Femmine","44 anni",2023,0.86655
"3959","Femmine","44 anni",2024,0.83136
"3960","Femmine","44 anni",2025,0.79528
"3961","Femmine","45 anni",2002,1.17543
"3962","Femmine","45 anni",2003,1.13057
"3963","Femmine","45 anni",2004,1.09884
"3964","Femmine","45 anni",2005,1.07053
"3965","Femmine","45 anni",2006,1.0567
"3966","Femmine","45 anni",2007,1.04054
"3967","Femmine","45 anni",2008,1.02162
"3968","Femmine","45 anni",2009,1.01932
"3969","Femmine","45 anni",2010,1.02465
"3970","Femmine","45 anni",2011,1.02364
"3971","Femmine","45 anni",2012,1.02295
"3972","Femmine","45 anni",2013,0.99982
"3973","Femmine","45 anni",2014,0.97552
"3974","Femmine","45 anni",2015,0.94376
"3975","Femmine","45 anni",2016,0.94316
"3976","Femmine","45 anni",2017,0.93333
"3977","Femmine","45 anni",2018,0.93064
"3978","Femmine","45 anni",2019,0.90968
"3979","Femmine","45 anni",2020,0.91978
"3980","Femmine","45 anni",2021,0.92978
"3981","Femmine","45 anni",2022,0.95942
"3982","Femmine","45 anni",2023,0.95921
"3983","Femmine","45 anni",2024,0.93663
"3984","Femmine","45 anni",2025,0.90275
"3985","Femmine","46 anni",2002,1.30433
"3986","Femmine","46 anni",2003,1.26841
"3987","Femmine","46 anni",2004,1.24456
"3988","Femmine","46 anni",2005,1.20398
"3989","Femmine","46 anni",2006,1.17247
"3990","Femmine","46 anni",2007,1.14485
"3991","Femmine","46 anni",2008,1.12211
"3992","Femmine","46 anni",2009,1.11104
"3993","Femmine","46 anni",2010,1.09653
"3994","Femmine","46 anni",2011,1.09133
"3995","Femmine","46 anni",2012,1.09038
"3996","Femmine","46 anni",2013,1.09605
"3997","Femmine","46 anni",2014,1.06093
"3998","Femmine","46 anni",2015,1.03689
"3999","Femmine","46 anni",2016,1.03893
"4000","Femmine","46 anni",2017,1.04451
"4001","Femmine","46 anni",2018,1.04465
"4002","Femmine","46 anni",2019,1.00713
"4003","Femmine","46 anni",2020,1.01784
"4004","Femmine","46 anni",2021,1.03129
"4005","Femmine","46 anni",2022,1.05788
"4006","Femmine","46 anni",2023,1.0787
"4007","Femmine","46 anni",2024,1.05223
"4008","Femmine","46 anni",2025,1.02382
"4009","Femmine","47 anni",2002,1.41572
"4010","Femmine","47 anni",2003,1.3761
"4011","Femmine","47 anni",2004,1.34783
"4012","Femmine","47 anni",2005,1.33578
"4013","Femmine","47 anni",2006,1.29633
"4014","Femmine","47 anni",2007,1.26324
"4015","Femmine","47 anni",2008,1.22337
"4016","Femmine","47 anni",2009,1.23345
"4017","Femmine","47 anni",2010,1.21911
"4018","Femmine","47 anni",2011,1.21026
"4019","Femmine","47 anni",2012,1.18498
"4020","Femmine","47 anni",2013,1.19235
"4021","Femmine","47 anni",2014,1.18462
"4022","Femmine","47 anni",2015,1.15753
"4023","Femmine","47 anni",2016,1.17163
"4024","Femmine","47 anni",2017,1.15849
"4025","Femmine","47 anni",2018,1.12815
"4026","Femmine","47 anni",2019,1.10569
"4027","Femmine","47 anni",2020,1.10268
"4028","Femmine","47 anni",2021,1.13153
"4029","Femmine","47 anni",2022,1.14807
"4030","Femmine","47 anni",2023,1.15629
"4031","Femmine","47 anni",2024,1.13114
"4032","Femmine","47 anni",2025,1.12504
"4033","Femmine","48 anni",2002,1.54151
"4034","Femmine","48 anni",2003,1.48244
"4035","Femmine","48 anni",2004,1.48315
"4036","Femmine","48 anni",2005,1.44751
"4037","Femmine","48 anni",2006,1.41038
"4038","Femmine","48 anni",2007,1.35634
"4039","Femmine","48 anni",2008,1.36355
"4040","Femmine","48 anni",2009,1.37503
"4041","Femmine","48 anni",2010,1.35401
"4042","Femmine","48 anni",2011,1.32924
"4043","Femmine","48 anni",2012,1.28524
"4044","Femmine","48 anni",2013,1.29335
"4045","Femmine","48 anni",2014,1.29726
"4046","Femmine","48 anni",2015,1.30477
"4047","Femmine","48 anni",2016,1.30115
"4048","Femmine","48 anni",2017,1.27689
"4049","Femmine","48 anni",2018,1.26499
"4050","Femmine","48 anni",2019,1.22933
"4051","Femmine","48 anni",2020,1.23098
"4052","Femmine","48 anni",2021,1.2125
"4053","Femmine","48 anni",2022,1.22506
"4054","Femmine","48 anni",2023,1.22792
"4055","Femmine","48 anni",2024,1.19701
"4056","Femmine","48 anni",2025,1.20052
"4057","Femmine","49 anni",2002,1.6959
"4058","Femmine","49 anni",2003,1.62553
"4059","Femmine","49 anni",2004,1.6351
"4060","Femmine","49 anni",2005,1.5916
"4061","Femmine","49 anni",2006,1.55201
"4062","Femmine","49 anni",2007,1.50079
"4063","Femmine","49 anni",2008,1.49079
"4064","Femmine","49 anni",2009,1.57384
"4065","Femmine","49 anni",2010,1.47929
"4066","Femmine","49 anni",2011,1.44015
"4067","Femmine","49 anni",2012,1.38694
"4068","Femmine","49 anni",2013,1.40826
"4069","Femmine","49 anni",2014,1.38812
"4070","Femmine","49 anni",2015,1.45869
"4071","Femmine","49 anni",2016,1.39712
"4072","Femmine","49 anni",2017,1.38733
"4073","Femmine","49 anni",2018,1.40042
"4074","Femmine","49 anni",2019,1.33385
"4075","Femmine","49 anni",2020,1.33632
"4076","Femmine","49 anni",2021,1.34844
"4077","Femmine","49 anni",2022,1.29185
"4078","Femmine","49 anni",2023,1.34787
"4079","Femmine","49 anni",2024,1.26643
"4080","Femmine","49 anni",2025,1.27071
"4081","Femmine","50 anni",2002,1.80515
"4082","Femmine","50 anni",2003,1.81101
"4083","Femmine","50 anni",2004,1.84971
"4084","Femmine","50 anni",2005,1.76394
"4085","Femmine","50 anni",2006,1.71317
"4086","Femmine","50 anni",2007,1.65886
"4087","Femmine","50 anni",2008,1.64086
"4088","Femmine","50 anni",2009,1.76643
"4089","Femmine","50 anni",2010,1.62473
"4090","Femmine","50 anni",2011,1.59867
"4091","Femmine","50 anni",2012,1.54964
"4092","Femmine","50 anni",2013,1.62292
"4093","Femmine","50 anni",2014,1.52975
"4094","Femmine","50 anni",2015,1.60367
"4095","Femmine","50 anni",2016,1.54444
"4096","Femmine","50 anni",2017,1.49771
"4097","Femmine","50 anni",2018,1.52986
"4098","Femmine","50 anni",2019,1.43235
"4099","Femmine","50 anni",2020,1.47516
"4100","Femmine","50 anni",2021,1.4946
"4101","Femmine","50 anni",2022,1.43886
"4102","Femmine","50 anni",2023,1.45005
"4103","Femmine","50 anni",2024,1.36676
"4104","Femmine","50 anni",2025,1.34896
"4105","Femmine","51 anni",2002,1.96691
"4106","Femmine","51 anni",2003,1.99637
"4107","Femmine","51 anni",2004,2.01478
"4108","Femmine","51 anni",2005,1.88833
"4109","Femmine","51 anni",2006,1.85481
"4110","Femmine","51 anni",2007,1.84057
"4111","Femmine","51 anni",2008,1.85406
"4112","Femmine","51 anni",2009,1.93763
"4113","Femmine","51 anni",2010,1.78189
"4114","Femmine","51 anni",2011,1.75663
"4115","Femmine","51 anni",2012,1.70014
"4116","Femmine","51 anni",2013,1.8254
"4117","Femmine","51 anni",2014,1.6636
"4118","Femmine","51 anni",2015,1.73916
"4119","Femmine","51 anni",2016,1.68327
"4120","Femmine","51 anni",2017,1.63021
"4121","Femmine","51 anni",2018,1.67176
"4122","Femmine","51 anni",2019,1.54784
"4123","Femmine","51 anni",2020,1.6491
"4124","Femmine","51 anni",2021,1.66358
"4125","Femmine","51 anni",2022,1.57179
"4126","Femmine","51 anni",2023,1.58542
"4127","Femmine","51 anni",2024,1.47232
"4128","Femmine","51 anni",2025,1.46156
"4129","Femmine","52 anni",2002,2.19021
"4130","Femmine","52 anni",2003,2.25487
"4131","Femmine","52 anni",2004,2.17955
"4132","Femmine","52 anni",2005,2.07484
"4133","Femmine","52 anni",2006,2.05519
"4134","Femmine","52 anni",2007,2.04789
"4135","Femmine","52 anni",2008,2.00814
"4136","Femmine","52 anni",2009,2.10786
"4137","Femmine","52 anni",2010,2.00811
"4138","Femmine","52 anni",2011,1.9677
"4139","Femmine","52 anni",2012,1.90153
"4140","Femmine","52 anni",2013,1.94283
"4141","Femmine","52 anni",2014,1.81426
"4142","Femmine","52 anni",2015,1.87427
"4143","Femmine","52 anni",2016,1.84629
"4144","Femmine","52 anni",2017,1.75639
"4145","Femmine","52 anni",2018,1.83938
"4146","Femmine","52 anni",2019,1.68684
"4147","Femmine","52 anni",2020,1.84368
"4148","Femmine","52 anni",2021,1.86998
"4149","Femmine","52 anni",2022,1.73535
"4150","Femmine","52 anni",2023,1.70978
"4151","Femmine","52 anni",2024,1.63232
"4152","Femmine","52 anni",2025,1.58125
"4153","Femmine","53 anni",2002,2.47779
"4154","Femmine","53 anni",2003,2.45075
"4155","Femmine","53 anni",2004,2.36774
"4156","Femmine","53 anni",2005,2.25203
"4157","Femmine","53 anni",2006,2.2819
"4158","Femmine","53 anni",2007,2.2429
"4159","Femmine","53 anni",2008,2.18201
"4160","Femmine","53 anni",2009,2.24194
"4161","Femmine","53 anni",2010,2.20767
"4162","Femmine","53 anni",2011,2.18531
"4163","Femmine","53 anni",2012,2.07669
"4164","Femmine","53 anni",2013,2.10404
"4165","Femmine","53 anni",2014,2.02405
"4166","Femmine","53 anni",2015,2.05631
"4167","Femmine","53 anni",2016,2.00959
"4168","Femmine","53 anni",2017,1.93774
"4169","Femmine","53 anni",2018,1.97014
"4170","Femmine","53 anni",2019,1.80808
"4171","Femmine","53 anni",2020,2.04597
"4172","Femmine","53 anni",2021,2.04018
"4173","Femmine","53 anni",2022,1.87411
"4174","Femmine","53 anni",2023,1.85497
"4175","Femmine","53 anni",2024,1.74916
"4176","Femmine","53 anni",2025,1.69663
"4177","Femmine","54 anni",2002,2.72906
"4178","Femmine","54 anni",2003,2.73594
"4179","Femmine","54 anni",2004,2.53348
"4180","Femmine","54 anni",2005,2.46493
"4181","Femmine","54 anni",2006,2.44805
"4182","Femmine","54 anni",2007,2.3937
"4183","Femmine","54 anni",2008,2.38144
"4184","Femmine","54 anni",2009,2.38358
"4185","Femmine","54 anni",2010,2.41923
"4186","Femmine","54 anni",2011,2.39398
"4187","Femmine","54 anni",2012,2.29618
"4188","Femmine","54 anni",2013,2.23176
"4189","Femmine","54 anni",2014,2.2425
"4190","Femmine","54 anni",2015,2.24547
"4191","Femmine","54 anni",2016,2.16326
"4192","Femmine","54 anni",2017,2.15128
"4193","Femmine","54 anni",2018,2.15611
"4194","Femmine","54 anni",2019,1.98866
"4195","Femmine","54 anni",2020,2.25956
"4196","Femmine","54 anni",2021,2.21003
"4197","Femmine","54 anni",2022,2.08505
"4198","Femmine","54 anni",2023,2.02715
"4199","Femmine","54 anni",2024,1.91322
"4200","Femmine","54 anni",2025,1.8298
"4201","Femmine","55 anni",2002,3.02041
"4202","Femmine","55 anni",2003,2.90067
"4203","Femmine","55 anni",2004,2.82157
"4204","Femmine","55 anni",2005,2.68825
"4205","Femmine","55 anni",2006,2.6619
"4206","Femmine","55 anni",2007,2.58718
"4207","Femmine","55 anni",2008,2.64926
"4208","Femmine","55 anni",2009,2.64791
"4209","Femmine","55 anni",2010,2.57418
"4210","Femmine","55 anni",2011,2.56669
"4211","Femmine","55 anni",2012,2.50208
"4212","Femmine","55 anni",2013,2.42715
"4213","Femmine","55 anni",2014,2.40573
"4214","Femmine","55 anni",2015,2.52665
"4215","Femmine","55 anni",2016,2.34446
"4216","Femmine","55 anni",2017,2.36993
"4217","Femmine","55 anni",2018,2.30564
"4218","Femmine","55 anni",2019,2.20667
"4219","Femmine","55 anni",2020,2.43302
"4220","Femmine","55 anni",2021,2.38639
"4221","Femmine","55 anni",2022,2.29854
"4222","Femmine","55 anni",2023,2.24273
"4223","Femmine","55 anni",2024,2.10604
"4224","Femmine","55 anni",2025,1.99968
"4225","Femmine","56 anni",2002,3.30299
"4226","Femmine","56 anni",2003,3.08486
"4227","Femmine","56 anni",2004,3.05196
"4228","Femmine","56 anni",2005,3.01318
"4229","Femmine","56 anni",2006,2.89869
"4230","Femmine","56 anni",2007,2.84902
"4231","Femmine","56 anni",2008,2.93368
"4232","Femmine","56 anni",2009,2.84425
"4233","Femmine","56 anni",2010,2.7527
"4234","Femmine","56 anni",2011,2.78535
"4235","Femmine","56 anni",2012,2.6757
"4236","Femmine","56 anni",2013,2.73827
"4237","Femmine","56 anni",2014,2.63981
"4238","Femmine","56 anni",2015,2.7244
"4239","Femmine","56 anni",2016,2.62514
"4240","Femmine","56 anni",2017,2.54393
"4241","Femmine","56 anni",2018,2.48475
"4242","Femmine","56 anni",2019,2.44238
"4243","Femmine","56 anni",2020,2.62186
"4244","Femmine","56 anni",2021,2.5413
"4245","Femmine","56 anni",2022,2.5307
"4246","Femmine","56 anni",2023,2.47242
"4247","Femmine","56 anni",2024,2.30881
"4248","Femmine","56 anni",2025,2.17132
"4249","Femmine","57 anni",2002,3.56447
"4250","Femmine","57 anni",2003,3.35686
"4251","Femmine","57 anni",2004,3.29424
"4252","Femmine","57 anni",2005,3.26493
"4253","Femmine","57 anni",2006,3.20317
"4254","Femmine","57 anni",2007,3.10612
"4255","Femmine","57 anni",2008,3.25148
"4256","Femmine","57 anni",2009,3.10307
"4257","Femmine","57 anni",2010,2.9719
"4258","Femmine","57 anni",2011,3.02455
"4259","Femmine","57 anni",2012,2.91749
"4260","Femmine","57 anni",2013,2.97666
"4261","Femmine","57 anni",2014,2.86655
"4262","Femmine","57 anni",2015,2.9911
"4263","Femmine","57 anni",2016,2.8498
"4264","Femmine","57 anni",2017,2.76632
"4265","Femmine","57 anni",2018,2.71286
"4266","Femmine","57 anni",2019,2.72991
"4267","Femmine","57 anni",2020,2.80793
"4268","Femmine","57 anni",2021,2.81197
"4269","Femmine","57 anni",2022,2.73107
"4270","Femmine","57 anni",2023,2.69356
"4271","Femmine","57 anni",2024,2.5111
"4272","Femmine","57 anni",2025,2.39375
"4273","Femmine","58 anni",2002,3.81727
"4274","Femmine","58 anni",2003,3.67204
"4275","Femmine","58 anni",2004,3.54423
"4276","Femmine","58 anni",2005,3.61524
"4277","Femmine","58 anni",2006,3.44149
"4278","Femmine","58 anni",2007,3.51291
"4279","Femmine","58 anni",2008,3.44231
"4280","Femmine","58 anni",2009,3.41441
"4281","Femmine","58 anni",2010,3.26655
"4282","Femmine","58 anni",2011,3.34899
"4283","Femmine","58 anni",2012,3.17335
"4284","Femmine","58 anni",2013,3.1139
"4285","Femmine","58 anni",2014,3.122
"4286","Femmine","58 anni",2015,3.31294
"4287","Femmine","58 anni",2016,3.13237
"4288","Femmine","58 anni",2017,3.04074
"4289","Femmine","58 anni",2018,3.04994
"4290","Femmine","58 anni",2019,3.04108
"4291","Femmine","58 anni",2020,3.06742
"4292","Femmine","58 anni",2021,3.12454
"4293","Femmine","58 anni",2022,2.9951
"4294","Femmine","58 anni",2023,2.88408
"4295","Femmine","58 anni",2024,2.7538
"4296","Femmine","58 anni",2025,2.67488
"4297","Femmine","59 anni",2002,4.20065
"4298","Femmine","59 anni",2003,4.07717
"4299","Femmine","59 anni",2004,3.95992
"4300","Femmine","59 anni",2005,3.88785
"4301","Femmine","59 anni",2006,3.75602
"4302","Femmine","59 anni",2007,3.73859
"4303","Femmine","59 anni",2008,3.80011
"4304","Femmine","59 anni",2009,3.70269
"4305","Femmine","59 anni",2010,3.54855
"4306","Femmine","59 anni",2011,3.60246
"4307","Femmine","59 anni",2012,3.47898
"4308","Femmine","59 anni",2013,3.39709
"4309","Femmine","59 anni",2014,3.40261
"4310","Femmine","59 anni",2015,3.60374
"4311","Femmine","59 anni",2016,3.3838
"4312","Femmine","59 anni",2017,3.39559
"4313","Femmine","59 anni",2018,3.35785
"4314","Femmine","59 anni",2019,3.23917
"4315","Femmine","59 anni",2020,3.39736
"4316","Femmine","59 anni",2021,3.44823
"4317","Femmine","59 anni",2022,3.2103
"4318","Femmine","59 anni",2023,3.21589
"4319","Femmine","59 anni",2024,3.00392
"4320","Femmine","59 anni",2025,2.9388
"4321","Femmine","60 anni",2002,4.49572
"4322","Femmine","60 anni",2003,4.65185
"4323","Femmine","60 anni",2004,4.2888
"4324","Femmine","60 anni",2005,4.41435
"4325","Femmine","60 anni",2006,4.10852
"4326","Femmine","60 anni",2007,3.99736
"4327","Femmine","60 anni",2008,3.99662
"4328","Femmine","60 anni",2009,4.0434
"4329","Femmine","60 anni",2010,3.8412
"4330","Femmine","60 anni",2011,3.98077
"4331","Femmine","60 anni",2012,3.87805
"4332","Femmine","60 anni",2013,3.75229
"4333","Femmine","60 anni",2014,3.74797
"4334","Femmine","60 anni",2015,3.87929
"4335","Femmine","60 anni",2016,3.60986
"4336","Femmine","60 anni",2017,3.71905
"4337","Femmine","60 anni",2018,3.64743
"4338","Femmine","60 anni",2019,3.54919
"4339","Femmine","60 anni",2020,3.75567
"4340","Femmine","60 anni",2021,3.80871
"4341","Femmine","60 anni",2022,3.56512
"4342","Femmine","60 anni",2023,3.55419
"4343","Femmine","60 anni",2024,3.30908
"4344","Femmine","60 anni",2025,3.238
"4345","Femmine","61 anni",2002,4.77219
"4346","Femmine","61 anni",2003,4.99062
"4347","Femmine","61 anni",2004,4.86944
"4348","Femmine","61 anni",2005,4.63713
"4349","Femmine","61 anni",2006,4.519
"4350","Femmine","61 anni",2007,4.35263
"4351","Femmine","61 anni",2008,4.34924
"4352","Femmine","61 anni",2009,4.40462
"4353","Femmine","61 anni",2010,4.26434
"4354","Femmine","61 anni",2011,4.32138
"4355","Femmine","61 anni",2012,4.31468
"4356","Femmine","61 anni",2013,4.15801
"4357","Femmine","61 anni",2014,4.13095
"4358","Femmine","61 anni",2015,4.24715
"4359","Femmine","61 anni",2016,3.90398
"4360","Femmine","61 anni",2017,4.01549
"4361","Femmine","61 anni",2018,3.95377
"4362","Femmine","61 anni",2019,3.90648
"4363","Femmine","61 anni",2020,4.13592
"4364","Femmine","61 anni",2021,4.20201
"4365","Femmine","61 anni",2022,3.96967
"4366","Femmine","61 anni",2023,3.89336
"4367","Femmine","61 anni",2024,3.65703
"4368","Femmine","61 anni",2025,3.56615
"4369","Femmine","62 anni",2002,5.23711
"4370","Femmine","62 anni",2003,5.34375
"4371","Femmine","62 anni",2004,5.24236
"4372","Femmine","62 anni",2005,5.02674
"4373","Femmine","62 anni",2006,4.85571
"4374","Femmine","62 anni",2007,4.82549
"4375","Femmine","62 anni",2008,4.78839
"4376","Femmine","62 anni",2009,4.86499
"4377","Femmine","62 anni",2010,4.53394
"4378","Femmine","62 anni",2011,4.74809
"4379","Femmine","62 anni",2012,4.65593
"4380","Femmine","62 anni",2013,4.6889
"4381","Femmine","62 anni",2014,4.48736
"4382","Femmine","62 anni",2015,4.60272
"4383","Femmine","62 anni",2016,4.23845
"4384","Femmine","62 anni",2017,4.35254
"4385","Femmine","62 anni",2018,4.29248
"4386","Femmine","62 anni",2019,4.32887
"4387","Femmine","62 anni",2020,4.62773
"4388","Femmine","62 anni",2021,4.61377
"4389","Femmine","62 anni",2022,4.31859
"4390","Femmine","62 anni",2023,4.30234
"4391","Femmine","62 anni",2024,4.03361
"4392","Femmine","62 anni",2025,3.876
"4393","Femmine","63 anni",2002,5.63136
"4394","Femmine","63 anni",2003,5.82663
"4395","Femmine","63 anni",2004,5.64066
"4396","Femmine","63 anni",2005,5.41465
"4397","Femmine","63 anni",2006,5.42819
"4398","Femmine","63 anni",2007,5.34754
"4399","Femmine","63 anni",2008,5.32097
"4400","Femmine","63 anni",2009,5.38092
"4401","Femmine","63 anni",2010,4.89561
"4402","Femmine","63 anni",2011,4.99326
"4403","Femmine","63 anni",2012,5.17384
"4404","Femmine","63 anni",2013,5.1965
"4405","Femmine","63 anni",2014,4.96089
"4406","Femmine","63 anni",2015,5.05649
"4407","Femmine","63 anni",2016,4.70067
"4408","Femmine","63 anni",2017,4.75408
"4409","Femmine","63 anni",2018,4.73168
"4410","Femmine","63 anni",2019,4.72406
"4411","Femmine","63 anni",2020,5.03237
"4412","Femmine","63 anni",2021,5.05833
"4413","Femmine","63 anni",2022,4.78097
"4414","Femmine","63 anni",2023,4.67641
"4415","Femmine","63 anni",2024,4.43278
"4416","Femmine","63 anni",2025,4.22386
"4417","Femmine","64 anni",2002,6.25433
"4418","Femmine","64 anni",2003,6.22583
"4419","Femmine","64 anni",2004,6.04041
"4420","Femmine","64 anni",2005,5.9498
"4421","Femmine","64 anni",2006,5.9064
"4422","Femmine","64 anni",2007,6.11728
"4423","Femmine","64 anni",2008,5.79124
"4424","Femmine","64 anni",2009,5.93945
"4425","Femmine","64 anni",2010,5.42979
"4426","Femmine","64 anni",2011,5.43485
"4427","Femmine","64 anni",2012,5.40756
"4428","Femmine","64 anni",2013,5.7522
"4429","Femmine","64 anni",2014,5.42857
"4430","Femmine","64 anni",2015,5.70692
"4431","Femmine","64 anni",2016,5.31119
"4432","Femmine","64 anni",2017,5.31128
"4433","Femmine","64 anni",2018,5.24681
"4434","Femmine","64 anni",2019,5.16363
"4435","Femmine","64 anni",2020,5.48947
"4436","Femmine","64 anni",2021,5.52648
"4437","Femmine","64 anni",2022,5.34955
"4438","Femmine","64 anni",2023,5.08519
"4439","Femmine","64 anni",2024,4.88384
"4440","Femmine","64 anni",2025,4.69981
"4441","Femmine","65 anni",2002,7.09373
"4442","Femmine","65 anni",2003,6.87506
"4443","Femmine","65 anni",2004,6.51034
"4444","Femmine","65 anni",2005,6.62957
"4445","Femmine","65 anni",2006,6.45821
"4446","Femmine","65 anni",2007,6.64089
"4447","Femmine","65 anni",2008,6.58564
"4448","Femmine","65 anni",2009,6.45134
"4449","Femmine","65 anni",2010,6.08219
"4450","Femmine","65 anni",2011,5.9255
"4451","Femmine","65 anni",2012,5.88029
"4452","Femmine","65 anni",2013,6.09076
"4453","Femmine","65 anni",2014,6.01187
"4454","Femmine","65 anni",2015,6.21019
"4455","Femmine","65 anni",2016,5.99223
"4456","Femmine","65 anni",2017,5.87397
"4457","Femmine","65 anni",2018,5.83067
"4458","Femmine","65 anni",2019,5.49604
"4459","Femmine","65 anni",2020,6.0272
"4460","Femmine","65 anni",2021,6.09156
"4461","Femmine","65 anni",2022,5.90473
"4462","Femmine","65 anni",2023,5.69785
"4463","Femmine","65 anni",2024,5.39129
"4464","Femmine","65 anni",2025,5.23975
"4465","Femmine","66 anni",2002,7.99498
"4466","Femmine","66 anni",2003,7.6845
"4467","Femmine","66 anni",2004,7.21971
"4468","Femmine","66 anni",2005,7.18774
"4469","Femmine","66 anni",2006,7.08262
"4470","Femmine","66 anni",2007,7.22063
"4471","Femmine","66 anni",2008,7.17371
"4472","Femmine","66 anni",2009,7.13103
"4473","Femmine","66 anni",2010,6.63913
"4474","Femmine","66 anni",2011,6.62527
"4475","Femmine","66 anni",2012,6.52377
"4476","Femmine","66 anni",2013,6.55001
"4477","Femmine","66 anni",2014,6.39609
"4478","Femmine","66 anni",2015,6.84269
"4479","Femmine","66 anni",2016,6.56955
"4480","Femmine","66 anni",2017,6.50627
"4481","Femmine","66 anni",2018,6.31645
"4482","Femmine","66 anni",2019,6.06055
"4483","Femmine","66 anni",2020,6.55685
"4484","Femmine","66 anni",2021,6.69774
"4485","Femmine","66 anni",2022,6.48452
"4486","Femmine","66 anni",2023,6.34503
"4487","Femmine","66 anni",2024,5.94042
"4488","Femmine","66 anni",2025,5.88364
"4489","Femmine","67 anni",2002,8.80974
"4490","Femmine","67 anni",2003,8.60193
"4491","Femmine","67 anni",2004,8.07071
"4492","Femmine","67 anni",2005,7.94296
"4493","Femmine","67 anni",2006,7.61386
"4494","Femmine","67 anni",2007,7.83096
"4495","Femmine","67 anni",2008,7.72333
"4496","Femmine","67 anni",2009,7.78186
"4497","Femmine","67 anni",2010,7.51927
"4498","Femmine","67 anni",2011,7.27655
"4499","Femmine","67 anni",2012,7.28796
"4500","Femmine","67 anni",2013,6.93981
"4501","Femmine","67 anni",2014,6.9782
"4502","Femmine","67 anni",2015,7.13394
"4503","Femmine","67 anni",2016,7.23545
"4504","Femmine","67 anni",2017,7.13068
"4505","Femmine","67 anni",2018,6.99686
"4506","Femmine","67 anni",2019,6.60597
"4507","Femmine","67 anni",2020,7.26133
"4508","Femmine","67 anni",2021,7.46918
"4509","Femmine","67 anni",2022,7.08148
"4510","Femmine","67 anni",2023,6.9262
"4511","Femmine","67 anni",2024,6.64118
"4512","Femmine","67 anni",2025,6.60277
"4513","Femmine","68 anni",2002,9.6969
"4514","Femmine","68 anni",2003,9.64519
"4515","Femmine","68 anni",2004,9.12925
"4516","Femmine","68 anni",2005,8.84252
"4517","Femmine","68 anni",2006,8.32114
"4518","Femmine","68 anni",2007,8.31174
"4519","Femmine","68 anni",2008,8.31341
"4520","Femmine","68 anni",2009,8.48752
"4521","Femmine","68 anni",2010,8.21501
"4522","Femmine","68 anni",2011,8.25739
"4523","Femmine","68 anni",2012,7.86541
"4524","Femmine","68 anni",2013,7.79608
"4525","Femmine","68 anni",2014,7.69911
"4526","Femmine","68 anni",2015,7.68909
"4527","Femmine","68 anni",2016,7.51791
"4528","Femmine","68 anni",2017,7.9385
"4529","Femmine","68 anni",2018,7.52435
"4530","Femmine","68 anni",2019,7.36655
"4531","Femmine","68 anni",2020,8.05714
"4532","Femmine","68 anni",2021,8.35802
"4533","Femmine","68 anni",2022,7.75853
"4534","Femmine","68 anni",2023,7.5227
"4535","Femmine","68 anni",2024,7.35019
"4536","Femmine","68 anni",2025,7.2389
"4537","Femmine","69 anni",2002,10.8107
"4538","Femmine","69 anni",2003,10.83979
"4539","Femmine","69 anni",2004,10.19312
"4540","Femmine","69 anni",2005,9.81643
"4541","Femmine","69 anni",2006,9.28199
"4542","Femmine","69 anni",2007,9.22286
"4543","Femmine","69 anni",2008,9.03957
"4544","Femmine","69 anni",2009,9.22797
"4545","Femmine","69 anni",2010,8.97327
"4546","Femmine","69 anni",2011,9.02657
"4547","Femmine","69 anni",2012,8.95
"4548","Femmine","69 anni",2013,8.5475
"4549","Femmine","69 anni",2014,8.66303
"4550","Femmine","69 anni",2015,8.49393
"4551","Femmine","69 anni",2016,8.116
"4552","Femmine","69 anni",2017,8.65352
"4553","Femmine","69 anni",2018,8.45142
"4554","Femmine","69 anni",2019,8.17481
"4555","Femmine","69 anni",2020,9.12419
"4556","Femmine","69 anni",2021,9.12232
"4557","Femmine","69 anni",2022,8.73246
"4558","Femmine","69 anni",2023,8.25499
"4559","Femmine","69 anni",2024,8.0718
"4560","Femmine","69 anni",2025,7.87465
"4561","Femmine","70 anni",2002,11.95022
"4562","Femmine","70 anni",2003,12.18179
"4563","Femmine","70 anni",2004,11.38677
"4564","Femmine","70 anni",2005,10.97542
"4565","Femmine","70 anni",2006,10.54304
"4566","Femmine","70 anni",2007,10.30828
"4567","Femmine","70 anni",2008,9.95687
"4568","Femmine","70 anni",2009,10.16602
"4569","Femmine","70 anni",2010,9.85905
"4570","Femmine","70 anni",2011,9.95814
"4571","Femmine","70 anni",2012,9.79831
"4572","Femmine","70 anni",2013,9.96488
"4573","Femmine","70 anni",2014,9.62199
"4574","Femmine","70 anni",2015,9.73203
"4575","Femmine","70 anni",2016,9.08262
"4576","Femmine","70 anni",2017,9.64457
"4577","Femmine","70 anni",2018,9.05833
"4578","Femmine","70 anni",2019,9.19115
"4579","Femmine","70 anni",2020,10.16756
"4580","Femmine","70 anni",2021,10.20176
"4581","Femmine","70 anni",2022,9.73026
"4582","Femmine","70 anni",2023,9.19256
"4583","Femmine","70 anni",2024,8.93449
"4584","Femmine","70 anni",2025,8.65166
"4585","Femmine","71 anni",2002,13.33195
"4586","Femmine","71 anni",2003,13.55151
"4587","Femmine","71 anni",2004,12.6455
"4588","Femmine","71 anni",2005,12.28173
"4589","Femmine","71 anni",2006,11.95597
"4590","Femmine","71 anni",2007,11.58931
"4591","Femmine","71 anni",2008,11.19453
"4592","Femmine","71 anni",2009,11.35634
"4593","Femmine","71 anni",2010,10.71961
"4594","Femmine","71 anni",2011,10.9019
"4595","Femmine","71 anni",2012,10.87765
"4596","Femmine","71 anni",2013,10.98327
"4597","Femmine","71 anni",2014,10.88169
"4598","Femmine","71 anni",2015,10.91672
"4599","Femmine","71 anni",2016,10.39107
"4600","Femmine","71 anni",2017,10.70444
"4601","Femmine","71 anni",2018,9.89052
"4602","Femmine","71 anni",2019,9.82947
"4603","Femmine","71 anni",2020,11.57862
"4604","Femmine","71 anni",2021,11.42894
"4605","Femmine","71 anni",2022,10.87594
"4606","Femmine","71 anni",2023,10.30401
"4607","Femmine","71 anni",2024,9.95407
"4608","Femmine","71 anni",2025,9.53362
"4609","Femmine","72 anni",2002,15.00537
"4610","Femmine","72 anni",2003,15.16985
"4611","Femmine","72 anni",2004,14.02146
"4612","Femmine","72 anni",2005,13.92208
"4613","Femmine","72 anni",2006,13.45722
"4614","Femmine","72 anni",2007,13.06233
"4615","Femmine","72 anni",2008,12.89259
"4616","Femmine","72 anni",2009,12.93233
"4617","Femmine","72 anni",2010,11.874
"4618","Femmine","72 anni",2011,11.89563
"4619","Femmine","72 anni",2012,12.08086
"4620","Femmine","72 anni",2013,12.11051
"4621","Femmine","72 anni",2014,11.86181
"4622","Femmine","72 anni",2015,12.60797
"4623","Femmine","72 anni",2016,11.70599
"4624","Femmine","72 anni",2017,12.04294
"4625","Femmine","72 anni",2018,11.02952
"4626","Femmine","72 anni",2019,10.91824
"4627","Femmine","72 anni",2020,12.49466
"4628","Femmine","72 anni",2021,12.91547
"4629","Femmine","72 anni",2022,12.11188
"4630","Femmine","72 anni",2023,11.70357
"4631","Femmine","72 anni",2024,11.11839
"4632","Femmine","72 anni",2025,10.7328
"4633","Femmine","73 anni",2002,17.00248
"4634","Femmine","73 anni",2003,17.31548
"4635","Femmine","73 anni",2004,15.63926
"4636","Femmine","73 anni",2005,15.6989
"4637","Femmine","73 anni",2006,15.28124
"4638","Femmine","73 anni",2007,14.75664
"4639","Femmine","73 anni",2008,14.62296
"4640","Femmine","73 anni",2009,14.72089
"4641","Femmine","73 anni",2010,13.57231
"4642","Femmine","73 anni",2011,13.24364
"4643","Femmine","73 anni",2012,13.30687
"4644","Femmine","73 anni",2013,13.23919
"4645","Femmine","73 anni",2014,13.01145
"4646","Femmine","73 anni",2015,13.95341
"4647","Femmine","73 anni",2016,13.51311
"4648","Femmine","73 anni",2017,13.38104
"4649","Femmine","73 anni",2018,12.5526
"4650","Femmine","73 anni",2019,12.26031
"4651","Femmine","73 anni",2020,13.74518
"4652","Femmine","73 anni",2021,13.93632
"4653","Femmine","73 anni",2022,13.59765
"4654","Femmine","73 anni",2023,13.13351
"4655","Femmine","73 anni",2024,12.56596
"4656","Femmine","73 anni",2025,12.02882
"4657","Femmine","74 anni",2002,19.27586
"4658","Femmine","74 anni",2003,19.74566
"4659","Femmine","74 anni",2004,17.73059
"4660","Femmine","74 anni",2005,17.65732
"4661","Femmine","74 anni",2006,17.15343
"4662","Femmine","74 anni",2007,16.83436
"4663","Femmine","74 anni",2008,16.57141
"4664","Femmine","74 anni",2009,16.46286
"4665","Femmine","74 anni",2010,15.68932
"4666","Femmine","74 anni",2011,15.11996
"4667","Femmine","74 anni",2012,14.85668
"4668","Femmine","74 anni",2013,14.53564
"4669","Femmine","74 anni",2014,14.37565
"4670","Femmine","74 anni",2015,15.36244
"4671","Femmine","74 anni",2016,14.8686
"4672","Femmine","74 anni",2017,15.24089
"4673","Femmine","74 anni",2018,14.05435
"4674","Femmine","74 anni",2019,14.09161
"4675","Femmine","74 anni",2020,15.33897
"4676","Femmine","74 anni",2021,15.28901
"4677","Femmine","74 anni",2022,15.15423
"4678","Femmine","74 anni",2023,14.78418
"4679","Femmine","74 anni",2024,14.03701
"4680","Femmine","74 anni",2025,13.74903
"4681","Femmine","75 anni",2002,22.02832
"4682","Femmine","75 anni",2003,22.56945
"4683","Femmine","75 anni",2004,19.97543
"4684","Femmine","75 anni",2005,19.98112
"4685","Femmine","75 anni",2006,19.24994
"4686","Femmine","75 anni",2007,19.18719
"4687","Femmine","75 anni",2008,19.14655
"4688","Femmine","75 anni",2009,18.56414
"4689","Femmine","75 anni",2010,18.00598
"4690","Femmine","75 anni",2011,17.40859
"4691","Femmine","75 anni",2012,17.08677
"4692","Femmine","75 anni",2013,16.32158
"4693","Femmine","75 anni",2014,15.86219
"4694","Femmine","75 anni",2015,17.03979
"4695","Femmine","75 anni",2016,16.54759
"4696","Femmine","75 anni",2017,17.07002
"4697","Femmine","75 anni",2018,16.40253
"4698","Femmine","75 anni",2019,15.80395
"4699","Femmine","75 anni",2020,17.80697
"4700","Femmine","75 anni",2021,17.13898
"4701","Femmine","75 anni",2022,17.14579
"4702","Femmine","75 anni",2023,16.53088
"4703","Femmine","75 anni",2024,15.88017
"4704","Femmine","75 anni",2025,15.48675
"4705","Femmine","76 anni",2002,25.16299
"4706","Femmine","76 anni",2003,25.67251
"4707","Femmine","76 anni",2004,22.79782
"4708","Femmine","76 anni",2005,22.85901
"4709","Femmine","76 anni",2006,21.86061
"4710","Femmine","76 anni",2007,21.67347
"4711","Femmine","76 anni",2008,21.62046
"4712","Femmine","76 anni",2009,21.47524
"4713","Femmine","76 anni",2010,20.56167
"4714","Femmine","76 anni",2011,20.03724
"4715","Femmine","76 anni",2012,19.59871
"4716","Femmine","76 anni",2013,18.74275
"4717","Femmine","76 anni",2014,17.94684
"4718","Femmine","76 anni",2015,18.97884
"4719","Femmine","76 anni",2016,18.37897
"4720","Femmine","76 anni",2017,19.26871
"4721","Femmine","76 anni",2018,18.36058
"4722","Femmine","76 anni",2019,18.31321
"4723","Femmine","76 anni",2020,20.1101
"4724","Femmine","76 anni",2021,19.70586
"4725","Femmine","76 anni",2022,19.51132
"4726","Femmine","76 anni",2023,18.80351
"4727","Femmine","76 anni",2024,17.2144
"4728","Femmine","76 anni",2025,17.6084
"4729","Femmine","77 anni",2002,28.30265
"4730","Femmine","77 anni",2003,28.96116
"4731","Femmine","77 anni",2004,26.09297
"4732","Femmine","77 anni",2005,26.0469
"4733","Femmine","77 anni",2006,24.85978
"4734","Femmine","77 anni",2007,24.8049
"4735","Femmine","77 anni",2008,24.37281
"4736","Femmine","77 anni",2009,24.35831
"4737","Femmine","77 anni",2010,23.77194
"4738","Femmine","77 anni",2011,22.88423
"4739","Femmine","77 anni",2012,22.6285
"4740","Femmine","77 anni",2013,21.63765
"4741","Femmine","77 anni",2014,20.72763
"4742","Femmine","77 anni",2015,21.61995
"4743","Femmine","77 anni",2016,20.23757
"4744","Femmine","77 anni",2017,21.5192
"4745","Femmine","77 anni",2018,20.77341
"4746","Femmine","77 anni",2019,20.50438
"4747","Femmine","77 anni",2020,23.67079
"4748","Femmine","77 anni",2021,22.40061
"4749","Femmine","77 anni",2022,22.53268
"4750","Femmine","77 anni",2023,21.34625
"4751","Femmine","77 anni",2024,19.03337
"4752","Femmine","77 anni",2025,19.72263
"4753","Femmine","78 anni",2002,32.41261
"4754","Femmine","78 anni",2003,32.32935
"4755","Femmine","78 anni",2004,29.80124
"4756","Femmine","78 anni",2005,29.78928
"4757","Femmine","78 anni",2006,28.50525
"4758","Femmine","78 anni",2007,28.36754
"4759","Femmine","78 anni",2008,28.19382
"4760","Femmine","78 anni",2009,27.69395
"4761","Femmine","78 anni",2010,27.02242
"4762","Femmine","78 anni",2011,26.57856
"4763","Femmine","78 anni",2012,25.96752
"4764","Femmine","78 anni",2013,25.09553
"4765","Femmine","78 anni",2014,24.05499
"4766","Femmine","78 anni",2015,25.13146
"4767","Femmine","78 anni",2016,23.05078
"4768","Femmine","78 anni",2017,23.81873
"4769","Femmine","78 anni",2018,23.35567
"4770","Femmine","78 anni",2019,23.11174
"4771","Femmine","78 anni",2020,27.09895
"4772","Femmine","78 anni",2021,26.24585
"4773","Femmine","78 anni",2022,25.34126
"4774","Femmine","78 anni",2023,24.47162
"4775","Femmine","78 anni",2024,21.94415
"4776","Femmine","78 anni",2025,22.45992
"4777","Femmine","79 anni",2002,36.91796
"4778","Femmine","79 anni",2003,37.58021
"4779","Femmine","79 anni",2004,34.06906
"4780","Femmine","79 anni",2005,34.03277
"4781","Femmine","79 anni",2006,32.83275
"4782","Femmine","79 anni",2007,32.58267
"4783","Femmine","79 anni",2008,32.30353
"4784","Femmine","79 anni",2009,31.82566
"4785","Femmine","79 anni",2010,30.88696
"4786","Femmine","79 anni",2011,30.22092
"4787","Femmine","79 anni",2012,30.37028
"4788","Femmine","79 anni",2013,28.7479
"4789","Femmine","79 anni",2014,27.99141
"4790","Femmine","79 anni",2015,29.33216
"4791","Femmine","79 anni",2016,26.65299
"4792","Femmine","79 anni",2017,27.1235
"4793","Femmine","79 anni",2018,26.00897
"4794","Femmine","79 anni",2019,26.36262
"4795","Femmine","79 anni",2020,30.50598
"4796","Femmine","79 anni",2021,29.50773
"4797","Femmine","79 anni",2022,29.48549
"4798","Femmine","79 anni",2023,27.57142
"4799","Femmine","79 anni",2024,25.63229
"4800","Femmine","79 anni",2025,25.80249
"4801","Femmine","80 anni",2002,41.04295
"4802","Femmine","80 anni",2003,43.43514
"4803","Femmine","80 anni",2004,39.51231
"4804","Femmine","80 anni",2005,38.79033
"4805","Femmine","80 anni",2006,37.59052
"4806","Femmine","80 anni",2007,37.60533
"4807","Femmine","80 anni",2008,37.21756
"4808","Femmine","80 anni",2009,36.42074
"4809","Femmine","80 anni",2010,35.49182
"4810","Femmine","80 anni",2011,34.35873
"4811","Femmine","80 anni",2012,34.93418
"4812","Femmine","80 anni",2013,33.54419
"4813","Femmine","80 anni",2014,32.30237
"4814","Femmine","80 anni",2015,33.93887
"4815","Femmine","80 anni",2016,31.07948
"4816","Femmine","80 anni",2017,31.64935
"4817","Femmine","80 anni",2018,30.07822
"4818","Femmine","80 anni",2019,29.77958
"4819","Femmine","80 anni",2020,34.56394
"4820","Femmine","80 anni",2021,33.26956
"4821","Femmine","80 anni",2022,33.64738
"4822","Femmine","80 anni",2023,32.21127
"4823","Femmine","80 anni",2024,29.61874
"4824","Femmine","80 anni",2025,29.94252
"4825","Femmine","81 anni",2002,45.06302
"4826","Femmine","81 anni",2003,48.78182
"4827","Femmine","81 anni",2004,45.19667
"4828","Femmine","81 anni",2005,45.03542
"4829","Femmine","81 anni",2006,43.54159
"4830","Femmine","81 anni",2007,43.30025
"4831","Femmine","81 anni",2008,43.41905
"4832","Femmine","81 anni",2009,42.06008
"4833","Femmine","81 anni",2010,40.67844
"4834","Femmine","81 anni",2011,39.61753
"4835","Femmine","81 anni",2012,40.02195
"4836","Femmine","81 anni",2013,38.52785
"4837","Femmine","81 anni",2014,37.49104
"4838","Femmine","81 anni",2015,39.15428
"4839","Femmine","81 anni",2016,36.33224
"4840","Femmine","81 anni",2017,37.08357
"4841","Femmine","81 anni",2018,35.15927
"4842","Femmine","81 anni",2019,34.29003
"4843","Femmine","81 anni",2020,39.06274
"4844","Femmine","81 anni",2021,37.82607
"4845","Femmine","81 anni",2022,38.27282
"4846","Femmine","81 anni",2023,36.77993
"4847","Femmine","81 anni",2024,35.32468
"4848","Femmine","81 anni",2025,33.90095
"4849","Femmine","82 anni",2002,50.41712
"4850","Femmine","82 anni",2003,53.68978
"4851","Femmine","82 anni",2004,50.14106
"4852","Femmine","82 anni",2005,51.89356
"4853","Femmine","82 anni",2006,50.26009
"4854","Femmine","82 anni",2007,49.46652
"4855","Femmine","82 anni",2008,50.01886
"4856","Femmine","82 anni",2009,48.62609
"4857","Femmine","82 anni",2010,47.01842
"4858","Femmine","82 anni",2011,45.59974
"4859","Femmine","82 anni",2012,46.07614
"4860","Femmine","82 anni",2013,43.86871
"4861","Femmine","82 anni",2014,42.90807
"4862","Femmine","82 anni",2015,46.12052
"4863","Femmine","82 anni",2016,41.99496
"4864","Femmine","82 anni",2017,43.32814
"4865","Femmine","82 anni",2018,41.18289
"4866","Femmine","82 anni",2019,39.84543
"4867","Femmine","82 anni",2020,45.02525
"4868","Femmine","82 anni",2021,42.47823
"4869","Femmine","82 anni",2022,43.48597
"4870","Femmine","82 anni",2023,42.15115
"4871","Femmine","82 anni",2024,40.20354
"4872","Femmine","82 anni",2025,39.68656
"4873","Femmine","83 anni",2002,59.14868
"4874","Femmine","83 anni",2003,59.68212
"4875","Femmine","83 anni",2004,54.69274
"4876","Femmine","83 anni",2005,57.95332
"4877","Femmine","83 anni",2006,57.36866
"4878","Femmine","83 anni",2007,57.28833
"4879","Femmine","83 anni",2008,57.0744
"4880","Femmine","83 anni",2009,56.07997
"4881","Femmine","83 anni",2010,54.53854
"4882","Femmine","83 anni",2011,52.83145
"4883","Femmine","83 anni",2012,52.88634
"4884","Femmine","83 anni",2013,50.55281
"4885","Femmine","83 anni",2014,48.8837
"4886","Femmine","83 anni",2015,53.14802
"4887","Femmine","83 anni",2016,49.31675
"4888","Femmine","83 anni",2017,49.85839
"4889","Femmine","83 anni",2018,48.09547
"4890","Femmine","83 anni",2019,46.59811
"4891","Femmine","83 anni",2020,52.60873
"4892","Femmine","83 anni",2021,49.07406
"4893","Femmine","83 anni",2022,48.99592
"4894","Femmine","83 anni",2023,47.79307
"4895","Femmine","83 anni",2024,45.8251
"4896","Femmine","83 anni",2025,45.43328
"4897","Femmine","84 anni",2002,72.6522
"4898","Femmine","84 anni",2003,69.2997
"4899","Femmine","84 anni",2004,60.42478
"4900","Femmine","84 anni",2005,63.33992
"4901","Femmine","84 anni",2006,64.0894
"4902","Femmine","84 anni",2007,65.72862
"4903","Femmine","84 anni",2008,65.75528
"4904","Femmine","84 anni",2009,64.56265
"4905","Femmine","84 anni",2010,62.67983
"4906","Femmine","84 anni",2011,61.72362
"4907","Femmine","84 anni",2012,60.90377
"4908","Femmine","84 anni",2013,58.17978
"4909","Femmine","84 anni",2014,56.17545
"4910","Femmine","84 anni",2015,60.56502
"4911","Femmine","84 anni",2016,56.756
"4912","Femmine","84 anni",2017,58.59189
"4913","Femmine","84 anni",2018,55.41879
"4914","Femmine","84 anni",2019,53.9626
"4915","Femmine","84 anni",2020,61.93196
"4916","Femmine","84 anni",2021,57.29639
"4917","Femmine","84 anni",2022,56.47035
"4918","Femmine","84 anni",2023,53.59168
"4919","Femmine","84 anni",2024,52.1034
"4920","Femmine","84 anni",2025,52.35956
"4921","Femmine","85 anni",2002,86.39603
"4922","Femmine","85 anni",2003,86.37634
"4923","Femmine","85 anni",2004,69.47347
"4924","Femmine","85 anni",2005,71.14741
"4925","Femmine","85 anni",2006,70.13781
"4926","Femmine","85 anni",2007,73.7656
"4927","Femmine","85 anni",2008,75.33449
"4928","Femmine","85 anni",2009,74.9403
"4929","Femmine","85 anni",2010,71.59114
"4930","Femmine","85 anni",2011,71.1607
"4931","Femmine","85 anni",2012,71.02152
"4932","Femmine","85 anni",2013,67.15403
"4933","Femmine","85 anni",2014,64.63229
"4934","Femmine","85 anni",2015,69.68031
"4935","Femmine","85 anni",2016,64.57417
"4936","Femmine","85 anni",2017,67.31183
"4937","Femmine","85 anni",2018,64.78651
"4938","Femmine","85 anni",2019,62.09001
"4939","Femmine","85 anni",2020,71.66258
"4940","Femmine","85 anni",2021,66.76971
"4941","Femmine","85 anni",2022,66.64961
"4942","Femmine","85 anni",2023,61.88654
"4943","Femmine","85 anni",2024,58.64476
"4944","Femmine","85 anni",2025,59.68211
"4945","Femmine","86 anni",2002,98.20782
"4946","Femmine","86 anni",2003,104.24856
"4947","Femmine","86 anni",2004,86.09058
"4948","Femmine","86 anni",2005,82.82376
"4949","Femmine","86 anni",2006,77.53681
"4950","Femmine","86 anni",2007,80.91561
"4951","Femmine","86 anni",2008,84.50248
"4952","Femmine","86 anni",2009,86.25452
"4953","Femmine","86 anni",2010,82.90927
"4954","Femmine","86 anni",2011,81.1186
"4955","Femmine","86 anni",2012,82.12531
"4956","Femmine","86 anni",2013,77.54855
"4957","Femmine","86 anni",2014,74.40494
"4958","Femmine","86 anni",2015,79.65843
"4959","Femmine","86 anni",2016,73.74761
"4960","Femmine","86 anni",2017,77.36637
"4961","Femmine","86 anni",2018,74.33842
"4962","Femmine","86 anni",2019,72.77689
"4963","Femmine","86 anni",2020,82.42504
"4964","Femmine","86 anni",2021,77.54623
"4965","Femmine","86 anni",2022,78.71028
"4966","Femmine","86 anni",2023,72.41707
"4967","Femmine","86 anni",2024,68.00766
"4968","Femmine","86 anni",2025,66.79665
"4969","Femmine","87 anni",2002,109.7574
"4970","Femmine","87 anni",2003,120.32213
"4971","Femmine","87 anni",2004,103.42878
"4972","Femmine","87 anni",2005,102.2756
"4973","Femmine","87 anni",2006,90.15624
"4974","Femmine","87 anni",2007,90.31302
"4975","Femmine","87 anni",2008,93.00643
"4976","Femmine","87 anni",2009,96.52959
"4977","Femmine","87 anni",2010,94.976
"4978","Femmine","87 anni",2011,93.67511
"4979","Femmine","87 anni",2012,94.09214
"4980","Femmine","87 anni",2013,88.75352
"4981","Femmine","87 anni",2014,85.90724
"4982","Femmine","87 anni",2015,91.90768
"4983","Femmine","87 anni",2016,84.61245
"4984","Femmine","87 anni",2017,89.6767
"4985","Femmine","87 anni",2018,84.99255
"4986","Femmine","87 anni",2019,83.90244
"4987","Femmine","87 anni",2020,95.97248
"4988","Femmine","87 anni",2021,88.90758
"4989","Femmine","87 anni",2022,91.748
"4990","Femmine","87 anni",2023,84.24234
"4991","Femmine","87 anni",2024,79.50707
"4992","Femmine","87 anni",2025,76.77515
"4993","Femmine","88 anni",2002,118.54665
"4994","Femmine","88 anni",2003,135.65558
"4995","Femmine","88 anni",2004,120.08651
"4996","Femmine","88 anni",2005,122.58198
"4997","Femmine","88 anni",2006,110.3521
"4998","Femmine","88 anni",2007,104.29466
"4999","Femmine","88 anni",2008,104.76287
"5000","Femmine","88 anni",2009,105.67121
"5001","Femmine","88 anni",2010,106.21562
"5002","Femmine","88 anni",2011,107.45562
"5003","Femmine","88 anni",2012,108.92461
"5004","Femmine","88 anni",2013,100.36808
"5005","Femmine","88 anni",2014,98.49261
"5006","Femmine","88 anni",2015,107.03804
"5007","Femmine","88 anni",2016,97.36991
"5008","Femmine","88 anni",2017,102.57642
"5009","Femmine","88 anni",2018,97.65007
"5010","Femmine","88 anni",2019,95.68195
"5011","Femmine","88 anni",2020,109.83215
"5012","Femmine","88 anni",2021,102.90244
"5013","Femmine","88 anni",2022,105.88107
"5014","Femmine","88 anni",2023,97.65384
"5015","Femmine","88 anni",2024,92.46086
"5016","Femmine","88 anni",2025,89.07512
"5017","Femmine","89 anni",2002,130.87177
"5018","Femmine","89 anni",2003,145.69745
"5019","Femmine","89 anni",2004,135.76297
"5020","Femmine","89 anni",2005,141.9275
"5021","Femmine","89 anni",2006,131.98676
"5022","Femmine","89 anni",2007,126.01676
"5023","Femmine","89 anni",2008,120.62266
"5024","Femmine","89 anni",2009,116.7677
"5025","Femmine","89 anni",2010,115.69921
"5026","Femmine","89 anni",2011,119.45082
"5027","Femmine","89 anni",2012,125.16856
"5028","Femmine","89 anni",2013,115.79176
"5029","Femmine","89 anni",2014,112.16765
"5030","Femmine","89 anni",2015,123.20547
"5031","Femmine","89 anni",2016,111.82565
"5032","Femmine","89 anni",2017,118.02673
"5033","Femmine","89 anni",2018,111.45737
"5034","Femmine","89 anni",2019,110.35263
"5035","Femmine","89 anni",2020,125.12662
"5036","Femmine","89 anni",2021,117.52973
"5037","Femmine","89 anni",2022,122.43635
"5038","Femmine","89 anni",2023,112.41768
"5039","Femmine","89 anni",2024,106.73366
"5040","Femmine","89 anni",2025,103.731
"5041","Femmine","90 anni",2002,143.71321
"5042","Femmine","90 anni",2003,157.83312
"5043","Femmine","90 anni",2004,146.49844
"5044","Femmine","90 anni",2005,159.50178
"5045","Femmine","90 anni",2006,152.55861
"5046","Femmine","90 anni",2007,149.36498
"5047","Femmine","90 anni",2008,145.29934
"5048","Femmine","90 anni",2009,134.43584
"5049","Femmine","90 anni",2010,129.14485
"5050","Femmine","90 anni",2011,129.03996
"5051","Femmine","90 anni",2012,138.2961
"5052","Femmine","90 anni",2013,132.52988
"5053","Femmine","90 anni",2014,129.30793
"5054","Femmine","90 anni",2015,139.19861
"5055","Femmine","90 anni",2016,127.05538
"5056","Femmine","90 anni",2017,134.52855
"5057","Femmine","90 anni",2018,127.3248
"5058","Femmine","90 anni",2019,125.0187
"5059","Femmine","90 anni",2020,143.38453
"5060","Femmine","90 anni",2021,131.82967
"5061","Femmine","90 anni",2022,138.96089
"5062","Femmine","90 anni",2023,129.85489
"5063","Femmine","90 anni",2024,121.79832
"5064","Femmine","90 anni",2025,119.92993
"5065","Femmine","91 anni",2002,158.38621
"5066","Femmine","91 anni",2003,171.70615
"5067","Femmine","91 anni",2004,156.9424
"5068","Femmine","91 anni",2005,172.75648
"5069","Femmine","91 anni",2006,170.59924
"5070","Femmine","91 anni",2007,170.93386
"5071","Femmine","91 anni",2008,171.50322
"5072","Femmine","91 anni",2009,162.2215
"5073","Femmine","91 anni",2010,147.43307
"5074","Femmine","91 anni",2011,142.65663
"5075","Femmine","91 anni",2012,149.05884
"5076","Femmine","91 anni",2013,146.1228
"5077","Femmine","91 anni",2014,146.76868
"5078","Femmine","91 anni",2015,159.25801
"5079","Femmine","91 anni",2016,143.2888
"5080","Femmine","91 anni",2017,151.5119
"5081","Femmine","91 anni",2018,144.55208
"5082","Femmine","91 anni",2019,141.7294
"5083","Femmine","91 anni",2020,162.22741
"5084","Femmine","91 anni",2021,149.46643
"5085","Femmine","91 anni",2022,156.73197
"5086","Femmine","91 anni",2023,146.61896
"5087","Femmine","91 anni",2024,140.15164
"5088","Femmine","91 anni",2025,136.83479
"5089","Femmine","92 anni",2002,174.33488
"5090","Femmine","92 anni",2003,189.94156
"5091","Femmine","92 anni",2004,169.42973
"5092","Femmine","92 anni",2005,186.16714
"5093","Femmine","92 anni",2006,182.03878
"5094","Femmine","92 anni",2007,190.67491
"5095","Femmine","92 anni",2008,194.61424
"5096","Femmine","92 anni",2009,189.62503
"5097","Femmine","92 anni",2010,177.03176
"5098","Femmine","92 anni",2011,162.26484
"5099","Femmine","92 anni",2012,161.07544
"5100","Femmine","92 anni",2013,156.01575
"5101","Femmine","92 anni",2014,159.94041
"5102","Femmine","92 anni",2015,179.60715
"5103","Femmine","92 anni",2016,163.25125
"5104","Femmine","92 anni",2017,169.95869
"5105","Femmine","92 anni",2018,163.30136
"5106","Femmine","92 anni",2019,160.10339
"5107","Femmine","92 anni",2020,183.07033
"5108","Femmine","92 anni",2021,166.96785
"5109","Femmine","92 anni",2022,178.49039
"5110","Femmine","92 anni",2023,164.30343
"5111","Femmine","92 anni",2024,159.20119
"5112","Femmine","92 anni",2025,156.39766
"5113","Femmine","93 anni",2002,194.10326
"5114","Femmine","93 anni",2003,207.06982
"5115","Femmine","93 anni",2004,184.47555
"5116","Femmine","93 anni",2005,200.12373
"5117","Femmine","93 anni",2006,194.42157
"5118","Femmine","93 anni",2007,205.11384
"5119","Femmine","93 anni",2008,216.82301
"5120","Femmine","93 anni",2009,212.94528
"5121","Femmine","93 anni",2010,205.49182
"5122","Femmine","93 anni",2011,193.77631
"5123","Femmine","93 anni",2012,181.04914
"5124","Femmine","93 anni",2013,170.69635
"5125","Femmine","93 anni",2014,169.00616
"5126","Femmine","93 anni",2015,195.03349
"5127","Femmine","93 anni",2016,184.59921
"5128","Femmine","93 anni",2017,192.23888
"5129","Femmine","93 anni",2018,183.09354
"5130","Femmine","93 anni",2019,179.01931
"5131","Femmine","93 anni",2020,205.86299
"5132","Femmine","93 anni",2021,187.14133
"5133","Femmine","93 anni",2022,199.35499
"5134","Femmine","93 anni",2023,184.49272
"5135","Femmine","93 anni",2024,177.34
"5136","Femmine","93 anni",2025,175.69603
"5137","Femmine","94 anni",2002,212.51136
"5138","Femmine","94 anni",2003,229.14139
"5139","Femmine","94 anni",2004,202.87569
"5140","Femmine","94 anni",2005,218.53885
"5141","Femmine","94 anni",2006,208.66297
"5142","Femmine","94 anni",2007,221.2973
"5143","Femmine","94 anni",2008,232.42076
"5144","Femmine","94 anni",2009,232.28163
"5145","Femmine","94 anni",2010,226.9734
"5146","Femmine","94 anni",2011,223.79229
"5147","Femmine","94 anni",2012,219.03941
"5148","Femmine","94 anni",2013,192.80662
"5149","Femmine","94 anni",2014,184.49474
"5150","Femmine","94 anni",2015,205.85234
"5151","Femmine","94 anni",2016,200.36696
"5152","Femmine","94 anni",2017,215.95946
"5153","Femmine","94 anni",2018,206.10302
"5154","Femmine","94 anni",2019,197.6241
"5155","Femmine","94 anni",2020,227.79704
"5156","Femmine","94 anni",2021,208.68436
"5157","Femmine","94 anni",2022,224.06909
"5158","Femmine","94 anni",2023,205.79778
"5159","Femmine","94 anni",2024,196.81032
"5160","Femmine","94 anni",2025,194.26582
"5161","Femmine","95 anni",2002,235.23368
"5162","Femmine","95 anni",2003,250.32863
"5163","Femmine","95 anni",2004,223.81589
"5164","Femmine","95 anni",2005,240.25635
"5165","Femmine","95 anni",2006,228.25989
"5166","Femmine","95 anni",2007,239.00323
"5167","Femmine","95 anni",2008,247.27029
"5168","Femmine","95 anni",2009,244.71509
"5169","Femmine","95 anni",2010,244.08031
"5170","Femmine","95 anni",2011,245.24789
"5171","Femmine","95 anni",2012,256.70051
"5172","Femmine","95 anni",2013,231.27764
"5173","Femmine","95 anni",2014,205.52863
"5174","Femmine","95 anni",2015,220.94959
"5175","Femmine","95 anni",2016,209.8185
"5176","Femmine","95 anni",2017,232.62416
"5177","Femmine","95 anni",2018,229.2234
"5178","Femmine","95 anni",2019,221.12831
"5179","Femmine","95 anni",2020,250.47295
"5180","Femmine","95 anni",2021,230.89351
"5181","Femmine","95 anni",2022,249.9721
"5182","Femmine","95 anni",2023,230.75239
"5183","Femmine","95 anni",2024,217.30976
"5184","Femmine","95 anni",2025,214.07616
"5185","Femmine","96 anni",2002,252.79717
"5186","Femmine","96 anni",2003,273.42198
"5187","Femmine","96 anni",2004,243.69089
"5188","Femmine","96 anni",2005,267.17103
"5189","Femmine","96 anni",2006,250.42052
"5190","Femmine","96 anni",2007,259.49688
"5191","Femmine","96 anni",2008,264.78475
"5192","Femmine","96 anni",2009,259.00419
"5193","Femmine","96 anni",2010,256.39928
"5194","Femmine","96 anni",2011,260.96388
"5195","Femmine","96 anni",2012,280.13009
"5196","Femmine","96 anni",2013,266.72901
"5197","Femmine","96 anni",2014,244.86837
"5198","Femmine","96 anni",2015,245.5426
"5199","Femmine","96 anni",2016,222.81212
"5200","Femmine","96 anni",2017,241.04056
"5201","Femmine","96 anni",2018,247.38248
"5202","Femmine","96 anni",2019,244.35517
"5203","Femmine","96 anni",2020,276.48172
"5204","Femmine","96 anni",2021,250.66468
"5205","Femmine","96 anni",2022,275.57069
"5206","Femmine","96 anni",2023,255.90136
"5207","Femmine","96 anni",2024,239.76867
"5208","Femmine","96 anni",2025,233.7754
"5209","Femmine","97 anni",2002,272.86282
"5210","Femmine","97 anni",2003,297.3373
"5211","Femmine","97 anni",2004,264.2028
"5212","Femmine","97 anni",2005,291.03774
"5213","Femmine","97 anni",2006,273.39968
"5214","Femmine","97 anni",2007,281.52313
"5215","Femmine","97 anni",2008,284.27651
"5216","Femmine","97 anni",2009,278.0631
"5217","Femmine","97 anni",2010,272.48126
"5218","Femmine","97 anni",2011,273.19336
"5219","Femmine","97 anni",2012,299.36231
"5220","Femmine","97 anni",2013,289.77633
"5221","Femmine","97 anni",2014,272.46277
"5222","Femmine","97 anni",2015,283.05482
"5223","Femmine","97 anni",2016,251.50198
"5224","Femmine","97 anni",2017,262.17832
"5225","Femmine","97 anni",2018,255.12939
"5226","Femmine","97 anni",2019,260.78269
"5227","Femmine","97 anni",2020,296.98654
"5228","Femmine","97 anni",2021,273.38301
"5229","Femmine","97 anni",2022,300.37763
"5230","Femmine","97 anni",2023,277.44861
"5231","Femmine","97 anni",2024,262.81845
"5232","Femmine","97 anni",2025,254.175
"5233","Femmine","98 anni",2002,295.03607
"5234","Femmine","98 anni",2003,323.03577
"5235","Femmine","98 anni",2004,286.43831
"5236","Femmine","98 anni",2005,315.82934
"5237","Femmine","98 anni",2006,298.88038
"5238","Femmine","98 anni",2007,306.41548
"5239","Femmine","98 anni",2008,306.71135
"5240","Femmine","98 anni",2009,301.36502
"5241","Femmine","98 anni",2010,291.69987
"5242","Femmine","98 anni",2011,285.82322
"5243","Femmine","98 anni",2012,315.29423
"5244","Femmine","98 anni",2013,308.15358
"5245","Femmine","98 anni",2014,299.55315
"5246","Femmine","98 anni",2015,331.58676
"5247","Femmine","98 anni",2016,286.46857
"5248","Femmine","98 anni",2017,287.51649
"5249","Femmine","98 anni",2018,261.65058
"5250","Femmine","98 anni",2019,277.15471
"5251","Femmine","98 anni",2020,317.79538
"5252","Femmine","98 anni",2021,298.1074
"5253","Femmine","98 anni",2022,325.98365
"5254","Femmine","98 anni",2023,298.73343
"5255","Femmine","98 anni",2024,287.71509
"5256","Femmine","98 anni",2025,276.45499
"5257","Femmine","99 anni",2002,321.31132
"5258","Femmine","99 anni",2003,351.57941
"5259","Femmine","99 anni",2004,312.34535
"5260","Femmine","99 anni",2005,343.3393
"5261","Femmine","99 anni",2006,327.07672
"5262","Femmine","99 anni",2007,334.73898
"5263","Femmine","99 anni",2008,333.91503
"5264","Femmine","99 anni",2009,329.49007
"5265","Femmine","99 anni",2010,317.07696
"5266","Femmine","99 anni",2011,306.5057
"5267","Femmine","99 anni",2012,336.44901
"5268","Femmine","99 anni",2013,329.28089
"5269","Femmine","99 anni",2014,326.97953
"5270","Femmine","99 anni",2015,370.45863
"5271","Femmine","99 anni",2016,320.63522
"5272","Femmine","99 anni",2017,316.10144
"5273","Femmine","99 anni",2018,277.92859
"5274","Femmine","99 anni",2019,299.09395
"5275","Femmine","99 anni",2020,343.12388
"5276","Femmine","99 anni",2021,325.60722
"5277","Femmine","99 anni",2022,354.03567
"5278","Femmine","99 anni",2023,323.56432
"5279","Femmine","99 anni",2024,314.94684
"5280","Femmine","99 anni",2025,302.14961
"5281","Femmine","100 anni",2002,352.2535
"5282","Femmine","100 anni",2003,383.18193
"5283","Femmine","100 anni",2004,342.68059
"5284","Femmine","100 anni",2005,374.59151
"5285","Femmine","100 anni",2006,357.47524
"5286","Femmine","100 anni",2007,365.9601
"5287","Femmine","100 anni",2008,365.93968
"5288","Femmine","100 anni",2009,361.23121
"5289","Femmine","100 anni",2010,349.19067
"5290","Femmine","100 anni",2011,339.49173
"5291","Femmine","100 anni",2012,369.30566
"5292","Femmine","100 anni",2013,360.88494
"5293","Femmine","100 anni",2014,356.0379
"5294","Femmine","100 anni",2015,398.02094
"5295","Femmine","100 anni",2016,347.99058
"5296","Femmine","100 anni",2017,345.99478
"5297","Femmine","100 anni",2018,310.72244
"5298","Femmine","100 anni",2019,330.0817
"5299","Femmine","100 anni",2020,375.49917
"5300","Femmine","100 anni",2021,355.88208
"5301","Femmine","100 anni",2022,385.52018
"5302","Femmine","100 anni",2023,354.59957
"5303","Femmine","100 anni",2024,344.47652
"5304","Femmine","100 anni",2025,331.74464
"5305","Femmine","101 anni",2002,388.25026
"5306","Femmine","101 anni",2003,417.8539
"5307","Femmine","101 anni",2004,378.03356
"5308","Femmine","101 anni",2005,410.41354
"5309","Femmine","101 anni",2006,389.38562
"5310","Femmine","101 anni",2007,399.35991
"5311","Femmine","101 anni",2008,402.64897
"5312","Femmine","101 anni",2009,395.19973
"5313","Femmine","101 anni",2010,388.44359
"5314","Femmine","101 anni",2011,388.85503
"5315","Femmine","101 anni",2012,420.13775
"5316","Femmine","101 anni",2013,408.70751
"5317","Femmine","101 anni",2014,387.84756
"5318","Femmine","101 anni",2015,400.7208
"5319","Femmine","101 anni",2016,362.37005
"5320","Femmine","101 anni",2017,375.09217
"5321","Femmine","101 anni",2018,366.63344
"5322","Femmine","101 anni",2019,373.43496
"5323","Femmine","101 anni",2020,417.24531
"5324","Femmine","101 anni",2021,388.7535
"5325","Femmine","101 anni",2022,421.21692
"5326","Femmine","101 anni",2023,394.31622
"5327","Femmine","101 anni",2024,376.10078
"5328","Femmine","101 anni",2025,365.56943
"5329","Femmine","102 anni",2002,419.89189
"5330","Femmine","102 anni",2003,450.5076
"5331","Femmine","102 anni",2004,409.4138
"5332","Femmine","102 anni",2005,442.86735
"5333","Femmine","102 anni",2006,421.22029
"5334","Femmine","102 anni",2007,431.57964
"5335","Femmine","102 anni",2008,434.96758
"5336","Femmine","102 anni",2009,427.28619
"5337","Femmine","102 anni",2010,420.30028
"5338","Femmine","102 anni",2011,420.58231
"5339","Femmine","102 anni",2012,452.81859
"5340","Femmine","102 anni",2013,441.03288
"5341","Femmine","102 anni",2014,419.50142
"5342","Femmine","102 anni",2015,432.7721
"5343","Femmine","102 anni",2016,393.13246
"5344","Femmine","102 anni",2017,406.21617
"5345","Femmine","102 anni",2018,397.49701
"5346","Femmine","102 anni",2019,404.51341
"5347","Femmine","102 anni",2020,449.82027
"5348","Femmine","102 anni",2021,420.37212
"5349","Femmine","102 anni",2022,453.88857
"5350","Femmine","102 anni",2023,426.32819
"5351","Femmine","102 anni",2024,407.33359
"5352","Femmine","102 anni",2025,396.42681
"5353","Femmine","103 anni",2002,452.21789
"5354","Femmine","103 anni",2003,483.68686
"5355","Femmine","103 anni",2004,441.54921
"5356","Femmine","103 anni",2005,475.89392
"5357","Femmine","103 anni",2006,453.75681
"5358","Femmine","103 anni",2007,464.45318
"5359","Femmine","103 anni",2008,467.92009
"5360","Femmine","103 anni",2009,460.05058
"5361","Femmine","103 anni",2010,452.87246
"5362","Femmine","103 anni",2011,453.00063
"5363","Femmine","103 anni",2012,486.00562
"5364","Femmine","103 anni",2013,473.92961
"5365","Femmine","103 anni",2014,451.84586
"5366","Femmine","103 anni",2015,465.43753
"5367","Femmine","103 anni",2016,424.72715
"5368","Femmine","103 anni",2017,438.08755
"5369","Femmine","103 anni",2018,429.16091
"5370","Femmine","103 anni",2019,436.3504
"5371","Femmine","103 anni",2020,482.91545
"5372","Femmine","103 anni",2021,452.66613
"5373","Femmine","103 anni",2022,487.0541
"5374","Femmine","103 anni",2023,459.01616
"5375","Femmine","103 anni",2024,439.31974
"5376","Femmine","103 anni",2025,428.09552
"5377","Femmine","104 anni",2002,484.96555
"5378","Femmine","104 anni",2003,517.10574
"5379","Femmine","104 anni",2004,474.18591
"5380","Femmine","104 anni",2005,509.21308
"5381","Femmine","104 anni",2006,486.73204
"5382","Femmine","104 anni",2007,497.70939
"5383","Femmine","104 anni",2008,501.2327
"5384","Femmine","104 anni",2009,493.22514
"5385","Femmine","104 anni",2010,485.89793
"5386","Femmine","104 anni",2011,485.84697
"5387","Femmine","104 anni",2012,519.41112
"5388","Femmine","104 anni",2013,507.11871
"5389","Femmine","104 anni",2014,484.61861
"5390","Femmine","104 anni",2015,498.44436
"5391","Femmine","104 anni",2016,456.91356
"5392","Femmine","104 anni",2017,470.45438
"5393","Femmine","104 anni",2018,461.38063
"5394","Femmine","104 anni",2019,468.69544
"5395","Femmine","104 anni",2020,516.24526
"5396","Femmine","104 anni",2021,485.37231
"5397","Femmine","104 anni",2022,520.42489
"5398","Femmine","104 anni",2023,492.11295
"5399","Femmine","104 anni",2024,471.80672
"5400","Femmine","104 anni",2025,460.33208
"5401","Femmine","105 anni",2002,517.85808
"5402","Femmine","105 anni",2003,550.46681
"5403","Femmine","105 anni",2004,507.0548
"5404","Femmine","105 anni",2005,542.53238
"5405","Femmine","105 anni",2006,519.86841
"5406","Femmine","105 anni",2007,531.06349
"5407","Femmine","105 anni",2008,534.6183
"5408","Femmine","105 anni",2009,526.52808
"5409","Femmine","105 anni",2010,519.09984
"5410","Femmine","105 anni",2011,518.84413
"5411","Femmine","105 anni",2012,552.7362
"5412","Femmine","105 anni",2013,540.30893
"5413","Femmine","105 anni",2014,517.54317
"5414","Femmine","105 anni",2015,531.50696
"5415","Femmine","105 anni",2016,489.43473
"5416","Femmine","105 anni",2017,503.04964
"5417","Femmine","105 anni",2018,493.89573
"5418","Femmine","105 anni",2019,501.2828
"5419","Femmine","105 anni",2020,549.51274
"5420","Femmine","105 anni",2021,518.21349
"5421","Femmine","105 anni",2022,553.70142
"5422","Femmine","105 anni",2023,525.33741
"5423","Femmine","105 anni",2024,504.52679
"5424","Femmine","105 anni",2025,492.87696
"5425","Femmine","106 anni",2002,550.61561
"5426","Femmine","106 anni",2003,583.47308
"5427","Femmine","106 anni",2004,539.88225
"5428","Femmine","106 anni",2005,575.55877
"5429","Femmine","106 anni",2006,552.88502
"5430","Femmine","106 anni",2007,564.22842
"5431","Femmine","106 anni",2008,567.78791
"5432","Femmine","106 anni",2009,559.67484
"5433","Femmine","106 anni",2010,552.19777
"5434","Femmine","106 anni",2011,551.71174
"5435","Femmine","106 anni",2012,585.68281
"5436","Femmine","106 anni",2013,573.20843
"5437","Femmine","106 anni",2014,550.33987
"5438","Femmine","106 anni",2015,564.3381
"5439","Femmine","106 anni",2016,522.02755
"5440","Femmine","106 anni",2017,535.60185
"5441","Femmine","106 anni",2018,526.44025
"5442","Femmine","106 anni",2019,533.84205
"5443","Femmine","106 anni",2020,582.42145
"5444","Femmine","106 anni",2021,550.90959
"5445","Femmine","106 anni",2022,586.58521
"5446","Femmine","106 anni",2023,558.40561
"5447","Femmine","106 anni",2024,537.20773
"5448","Femmine","106 anni",2025,525.46488
"5449","Femmine","107 anni",2002,582.95924
"5450","Femmine","107 anni",2003,615.83223
"5451","Femmine","107 anni",2004,572.39404
"5452","Femmine","107 anni",2005,608.00281
"5453","Femmine","107 anni",2006,585.50165
"5454","Femmine","107 anni",2007,596.91896
"5455","Femmine","107 anni",2008,600.45487
"5456","Femmine","107 anni",2009,592.38209
"5457","Femmine","107 anni",2010,584.91169
"5458","Femmine","107 anni",2011,584.17026
"5459","Femmine","107 anni",2012,617.95797
"5460","Femmine","107 anni",2013,605.52894
"5461","Femmine","107 anni",2014,582.72986
"5462","Femmine","107 anni",2015,596.65316
"5463","Femmine","107 anni",2016,554.42648
"5464","Femmine","107 anni",2017,567.83898
"5465","Femmine","107 anni",2018,558.74648
"5466","Femmine","107 anni",2019,566.10195
"5467","Femmine","107 anni",2020,614.67967
"5468","Femmine","107 anni",2021,583.18165
"5469","Femmine","107 anni",2022,618.78315
"5470","Femmine","107 anni",2023,591.03488
"5471","Femmine","107 anni",2024,569.57664
"5472","Femmine","107 anni",2025,557.82859
"5473","Femmine","108 anni",2002,614.62703
"5474","Femmine","108 anni",2003,647.27346
"5475","Femmine","108 anni",2004,604.33112
"5476","Femmine","108 anni",2005,639.59536
"5477","Femmine","108 anni",2006,617.45487
"5478","Femmine","108 anni",2007,628.86813
"5479","Femmine","108 anni",2008,632.35127
"5480","Femmine","108 anni",2009,624.38414
"5481","Femmine","108 anni",2010,616.97811
"5482","Femmine","108 anni",2011,615.95709
"5483","Femmine","108 anni",2012,649.29074
"5484","Femmine","108 anni",2013,637.00238
"5485","Femmine","108 anni",2014,614.45116
"5486","Femmine","108 anni",2015,628.18646
"5487","Femmine","108 anni",2016,586.37887
"5488","Femmine","108 anni",2017,599.50406
"5489","Femmine","108 anni",2018,590.5604
"5490","Femmine","108 anni",2019,597.80608
"5491","Femmine","108 anni",2020,646.0173
"5492","Femmine","108 anni",2021,614.76788
"5493","Femmine","108 anni",2022,650.0244
"5494","Femmine","108 anni",2023,622.96013
"5495","Femmine","108 anni",2024,601.37572
"5496","Femmine","108 anni",2025,589.71429
"5497","Femmine","109 anni",2002,645.3801
"5498","Femmine","109 anni",2003,677.55356
"5499","Femmine","109 anni",2004,635.45567
"5500","Femmine","109 anni",2005,670.09358
"5501","Femmine","109 anni",2006,648.50415
"5502","Femmine","109 anni",2007,659.83332
"5503","Femmine","109 anni",2008,663.23413
"5504","Femmine","109 anni",2009,655.43896
"5505","Femmine","109 anni",2010,648.15616
"5506","Femmine","109 anni",2011,646.83263
"5507","Femmine","109 anni",2012,679.43814
"5508","Femmine","109 anni",2013,667.38688
"5509","Femmine","109 anni",2014,645.26471
"5510","Femmine","109 anni",2015,658.69733
"5511","Femmine","109 anni",2016,617.65092
"5512","Femmine","109 anni",2017,630.36124
"5513","Femmine","109 anni",2018,621.64763
"5514","Femmine","109 anni",2019,628.7188
"5515","Femmine","109 anni",2020,676.19178
"5516","Femmine","109 anni",2021,645.42968
"5517","Femmine","109 anni",2022,680.06633
"5518","Femmine","109 anni",2023,653.9399
"5519","Femmine","109 anni",2024,632.36824
"5520","Femmine","109 anni",2025,620.88758
"5521","Femmine","110 anni",2002,675.00458
"5522","Femmine","110 anni",2003,706.45857
"5523","Femmine","110 anni",2004,665.55322
"5524","Femmine","110 anni",2005,699.28281
"5525","Femmine","110 anni",2006,678.4339
"5526","Femmine","110 anni",2007,689.59823
"5527","Femmine","110 anni",2008,692.88725
"5528","Femmine","110 anni",2009,685.3302
"5529","Femmine","110 anni",2010,678.22967
"5530","Femmine","110 anni",2011,676.58227
"5531","Femmine","110 anni",2012,708.18687
"5532","Femmine","110 anni",2013,696.46856
"5533","Femmine","110 anni",2014,674.95635
"5534","Femmine","110 anni",2015,687.97193
"5535","Femmine","110 anni",2016,648.03001
"5536","Femmine","110 anni",2017,660.19785
"5537","Femmine","110 anni",2018,651.79567
"5538","Femmine","110 anni",2019,658.6274
"5539","Femmine","110 anni",2020,704.98984
"5540","Femmine","110 anni",2021,674.95362
"5541","Femmine","110 anni",2022,708.69624
"5542","Femmine","110 anni",2023,683.75837
"5543","Femmine","110 anni",2024,662.34071
"5544","Femmine","110 anni",2025,651.13574
"5545","Femmine","111 anni",2002,703.32267
"5546","Femmine","111 anni",2003,733.81489
"5547","Femmine","111 anni",2004,694.44375
"5548","Femmine","111 anni",2005,726.98759
"5549","Femmine","111 anni",2006,707.06456
"5550","Femmine","111 anni",2007,717.98403
"5551","Femmine","111 anni",2008,721.13243
"5552","Femmine","111 anni",2009,713.87841
"5553","Femmine","111 anni",2010,707.01833
"5554","Femmine","111 anni",2011,705.02751
"5555","Femmine","111 anni",2012,735.36435
"5556","Femmine","111 anni",2013,724.07263
"5557","Femmine","111 anni",2014,703.34793
"5558","Femmine","111 anni",2015,715.83437
"5559","Femmine","111 anni",2016,677.33558
"5560","Femmine","111 anni",2017,688.83542
"5561","Femmine","111 anni",2018,680.82489
"5562","Femmine","111 anni",2019,687.35311
"5563","Femmine","111 anni",2020,732.23855
"5564","Femmine","111 anni",2021,703.16246
"5565","Femmine","111 anni",2022,735.74232
"5566","Femmine","111 anni",2023,712.23651
"5567","Femmine","111 anni",2024,691.11386
"5568","Femmine","111 anni",2025,680.27865
"5569","Femmine","112 anni",2002,730.1947
"5570","Femmine","112 anni",2003,759.49077
"5571","Femmine","112 anni",2004,721.98392
"5572","Femmine","112 anni",2005,753.07339
"5573","Femmine","112 anni",2006,734.25474
"5574","Femmine","112 anni",2007,744.85132
"5575","Femmine","112 anni",2008,747.83131
"5576","Femmine","112 anni",2009,740.94297
"5577","Femmine","112 anni",2010,734.37979
"5578","Femmine","112 anni",2011,732.02796
"5579","Femmine","112 anni",2012,760.84016
"5580","Femmine","112 anni",2013,750.06503
"5581","Femmine","112 anni",2014,730.29934
"5582","Femmine","112 anni",2015,742.14845
"5583","Femmine","112 anni",2016,705.42171
"5584","Femmine","112 anni",2017,716.13185
"5585","Femmine","112 anni",2018,708.59084
"5586","Femmine","112 anni",2019,714.05555
"5587","Femmine","112 anni",2020,757.80676
"5588","Femmine","112 anni",2021,729.91719
"5589","Femmine","112 anni",2022,761.07509
"5590","Femmine","112 anni",2023,739.23405
"5591","Femmine","112 anni",2024,718.5449
"5592","Femmine","112 anni",2025,708.17129
"5593","Femmine","113 anni",2002,755.51607
"5594","Femmine","113 anni",2003,783.39257
"5595","Femmine","113 anni",2004,748.06432
"5596","Femmine","113 anni",2005,777.44304
"5597","Femmine","113 anni",2006,759.8982
"5598","Femmine","113 anni",2007,770.09688
"5599","Femmine","113 anni",2008,772.88207
"5600","Femmine","113 anni",2009,766.41904
"5601","Femmine","113 anni",2010,760.20677
"5602","Femmine","113 anni",2011,757.47839
"5603","Femmine","113 anni",2012,784.52224
"5604","Femmine","113 anni",2013,773.32472
"5605","Femmine","113 anni",2014,755.70547
"5606","Femmine","113 anni",2015,766.81439
"5607","Femmine","113 anni",2016,732.17471
"5608","Femmine","113 anni",2017,741.97877
"5609","Femmine","113 anni",2018,734.98184
"5610","Femmine","113 anni",2019,739.99479
"5611","Femmine","113 anni",2020,781.6014
"5612","Femmine","113 anni",2021,755.11391
"5613","Femmine","113 anni",2022,784.6035
"5614","Femmine","113 anni",2023,764.64643
"5615","Femmine","113 anni",2024,744.52484
"5616","Femmine","113 anni",2025,734.70121
"5617","Femmine","114 anni",2002,779.2193
"5618","Femmine","114 anni",2003,805.46626
"5619","Femmine","114 anni",2004,772.61176
"5620","Femmine","114 anni",2005,800.03837
"5621","Femmine","114 anni",2006,783.92594
"5622","Femmine","114 anni",2007,793.65563
"5623","Femmine","114 anni",2008,796.22128
"5624","Femmine","114 anni",2009,790.23953
"5625","Femmine","114 anni",2010,784.42912
"5626","Femmine","114 anni",2011,781.31072
"5627","Femmine","114 anni",2012,806.35828
"5628","Femmine","114 anni",2013,795.85776
"5629","Femmine","114 anni",2014,779.49832
"5630","Femmine","114 anni",2015,789.77055
"5631","Femmine","114 anni",2016,757.51561
"5632","Femmine","114 anni",2017,766.30371
"5633","Femmine","114 anni",2018,759.92135
"5634","Femmine","114 anni",2019,764.42747
"5635","Femmine","114 anni",2020,803.56895
"5636","Femmine","114 anni",2021,778.6859
"5637","Femmine","114 anni",2022,806.27638
"5638","Femmine","114 anni",2023,788.40674
"5639","Femmine","114 anni",2024,768.98069
"5640","Femmine","114 anni",2025,759.79102
"5641","Femmine","115 anni",2002,801.272
"5642","Femmine","115 anni",2003,825.69479
"5643","Femmine","115 anni",2004,795.58753
"5644","Femmine","115 anni",2005,820.83776
"5645","Femmine","115 anni",2006,806.30422
"5646","Femmine","115 anni",2007,815.4984
"5647","Femmine","115 anni",2008,817.82165
"5648","Femmine","115 anni",2009,812.37302
"5649","Femmine","115 anni",2010,807.01194
"5650","Femmine","115 anni",2011,803.49208
"5651","Femmine","115 anni",2012,826.33303
"5652","Femmine","115 anni",2013,816.60759
"5653","Femmine","115 anni",2014,801.64498
"5654","Femmine","115 anni",2015,810.99122
"5655","Femmine","115 anni",2016,781.39878
"5656","Femmine","115 anni",2017,789.06841
"5657","Femmine","115 anni",2018,783.36644
"5658","Femmine","115 anni",2019,787.31439
"5659","Femmine","115 anni",2020,823.69274
"5660","Femmine","115 anni",2021,800.60155
"5661","Femmine","115 anni",2022,826.07963
"5662","Femmine","115 anni",2023,810.48367
"5663","Femmine","115 anni",2024,791.87376
"5664","Femmine","115 anni",2025,783.39687
"5665","Femmine","116 anni",2002,821.67292
"5666","Femmine","116 anni",2003,844.09333
"5667","Femmine","116 anni",2004,816.98365
"5668","Femmine","116 anni",2005,839.85166
"5669","Femmine","116 anni",2006,827.03059
"5670","Femmine","116 anni",2007,835.62778
"5671","Femmine","116 anni",2008,837.68776
"5672","Femmine","116 anni",2009,832.81967
"5673","Femmine","116 anni",2010,827.95161
"5674","Femmine","116 anni",2011,824.02076
"5675","Femmine","116 anni",2012,844.46358
"5676","Femmine","116 anni",2013,835.32238
"5677","Femmine","116 anni",2014,822.14367
"5678","Femmine","116 anni",2015,830.48227
"5679","Femmine","116 anni",2016,803.80853
"5680","Femmine","116 anni",2017,810.26509
"5681","Femmine","116 anni",2018,805.3043
"5682","Femmine","116 anni",2019,808.64673
"5683","Femmine","116 anni",2020,841.98833
"5684","Femmine","116 anni",2021,820.86037
"5685","Femmine","116 anni",2022,844.03145
"5686","Femmine","116 anni",2023,830.87741
"5687","Femmine","116 anni",2024,813.19595
"5688","Femmine","116 anni",2025,805.50503
"5689","Femmine","117 anni",2002,840.44389
"5690","Femmine","117 anni",2003,860.70066
"5691","Femmine","117 anni",2004,836.81508
"5692","Femmine","117 anni",2005,857.11397
"5693","Femmine","117 anni",2006,846.12582
"5694","Femmine","117 anni",2007,854.06979
"5695","Femmine","117 anni",2008,855.84767
"5696","Femmine","117 anni",2009,851.60303
"5697","Femmine","117 anni",2010,847.26777
"5698","Femmine","117 anni",2011,842.91824
"5699","Femmine","117 anni",2012,860.79051
"5700","Femmine","117 anni",2013,852.62257
"5701","Femmine","117 anni",2014,841.01568
"5702","Femmine","117 anni",2015,848.27287
"5703","Femmine","117 anni",2016,824.75173
"5704","Femmine","117 anni",2017,829.90873
"5705","Femmine","117 anni",2018,823.96911
"5706","Femmine","117 anni",2019,828.43839
"5707","Femmine","117 anni",2020,858.49476
"5708","Femmine","117 anni",2021,839.48489
"5709","Femmine","117 anni",2022,860.17355
"5710","Femmine","117 anni",2023,849.61148
"5711","Femmine","117 anni",2024,832.96203
"5712","Femmine","117 anni",2025,826.12433
"5713","Femmine","118 anni",2002,857.63382
"5714","Femmine","118 anni",2003,875.58282
"5715","Femmine","118 anni",2004,855.12393
"5716","Femmine","118 anni",2005,872.68598
"5717","Femmine","118 anni",2006,863.63802
"5718","Femmine","118 anni",2007,870.87793
"5719","Femmine","118 anni",2008,872.35692
"5720","Femmine","118 anni",2009,868.77406
"5721","Femmine","118 anni",2010,865.00745
"5722","Femmine","118 anni",2011,860.23315
"5723","Femmine","118 anni",2012,875.38167
"5724","Femmine","118 anni",2013,868.24654
"5725","Femmine","118 anni",2014,858.30946
"5726","Femmine","118 anni",2015,864.41934
"5727","Femmine","118 anni",2016,844.26208
"5728","Femmine","118 anni",2017,848.04124
"5729","Femmine","118 anni",2018,842.92608
"5730","Femmine","118 anni",2019,846.73016
"5731","Femmine","118 anni",2020,873.27827
"5732","Femmine","118 anni",2021,856.52474
"5733","Femmine","118 anni",2022,874.57481
"5734","Femmine","118 anni",2023,866.73677
"5735","Femmine","118 anni",2024,850.00279
"5736","Femmine","118 anni",2025,845.29052
"5737","Femmine","119 anni",2002,873.30372
"5738","Femmine","119 anni",2003,888.81742
"5739","Femmine","119 anni",2004,871.9646
"5740","Femmine","119 anni",2005,886.64068
"5741","Femmine","119 anni",2006,879.62749
"5742","Femmine","119 anni",2007,886.11776
"5743","Femmine","119 anni",2008,887.28303
"5744","Femmine","119 anni",2009,884.39592
"5745","Femmine","119 anni",2010,881.22993
"5746","Femmine","119 anni",2011,876.02627
"5747","Femmine","119 anni",2012,888.31635
"5748","Femmine","119 anni",2013,882.26618
"5749","Femmine","119 anni",2014,874.08554
"5750","Femmine","119 anni",2015,878.98985
"5751","Femmine","119 anni",2016,862.38574
"5752","Femmine","119 anni",2017,864.71669
"5753","Femmine","119 anni",2018,860.47509
"5754","Femmine","119 anni",2019,863.57502
"5755","Femmine","119 anni",2020,886.41661
"5756","Femmine","119 anni",2021,872.04153
"5757","Femmine","119 anni",2022,887.31553
"5758","Femmine","119 anni",2023,882.3163
"5759","Femmine","119 anni",2024,866.65012
"5760","Femmine","119 anni",2025,863.05171
