"","sex","age","year","population","citizenship"
"1","Maschi",0,2019,190132,"italiani"
"2","Maschi",0,2020,181874,"italiani"
"3","Maschi",0,2021,177469,"italiani"
"4","Maschi",0,2022,177905,"italiani"
"5","Maschi",0,2023,176095,"italiani"
"6","Maschi",0,2024,169733,"italiani"
"7","Maschi",0,2025,165102,"italiani"
"8","Maschi",0,2026,158647,"italiani"
"9","Maschi",1,2019,200888,"italiani"
"10","Maschi",1,2020,193012,"italiani"
"11","Maschi",1,2021,185672,"italiani"
"12","Maschi",1,2022,180010,"italiani"
"13","Maschi",1,2023,180203,"italiani"
"14","Maschi",1,2024,178374,"italiani"
"15","Maschi",1,2025,172147,"italiani"
"16","Maschi",1,2026,166110,"italiani"
"17","Maschi",2,2019,207857,"italiani"
"18","Maschi",2,2020,201864,"italiani"
"19","Maschi",2,2021,195493,"italiani"
"20","Maschi",2,2022,186627,"italiani"
"21","Maschi",2,2023,182089,"italiani"
"22","Maschi",2,2024,182078,"italiani"
"23","Maschi",2,2025,180317,"italiani"
"24","Maschi",2,2026,173199,"italiani"
"25","Maschi",3,2019,214848,"italiani"
"26","Maschi",3,2020,208518,"italiani"
"27","Maschi",3,2021,204268,"italiani"
"28","Maschi",3,2022,196213,"italiani"
"29","Maschi",3,2023,188547,"italiani"
"30","Maschi",3,2024,183968,"italiani"
"31","Maschi",3,2025,183801,"italiani"
"32","Maschi",3,2026,181333,"italiani"
"33","Maschi",4,2019,222540,"italiani"
"34","Maschi",4,2020,215459,"italiani"
"35","Maschi",4,2021,211476,"italiani"
"36","Maschi",4,2022,205036,"italiani"
"37","Maschi",4,2023,198159,"italiani"
"38","Maschi",4,2024,190441,"italiani"
"39","Maschi",4,2025,185911,"italiani"
"40","Maschi",4,2026,184813,"italiani"
"41","Maschi",5,2019,227486,"italiani"
"42","Maschi",5,2020,223301,"italiani"
"43","Maschi",5,2021,218798,"italiani"
"44","Maschi",5,2022,211753,"italiani"
"45","Maschi",5,2023,206884,"italiani"
"46","Maschi",5,2024,200121,"italiani"
"47","Maschi",5,2025,192542,"italiani"
"48","Maschi",5,2026,186954,"italiani"
"49","Maschi",6,2019,238742,"italiani"
"50","Maschi",6,2020,228111,"italiani"
"51","Maschi",6,2021,224595,"italiani"
"52","Maschi",6,2022,219102,"italiani"
"53","Maschi",6,2023,213802,"italiani"
"54","Maschi",6,2024,208816,"italiani"
"55","Maschi",6,2025,202108,"italiani"
"56","Maschi",6,2026,193611,"italiani"
"57","Maschi",7,2019,244867,"italiani"
"58","Maschi",7,2020,239232,"italiani"
"59","Maschi",7,2021,230221,"italiani"
"60","Maschi",7,2022,226826,"italiani"
"61","Maschi",7,2023,221128,"italiani"
"62","Maschi",7,2024,215721,"italiani"
"63","Maschi",7,2025,210775,"italiani"
"64","Maschi",7,2026,203271,"italiani"
"65","Maschi",8,2019,254276,"italiani"
"66","Maschi",8,2020,245441,"italiani"
"67","Maschi",8,2021,241142,"italiani"
"68","Maschi",8,2022,231708,"italiani"
"69","Maschi",8,2023,228778,"italiani"
"70","Maschi",8,2024,223028,"italiani"
"71","Maschi",8,2025,217611,"italiani"
"72","Maschi",8,2026,211895,"italiani"
"73","Maschi",9,2019,259244,"italiani"
"74","Maschi",9,2020,254988,"italiani"
"75","Maschi",9,2021,247998,"italiani"
"76","Maschi",9,2022,242797,"italiani"
"77","Maschi",9,2023,233585,"italiani"
"78","Maschi",9,2024,230698,"italiani"
"79","Maschi",9,2025,224992,"italiani"
"80","Maschi",9,2026,218604,"italiani"
"81","Maschi",10,2019,263478,"italiani"
"82","Maschi",10,2020,259704,"italiani"
"83","Maschi",10,2021,257150,"italiani"
"84","Maschi",10,2022,249628,"italiani"
"85","Maschi",10,2023,244731,"italiani"
"86","Maschi",10,2024,235464,"italiani"
"87","Maschi",10,2025,232580,"italiani"
"88","Maschi",10,2026,226090,"italiani"
"89","Maschi",11,2019,265043,"italiani"
"90","Maschi",11,2020,264023,"italiani"
"91","Maschi",11,2021,262102,"italiani"
"92","Maschi",11,2022,258770,"italiani"
"93","Maschi",11,2023,251420,"italiani"
"94","Maschi",11,2024,246586,"italiani"
"95","Maschi",11,2025,237266,"italiani"
"96","Maschi",11,2026,233608,"italiani"
"97","Maschi",12,2019,266992,"italiani"
"98","Maschi",12,2020,265436,"italiani"
"99","Maschi",12,2021,266115,"italiani"
"100","Maschi",12,2022,263715,"italiani"
"101","Maschi",12,2023,260572,"italiani"
"102","Maschi",12,2024,253122,"italiani"
"103","Maschi",12,2025,248182,"italiani"
"104","Maschi",12,2026,238153,"italiani"
"105","Maschi",13,2019,267120,"italiani"
"106","Maschi",13,2020,267335,"italiani"
"107","Maschi",13,2021,267379,"italiani"
"108","Maschi",13,2022,267659,"italiani"
"109","Maschi",13,2023,265449,"italiani"
"110","Maschi",13,2024,262122,"italiani"
"111","Maschi",13,2025,254607,"italiani"
"112","Maschi",13,2026,249134,"italiani"
"113","Maschi",14,2019,270282,"italiani"
"114","Maschi",14,2020,267544,"italiani"
"115","Maschi",14,2021,269252,"italiani"
"116","Maschi",14,2022,268780,"italiani"
"117","Maschi",14,2023,269165,"italiani"
"118","Maschi",14,2024,266738,"italiani"
"119","Maschi",14,2025,263419,"italiani"
"120","Maschi",14,2026,255486,"italiani"
"121","Maschi",15,2019,269920,"italiani"
"122","Maschi",15,2020,270618,"italiani"
"123","Maschi",15,2021,269192,"italiani"
"124","Maschi",15,2022,270591,"italiani"
"125","Maschi",15,2023,270238,"italiani"
"126","Maschi",15,2024,270449,"italiani"
"127","Maschi",15,2025,267833,"italiani"
"128","Maschi",15,2026,264274,"italiani"
"129","Maschi",16,2019,267926,"italiani"
"130","Maschi",16,2020,270146,"italiani"
"131","Maschi",16,2021,271441,"italiani"
"132","Maschi",16,2022,270474,"italiani"
"133","Maschi",16,2023,271898,"italiani"
"134","Maschi",16,2024,271467,"italiani"
"135","Maschi",16,2025,271435,"italiani"
"136","Maschi",16,2026,268707,"italiani"
"137","Maschi",17,2019,270907,"italiani"
"138","Maschi",17,2020,268320,"italiani"
"139","Maschi",17,2021,270468,"italiani"
"140","Maschi",17,2022,273695,"italiani"
"141","Maschi",17,2023,271749,"italiani"
"142","Maschi",17,2024,273168,"italiani"
"143","Maschi",17,2025,272481,"italiani"
"144","Maschi",17,2026,272316,"italiani"
"145","Maschi",18,2019,278523,"italiani"
"146","Maschi",18,2020,274307,"italiani"
"147","Maschi",18,2021,270360,"italiani"
"148","Maschi",18,2022,273142,"italiani"
"149","Maschi",18,2023,277969,"italiani"
"150","Maschi",18,2024,277498,"italiani"
"151","Maschi",18,2025,278654,"italiani"
"152","Maschi",18,2026,273298,"italiani"
"153","Maschi",19,2019,273873,"italiani"
"154","Maschi",19,2020,280184,"italiani"
"155","Maschi",19,2021,273755,"italiani"
"156","Maschi",19,2022,271911,"italiani"
"157","Maschi",19,2023,276311,"italiani"
"158","Maschi",19,2024,280897,"italiani"
"159","Maschi",19,2025,279920,"italiani"
"160","Maschi",19,2026,279427,"italiani"
"161","Maschi",20,2019,273512,"italiani"
"162","Maschi",20,2020,273510,"italiani"
"163","Maschi",20,2021,277451,"italiani"
"164","Maschi",20,2022,273665,"italiani"
"165","Maschi",20,2023,272601,"italiani"
"166","Maschi",20,2024,276540,"italiani"
"167","Maschi",20,2025,280698,"italiani"
"168","Maschi",20,2026,280637,"italiani"
"169","Maschi",21,2019,270789,"italiani"
"170","Maschi",21,2020,273277,"italiani"
"171","Maschi",21,2021,269062,"italiani"
"172","Maschi",21,2022,276272,"italiani"
"173","Maschi",21,2023,274301,"italiani"
"174","Maschi",21,2024,272896,"italiani"
"175","Maschi",21,2025,276892,"italiani"
"176","Maschi",21,2026,281557,"italiani"
"177","Maschi",22,2019,270769,"italiani"
"178","Maschi",22,2020,270755,"italiani"
"179","Maschi",22,2021,268172,"italiani"
"180","Maschi",22,2022,269443,"italiani"
"181","Maschi",22,2023,277511,"italiani"
"182","Maschi",22,2024,274042,"italiani"
"183","Maschi",22,2025,272834,"italiani"
"184","Maschi",22,2026,277635,"italiani"
"185","Maschi",23,2019,269219,"italiani"
"186","Maschi",23,2020,270652,"italiani"
"187","Maschi",23,2021,265292,"italiani"
"188","Maschi",23,2022,269241,"italiani"
"189","Maschi",23,2023,270756,"italiani"
"190","Maschi",23,2024,277431,"italiani"
"191","Maschi",23,2025,274042,"italiani"
"192","Maschi",23,2026,273478,"italiani"
"193","Maschi",24,2019,270837,"italiani"
"194","Maschi",24,2020,268779,"italiani"
"195","Maschi",24,2021,264694,"italiani"
"196","Maschi",24,2022,266351,"italiani"
"197","Maschi",24,2023,270322,"italiani"
"198","Maschi",24,2024,270640,"italiani"
"199","Maschi",24,2025,277231,"italiani"
"200","Maschi",24,2026,274657,"italiani"
"201","Maschi",25,2019,275764,"italiani"
"202","Maschi",25,2020,269833,"italiani"
"203","Maschi",25,2021,262154,"italiani"
"204","Maschi",25,2022,265695,"italiani"
"205","Maschi",25,2023,267000,"italiani"
"206","Maschi",25,2024,269789,"italiani"
"207","Maschi",25,2025,269725,"italiani"
"208","Maschi",25,2026,277981,"italiani"
"209","Maschi",26,2019,285011,"italiani"
"210","Maschi",26,2020,274321,"italiani"
"211","Maschi",26,2021,262586,"italiani"
"212","Maschi",26,2022,262991,"italiani"
"213","Maschi",26,2023,266094,"italiani"
"214","Maschi",26,2024,266491,"italiani"
"215","Maschi",26,2025,268907,"italiani"
"216","Maschi",26,2026,270564,"italiani"
"217","Maschi",27,2019,282994,"italiani"
"218","Maschi",27,2020,283614,"italiani"
"219","Maschi",27,2021,266651,"italiani"
"220","Maschi",27,2022,263879,"italiani"
"221","Maschi",27,2023,263642,"italiani"
"222","Maschi",27,2024,265730,"italiani"
"223","Maschi",27,2025,265783,"italiani"
"224","Maschi",27,2026,269693,"italiani"
"225","Maschi",28,2019,284042,"italiani"
"226","Maschi",28,2020,281646,"italiani"
"227","Maschi",28,2021,275861,"italiani"
"228","Maschi",28,2022,268043,"italiani"
"229","Maschi",28,2023,264665,"italiani"
"230","Maschi",28,2024,263426,"italiani"
"231","Maschi",28,2025,265090,"italiani"
"232","Maschi",28,2026,266549,"italiani"
"233","Maschi",29,2019,279442,"italiani"
"234","Maschi",29,2020,282865,"italiani"
"235","Maschi",29,2021,274132,"italiani"
"236","Maschi",29,2022,277520,"italiani"
"237","Maschi",29,2023,269108,"italiani"
"238","Maschi",29,2024,264802,"italiani"
"239","Maschi",29,2025,263119,"italiani"
"240","Maschi",29,2026,265858,"italiani"
"241","Maschi",30,2019,283304,"italiani"
"242","Maschi",30,2020,278479,"italiani"
"243","Maschi",30,2021,275722,"italiani"
"244","Maschi",30,2022,276324,"italiani"
"245","Maschi",30,2023,278754,"italiani"
"246","Maschi",30,2024,269516,"italiani"
"247","Maschi",30,2025,264794,"italiani"
"248","Maschi",30,2026,263901,"italiani"
"249","Maschi",31,2019,273986,"italiani"
"250","Maschi",31,2020,282338,"italiani"
"251","Maschi",31,2021,271988,"italiani"
"252","Maschi",31,2022,278077,"italiani"
"253","Maschi",31,2023,277602,"italiani"
"254","Maschi",31,2024,279309,"italiani"
"255","Maschi",31,2025,269620,"italiani"
"256","Maschi",31,2026,265597,"italiani"
"257","Maschi",32,2019,273959,"italiani"
"258","Maschi",32,2020,273182,"italiani"
"259","Maschi",32,2021,276557,"italiani"
"260","Maschi",32,2022,274457,"italiani"
"261","Maschi",32,2023,279590,"italiani"
"262","Maschi",32,2024,278377,"italiani"
"263","Maschi",32,2025,279528,"italiani"
"264","Maschi",32,2026,270372,"italiani"
"265","Maschi",33,2019,282955,"italiani"
"266","Maschi",33,2020,273315,"italiani"
"267","Maschi",33,2021,268052,"italiani"
"268","Maschi",33,2022,279156,"italiani"
"269","Maschi",33,2023,275872,"italiani"
"270","Maschi",33,2024,280592,"italiani"
"271","Maschi",33,2025,278913,"italiani"
"272","Maschi",33,2026,280240,"italiani"
"273","Maschi",34,2019,287919,"italiani"
"274","Maschi",34,2020,282462,"italiani"
"275","Maschi",34,2021,268531,"italiani"
"276","Maschi",34,2022,270640,"italiani"
"277","Maschi",34,2023,280788,"italiani"
"278","Maschi",34,2024,277039,"italiani"
"279","Maschi",34,2025,281146,"italiani"
"280","Maschi",34,2026,279689,"italiani"
"281","Maschi",35,2019,295272,"italiani"
"282","Maschi",35,2020,287815,"italiani"
"283","Maschi",35,2021,277975,"italiani"
"284","Maschi",35,2022,271209,"italiani"
"285","Maschi",35,2023,272324,"italiani"
"286","Maschi",35,2024,282039,"italiani"
"287","Maschi",35,2025,277915,"italiani"
"288","Maschi",35,2026,282237,"italiani"
"289","Maschi",36,2019,303716,"italiani"
"290","Maschi",36,2020,295101,"italiani"
"291","Maschi",36,2021,284248,"italiani"
"292","Maschi",36,2022,280646,"italiani"
"293","Maschi",36,2023,272748,"italiani"
"294","Maschi",36,2024,273466,"italiani"
"295","Maschi",36,2025,283011,"italiani"
"296","Maschi",36,2026,278971,"italiani"
"297","Maschi",37,2019,306463,"italiani"
"298","Maschi",37,2020,303609,"italiani"
"299","Maschi",37,2021,291763,"italiani"
"300","Maschi",37,2022,286705,"italiani"
"301","Maschi",37,2023,282174,"italiani"
"302","Maschi",37,2024,274211,"italiani"
"303","Maschi",37,2025,274660,"italiani"
"304","Maschi",37,2026,284238,"italiani"
"305","Maschi",38,2019,314120,"italiani"
"306","Maschi",38,2020,306394,"italiani"
"307","Maschi",38,2021,300685,"italiani"
"308","Maschi",38,2022,294483,"italiani"
"309","Maschi",38,2023,288547,"italiani"
"310","Maschi",38,2024,283818,"italiani"
"311","Maschi",38,2025,275594,"italiani"
"312","Maschi",38,2026,275971,"italiani"
"313","Maschi",39,2019,326348,"italiani"
"314","Maschi",39,2020,314179,"italiani"
"315","Maschi",39,2021,303751,"italiani"
"316","Maschi",39,2022,303467,"italiani"
"317","Maschi",39,2023,296164,"italiani"
"318","Maschi",39,2024,290114,"italiani"
"319","Maschi",39,2025,285438,"italiani"
"320","Maschi",39,2026,277036,"italiani"
"321","Maschi",40,2019,347757,"italiani"
"322","Maschi",40,2020,326612,"italiani"
"323","Maschi",40,2021,311991,"italiani"
"324","Maschi",40,2022,306366,"italiani"
"325","Maschi",40,2023,305271,"italiani"
"326","Maschi",40,2024,297754,"italiani"
"327","Maschi",40,2025,291856,"italiani"
"328","Maschi",40,2026,286840,"italiani"
"329","Maschi",41,2019,361996,"italiani"
"330","Maschi",41,2020,347746,"italiani"
"331","Maschi",41,2021,324481,"italiani"
"332","Maschi",41,2022,314577,"italiani"
"333","Maschi",41,2023,308118,"italiani"
"334","Maschi",41,2024,306995,"italiani"
"335","Maschi",41,2025,299614,"italiani"
"336","Maschi",41,2026,293256,"italiani"
"337","Maschi",42,2019,382068,"italiani"
"338","Maschi",42,2020,361904,"italiani"
"339","Maschi",42,2021,345767,"italiani"
"340","Maschi",42,2022,327219,"italiani"
"341","Maschi",42,2023,316505,"italiani"
"342","Maschi",42,2024,309890,"italiani"
"343","Maschi",42,2025,308797,"italiani"
"344","Maschi",42,2026,300922,"italiani"
"345","Maschi",43,2019,403560,"italiani"
"346","Maschi",43,2020,381760,"italiani"
"347","Maschi",43,2021,359918,"italiani"
"348","Maschi",43,2022,348457,"italiani"
"349","Maschi",43,2023,329059,"italiani"
"350","Maschi",43,2024,318141,"italiani"
"351","Maschi",43,2025,311532,"italiani"
"352","Maschi",43,2026,309935,"italiani"
"353","Maschi",44,2019,424722,"italiani"
"354","Maschi",44,2020,403526,"italiani"
"355","Maschi",44,2021,379702,"italiani"
"356","Maschi",44,2022,362563,"italiani"
"357","Maschi",44,2023,350313,"italiani"
"358","Maschi",44,2024,330686,"italiani"
"359","Maschi",44,2025,319948,"italiani"
"360","Maschi",44,2026,312840,"italiani"
"361","Maschi",45,2019,424865,"italiani"
"362","Maschi",45,2020,424647,"italiani"
"363","Maschi",45,2021,401460,"italiani"
"364","Maschi",45,2022,382561,"italiani"
"365","Maschi",45,2023,364306,"italiani"
"366","Maschi",45,2024,351974,"italiani"
"367","Maschi",45,2025,332165,"italiani"
"368","Maschi",45,2026,321036,"italiani"
"369","Maschi",46,2019,430344,"italiani"
"370","Maschi",46,2020,424620,"italiani"
"371","Maschi",46,2021,422338,"italiani"
"372","Maschi",46,2022,404393,"italiani"
"373","Maschi",46,2023,384067,"italiani"
"374","Maschi",46,2024,365801,"italiani"
"375","Maschi",46,2025,353440,"italiani"
"376","Maschi",46,2026,333057,"italiani"
"377","Maschi",47,2019,436518,"italiani"
"378","Maschi",47,2020,430225,"italiani"
"379","Maschi",47,2021,422132,"italiani"
"380","Maschi",47,2022,425108,"italiani"
"381","Maschi",47,2023,405712,"italiani"
"382","Maschi",47,2024,385266,"italiani"
"383","Maschi",47,2025,367042,"italiani"
"384","Maschi",47,2026,354196,"italiani"
"385","Maschi",48,2019,432452,"italiani"
"386","Maschi",48,2020,436157,"italiani"
"387","Maschi",48,2021,427628,"italiani"
"388","Maschi",48,2022,424968,"italiani"
"389","Maschi",48,2023,426390,"italiani"
"390","Maschi",48,2024,406674,"italiani"
"391","Maschi",48,2025,386334,"italiani"
"392","Maschi",48,2026,367692,"italiani"
"393","Maschi",49,2019,446069,"italiani"
"394","Maschi",49,2020,432005,"italiani"
"395","Maschi",49,2021,433450,"italiani"
"396","Maschi",49,2022,430445,"italiani"
"397","Maschi",49,2023,425980,"italiani"
"398","Maschi",49,2024,427134,"italiani"
"399","Maschi",49,2025,407493,"italiani"
"400","Maschi",49,2026,386910,"italiani"
"401","Maschi",50,2019,442474,"italiani"
"402","Maschi",50,2020,445548,"italiani"
"403","Maschi",50,2021,429043,"italiani"
"404","Maschi",50,2022,436201,"italiani"
"405","Maschi",50,2023,431164,"italiani"
"406","Maschi",50,2024,426529,"italiani"
"407","Maschi",50,2025,427676,"italiani"
"408","Maschi",50,2026,407757,"italiani"
"409","Maschi",51,2019,446408,"italiani"
"410","Maschi",51,2020,441752,"italiani"
"411","Maschi",51,2021,442368,"italiani"
"412","Maschi",51,2022,431764,"italiani"
"413","Maschi",51,2023,436656,"italiani"
"414","Maschi",51,2024,431514,"italiani"
"415","Maschi",51,2025,426946,"italiani"
"416","Maschi",51,2026,427663,"italiani"
"417","Maschi",52,2019,457280,"italiani"
"418","Maschi",52,2020,445603,"italiani"
"419","Maschi",52,2021,438347,"italiani"
"420","Maschi",52,2022,444971,"italiani"
"421","Maschi",52,2023,432068,"italiani"
"422","Maschi",52,2024,436825,"italiani"
"423","Maschi",52,2025,431607,"italiani"
"424","Maschi",52,2026,426716,"italiani"
"425","Maschi",53,2019,456899,"italiani"
"426","Maschi",53,2020,456128,"italiani"
"427","Maschi",53,2021,442331,"italiani"
"428","Maschi",53,2022,440859,"italiani"
"429","Maschi",53,2023,444988,"italiani"
"430","Maschi",53,2024,432120,"italiani"
"431","Maschi",53,2025,436724,"italiani"
"432","Maschi",53,2026,431313,"italiani"
"433","Maschi",54,2019,463584,"italiani"
"434","Maschi",54,2020,455762,"italiani"
"435","Maschi",54,2021,452019,"italiani"
"436","Maschi",54,2022,444615,"italiani"
"437","Maschi",54,2023,440937,"italiani"
"438","Maschi",54,2024,444748,"italiani"
"439","Maschi",54,2025,431833,"italiani"
"440","Maschi",54,2026,436175,"italiani"
"441","Maschi",55,2019,432405,"italiani"
"442","Maschi",55,2020,462447,"italiani"
"443","Maschi",55,2021,451525,"italiani"
"444","Maschi",55,2022,454463,"italiani"
"445","Maschi",55,2023,444241,"italiani"
"446","Maschi",55,2024,440324,"italiani"
"447","Maschi",55,2025,444194,"italiani"
"448","Maschi",55,2026,431037,"italiani"
"449","Maschi",56,2019,416548,"italiani"
"450","Maschi",56,2020,431012,"italiani"
"451","Maschi",56,2021,457897,"italiani"
"452","Maschi",56,2022,453659,"italiani"
"453","Maschi",56,2023,453759,"italiani"
"454","Maschi",56,2024,443599,"italiani"
"455","Maschi",56,2025,439528,"italiani"
"456","Maschi",56,2026,443249,"italiani"
"457","Maschi",57,2019,408991,"italiani"
"458","Maschi",57,2020,415086,"italiani"
"459","Maschi",57,2021,426997,"italiani"
"460","Maschi",57,2022,459858,"italiani"
"461","Maschi",57,2023,452765,"italiani"
"462","Maschi",57,2024,452880,"italiani"
"463","Maschi",57,2025,442539,"italiani"
"464","Maschi",57,2026,438399,"italiani"
"465","Maschi",58,2019,394493,"italiani"
"466","Maschi",58,2020,407340,"italiani"
"467","Maschi",58,2021,410737,"italiani"
"468","Maschi",58,2022,428453,"italiani"
"469","Maschi",58,2023,458743,"italiani"
"470","Maschi",58,2024,451608,"italiani"
"471","Maschi",58,2025,451569,"italiani"
"472","Maschi",58,2026,441204,"italiani"
"473","Maschi",59,2019,385983,"italiani"
"474","Maschi",59,2020,392775,"italiani"
"475","Maschi",59,2021,402631,"italiani"
"476","Maschi",59,2022,411908,"italiani"
"477","Maschi",59,2023,427007,"italiani"
"478","Maschi",59,2024,457147,"italiani"
"479","Maschi",59,2025,449917,"italiani"
"480","Maschi",59,2026,449855,"italiani"
"481","Maschi",60,2019,366693,"italiani"
"482","Maschi",60,2020,384082,"italiani"
"483","Maschi",60,2021,388203,"italiani"
"484","Maschi",60,2022,403479,"italiani"
"485","Maschi",60,2023,410263,"italiani"
"486","Maschi",60,2024,425302,"italiani"
"487","Maschi",60,2025,455349,"italiani"
"488","Maschi",60,2026,447873,"italiani"
"489","Maschi",61,2019,363515,"italiani"
"490","Maschi",61,2020,364667,"italiani"
"491","Maschi",61,2021,379102,"italiani"
"492","Maschi",61,2022,388978,"italiani"
"493","Maschi",61,2023,401544,"italiani"
"494","Maschi",61,2024,408477,"italiani"
"495","Maschi",61,2025,423334,"italiani"
"496","Maschi",61,2026,453039,"italiani"
"497","Maschi",62,2019,355788,"italiani"
"498","Maschi",62,2020,361157,"italiani"
"499","Maschi",62,2021,359778,"italiani"
"500","Maschi",62,2022,379380,"italiani"
"501","Maschi",62,2023,386973,"italiani"
"502","Maschi",62,2024,399488,"italiani"
"503","Maschi",62,2025,406386,"italiani"
"504","Maschi",62,2026,420892,"italiani"
"505","Maschi",63,2019,348297,"italiani"
"506","Maschi",63,2020,353340,"italiani"
"507","Maschi",63,2021,355830,"italiani"
"508","Maschi",63,2022,359809,"italiani"
"509","Maschi",63,2023,376965,"italiani"
"510","Maschi",63,2024,384768,"italiani"
"511","Maschi",63,2025,397167,"italiani"
"512","Maschi",63,2026,403901,"italiani"
"513","Maschi",64,2019,342062,"italiani"
"514","Maschi",64,2020,345568,"italiani"
"515","Maschi",64,2021,347864,"italiani"
"516","Maschi",64,2022,355441,"italiani"
"517","Maschi",64,2023,357061,"italiani"
"518","Maschi",64,2024,374326,"italiani"
"519","Maschi",64,2025,382249,"italiani"
"520","Maschi",64,2026,394289,"italiani"
"521","Maschi",65,2019,326898,"italiani"
"522","Maschi",65,2020,339013,"italiani"
"523","Maschi",65,2021,340031,"italiani"
"524","Maschi",65,2022,347123,"italiani"
"525","Maschi",65,2023,352452,"italiani"
"526","Maschi",65,2024,354303,"italiani"
"527","Maschi",65,2025,371583,"italiani"
"528","Maschi",65,2026,379173,"italiani"
"529","Maschi",66,2019,319701,"italiani"
"530","Maschi",66,2020,323783,"italiani"
"531","Maschi",66,2021,333392,"italiani"
"532","Maschi",66,2022,338720,"italiani"
"533","Maschi",66,2023,343716,"italiani"
"534","Maschi",66,2024,349310,"italiani"
"535","Maschi",66,2025,351456,"italiani"
"536","Maschi",66,2026,368208,"italiani"
"537","Maschi",67,2019,317752,"italiani"
"538","Maschi",67,2020,316036,"italiani"
"539","Maschi",67,2021,317948,"italiani"
"540","Maschi",67,2022,331642,"italiani"
"541","Maschi",67,2023,335084,"italiani"
"542","Maschi",67,2024,340370,"italiani"
"543","Maschi",67,2025,345934,"italiani"
"544","Maschi",67,2026,347864,"italiani"
"545","Maschi",68,2019,327290,"italiani"
"546","Maschi",68,2020,313803,"italiani"
"547","Maschi",68,2021,312611,"italiani"
"548","Maschi",68,2022,316408,"italiani"
"549","Maschi",68,2023,327741,"italiani"
"550","Maschi",68,2024,331415,"italiani"
"551","Maschi",68,2025,336686,"italiani"
"552","Maschi",68,2026,342106,"italiani"
"553","Maschi",69,2019,327675,"italiani"
"554","Maschi",69,2020,322789,"italiani"
"555","Maschi",69,2021,310093,"italiani"
"556","Maschi",69,2022,307803,"italiani"
"557","Maschi",69,2023,312003,"italiani"
"558","Maschi",69,2024,323943,"italiani"
"559","Maschi",69,2025,327664,"italiani"
"560","Maschi",69,2026,332477,"italiani"
"561","Maschi",70,2019,338662,"italiani"
"562","Maschi",70,2020,322660,"italiani"
"563","Maschi",70,2021,318393,"italiani"
"564","Maschi",70,2022,304658,"italiani"
"565","Maschi",70,2023,302844,"italiani"
"566","Maschi",70,2024,307460,"italiani"
"567","Maschi",70,2025,319298,"italiani"
"568","Maschi",70,2026,322902,"italiani"
"569","Maschi",71,2019,328453,"italiani"
"570","Maschi",71,2020,332942,"italiani"
"571","Maschi",71,2021,317489,"italiani"
"572","Maschi",71,2022,312354,"italiani"
"573","Maschi",71,2023,299205,"italiani"
"574","Maschi",71,2024,297809,"italiani"
"575","Maschi",71,2025,302627,"italiani"
"576","Maschi",71,2026,314241,"italiani"
"577","Maschi",72,2019,323688,"italiani"
"578","Maschi",72,2020,322319,"italiani"
"579","Maschi",72,2021,326783,"italiani"
"580","Maschi",72,2022,310823,"italiani"
"581","Maschi",72,2023,306030,"italiani"
"582","Maschi",72,2024,293615,"italiani"
"583","Maschi",72,2025,292480,"italiani"
"584","Maschi",72,2026,297344,"italiani"
"585","Maschi",73,2019,245340,"italiani"
"586","Maschi",73,2020,316769,"italiani"
"587","Maschi",73,2021,315455,"italiani"
"588","Maschi",73,2022,319255,"italiani"
"589","Maschi",73,2023,304050,"italiani"
"590","Maschi",73,2024,299753,"italiani"
"591","Maschi",73,2025,287959,"italiani"
"592","Maschi",73,2026,286839,"italiani"
"593","Maschi",74,2019,247711,"italiani"
"594","Maschi",74,2020,239454,"italiani"
"595","Maschi",74,2021,309135,"italiani"
"596","Maschi",74,2022,307332,"italiani"
"597","Maschi",74,2023,311493,"italiani"
"598","Maschi",74,2024,297275,"italiani"
"599","Maschi",74,2025,293231,"italiani"
"600","Maschi",74,2026,281785,"italiani"
"601","Maschi",75,2019,243708,"italiani"
"602","Maschi",75,2020,241319,"italiani"
"603","Maschi",75,2021,232786,"italiani"
"604","Maschi",75,2022,300317,"italiani"
"605","Maschi",75,2023,298903,"italiani"
"606","Maschi",75,2024,303795,"italiani"
"607","Maschi",75,2025,290054,"italiani"
"608","Maschi",75,2026,286041,"italiani"
"609","Maschi",76,2019,236561,"italiani"
"610","Maschi",76,2020,236672,"italiani"
"611","Maschi",76,2021,233780,"italiani"
"612","Maschi",76,2022,225051,"italiani"
"613","Maschi",76,2023,291165,"italiani"
"614","Maschi",76,2024,290562,"italiani"
"615","Maschi",76,2025,295695,"italiani"
"616","Maschi",76,2026,281957,"italiani"
"617","Maschi",77,2019,231896,"italiani"
"618","Maschi",77,2020,229021,"italiani"
"619","Maschi",77,2021,228229,"italiani"
"620","Maschi",77,2022,225393,"italiani"
"621","Maschi",77,2023,217012,"italiani"
"622","Maschi",77,2024,281919,"italiani"
"623","Maschi",77,2025,281649,"italiani"
"624","Maschi",77,2026,286702,"italiani"
"625","Maschi",78,2019,247740,"italiani"
"626","Maschi",78,2020,223644,"italiani"
"627","Maschi",78,2021,219789,"italiani"
"628","Maschi",78,2022,218914,"italiani"
"629","Maschi",78,2023,216588,"italiani"
"630","Maschi",78,2024,209435,"italiani"
"631","Maschi",78,2025,272277,"italiani"
"632","Maschi",78,2026,272224,"italiani"
"633","Maschi",79,2019,236347,"italiani"
"634","Maschi",79,2020,237747,"italiani"
"635","Maschi",79,2021,213838,"italiani"
"636","Maschi",79,2022,209893,"italiani"
"637","Maschi",79,2023,209324,"italiani"
"638","Maschi",79,2024,208020,"italiani"
"639","Maschi",79,2025,201289,"italiani"
"640","Maschi",79,2026,261805,"italiani"
"641","Maschi",80,2019,218961,"italiani"
"642","Maschi",80,2020,225679,"italiani"
"643","Maschi",80,2021,225518,"italiani"
"644","Maschi",80,2022,203309,"italiani"
"645","Maschi",80,2023,199647,"italiani"
"646","Maschi",80,2024,199989,"italiani"
"647","Maschi",80,2025,198953,"italiani"
"648","Maschi",80,2026,192688,"italiani"
"649","Maschi",81,2019,192674,"italiani"
"650","Maschi",81,2020,208008,"italiani"
"651","Maschi",81,2021,212995,"italiani"
"652","Maschi",81,2022,213258,"italiani"
"653","Maschi",81,2023,192311,"italiani"
"654","Maschi",81,2024,189631,"italiani"
"655","Maschi",81,2025,190275,"italiani"
"656","Maschi",81,2026,189363,"italiani"
"657","Maschi",82,2019,169176,"italiani"
"658","Maschi",82,2020,181645,"italiani"
"659","Maschi",82,2021,194528,"italiani"
"660","Maschi",82,2022,199846,"italiani"
"661","Maschi",82,2023,200071,"italiani"
"662","Maschi",82,2024,181461,"italiani"
"663","Maschi",82,2025,179443,"italiani"
"664","Maschi",82,2026,180063,"italiani"
"665","Maschi",83,2019,162005,"italiani"
"666","Maschi",83,2020,158078,"italiani"
"667","Maschi",83,2021,168104,"italiani"
"668","Maschi",83,2022,180978,"italiani"
"669","Maschi",83,2023,186126,"italiani"
"670","Maschi",83,2024,187270,"italiani"
"671","Maschi",83,2025,170342,"italiani"
"672","Maschi",83,2026,168672,"italiani"
"673","Maschi",84,2019,144449,"italiani"
"674","Maschi",84,2020,149962,"italiani"
"675","Maschi",84,2021,144693,"italiani"
"676","Maschi",84,2022,155102,"italiani"
"677","Maschi",84,2023,166756,"italiani"
"678","Maschi",84,2024,172896,"italiani"
"679","Maschi",84,2025,174415,"italiani"
"680","Maschi",84,2026,158732,"italiani"
"681","Maschi",85,2019,127629,"italiani"
"682","Maschi",85,2020,132055,"italiani"
"683","Maschi",85,2021,135412,"italiani"
"684","Maschi",85,2022,131778,"italiani"
"685","Maschi",85,2023,141371,"italiani"
"686","Maschi",85,2024,153258,"italiani"
"687","Maschi",85,2025,159647,"italiani"
"688","Maschi",85,2026,160814,"italiani"
"689","Maschi",86,2019,109958,"italiani"
"690","Maschi",86,2020,115256,"italiani"
"691","Maschi",86,2021,117651,"italiani"
"692","Maschi",86,2022,121630,"italiani"
"693","Maschi",86,2023,118302,"italiani"
"694","Maschi",86,2024,128404,"italiani"
"695","Maschi",86,2025,139577,"italiani"
"696","Maschi",86,2026,145784,"italiani"
"697","Maschi",87,2019,97321,"italiani"
"698","Maschi",87,2020,97948,"italiani"
"699","Maschi",87,2021,101099,"italiani"
"700","Maschi",87,2022,104090,"italiani"
"701","Maschi",87,2023,107406,"italiani"
"702","Maschi",87,2024,105845,"italiani"
"703","Maschi",87,2025,115281,"italiani"
"704","Maschi",87,2026,126263,"italiani"
"705","Maschi",88,2019,86247,"italiani"
"706","Maschi",88,2020,85323,"italiani"
"707","Maschi",88,2021,84244,"italiani"
"708","Maschi",88,2022,87719,"italiani"
"709","Maschi",88,2023,90465,"italiani"
"710","Maschi",88,2024,94545,"italiani"
"711","Maschi",88,2025,93769,"italiani"
"712","Maschi",88,2026,102860,"italiani"
"713","Maschi",89,2019,66889,"italiani"
"714","Maschi",89,2020,74130,"italiani"
"715","Maschi",89,2021,71866,"italiani"
"716","Maschi",89,2022,71762,"italiani"
"717","Maschi",89,2023,74425,"italiani"
"718","Maschi",89,2024,78129,"italiani"
"719","Maschi",89,2025,82133,"italiani"
"720","Maschi",89,2026,82601,"italiani"
"721","Maschi",90,2019,53672,"italiani"
"722","Maschi",90,2020,56275,"italiani"
"723","Maschi",90,2021,61017,"italiani"
"724","Maschi",90,2022,60119,"italiani"
"725","Maschi",90,2023,59399,"italiani"
"726","Maschi",90,2024,62854,"italiani"
"727","Maschi",90,2025,66520,"italiani"
"728","Maschi",90,2026,70699,"italiani"
"729","Maschi",91,2019,42585,"italiani"
"730","Maschi",91,2020,44149,"italiani"
"731","Maschi",91,2021,45269,"italiani"
"732","Maschi",91,2022,49758,"italiani"
"733","Maschi",91,2023,48638,"italiani"
"734","Maschi",91,2024,49250,"italiani"
"735","Maschi",91,2025,52239,"italiani"
"736","Maschi",91,2026,56230,"italiani"
"737","Maschi",92,2019,32172,"italiani"
"738","Maschi",92,2020,34412,"italiani"
"739","Maschi",92,2021,34365,"italiani"
"740","Maschi",92,2022,35956,"italiani"
"741","Maschi",92,2023,39101,"italiani"
"742","Maschi",92,2024,39038,"italiani"
"743","Maschi",92,2025,40174,"italiani"
"744","Maschi",92,2026,43456,"italiani"
"745","Maschi",93,2019,23920,"italiani"
"746","Maschi",93,2020,25250,"italiani"
"747","Maschi",93,2021,26143,"italiani"
"748","Maschi",93,2022,26615,"italiani"
"749","Maschi",93,2023,27340,"italiani"
"750","Maschi",93,2024,30516,"italiani"
"751","Maschi",93,2025,30899,"italiani"
"752","Maschi",93,2026,32722,"italiani"
"753","Maschi",94,2019,17640,"italiani"
"754","Maschi",94,2020,18095,"italiani"
"755","Maschi",94,2021,18480,"italiani"
"756","Maschi",94,2022,19624,"italiani"
"757","Maschi",94,2023,19479,"italiani"
"758","Maschi",94,2024,20737,"italiani"
"759","Maschi",94,2025,23431,"italiani"
"760","Maschi",94,2026,24478,"italiani"
"761","Maschi",95,2019,12927,"italiani"
"762","Maschi",95,2020,13093,"italiani"
"763","Maschi",95,2021,12842,"italiani"
"764","Maschi",95,2022,13394,"italiani"
"765","Maschi",95,2023,13873,"italiani"
"766","Maschi",95,2024,14351,"italiani"
"767","Maschi",95,2025,15422,"italiani"
"768","Maschi",95,2026,18163,"italiani"
"769","Maschi",96,2019,8703,"italiani"
"770","Maschi",96,2020,9242,"italiani"
"771","Maschi",96,2021,9021,"italiani"
"772","Maschi",96,2022,9037,"italiani"
"773","Maschi",96,2023,9118,"italiani"
"774","Maschi",96,2024,9881,"italiani"
"775","Maschi",96,2025,10264,"italiani"
"776","Maschi",96,2026,11565,"italiani"
"777","Maschi",97,2019,5895,"italiani"
"778","Maschi",97,2020,6077,"italiani"
"779","Maschi",97,2021,6122,"italiani"
"780","Maschi",97,2022,6168,"italiani"
"781","Maschi",97,2023,5839,"italiani"
"782","Maschi",97,2024,6290,"italiani"
"783","Maschi",97,2025,6862,"italiani"
"784","Maschi",97,2026,7637,"italiani"
"785","Maschi",98,2019,3796,"italiani"
"786","Maschi",98,2020,3970,"italiani"
"787","Maschi",98,2021,3960,"italiani"
"788","Maschi",98,2022,4063,"italiani"
"789","Maschi",98,2023,3976,"italiani"
"790","Maschi",98,2024,3893,"italiani"
"791","Maschi",98,2025,4354,"italiani"
"792","Maschi",98,2026,5007,"italiani"
"793","Maschi",99,2019,1594,"italiani"
"794","Maschi",99,2020,2501,"italiani"
"795","Maschi",99,2021,2496,"italiani"
"796","Maschi",99,2022,2538,"italiani"
"797","Maschi",99,2023,2489,"italiani"
"798","Maschi",99,2024,2624,"italiani"
"799","Maschi",99,2025,2535,"italiani"
"800","Maschi",99,2026,3060,"italiani"
"801","Maschi",100,2019,2139,"italiani"
"802","Maschi",100,2020,2287,"italiani"
"803","Maschi",100,2021,2793,"italiani"
"804","Maschi",100,2022,3223,"italiani"
"805","Maschi",100,2023,3361,"italiani"
"806","Maschi",100,2024,3505,"italiani"
"807","Maschi",100,2025,3816,"italiani"
"808","Maschi",100,2026,4178,"italiani"
"809","Femmine",0,2019,179449,"italiani"
"810","Femmine",0,2020,172816,"italiani"
"811","Femmine",0,2021,167327,"italiani"
"812","Femmine",0,2022,168939,"italiani"
"813","Femmine",0,2023,165389,"italiani"
"814","Femmine",0,2024,160297,"italiani"
"815","Femmine",0,2025,156406,"italiani"
"816","Femmine",0,2026,150379,"italiani"
"817","Femmine",1,2019,189633,"italiani"
"818","Femmine",1,2020,182279,"italiani"
"819","Femmine",1,2021,176639,"italiani"
"820","Femmine",1,2022,169812,"italiani"
"821","Femmine",1,2023,171171,"italiani"
"822","Femmine",1,2024,167568,"italiani"
"823","Femmine",1,2025,162629,"italiani"
"824","Femmine",1,2026,157278,"italiani"
"825","Femmine",2,2019,197784,"italiani"
"826","Femmine",2,2020,190623,"italiani"
"827","Femmine",2,2021,184625,"italiani"
"828","Femmine",2,2022,177556,"italiani"
"829","Femmine",2,2023,171803,"italiani"
"830","Femmine",2,2024,172945,"italiani"
"831","Femmine",2,2025,169296,"italiani"
"832","Femmine",2,2026,163453,"italiani"
"833","Femmine",3,2019,203306,"italiani"
"834","Femmine",3,2020,198364,"italiani"
"835","Femmine",3,2021,192958,"italiani"
"836","Femmine",3,2022,185362,"italiani"
"837","Femmine",3,2023,179356,"italiani"
"838","Femmine",3,2024,173415,"italiani"
"839","Femmine",3,2025,174638,"italiani"
"840","Femmine",3,2026,170160,"italiani"
"841","Femmine",4,2019,210167,"italiani"
"842","Femmine",4,2020,203915,"italiani"
"843","Femmine",4,2021,201209,"italiani"
"844","Femmine",4,2022,193576,"italiani"
"845","Femmine",4,2023,187087,"italiani"
"846","Femmine",4,2024,181143,"italiani"
"847","Femmine",4,2025,175183,"italiani"
"848","Femmine",4,2026,175486,"italiani"
"849","Femmine",5,2019,215156,"italiani"
"850","Femmine",5,2020,210781,"italiani"
"851","Femmine",5,2021,206944,"italiani"
"852","Femmine",5,2022,201598,"italiani"
"853","Femmine",5,2023,195350,"italiani"
"854","Femmine",5,2024,188990,"italiani"
"855","Femmine",5,2025,183104,"italiani"
"856","Femmine",5,2026,176060,"italiani"
"857","Femmine",6,2019,225892,"italiani"
"858","Femmine",6,2020,215575,"italiani"
"859","Femmine",6,2021,211980,"italiani"
"860","Femmine",6,2022,207250,"italiani"
"861","Femmine",6,2023,203512,"italiani"
"862","Femmine",6,2024,197010,"italiani"
"863","Femmine",6,2025,190792,"italiani"
"864","Femmine",6,2026,183965,"italiani"
"865","Femmine",7,2019,231451,"italiani"
"866","Femmine",7,2020,226360,"italiani"
"867","Femmine",7,2021,217328,"italiani"
"868","Femmine",7,2022,214189,"italiani"
"869","Femmine",7,2023,209079,"italiani"
"870","Femmine",7,2024,205216,"italiani"
"871","Femmine",7,2025,198877,"italiani"
"872","Femmine",7,2026,191699,"italiani"
"873","Femmine",8,2019,239563,"italiani"
"874","Femmine",8,2020,232015,"italiani"
"875","Femmine",8,2021,228274,"italiani"
"876","Femmine",8,2022,218850,"italiani"
"877","Femmine",8,2023,216060,"italiani"
"878","Femmine",8,2024,210977,"italiani"
"879","Femmine",8,2025,207052,"italiani"
"880","Femmine",8,2026,199822,"italiani"
"881","Femmine",9,2019,244749,"italiani"
"882","Femmine",9,2020,240141,"italiani"
"883","Femmine",9,2021,234452,"italiani"
"884","Femmine",9,2022,229893,"italiani"
"885","Femmine",9,2023,220800,"italiani"
"886","Femmine",9,2024,217889,"italiani"
"887","Femmine",9,2025,212882,"italiani"
"888","Femmine",9,2026,207903,"italiani"
"889","Femmine",10,2019,249852,"italiani"
"890","Femmine",10,2020,245204,"italiani"
"891","Femmine",10,2021,242225,"italiani"
"892","Femmine",10,2022,236014,"italiani"
"893","Femmine",10,2023,231763,"italiani"
"894","Femmine",10,2024,222568,"italiani"
"895","Femmine",10,2025,219720,"italiani"
"896","Femmine",10,2026,213739,"italiani"
"897","Femmine",11,2019,249980,"italiani"
"898","Femmine",11,2020,250181,"italiani"
"899","Femmine",11,2021,247168,"italiani"
"900","Femmine",11,2022,243752,"italiani"
"901","Femmine",11,2023,237820,"italiani"
"902","Femmine",11,2024,233329,"italiani"
"903","Femmine",11,2025,224213,"italiani"
"904","Femmine",11,2026,220644,"italiani"
"905","Femmine",12,2019,251104,"italiani"
"906","Femmine",12,2020,250281,"italiani"
"907","Femmine",12,2021,252019,"italiani"
"908","Femmine",12,2022,248687,"italiani"
"909","Femmine",12,2023,245480,"italiani"
"910","Femmine",12,2024,239272,"italiani"
"911","Femmine",12,2025,234735,"italiani"
"912","Femmine",12,2026,224996,"italiani"
"913","Femmine",13,2019,250936,"italiani"
"914","Femmine",13,2020,251537,"italiani"
"915","Femmine",13,2021,252131,"italiani"
"916","Femmine",13,2022,253420,"italiani"
"917","Femmine",13,2023,250278,"italiani"
"918","Femmine",13,2024,246860,"italiani"
"919","Femmine",13,2025,240505,"italiani"
"920","Femmine",13,2026,235539,"italiani"
"921","Femmine",14,2019,255415,"italiani"
"922","Femmine",14,2020,251262,"italiani"
"923","Femmine",14,2021,253245,"italiani"
"924","Femmine",14,2022,253466,"italiani"
"925","Femmine",14,2023,254912,"italiani"
"926","Femmine",14,2024,251571,"italiani"
"927","Femmine",14,2025,247972,"italiani"
"928","Femmine",14,2026,241242,"italiani"
"929","Femmine",15,2019,254720,"italiani"
"930","Femmine",15,2020,255740,"italiani"
"931","Femmine",15,2021,252889,"italiani"
"932","Femmine",15,2022,254508,"italiani"
"933","Femmine",15,2023,254819,"italiani"
"934","Femmine",15,2024,256081,"italiani"
"935","Femmine",15,2025,252601,"italiani"
"936","Femmine",15,2026,248723,"italiani"
"937","Femmine",16,2019,253421,"italiani"
"938","Femmine",16,2020,254950,"italiani"
"939","Femmine",16,2021,256455,"italiani"
"940","Femmine",16,2022,254056,"italiani"
"941","Femmine",16,2023,255779,"italiani"
"942","Femmine",16,2024,255888,"italiani"
"943","Femmine",16,2025,257045,"italiani"
"944","Femmine",16,2026,253410,"italiani"
"945","Femmine",17,2019,255721,"italiani"
"946","Femmine",17,2020,253738,"italiani"
"947","Femmine",17,2021,255141,"italiani"
"948","Femmine",17,2022,258548,"italiani"
"949","Femmine",17,2023,255197,"italiani"
"950","Femmine",17,2024,256948,"italiani"
"951","Femmine",17,2025,256776,"italiani"
"952","Femmine",17,2026,257740,"italiani"
"953","Femmine",18,2019,261831,"italiani"
"954","Femmine",18,2020,258756,"italiani"
"955","Femmine",18,2021,255713,"italiani"
"956","Femmine",18,2022,257749,"italiani"
"957","Femmine",18,2023,262794,"italiani"
"958","Femmine",18,2024,260245,"italiani"
"959","Femmine",18,2025,262094,"italiani"
"960","Femmine",18,2026,257484,"italiani"
"961","Femmine",19,2019,258873,"italiani"
"962","Femmine",19,2020,263420,"italiani"
"963","Femmine",19,2021,258327,"italiani"
"964","Femmine",19,2022,257090,"italiani"
"965","Femmine",19,2023,260624,"italiani"
"966","Femmine",19,2024,265504,"italiani"
"967","Femmine",19,2025,262472,"italiani"
"968","Femmine",19,2026,262598,"italiani"
"969","Femmine",20,2019,256990,"italiani"
"970","Femmine",20,2020,258646,"italiani"
"971","Femmine",20,2021,261194,"italiani"
"972","Femmine",20,2022,257997,"italiani"
"973","Femmine",20,2023,257778,"italiani"
"974","Femmine",20,2024,260840,"italiani"
"975","Femmine",20,2025,265297,"italiani"
"976","Femmine",20,2026,262961,"italiani"
"977","Femmine",21,2019,255721,"italiani"
"978","Femmine",21,2020,256804,"italiani"
"979","Femmine",21,2021,254364,"italiani"
"980","Femmine",21,2022,259621,"italiani"
"981","Femmine",21,2023,258606,"italiani"
"982","Femmine",21,2024,257948,"italiani"
"983","Femmine",21,2025,261187,"italiani"
"984","Femmine",21,2026,265766,"italiani"
"985","Femmine",22,2019,255582,"italiani"
"986","Femmine",22,2020,255573,"italiani"
"987","Femmine",22,2021,252631,"italiani"
"988","Femmine",22,2022,254488,"italiani"
"989","Femmine",22,2023,260925,"italiani"
"990","Femmine",22,2024,258313,"italiani"
"991","Femmine",22,2025,257925,"italiani"
"992","Femmine",22,2026,261640,"italiani"
"993","Femmine",23,2019,253739,"italiani"
"994","Femmine",23,2020,255511,"italiani"
"995","Femmine",23,2021,251267,"italiani"
"996","Femmine",23,2022,253126,"italiani"
"997","Femmine",23,2023,255810,"italiani"
"998","Femmine",23,2024,260871,"italiani"
"999","Femmine",23,2025,258215,"italiani"
"1000","Femmine",23,2026,258398,"italiani"
"1001","Femmine",24,2019,256467,"italiani"
"1002","Femmine",24,2020,253319,"italiani"
"1003","Femmine",24,2021,251044,"italiani"
"1004","Femmine",24,2022,251747,"italiani"
"1005","Femmine",24,2023,254282,"italiani"
"1006","Femmine",24,2024,255894,"italiani"
"1007","Femmine",24,2025,260628,"italiani"
"1008","Femmine",24,2026,258666,"italiani"
"1009","Femmine",25,2019,261887,"italiani"
"1010","Femmine",25,2020,255850,"italiani"
"1011","Femmine",25,2021,248453,"italiani"
"1012","Femmine",25,2022,251203,"italiani"
"1013","Femmine",25,2023,252414,"italiani"
"1014","Femmine",25,2024,253941,"italiani"
"1015","Femmine",25,2025,255195,"italiani"
"1016","Femmine",25,2026,261000,"italiani"
"1017","Femmine",26,2019,271119,"italiani"
"1018","Femmine",26,2020,260770,"italiani"
"1019","Femmine",26,2021,250584,"italiani"
"1020","Femmine",26,2022,248506,"italiani"
"1021","Femmine",26,2023,251898,"italiani"
"1022","Femmine",26,2024,252092,"italiani"
"1023","Femmine",26,2025,253086,"italiani"
"1024","Femmine",26,2026,255449,"italiani"
"1025","Femmine",27,2019,269399,"italiani"
"1026","Femmine",27,2020,270282,"italiani"
"1027","Femmine",27,2021,255444,"italiani"
"1028","Femmine",27,2022,250951,"italiani"
"1029","Femmine",27,2023,249308,"italiani"
"1030","Femmine",27,2024,251770,"italiani"
"1031","Femmine",27,2025,251503,"italiani"
"1032","Femmine",27,2026,253379,"italiani"
"1033","Femmine",28,2019,271105,"italiani"
"1034","Femmine",28,2020,268712,"italiani"
"1035","Femmine",28,2021,264994,"italiani"
"1036","Femmine",28,2022,256007,"italiani"
"1037","Femmine",28,2023,251899,"italiani"
"1038","Femmine",28,2024,249431,"italiani"
"1039","Femmine",28,2025,251294,"italiani"
"1040","Femmine",28,2026,251842,"italiani"
"1041","Femmine",29,2019,268481,"italiani"
"1042","Femmine",29,2020,270473,"italiani"
"1043","Femmine",29,2021,264000,"italiani"
"1044","Femmine",29,2022,265944,"italiani"
"1045","Femmine",29,2023,257280,"italiani"
"1046","Femmine",29,2024,252340,"italiani"
"1047","Femmine",29,2025,249306,"italiani"
"1048","Femmine",29,2026,251767,"italiani"
"1049","Femmine",30,2019,271759,"italiani"
"1050","Femmine",30,2020,268069,"italiani"
"1051","Femmine",30,2021,266337,"italiani"
"1052","Femmine",30,2022,265088,"italiani"
"1053","Femmine",30,2023,267425,"italiani"
"1054","Femmine",30,2024,258097,"italiani"
"1055","Femmine",30,2025,252544,"italiani"
"1056","Femmine",30,2026,249855,"italiani"
"1057","Femmine",31,2019,263929,"italiani"
"1058","Femmine",31,2020,271535,"italiani"
"1059","Femmine",31,2021,264416,"italiani"
"1060","Femmine",31,2022,267756,"italiani"
"1061","Femmine",31,2023,266747,"italiani"
"1062","Femmine",31,2024,268383,"italiani"
"1063","Femmine",31,2025,258653,"italiani"
"1064","Femmine",31,2026,253254,"italiani"
"1065","Femmine",32,2019,265565,"italiani"
"1066","Femmine",32,2020,264107,"italiani"
"1067","Femmine",32,2021,268646,"italiani"
"1068","Femmine",32,2022,265932,"italiani"
"1069","Femmine",32,2023,269415,"italiani"
"1070","Femmine",32,2024,267951,"italiani"
"1071","Femmine",32,2025,269235,"italiani"
"1072","Femmine",32,2026,259385,"italiani"
"1073","Femmine",33,2019,277115,"italiani"
"1074","Femmine",33,2020,265897,"italiani"
"1075","Femmine",33,2021,261938,"italiani"
"1076","Femmine",33,2022,270244,"italiani"
"1077","Femmine",33,2023,267753,"italiani"
"1078","Femmine",33,2024,270829,"italiani"
"1079","Femmine",33,2025,269151,"italiani"
"1080","Femmine",33,2026,270089,"italiani"
"1081","Femmine",34,2019,282672,"italiani"
"1082","Femmine",34,2020,277556,"italiani"
"1083","Femmine",34,2021,264064,"italiani"
"1084","Femmine",34,2022,263528,"italiani"
"1085","Femmine",34,2023,272250,"italiani"
"1086","Femmine",34,2024,269324,"italiani"
"1087","Femmine",34,2025,272162,"italiani"
"1088","Femmine",34,2026,270104,"italiani"
"1089","Femmine",35,2019,289465,"italiani"
"1090","Femmine",35,2020,283213,"italiani"
"1091","Femmine",35,2021,275902,"italiani"
"1092","Femmine",35,2022,265724,"italiani"
"1093","Femmine",35,2023,265652,"italiani"
"1094","Femmine",35,2024,274075,"italiani"
"1095","Femmine",35,2025,270744,"italiani"
"1096","Femmine",35,2026,273283,"italiani"
"1097","Femmine",36,2019,300542,"italiani"
"1098","Femmine",36,2020,290105,"italiani"
"1099","Femmine",36,2021,282134,"italiani"
"1100","Femmine",36,2022,277636,"italiani"
"1101","Femmine",36,2023,267741,"italiani"
"1102","Femmine",36,2024,267492,"italiani"
"1103","Femmine",36,2025,275786,"italiani"
"1104","Femmine",36,2026,272055,"italiani"
"1105","Femmine",37,2019,304701,"italiani"
"1106","Femmine",37,2020,301243,"italiani"
"1107","Femmine",37,2021,289170,"italiani"
"1108","Femmine",37,2022,283859,"italiani"
"1109","Femmine",37,2023,279722,"italiani"
"1110","Femmine",37,2024,269622,"italiani"
"1111","Femmine",37,2025,269326,"italiani"
"1112","Femmine",37,2026,277225,"italiani"
"1113","Femmine",38,2019,311254,"italiani"
"1114","Femmine",38,2020,305489,"italiani"
"1115","Femmine",38,2021,300751,"italiani"
"1116","Femmine",38,2022,291008,"italiani"
"1117","Femmine",38,2023,286027,"italiani"
"1118","Femmine",38,2024,281733,"italiani"
"1119","Femmine",38,2025,271548,"italiani"
"1120","Femmine",38,2026,270943,"italiani"
"1121","Femmine",39,2019,325179,"italiani"
"1122","Femmine",39,2020,312070,"italiani"
"1123","Femmine",39,2021,305008,"italiani"
"1124","Femmine",39,2022,302489,"italiani"
"1125","Femmine",39,2023,293165,"italiani"
"1126","Femmine",39,2024,287919,"italiani"
"1127","Femmine",39,2025,283618,"italiani"
"1128","Femmine",39,2026,272976,"italiani"
"1129","Femmine",40,2019,346388,"italiani"
"1130","Femmine",40,2020,326092,"italiani"
"1131","Femmine",40,2021,311864,"italiani"
"1132","Femmine",40,2022,306621,"italiani"
"1133","Femmine",40,2023,304622,"italiani"
"1134","Femmine",40,2024,295079,"italiani"
"1135","Femmine",40,2025,289739,"italiani"
"1136","Femmine",40,2026,285155,"italiani"
"1137","Femmine",41,2019,362016,"italiani"
"1138","Femmine",41,2020,347296,"italiani"
"1139","Femmine",41,2021,325744,"italiani"
"1140","Femmine",41,2022,313637,"italiani"
"1141","Femmine",41,2023,308777,"italiani"
"1142","Femmine",41,2024,306366,"italiani"
"1143","Femmine",41,2025,296903,"italiani"
"1144","Femmine",41,2026,291212,"italiani"
"1145","Femmine",42,2019,381362,"italiani"
"1146","Femmine",42,2020,362762,"italiani"
"1147","Femmine",42,2021,346756,"italiani"
"1148","Femmine",42,2022,327516,"italiani"
"1149","Femmine",42,2023,315744,"italiani"
"1150","Femmine",42,2024,310500,"italiani"
"1151","Femmine",42,2025,308133,"italiani"
"1152","Femmine",42,2026,298318,"italiani"
"1153","Femmine",43,2019,403839,"italiani"
"1154","Femmine",43,2020,381979,"italiani"
"1155","Femmine",43,2021,362335,"italiani"
"1156","Femmine",43,2022,348512,"italiani"
"1157","Femmine",43,2023,329517,"italiani"
"1158","Femmine",43,2024,317478,"italiani"
"1159","Femmine",43,2025,312254,"italiani"
"1160","Femmine",43,2026,309490,"italiani"
"1161","Femmine",44,2019,424114,"italiani"
"1162","Femmine",44,2020,404425,"italiani"
"1163","Femmine",44,2021,381290,"italiani"
"1164","Femmine",44,2022,364187,"italiani"
"1165","Femmine",44,2023,350419,"italiani"
"1166","Femmine",44,2024,331313,"italiani"
"1167","Femmine",44,2025,319261,"italiani"
"1168","Femmine",44,2026,313586,"italiani"
"1169","Femmine",45,2019,425461,"italiani"
"1170","Femmine",45,2020,424554,"italiani"
"1171","Femmine",45,2021,403523,"italiani"
"1172","Femmine",45,2022,383229,"italiani"
"1173","Femmine",45,2023,365931,"italiani"
"1174","Femmine",45,2024,352187,"italiani"
"1175","Femmine",45,2025,333008,"italiani"
"1176","Femmine",45,2026,320698,"italiani"
"1177","Femmine",46,2019,429711,"italiani"
"1178","Femmine",46,2020,425907,"italiani"
"1179","Femmine",46,2021,423271,"italiani"
"1180","Femmine",46,2022,405421,"italiani"
"1181","Femmine",46,2023,385001,"italiani"
"1182","Femmine",46,2024,367355,"italiani"
"1183","Femmine",46,2025,353711,"italiani"
"1184","Femmine",46,2026,334364,"italiani"
"1185","Femmine",47,2019,437702,"italiani"
"1186","Femmine",47,2020,430012,"italiani"
"1187","Femmine",47,2021,424312,"italiani"
"1188","Femmine",47,2022,425214,"italiani"
"1189","Femmine",47,2023,407037,"italiani"
"1190","Femmine",47,2024,386445,"italiani"
"1191","Femmine",47,2025,368844,"italiani"
"1192","Femmine",47,2026,354978,"italiani"
"1193","Femmine",48,2019,433560,"italiani"
"1194","Femmine",48,2020,438038,"italiani"
"1195","Femmine",48,2021,428034,"italiani"
"1196","Femmine",48,2022,426299,"italiani"
"1197","Femmine",48,2023,426794,"italiani"
"1198","Femmine",48,2024,408289,"italiani"
"1199","Femmine",48,2025,387851,"italiani"
"1200","Femmine",48,2026,370028,"italiani"
"1201","Femmine",49,2019,447806,"italiani"
"1202","Femmine",49,2020,433862,"italiani"
"1203","Femmine",49,2021,435943,"italiani"
"1204","Femmine",49,2022,430152,"italiani"
"1205","Femmine",49,2023,427731,"italiani"
"1206","Femmine",49,2024,427987,"italiani"
"1207","Femmine",49,2025,409689,"italiani"
"1208","Femmine",49,2026,388917,"italiani"
"1209","Femmine",50,2019,444043,"italiani"
"1210","Femmine",50,2020,448075,"italiani"
"1211","Femmine",50,2021,431439,"italiani"
"1212","Femmine",50,2022,438064,"italiani"
"1213","Femmine",50,2023,431416,"italiani"
"1214","Femmine",50,2024,428878,"italiani"
"1215","Femmine",50,2025,429259,"italiani"
"1216","Femmine",50,2026,410580,"italiani"
"1217","Femmine",51,2019,449491,"italiani"
"1218","Femmine",51,2020,444067,"italiani"
"1219","Femmine",51,2021,445157,"italiani"
"1220","Femmine",51,2022,433451,"italiani"
"1221","Femmine",51,2023,439251,"italiani"
"1222","Femmine",51,2024,432479,"italiani"
"1223","Femmine",51,2025,429895,"italiani"
"1224","Femmine",51,2026,430024,"italiani"
"1225","Femmine",52,2019,460384,"italiani"
"1226","Femmine",52,2020,449531,"italiani"
"1227","Femmine",52,2021,440977,"italiani"
"1228","Femmine",52,2022,447303,"italiani"
"1229","Femmine",52,2023,434484,"italiani"
"1230","Femmine",52,2024,440028,"italiani"
"1231","Femmine",52,2025,433536,"italiani"
"1232","Femmine",52,2026,430576,"italiani"
"1233","Femmine",53,2019,460742,"italiani"
"1234","Femmine",53,2020,460217,"italiani"
"1235","Femmine",53,2021,446201,"italiani"
"1236","Femmine",53,2022,443092,"italiani"
"1237","Femmine",53,2023,448247,"italiani"
"1238","Femmine",53,2024,435265,"italiani"
"1239","Femmine",53,2025,441003,"italiani"
"1240","Femmine",53,2026,434190,"italiani"
"1241","Femmine",54,2019,467806,"italiani"
"1242","Femmine",54,2020,460556,"italiani"
"1243","Femmine",54,2021,456317,"italiani"
"1244","Femmine",54,2022,448258,"italiani"
"1245","Femmine",54,2023,443899,"italiani"
"1246","Femmine",54,2024,448937,"italiani"
"1247","Femmine",54,2025,436105,"italiani"
"1248","Femmine",54,2026,441444,"italiani"
"1249","Femmine",55,2019,439952,"italiani"
"1250","Femmine",55,2020,467467,"italiani"
"1251","Femmine",55,2021,456648,"italiani"
"1252","Femmine",55,2022,458456,"italiani"
"1253","Femmine",55,2023,448876,"italiani"
"1254","Femmine",55,2024,444503,"italiani"
"1255","Femmine",55,2025,449731,"italiani"
"1256","Femmine",55,2026,436474,"italiani"
"1257","Femmine",56,2019,425892,"italiani"
"1258","Femmine",56,2020,439464,"italiani"
"1259","Femmine",56,2021,463261,"italiani"
"1260","Femmine",56,2022,458623,"italiani"
"1261","Femmine",56,2023,458782,"italiani"
"1262","Femmine",56,2024,449368,"italiani"
"1263","Femmine",56,2025,445202,"italiani"
"1264","Femmine",56,2026,449987,"italiani"
"1265","Femmine",57,2019,418548,"italiani"
"1266","Femmine",57,2020,425370,"italiani"
"1267","Femmine",57,2021,435455,"italiani"
"1268","Femmine",57,2022,465148,"italiani"
"1269","Femmine",57,2023,458749,"italiani"
"1270","Femmine",57,2024,458990,"italiani"
"1271","Femmine",57,2025,449895,"italiani"
"1272","Femmine",57,2026,445482,"italiani"
"1273","Femmine",58,2019,404602,"italiani"
"1274","Femmine",58,2020,417856,"italiani"
"1275","Femmine",58,2021,421246,"italiani"
"1276","Femmine",58,2022,437040,"italiani"
"1277","Femmine",58,2023,465280,"italiani"
"1278","Femmine",58,2024,458732,"italiani"
"1279","Femmine",58,2025,459274,"italiani"
"1280","Femmine",58,2026,449853,"italiani"
"1281","Femmine",59,2019,396467,"italiani"
"1282","Femmine",59,2020,403890,"italiani"
"1283","Femmine",59,2021,414036,"italiani"
"1284","Femmine",59,2022,422524,"italiani"
"1285","Femmine",59,2023,437014,"italiani"
"1286","Femmine",59,2024,465139,"italiani"
"1287","Femmine",59,2025,458866,"italiani"
"1288","Femmine",59,2026,458994,"italiani"
"1289","Femmine",60,2019,380042,"italiani"
"1290","Femmine",60,2020,395609,"italiani"
"1291","Femmine",60,2021,400188,"italiani"
"1292","Femmine",60,2022,415086,"italiani"
"1293","Femmine",60,2023,422323,"italiani"
"1294","Femmine",60,2024,436712,"italiani"
"1295","Femmine",60,2025,465181,"italiani"
"1296","Femmine",60,2026,458325,"italiani"
"1297","Femmine",61,2019,378167,"italiani"
"1298","Femmine",61,2020,379071,"italiani"
"1299","Femmine",61,2021,391775,"italiani"
"1300","Femmine",61,2022,400925,"italiani"
"1301","Femmine",61,2023,414693,"italiani"
"1302","Femmine",61,2024,421795,"italiani"
"1303","Femmine",61,2025,436614,"italiani"
"1304","Femmine",61,2026,464332,"italiani"
"1305","Femmine",62,2019,371964,"italiani"
"1306","Femmine",62,2020,377007,"italiani"
"1307","Femmine",62,2021,375367,"italiani"
"1308","Femmine",62,2022,392298,"italiani"
"1309","Femmine",62,2023,400337,"italiani"
"1310","Femmine",62,2024,414121,"italiani"
"1311","Femmine",62,2025,421500,"italiani"
"1312","Femmine",62,2026,435802,"italiani"
"1313","Femmine",63,2019,366457,"italiani"
"1314","Femmine",63,2020,370456,"italiani"
"1315","Femmine",63,2021,373553,"italiani"
"1316","Femmine",63,2022,375512,"italiani"
"1317","Femmine",63,2023,391360,"italiani"
"1318","Femmine",63,2024,399587,"italiani"
"1319","Femmine",63,2025,413587,"italiani"
"1320","Femmine",63,2026,420636,"italiani"
"1321","Femmine",64,2019,363040,"italiani"
"1322","Femmine",64,2020,364887,"italiani"
"1323","Femmine",64,2021,367206,"italiani"
"1324","Femmine",64,2022,373363,"italiani"
"1325","Femmine",64,2023,374424,"italiani"
"1326","Femmine",64,2024,390444,"italiani"
"1327","Femmine",64,2025,398851,"italiani"
"1328","Femmine",64,2026,412371,"italiani"
"1329","Femmine",65,2019,346056,"italiani"
"1330","Femmine",65,2020,361352,"italiani"
"1331","Femmine",65,2021,361910,"italiani"
"1332","Femmine",65,2022,366740,"italiani"
"1333","Femmine",65,2023,372024,"italiani"
"1334","Femmine",65,2024,373277,"italiani"
"1335","Femmine",65,2025,389430,"italiani"
"1336","Femmine",65,2026,397617,"italiani"
"1337","Femmine",66,2019,342228,"italiani"
"1338","Femmine",66,2020,344189,"italiani"
"1339","Femmine",66,2021,358349,"italiani"
"1340","Femmine",66,2022,361156,"italiani"
"1341","Femmine",66,2023,365040,"italiani"
"1342","Femmine",66,2024,370597,"italiani"
"1343","Femmine",66,2025,372058,"italiani"
"1344","Femmine",66,2026,387777,"italiani"
"1345","Femmine",67,2019,342527,"italiani"
"1346","Femmine",67,2020,340279,"italiani"
"1347","Femmine",67,2021,341139,"italiani"
"1348","Femmine",67,2022,356930,"italiani"
"1349","Femmine",67,2023,359264,"italiani"
"1350","Femmine",67,2024,363223,"italiani"
"1351","Femmine",67,2025,369102,"italiani"
"1352","Femmine",67,2026,370369,"italiani"
"1353","Femmine",68,2019,355044,"italiani"
"1354","Femmine",68,2020,340239,"italiani"
"1355","Femmine",68,2021,338808,"italiani"
"1356","Femmine",68,2022,340398,"italiani"
"1357","Femmine",68,2023,354812,"italiani"
"1358","Femmine",68,2024,357353,"italiani"
"1359","Femmine",68,2025,361473,"italiani"
"1360","Femmine",68,2026,367114,"italiani"
"1361","Femmine",69,2019,357694,"italiani"
"1362","Femmine",69,2020,352448,"italiani"
"1363","Femmine",69,2021,338832,"italiani"
"1364","Femmine",69,2022,336035,"italiani"
"1365","Femmine",69,2023,337753,"italiani"
"1366","Femmine",69,2024,353131,"italiani"
"1367","Femmine",69,2025,355412,"italiani"
"1368","Femmine",69,2026,359266,"italiani"
"1369","Femmine",70,2019,374686,"italiani"
"1370","Femmine",70,2020,354749,"italiani"
"1371","Femmine",70,2021,350507,"italiani"
"1372","Femmine",70,2022,335590,"italiani"
"1373","Femmine",70,2023,333180,"italiani"
"1374","Femmine",70,2024,335269,"italiani"
"1375","Femmine",70,2025,350397,"italiani"
"1376","Femmine",70,2026,352867,"italiani"
"1377","Femmine",71,2019,365798,"italiani"
"1378","Femmine",71,2020,371310,"italiani"
"1379","Femmine",71,2021,352312,"italiani"
"1380","Femmine",71,2022,346903,"italiani"
"1381","Femmine",71,2023,332286,"italiani"
"1382","Femmine",71,2024,330213,"italiani"
"1383","Femmine",71,2025,332298,"italiani"
"1384","Femmine",71,2026,347267,"italiani"
"1385","Femmine",72,2019,366174,"italiani"
"1386","Femmine",72,2020,361953,"italiani"
"1387","Femmine",72,2021,368388,"italiani"
"1388","Femmine",72,2022,348249,"italiani"
"1389","Femmine",72,2023,343133,"italiani"
"1390","Femmine",72,2024,328889,"italiani"
"1391","Femmine",72,2025,326871,"italiani"
"1392","Femmine",72,2026,329113,"italiani"
"1393","Femmine",73,2019,281389,"italiani"
"1394","Femmine",73,2020,361899,"italiani"
"1395","Femmine",73,2021,358461,"italiani"
"1396","Femmine",73,2022,363491,"italiani"
"1397","Femmine",73,2023,344081,"italiani"
"1398","Femmine",73,2024,339174,"italiani"
"1399","Femmine",73,2025,325162,"italiani"
"1400","Femmine",73,2026,323233,"italiani"
"1401","Femmine",74,2019,288958,"italiani"
"1402","Femmine",74,2020,277715,"italiani"
"1403","Femmine",74,2021,357800,"italiani"
"1404","Femmine",74,2022,353166,"italiani"
"1405","Femmine",74,2023,358286,"italiani"
"1406","Femmine",74,2024,339640,"italiani"
"1407","Femmine",74,2025,334765,"italiani"
"1408","Femmine",74,2026,321027,"italiani"
"1409","Femmine",75,2019,291433,"italiani"
"1410","Femmine",75,2020,284568,"italiani"
"1411","Femmine",75,2021,273896,"italiani"
"1412","Femmine",75,2022,351699,"italiani"
"1413","Femmine",75,2023,347500,"italiani"
"1414","Femmine",75,2024,352930,"italiani"
"1415","Femmine",75,2025,334763,"italiani"
"1416","Femmine",75,2026,329925,"italiani"
"1417","Femmine",76,2019,287447,"italiani"
"1418","Femmine",76,2020,286630,"italiani"
"1419","Femmine",76,2021,280071,"italiani"
"1420","Femmine",76,2022,268686,"italiani"
"1421","Femmine",76,2023,345307,"italiani"
"1422","Femmine",76,2024,341568,"italiani"
"1423","Femmine",76,2025,347176,"italiani"
"1424","Femmine",76,2026,329117,"italiani"
"1425","Femmine",77,2019,287953,"italiani"
"1426","Femmine",77,2020,282014,"italiani"
"1427","Femmine",77,2021,281253,"italiani"
"1428","Femmine",77,2022,274158,"italiani"
"1429","Femmine",77,2023,263000,"italiani"
"1430","Femmine",77,2024,338651,"italiani"
"1431","Femmine",77,2025,335309,"italiani"
"1432","Femmine",77,2026,341002,"italiani"
"1433","Femmine",78,2019,313457,"italiani"
"1434","Femmine",78,2020,281902,"italiani"
"1435","Femmine",78,2021,275902,"italiani"
"1436","Femmine",78,2022,274499,"italiani"
"1437","Femmine",78,2023,267656,"italiani"
"1438","Femmine",78,2024,257013,"italiani"
"1439","Femmine",78,2025,331523,"italiani"
"1440","Femmine",78,2026,328495,"italiani"
"1441","Femmine",79,2019,303906,"italiani"
"1442","Femmine",79,2020,305833,"italiani"
"1443","Femmine",79,2021,274794,"italiani"
"1444","Femmine",79,2022,268324,"italiani"
"1445","Femmine",79,2023,266918,"italiani"
"1446","Femmine",79,2024,260994,"italiani"
"1447","Femmine",79,2025,250897,"italiani"
"1448","Femmine",79,2026,323484,"italiani"
"1449","Femmine",80,2019,290777,"italiani"
"1450","Femmine",80,2020,295471,"italiani"
"1451","Femmine",80,2021,296774,"italiani"
"1452","Femmine",80,2022,266376,"italiani"
"1453","Femmine",80,2023,259935,"italiani"
"1454","Femmine",80,2024,259086,"italiani"
"1455","Femmine",80,2025,253663,"italiani"
"1456","Femmine",80,2026,243849,"italiani"
"1457","Femmine",81,2019,263438,"italiani"
"1458","Femmine",81,2020,281298,"italiani"
"1459","Femmine",81,2021,285447,"italiani"
"1460","Femmine",81,2022,286445,"italiani"
"1461","Femmine",81,2023,257091,"italiani"
"1462","Femmine",81,2024,251397,"italiani"
"1463","Femmine",81,2025,250656,"italiani"
"1464","Femmine",81,2026,245294,"italiani"
"1465","Femmine",82,2019,242028,"italiani"
"1466","Femmine",82,2020,253535,"italiani"
"1467","Femmine",82,2021,270086,"italiani"
"1468","Femmine",82,2022,274011,"italiani"
"1469","Femmine",82,2023,274879,"italiani"
"1470","Femmine",82,2024,247459,"italiani"
"1471","Femmine",82,2025,242191,"italiani"
"1472","Femmine",82,2026,241432,"italiani"
"1473","Femmine",83,2019,238739,"italiani"
"1474","Femmine",83,2020,231485,"italiani"
"1475","Femmine",83,2021,241635,"italiani"
"1476","Femmine",83,2022,257481,"italiani"
"1477","Femmine",83,2023,261353,"italiani"
"1478","Femmine",83,2024,262874,"italiani"
"1479","Femmine",83,2025,237175,"italiani"
"1480","Femmine",83,2026,231929,"italiani"
"1481","Femmine",84,2019,222855,"italiani"
"1482","Femmine",84,2020,226848,"italiani"
"1483","Femmine",84,2021,218450,"italiani"
"1484","Femmine",84,2022,228536,"italiani"
"1485","Femmine",84,2023,243581,"italiani"
"1486","Femmine",84,2024,248382,"italiani"
"1487","Femmine",84,2025,250163,"italiani"
"1488","Femmine",84,2026,225431,"italiani"
"1489","Femmine",85,2019,205606,"italiani"
"1490","Femmine",85,2020,209884,"italiani"
"1491","Femmine",85,2021,212131,"italiani"
"1492","Femmine",85,2022,204632,"italiani"
"1493","Femmine",85,2023,214266,"italiani"
"1494","Femmine",85,2024,229613,"italiani"
"1495","Femmine",85,2025,234677,"italiani"
"1496","Femmine",85,2026,235752,"italiani"
"1497","Femmine",86,2019,188484,"italiani"
"1498","Femmine",86,2020,191665,"italiani"
"1499","Femmine",86,2021,194093,"italiani"
"1500","Femmine",86,2022,196735,"italiani"
"1501","Femmine",86,2023,189512,"italiani"
"1502","Femmine",86,2024,199812,"italiani"
"1503","Femmine",86,2025,214870,"italiani"
"1504","Femmine",86,2026,219292,"italiani"
"1505","Femmine",87,2019,174815,"italiani"
"1506","Femmine",87,2020,173791,"italiani"
"1507","Femmine",87,2021,174843,"italiani"
"1508","Femmine",87,2022,177786,"italiani"
"1509","Femmine",87,2023,179880,"italiani"
"1510","Femmine",87,2024,174520,"italiani"
"1511","Femmine",87,2025,184843,"italiani"
"1512","Femmine",87,2026,199238,"italiani"
"1513","Femmine",88,2019,166592,"italiani"
"1514","Femmine",88,2020,159055,"italiani"
"1515","Femmine",88,2021,156425,"italiani"
"1516","Femmine",88,2022,157910,"italiani"
"1517","Femmine",88,2023,159948,"italiani"
"1518","Femmine",88,2024,163394,"italiani"
"1519","Femmine",88,2025,159324,"italiani"
"1520","Femmine",88,2026,169756,"italiani"
"1521","Femmine",89,2019,137009,"italiani"
"1522","Femmine",89,2020,149277,"italiani"
"1523","Femmine",89,2021,140513,"italiani"
"1524","Femmine",89,2022,139248,"italiani"
"1525","Femmine",89,2023,139701,"italiani"
"1526","Femmine",89,2024,143631,"italiani"
"1527","Femmine",89,2025,147056,"italiani"
"1528","Femmine",89,2026,143990,"italiani"
"1529","Femmine",90,2019,119444,"italiani"
"1530","Femmine",90,2020,120944,"italiani"
"1531","Femmine",90,2021,129509,"italiani"
"1532","Femmine",90,2022,122966,"italiani"
"1533","Femmine",90,2023,121137,"italiani"
"1534","Femmine",90,2024,122796,"italiani"
"1535","Femmine",90,2025,127078,"italiani"
"1536","Femmine",90,2026,130938,"italiani"
"1537","Femmine",91,2019,102055,"italiani"
"1538","Femmine",91,2020,103408,"italiani"
"1539","Femmine",91,2021,102642,"italiani"
"1540","Femmine",91,2022,110996,"italiani"
"1541","Femmine",91,2023,104532,"italiani"
"1542","Femmine",91,2024,104506,"italiani"
"1543","Femmine",91,2025,106725,"italiani"
"1544","Femmine",91,2026,110584,"italiani"
"1545","Femmine",92,2019,83834,"italiani"
"1546","Femmine",92,2020,86395,"italiani"
"1547","Femmine",92,2021,85335,"italiani"
"1548","Femmine",92,2022,86234,"italiani"
"1549","Femmine",92,2023,92383,"italiani"
"1550","Femmine",92,2024,88477,"italiani"
"1551","Femmine",92,2025,88821,"italiani"
"1552","Femmine",92,2026,91725,"italiani"
"1553","Femmine",93,2019,67981,"italiani"
"1554","Femmine",93,2020,69610,"italiani"
"1555","Femmine",93,2021,69726,"italiani"
"1556","Femmine",93,2022,69979,"italiani"
"1557","Femmine",93,2023,69971,"italiani"
"1558","Femmine",93,2024,76418,"italiani"
"1559","Femmine",93,2025,73609,"italiani"
"1560","Femmine",93,2026,74776,"italiani"
"1561","Femmine",94,2019,53572,"italiani"
"1562","Femmine",94,2020,55005,"italiani"
"1563","Femmine",94,2021,54453,"italiani"
"1564","Femmine",94,2022,55565,"italiani"
"1565","Femmine",94,2023,54818,"italiani"
"1566","Femmine",94,2024,56250,"italiani"
"1567","Femmine",94,2025,61984,"italiani"
"1568","Femmine",94,2026,60731,"italiani"
"1569","Femmine",95,2019,41696,"italiani"
"1570","Femmine",95,2020,42316,"italiani"
"1571","Femmine",95,2021,41788,"italiani"
"1572","Femmine",95,2022,42436,"italiani"
"1573","Femmine",95,2023,42312,"italiani"
"1574","Femmine",95,2024,42857,"italiani"
"1575","Femmine",95,2025,44369,"italiani"
"1576","Femmine",95,2026,50032,"italiani"
"1577","Femmine",96,2019,30952,"italiani"
"1578","Femmine",96,2020,31984,"italiani"
"1579","Femmine",96,2021,31113,"italiani"
"1580","Femmine",96,2022,31605,"italiani"
"1581","Femmine",96,2023,31322,"italiani"
"1582","Femmine",96,2024,31955,"italiani"
"1583","Femmine",96,2025,32861,"italiani"
"1584","Femmine",96,2026,34888,"italiani"
"1585","Femmine",97,2019,22822,"italiani"
"1586","Femmine",97,2020,23080,"italiani"
"1587","Femmine",97,2021,22757,"italiani"
"1588","Femmine",97,2022,22882,"italiani"
"1589","Femmine",97,2023,22449,"italiani"
"1590","Femmine",97,2024,22925,"italiani"
"1591","Femmine",97,2025,23761,"italiani"
"1592","Femmine",97,2026,25304,"italiani"
"1593","Femmine",98,2019,15726,"italiani"
"1594","Femmine",98,2020,16490,"italiani"
"1595","Femmine",98,2021,16040,"italiani"
"1596","Femmine",98,2022,16311,"italiani"
"1597","Femmine",98,2023,15760,"italiani"
"1598","Femmine",98,2024,16133,"italiani"
"1599","Femmine",98,2025,16662,"italiani"
"1600","Femmine",98,2026,17784,"italiani"
"1601","Femmine",99,2019,7327,"italiani"
"1602","Femmine",99,2020,10821,"italiani"
"1603","Femmine",99,2021,11058,"italiani"
"1604","Femmine",99,2022,11108,"italiani"
"1605","Femmine",99,2023,10788,"italiani"
"1606","Femmine",99,2024,11102,"italiani"
"1607","Femmine",99,2025,11296,"italiani"
"1608","Femmine",99,2026,12092,"italiani"
"1609","Femmine",100,2019,11873,"italiani"
"1610","Femmine",100,2020,12379,"italiani"
"1611","Femmine",100,2021,14209,"italiani"
"1612","Femmine",100,2022,16297,"italiani"
"1613","Femmine",100,2023,16831,"italiani"
"1614","Femmine",100,2024,17427,"italiani"
"1615","Femmine",100,2025,18411,"italiani"
"1616","Femmine",100,2026,20098,"italiani"
"1617","Maschi",0,2002,241474,"italiani"
"1618","Maschi",0,2003,241042,"italiani"
"1619","Maschi",0,2004,243596,"italiani"
"1620","Maschi",0,2005,238100,"italiani"
"1621","Maschi",0,2006,231486,"italiani"
"1622","Maschi",0,2007,228528,"italiani"
"1623","Maschi",0,2008,223424,"italiani"
"1624","Maschi",0,2009,220046,"italiani"
"1625","Maschi",0,2010,211927,"italiani"
"1626","Maschi",0,2011,207706,"italiani"
"1627","Maschi",0,2012,198595,"italiani"
"1628","Maschi",0,2013,190536,"italiani"
"1629","Maschi",0,2014,182421,"italiani"
"1630","Maschi",0,2015,179434,"italiani"
"1631","Maschi",0,2016,174340,"italiani"
"1632","Maschi",0,2017,170316,"italiani"
"1633","Maschi",0,2018,165095,"italiani"
"1634","Maschi",1,2002,246904,"italiani"
"1635","Maschi",1,2003,241855,"italiani"
"1636","Maschi",1,2004,240743,"italiani"
"1637","Maschi",1,2005,242820,"italiani"
"1638","Maschi",1,2006,238034,"italiani"
"1639","Maschi",1,2007,231660,"italiani"
"1640","Maschi",1,2008,227872,"italiani"
"1641","Maschi",1,2009,222872,"italiani"
"1642","Maschi",1,2010,219218,"italiani"
"1643","Maschi",1,2011,211770,"italiani"
"1644","Maschi",1,2012,207519,"italiani"
"1645","Maschi",1,2013,197085,"italiani"
"1646","Maschi",1,2014,190582,"italiani"
"1647","Maschi",1,2015,183316,"italiani"
"1648","Maschi",1,2016,181940,"italiani"
"1649","Maschi",1,2017,178051,"italiani"
"1650","Maschi",1,2018,172934,"italiani"
"1651","Maschi",2,2002,248244,"italiani"
"1652","Maschi",2,2003,247222,"italiani"
"1653","Maschi",2,2004,242024,"italiani"
"1654","Maschi",2,2005,240420,"italiani"
"1655","Maschi",2,2006,242019,"italiani"
"1656","Maschi",2,2007,237842,"italiani"
"1657","Maschi",2,2008,230806,"italiani"
"1658","Maschi",2,2009,226908,"italiani"
"1659","Maschi",2,2010,222610,"italiani"
"1660","Maschi",2,2011,218772,"italiani"
"1661","Maschi",2,2012,211544,"italiani"
"1662","Maschi",2,2013,205863,"italiani"
"1663","Maschi",2,2014,197513,"italiani"
"1664","Maschi",2,2015,192237,"italiani"
"1665","Maschi",2,2016,186757,"italiani"
"1666","Maschi",2,2017,185899,"italiani"
"1667","Maschi",2,2018,180655,"italiani"
"1668","Maschi",3,2002,247164,"italiani"
"1669","Maschi",3,2003,248248,"italiani"
"1670","Maschi",3,2004,247682,"italiani"
"1671","Maschi",3,2005,241892,"italiani"
"1672","Maschi",3,2006,239985,"italiani"
"1673","Maschi",3,2007,241697,"italiani"
"1674","Maschi",3,2008,236714,"italiani"
"1675","Maschi",3,2009,229847,"italiani"
"1676","Maschi",3,2010,226532,"italiani"
"1677","Maschi",3,2011,222510,"italiani"
"1678","Maschi",3,2012,217987,"italiani"
"1679","Maschi",3,2013,209829,"italiani"
"1680","Maschi",3,2014,206423,"italiani"
"1681","Maschi",3,2015,199529,"italiani"
"1682","Maschi",3,2016,195986,"italiani"
"1683","Maschi",3,2017,191019,"italiani"
"1684","Maschi",3,2018,187941,"italiani"
"1685","Maschi",4,2002,246433,"italiani"
"1686","Maschi",4,2003,247416,"italiani"
"1687","Maschi",4,2004,248178,"italiani"
"1688","Maschi",4,2005,247712,"italiani"
"1689","Maschi",4,2006,241567,"italiani"
"1690","Maschi",4,2007,239717,"italiani"
"1691","Maschi",4,2008,240427,"italiani"
"1692","Maschi",4,2009,235609,"italiani"
"1693","Maschi",4,2010,229443,"italiani"
"1694","Maschi",4,2011,226373,"italiani"
"1695","Maschi",4,2012,222203,"italiani"
"1696","Maschi",4,2013,216690,"italiani"
"1697","Maschi",4,2014,210365,"italiani"
"1698","Maschi",4,2015,208474,"italiani"
"1699","Maschi",4,2016,203442,"italiani"
"1700","Maschi",4,2017,200891,"italiani"
"1701","Maschi",4,2018,193707,"italiani"
"1702","Maschi",5,2002,251165,"italiani"
"1703","Maschi",5,2003,246615,"italiani"
"1704","Maschi",5,2004,247702,"italiani"
"1705","Maschi",5,2005,247614,"italiani"
"1706","Maschi",5,2006,247331,"italiani"
"1707","Maschi",5,2007,241594,"italiani"
"1708","Maschi",5,2008,238510,"italiani"
"1709","Maschi",5,2009,239293,"italiani"
"1710","Maschi",5,2010,235142,"italiani"
"1711","Maschi",5,2011,229588,"italiani"
"1712","Maschi",5,2012,225879,"italiani"
"1713","Maschi",5,2013,221213,"italiani"
"1714","Maschi",5,2014,217598,"italiani"
"1715","Maschi",5,2015,212864,"italiani"
"1716","Maschi",5,2016,212284,"italiani"
"1717","Maschi",5,2017,208779,"italiani"
"1718","Maschi",5,2018,203929,"italiani"
"1719","Maschi",6,2002,251377,"italiani"
"1720","Maschi",6,2003,251186,"italiani"
"1721","Maschi",6,2004,246750,"italiani"
"1722","Maschi",6,2005,247480,"italiani"
"1723","Maschi",6,2006,246792,"italiani"
"1724","Maschi",6,2007,247275,"italiani"
"1725","Maschi",6,2008,240634,"italiani"
"1726","Maschi",6,2009,237434,"italiani"
"1727","Maschi",6,2010,238864,"italiani"
"1728","Maschi",6,2011,235100,"italiani"
"1729","Maschi",6,2012,229205,"italiani"
"1730","Maschi",6,2013,224822,"italiani"
"1731","Maschi",6,2014,222901,"italiani"
"1732","Maschi",6,2015,220434,"italiani"
"1733","Maschi",6,2016,217387,"italiani"
"1734","Maschi",6,2017,218182,"italiani"
"1735","Maschi",6,2018,211873,"italiani"
"1736","Maschi",7,2002,253314,"italiani"
"1737","Maschi",7,2003,251221,"italiani"
"1738","Maschi",7,2004,251208,"italiani"
"1739","Maschi",7,2005,246645,"italiani"
"1740","Maschi",7,2006,246963,"italiani"
"1741","Maschi",7,2007,246285,"italiani"
"1742","Maschi",7,2008,246233,"italiani"
"1743","Maschi",7,2009,239882,"italiani"
"1744","Maschi",7,2010,236993,"italiani"
"1745","Maschi",7,2011,238676,"italiani"
"1746","Maschi",7,2012,234455,"italiani"
"1747","Maschi",7,2013,228744,"italiani"
"1748","Maschi",7,2014,226550,"italiani"
"1749","Maschi",7,2015,225823,"italiani"
"1750","Maschi",7,2016,224915,"italiani"
"1751","Maschi",7,2017,223858,"italiani"
"1752","Maschi",7,2018,221761,"italiani"
"1753","Maschi",8,2002,261250,"italiani"
"1754","Maschi",8,2003,253321,"italiani"
"1755","Maschi",8,2004,251054,"italiani"
"1756","Maschi",8,2005,250758,"italiani"
"1757","Maschi",8,2006,246118,"italiani"
"1758","Maschi",8,2007,246689,"italiani"
"1759","Maschi",8,2008,244856,"italiani"
"1760","Maschi",8,2009,245736,"italiani"
"1761","Maschi",8,2010,239838,"italiani"
"1762","Maschi",8,2011,237088,"italiani"
"1763","Maschi",8,2012,238104,"italiani"
"1764","Maschi",8,2013,234352,"italiani"
"1765","Maschi",8,2014,230842,"italiani"
"1766","Maschi",8,2015,229789,"italiani"
"1767","Maschi",8,2016,229918,"italiani"
"1768","Maschi",8,2017,230460,"italiani"
"1769","Maschi",8,2018,227652,"italiani"
"1770","Maschi",9,2002,273775,"italiani"
"1771","Maschi",9,2003,261201,"italiani"
"1772","Maschi",9,2004,253397,"italiani"
"1773","Maschi",9,2005,250502,"italiani"
"1774","Maschi",9,2006,249976,"italiani"
"1775","Maschi",9,2007,245866,"italiani"
"1776","Maschi",9,2008,245670,"italiani"
"1777","Maschi",9,2009,243685,"italiani"
"1778","Maschi",9,2010,245562,"italiani"
"1779","Maschi",9,2011,240161,"italiani"
"1780","Maschi",9,2012,236397,"italiani"
"1781","Maschi",9,2013,237929,"italiani"
"1782","Maschi",9,2014,236542,"italiani"
"1783","Maschi",9,2015,234046,"italiani"
"1784","Maschi",9,2016,234094,"italiani"
"1785","Maschi",9,2017,234978,"italiani"
"1786","Maschi",9,2018,233710,"italiani"
"1787","Maschi",10,2002,276672,"italiani"
"1788","Maschi",10,2003,273626,"italiani"
"1789","Maschi",10,2004,261042,"italiani"
"1790","Maschi",10,2005,252602,"italiani"
"1791","Maschi",10,2006,249561,"italiani"
"1792","Maschi",10,2007,249491,"italiani"
"1793","Maschi",10,2008,244813,"italiani"
"1794","Maschi",10,2009,244781,"italiani"
"1795","Maschi",10,2010,243182,"italiani"
"1796","Maschi",10,2011,245585,"italiani"
"1797","Maschi",10,2012,239660,"italiani"
"1798","Maschi",10,2013,236408,"italiani"
"1799","Maschi",10,2014,239981,"italiani"
"1800","Maschi",10,2015,239613,"italiani"
"1801","Maschi",10,2016,238035,"italiani"
"1802","Maschi",10,2017,238814,"italiani"
"1803","Maschi",10,2018,237278,"italiani"
"1804","Maschi",11,2002,279394,"italiani"
"1805","Maschi",11,2003,276039,"italiani"
"1806","Maschi",11,2004,273233,"italiani"
"1807","Maschi",11,2005,260254,"italiani"
"1808","Maschi",11,2006,251880,"italiani"
"1809","Maschi",11,2007,248934,"italiani"
"1810","Maschi",11,2008,248183,"italiani"
"1811","Maschi",11,2009,243950,"italiani"
"1812","Maschi",11,2010,244300,"italiani"
"1813","Maschi",11,2011,242669,"italiani"
"1814","Maschi",11,2012,244934,"italiani"
"1815","Maschi",11,2013,239721,"italiani"
"1816","Maschi",11,2014,238377,"italiani"
"1817","Maschi",11,2015,242701,"italiani"
"1818","Maschi",11,2016,243390,"italiani"
"1819","Maschi",11,2017,241831,"italiani"
"1820","Maschi",11,2018,240695,"italiani"
"1821","Maschi",12,2002,274088,"italiani"
"1822","Maschi",12,2003,278825,"italiani"
"1823","Maschi",12,2004,275287,"italiani"
"1824","Maschi",12,2005,272297,"italiani"
"1825","Maschi",12,2006,259305,"italiani"
"1826","Maschi",12,2007,251396,"italiani"
"1827","Maschi",12,2008,247482,"italiani"
"1828","Maschi",12,2009,246890,"italiani"
"1829","Maschi",12,2010,243395,"italiani"
"1830","Maschi",12,2011,244221,"italiani"
"1831","Maschi",12,2012,241759,"italiani"
"1832","Maschi",12,2013,244150,"italiani"
"1833","Maschi",12,2014,241220,"italiani"
"1834","Maschi",12,2015,241116,"italiani"
"1835","Maschi",12,2016,245856,"italiani"
"1836","Maschi",12,2017,246453,"italiani"
"1837","Maschi",12,2018,243116,"italiani"
"1838","Maschi",13,2002,277764,"italiani"
"1839","Maschi",13,2003,273819,"italiani"
"1840","Maschi",13,2004,278024,"italiani"
"1841","Maschi",13,2005,273775,"italiani"
"1842","Maschi",13,2006,271023,"italiani"
"1843","Maschi",13,2007,258628,"italiani"
"1844","Maschi",13,2008,250123,"italiani"
"1845","Maschi",13,2009,246024,"italiani"
"1846","Maschi",13,2010,246183,"italiani"
"1847","Maschi",13,2011,243244,"italiani"
"1848","Maschi",13,2012,243588,"italiani"
"1849","Maschi",13,2013,241046,"italiani"
"1850","Maschi",13,2014,245123,"italiani"
"1851","Maschi",13,2015,243628,"italiani"
"1852","Maschi",13,2016,243885,"italiani"
"1853","Maschi",13,2017,248863,"italiani"
"1854","Maschi",13,2018,247323,"italiani"
"1855","Maschi",14,2002,267061,"italiani"
"1856","Maschi",14,2003,277770,"italiani"
"1857","Maschi",14,2004,273348,"italiani"
"1858","Maschi",14,2005,276809,"italiani"
"1859","Maschi",14,2006,272233,"italiani"
"1860","Maschi",14,2007,270219,"italiani"
"1861","Maschi",14,2008,257274,"italiani"
"1862","Maschi",14,2009,248803,"italiani"
"1863","Maschi",14,2010,245026,"italiani"
"1864","Maschi",14,2011,245709,"italiani"
"1865","Maschi",14,2012,242560,"italiani"
"1866","Maschi",14,2013,242914,"italiani"
"1867","Maschi",14,2014,241904,"italiani"
"1868","Maschi",14,2015,246564,"italiani"
"1869","Maschi",14,2016,246462,"italiani"
"1870","Maschi",14,2017,246443,"italiani"
"1871","Maschi",14,2018,248817,"italiani"
"1872","Maschi",15,2002,273932,"italiani"
"1873","Maschi",15,2003,267276,"italiani"
"1874","Maschi",15,2004,277449,"italiani"
"1875","Maschi",15,2005,272241,"italiani"
"1876","Maschi",15,2006,275132,"italiani"
"1877","Maschi",15,2007,270906,"italiani"
"1878","Maschi",15,2008,268708,"italiani"
"1879","Maschi",15,2009,255750,"italiani"
"1880","Maschi",15,2010,247881,"italiani"
"1881","Maschi",15,2011,244355,"italiani"
"1882","Maschi",15,2012,244660,"italiani"
"1883","Maschi",15,2013,241958,"italiani"
"1884","Maschi",15,2014,243509,"italiani"
"1885","Maschi",15,2015,242812,"italiani"
"1886","Maschi",15,2016,248145,"italiani"
"1887","Maschi",15,2017,248457,"italiani"
"1888","Maschi",15,2018,246445,"italiani"
"1889","Maschi",16,2002,282972,"italiani"
"1890","Maschi",16,2003,273211,"italiani"
"1891","Maschi",16,2004,267074,"italiani"
"1892","Maschi",16,2005,276397,"italiani"
"1893","Maschi",16,2006,270653,"italiani"
"1894","Maschi",16,2007,273586,"italiani"
"1895","Maschi",16,2008,268909,"italiani"
"1896","Maschi",16,2009,266805,"italiani"
"1897","Maschi",16,2010,254391,"italiani"
"1898","Maschi",16,2011,247127,"italiani"
"1899","Maschi",16,2012,243192,"italiani"
"1900","Maschi",16,2013,243519,"italiani"
"1901","Maschi",16,2014,242488,"italiani"
"1902","Maschi",16,2015,244412,"italiani"
"1903","Maschi",16,2016,244064,"italiani"
"1904","Maschi",16,2017,249721,"italiani"
"1905","Maschi",16,2018,248350,"italiani"
"1906","Maschi",17,2002,286266,"italiani"
"1907","Maschi",17,2003,282152,"italiani"
"1908","Maschi",17,2004,272187,"italiani"
"1909","Maschi",17,2005,265907,"italiani"
"1910","Maschi",17,2006,274636,"italiani"
"1911","Maschi",17,2007,268874,"italiani"
"1912","Maschi",17,2008,271243,"italiani"
"1913","Maschi",17,2009,266239,"italiani"
"1914","Maschi",17,2010,264823,"italiani"
"1915","Maschi",17,2011,253229,"italiani"
"1916","Maschi",17,2012,245640,"italiani"
"1917","Maschi",17,2013,241778,"italiani"
"1918","Maschi",17,2014,243344,"italiani"
"1919","Maschi",17,2015,243374,"italiani"
"1920","Maschi",17,2016,245576,"italiani"
"1921","Maschi",17,2017,244866,"italiani"
"1922","Maschi",17,2018,248245,"italiani"
"1923","Maschi",18,2002,293918,"italiani"
"1924","Maschi",18,2003,285064,"italiani"
"1925","Maschi",18,2004,280451,"italiani"
"1926","Maschi",18,2005,269740,"italiani"
"1927","Maschi",18,2006,264126,"italiani"
"1928","Maschi",18,2007,272598,"italiani"
"1929","Maschi",18,2008,266093,"italiani"
"1930","Maschi",18,2009,268396,"italiani"
"1931","Maschi",18,2010,263986,"italiani"
"1932","Maschi",18,2011,264137,"italiani"
"1933","Maschi",18,2012,253566,"italiani"
"1934","Maschi",18,2013,246257,"italiani"
"1935","Maschi",18,2014,244132,"italiani"
"1936","Maschi",18,2015,246875,"italiani"
"1937","Maschi",18,2016,246289,"italiani"
"1938","Maschi",18,2017,246477,"italiani"
"1939","Maschi",18,2018,242181,"italiani"
"1940","Maschi",19,2002,305287,"italiani"
"1941","Maschi",19,2003,293183,"italiani"
"1942","Maschi",19,2004,282876,"italiani"
"1943","Maschi",19,2005,278708,"italiani"
"1944","Maschi",19,2006,268065,"italiani"
"1945","Maschi",19,2007,262960,"italiani"
"1946","Maschi",19,2008,269195,"italiani"
"1947","Maschi",19,2009,262505,"italiani"
"1948","Maschi",19,2010,265501,"italiani"
"1949","Maschi",19,2011,262049,"italiani"
"1950","Maschi",19,2012,262655,"italiani"
"1951","Maschi",19,2013,253217,"italiani"
"1952","Maschi",19,2014,245387,"italiani"
"1953","Maschi",19,2015,244076,"italiani"
"1954","Maschi",19,2016,245187,"italiani"
"1955","Maschi",19,2017,241740,"italiani"
"1956","Maschi",19,2018,238156,"italiani"
"1957","Maschi",20,2002,309548,"italiani"
"1958","Maschi",20,2003,304461,"italiani"
"1959","Maschi",20,2004,290282,"italiani"
"1960","Maschi",20,2005,280802,"italiani"
"1961","Maschi",20,2006,277984,"italiani"
"1962","Maschi",20,2007,267021,"italiani"
"1963","Maschi",20,2008,258804,"italiani"
"1964","Maschi",20,2009,265295,"italiani"
"1965","Maschi",20,2010,259400,"italiani"
"1966","Maschi",20,2011,263003,"italiani"
"1967","Maschi",20,2012,259848,"italiani"
"1968","Maschi",20,2013,259856,"italiani"
"1969","Maschi",20,2014,251096,"italiani"
"1970","Maschi",20,2015,243688,"italiani"
"1971","Maschi",20,2016,241132,"italiani"
"1972","Maschi",20,2017,239928,"italiani"
"1973","Maschi",20,2018,234669,"italiani"
"1974","Maschi",21,2002,316045,"italiani"
"1975","Maschi",21,2003,308621,"italiani"
"1976","Maschi",21,2004,300097,"italiani"
"1977","Maschi",21,2005,287658,"italiani"
"1978","Maschi",21,2006,280229,"italiani"
"1979","Maschi",21,2007,277089,"italiani"
"1980","Maschi",21,2008,261532,"italiani"
"1981","Maschi",21,2009,254364,"italiani"
"1982","Maschi",21,2010,262399,"italiani"
"1983","Maschi",21,2011,256622,"italiani"
"1984","Maschi",21,2012,260516,"italiani"
"1985","Maschi",21,2013,256886,"italiani"
"1986","Maschi",21,2014,257897,"italiani"
"1987","Maschi",21,2015,249587,"italiani"
"1988","Maschi",21,2016,241555,"italiani"
"1989","Maschi",21,2017,237330,"italiani"
"1990","Maschi",21,2018,234381,"italiani"
"1991","Maschi",22,2002,324508,"italiani"
"1992","Maschi",22,2003,314632,"italiani"
"1993","Maschi",22,2004,302835,"italiani"
"1994","Maschi",22,2005,295824,"italiani"
"1995","Maschi",22,2006,286735,"italiani"
"1996","Maschi",22,2007,279116,"italiani"
"1997","Maschi",22,2008,270966,"italiani"
"1998","Maschi",22,2009,255709,"italiani"
"1999","Maschi",22,2010,251284,"italiani"
"2000","Maschi",22,2011,259383,"italiani"
"2001","Maschi",22,2012,253783,"italiani"
"2002","Maschi",22,2013,257195,"italiani"
"2003","Maschi",22,2014,254720,"italiani"
"2004","Maschi",22,2015,256372,"italiani"
"2005","Maschi",22,2016,247771,"italiani"
"2006","Maschi",22,2017,239027,"italiani"
"2007","Maschi",22,2018,233278,"italiani"
"2008","Maschi",23,2002,340280,"italiani"
"2009","Maschi",23,2003,322970,"italiani"
"2010","Maschi",23,2004,307204,"italiani"
"2011","Maschi",23,2005,297143,"italiani"
"2012","Maschi",23,2006,293862,"italiani"
"2013","Maschi",23,2007,285208,"italiani"
"2014","Maschi",23,2008,272368,"italiani"
"2015","Maschi",23,2009,264530,"italiani"
"2016","Maschi",23,2010,251234,"italiani"
"2017","Maschi",23,2011,247736,"italiani"
"2018","Maschi",23,2012,256096,"italiani"
"2019","Maschi",23,2013,249976,"italiani"
"2020","Maschi",23,2014,254570,"italiani"
"2021","Maschi",23,2015,253342,"italiani"
"2022","Maschi",23,2016,254747,"italiani"
"2023","Maschi",23,2017,244882,"italiani"
"2024","Maschi",23,2018,234863,"italiani"
"2025","Maschi",24,2002,350855,"italiani"
"2026","Maschi",24,2003,338773,"italiani"
"2027","Maschi",24,2004,314914,"italiani"
"2028","Maschi",24,2005,300647,"italiani"
"2029","Maschi",24,2006,294746,"italiani"
"2030","Maschi",24,2007,291738,"italiani"
"2031","Maschi",24,2008,278324,"italiani"
"2032","Maschi",24,2009,265671,"italiani"
"2033","Maschi",24,2010,259800,"italiani"
"2034","Maschi",24,2011,246520,"italiani"
"2035","Maschi",24,2012,244216,"italiani"
"2036","Maschi",24,2013,251509,"italiani"
"2037","Maschi",24,2014,246609,"italiani"
"2038","Maschi",24,2015,252433,"italiani"
"2039","Maschi",24,2016,251771,"italiani"
"2040","Maschi",24,2017,251843,"italiani"
"2041","Maschi",24,2018,241026,"italiani"
"2042","Maschi",25,2002,368830,"italiani"
"2043","Maschi",25,2003,349524,"italiani"
"2044","Maschi",25,2004,330128,"italiani"
"2045","Maschi",25,2005,307276,"italiani"
"2046","Maschi",25,2006,297572,"italiani"
"2047","Maschi",25,2007,292241,"italiani"
"2048","Maschi",25,2008,283929,"italiani"
"2049","Maschi",25,2009,271417,"italiani"
"2050","Maschi",25,2010,260863,"italiani"
"2051","Maschi",25,2011,254347,"italiani"
"2052","Maschi",25,2012,242254,"italiani"
"2053","Maschi",25,2013,239157,"italiani"
"2054","Maschi",25,2014,247493,"italiani"
"2055","Maschi",25,2015,244271,"italiani"
"2056","Maschi",25,2016,249956,"italiani"
"2057","Maschi",25,2017,248649,"italiani"
"2058","Maschi",25,2018,246985,"italiani"
"2059","Maschi",26,2002,389681,"italiani"
"2060","Maschi",26,2003,367080,"italiani"
"2061","Maschi",26,2004,340701,"italiani"
"2062","Maschi",26,2005,322336,"italiani"
"2063","Maschi",26,2006,304285,"italiani"
"2064","Maschi",26,2007,294612,"italiani"
"2065","Maschi",26,2008,283935,"italiani"
"2066","Maschi",26,2009,276425,"italiani"
"2067","Maschi",26,2010,266207,"italiani"
"2068","Maschi",26,2011,255499,"italiani"
"2069","Maschi",26,2012,249661,"italiani"
"2070","Maschi",26,2013,237036,"italiani"
"2071","Maschi",26,2014,234658,"italiani"
"2072","Maschi",26,2015,244427,"italiani"
"2073","Maschi",26,2016,241275,"italiani"
"2074","Maschi",26,2017,245351,"italiani"
"2075","Maschi",26,2018,244753,"italiani"
"2076","Maschi",27,2002,404786,"italiani"
"2077","Maschi",27,2003,387582,"italiani"
"2078","Maschi",27,2004,357612,"italiani"
"2079","Maschi",27,2005,332712,"italiani"
"2080","Maschi",27,2006,319346,"italiani"
"2081","Maschi",27,2007,301686,"italiani"
"2082","Maschi",27,2008,285813,"italiani"
"2083","Maschi",27,2009,276209,"italiani"
"2084","Maschi",27,2010,270744,"italiani"
"2085","Maschi",27,2011,260610,"italiani"
"2086","Maschi",27,2012,250590,"italiani"
"2087","Maschi",27,2013,244131,"italiani"
"2088","Maschi",27,2014,232391,"italiani"
"2089","Maschi",27,2015,231666,"italiani"
"2090","Maschi",27,2016,241371,"italiani"
"2091","Maschi",27,2017,237662,"italiani"
"2092","Maschi",27,2018,240479,"italiani"
"2093","Maschi",28,2002,404298,"italiani"
"2094","Maschi",28,2003,403104,"italiani"
"2095","Maschi",28,2004,378047,"italiani"
"2096","Maschi",28,2005,349367,"italiani"
"2097","Maschi",28,2006,329478,"italiani"
"2098","Maschi",28,2007,316776,"italiani"
"2099","Maschi",28,2008,293383,"italiani"
"2100","Maschi",28,2009,277746,"italiani"
"2101","Maschi",28,2010,271011,"italiani"
"2102","Maschi",28,2011,264831,"italiani"
"2103","Maschi",28,2012,255439,"italiani"
"2104","Maschi",28,2013,245131,"italiani"
"2105","Maschi",28,2014,239621,"italiani"
"2106","Maschi",28,2015,229428,"italiani"
"2107","Maschi",28,2016,228449,"italiani"
"2108","Maschi",28,2017,237544,"italiani"
"2109","Maschi",28,2018,233802,"italiani"
"2110","Maschi",29,2002,408055,"italiani"
"2111","Maschi",29,2003,401883,"italiani"
"2112","Maschi",29,2004,393234,"italiani"
"2113","Maschi",29,2005,369129,"italiani"
"2114","Maschi",29,2006,345835,"italiani"
"2115","Maschi",29,2007,326681,"italiani"
"2116","Maschi",29,2008,308540,"italiani"
"2117","Maschi",29,2009,285785,"italiani"
"2118","Maschi",29,2010,272114,"italiani"
"2119","Maschi",29,2011,265338,"italiani"
"2120","Maschi",29,2012,259450,"italiani"
"2121","Maschi",29,2013,250165,"italiani"
"2122","Maschi",29,2014,240777,"italiani"
"2123","Maschi",29,2015,236975,"italiani"
"2124","Maschi",29,2016,226360,"italiani"
"2125","Maschi",29,2017,225135,"italiani"
"2126","Maschi",29,2018,233755,"italiani"
"2127","Maschi",30,2002,414427,"italiani"
"2128","Maschi",30,2003,404775,"italiani"
"2129","Maschi",30,2004,391892,"italiani"
"2130","Maschi",30,2005,384109,"italiani"
"2131","Maschi",30,2006,364669,"italiani"
"2132","Maschi",30,2007,342483,"italiani"
"2133","Maschi",30,2008,318483,"italiani"
"2134","Maschi",30,2009,300597,"italiani"
"2135","Maschi",30,2010,280703,"italiani"
"2136","Maschi",30,2011,265987,"italiani"
"2137","Maschi",30,2012,259474,"italiani"
"2138","Maschi",30,2013,254391,"italiani"
"2139","Maschi",30,2014,246096,"italiani"
"2140","Maschi",30,2015,238291,"italiani"
"2141","Maschi",30,2016,234229,"italiani"
"2142","Maschi",30,2017,223611,"italiani"
"2143","Maschi",30,2018,222400,"italiani"
"2144","Maschi",31,2002,407146,"italiani"
"2145","Maschi",31,2003,412049,"italiani"
"2146","Maschi",31,2004,396173,"italiani"
"2147","Maschi",31,2005,384737,"italiani"
"2148","Maschi",31,2006,381210,"italiani"
"2149","Maschi",31,2007,362259,"italiani"
"2150","Maschi",31,2008,335569,"italiani"
"2151","Maschi",31,2009,312411,"italiani"
"2152","Maschi",31,2010,297029,"italiani"
"2153","Maschi",31,2011,276372,"italiani"
"2154","Maschi",31,2012,261806,"italiani"
"2155","Maschi",31,2013,254701,"italiani"
"2156","Maschi",31,2014,250293,"italiani"
"2157","Maschi",31,2015,244007,"italiani"
"2158","Maschi",31,2016,235981,"italiani"
"2159","Maschi",31,2017,231973,"italiani"
"2160","Maschi",31,2018,220955,"italiani"
"2161","Maschi",32,2002,418616,"italiani"
"2162","Maschi",32,2003,405006,"italiani"
"2163","Maschi",32,2004,404473,"italiani"
"2164","Maschi",32,2005,389542,"italiani"
"2165","Maschi",32,2006,382501,"italiani"
"2166","Maschi",32,2007,379517,"italiani"
"2167","Maschi",32,2008,356005,"italiani"
"2168","Maschi",32,2009,330586,"italiani"
"2169","Maschi",32,2010,310077,"italiani"
"2170","Maschi",32,2011,293799,"italiani"
"2171","Maschi",32,2012,273245,"italiani"
"2172","Maschi",32,2013,257141,"italiani"
"2173","Maschi",32,2014,251256,"italiani"
"2174","Maschi",32,2015,248447,"italiani"
"2175","Maschi",32,2016,242300,"italiani"
"2176","Maschi",32,2017,234445,"italiani"
"2177","Maschi",32,2018,229751,"italiani"
"2178","Maschi",33,2002,410427,"italiani"
"2179","Maschi",33,2003,416622,"italiani"
"2180","Maschi",33,2004,397415,"italiani"
"2181","Maschi",33,2005,398223,"italiani"
"2182","Maschi",33,2006,387058,"italiani"
"2183","Maschi",33,2007,380912,"italiani"
"2184","Maschi",33,2008,374341,"italiani"
"2185","Maschi",33,2009,351403,"italiani"
"2186","Maschi",33,2010,328772,"italiani"
"2187","Maschi",33,2011,308077,"italiani"
"2188","Maschi",33,2012,291440,"italiani"
"2189","Maschi",33,2013,268913,"italiani"
"2190","Maschi",33,2014,253774,"italiani"
"2191","Maschi",33,2015,249753,"italiani"
"2192","Maschi",33,2016,246906,"italiani"
"2193","Maschi",33,2017,241525,"italiani"
"2194","Maschi",33,2018,232926,"italiani"
"2195","Maschi",34,2002,414369,"italiani"
"2196","Maschi",34,2003,407697,"italiani"
"2197","Maschi",34,2004,408580,"italiani"
"2198","Maschi",34,2005,390887,"italiani"
"2199","Maschi",34,2006,395168,"italiani"
"2200","Maschi",34,2007,384651,"italiani"
"2201","Maschi",34,2008,376258,"italiani"
"2202","Maschi",34,2009,370107,"italiani"
"2203","Maschi",34,2010,349341,"italiani"
"2204","Maschi",34,2011,326701,"italiani"
"2205","Maschi",34,2012,305812,"italiani"
"2206","Maschi",34,2013,287358,"italiani"
"2207","Maschi",34,2014,265882,"italiani"
"2208","Maschi",34,2015,252471,"italiani"
"2209","Maschi",34,2016,248782,"italiani"
"2210","Maschi",34,2017,246759,"italiani"
"2211","Maschi",34,2018,241108,"italiani"
"2212","Maschi",35,2002,430415,"italiani"
"2213","Maschi",35,2003,412767,"italiani"
"2214","Maschi",35,2004,400920,"italiani"
"2215","Maschi",35,2005,403051,"italiani"
"2216","Maschi",35,2006,388661,"italiani"
"2217","Maschi",35,2007,393520,"italiani"
"2218","Maschi",35,2008,380472,"italiani"
"2219","Maschi",35,2009,373416,"italiani"
"2220","Maschi",35,2010,369378,"italiani"
"2221","Maschi",35,2011,348064,"italiani"
"2222","Maschi",35,2012,325254,"italiani"
"2223","Maschi",35,2013,302203,"italiani"
"2224","Maschi",35,2014,284516,"italiani"
"2225","Maschi",35,2015,264976,"italiani"
"2226","Maschi",35,2016,251591,"italiani"
"2227","Maschi",35,2017,249518,"italiani"
"2228","Maschi",35,2018,246473,"italiani"
"2229","Maschi",36,2002,431956,"italiani"
"2230","Maschi",36,2003,430288,"italiani"
"2231","Maschi",36,2004,408257,"italiani"
"2232","Maschi",36,2005,397358,"italiani"
"2233","Maschi",36,2006,402367,"italiani"
"2234","Maschi",36,2007,388602,"italiani"
"2235","Maschi",36,2008,390854,"italiani"
"2236","Maschi",36,2009,378912,"italiani"
"2237","Maschi",36,2010,373938,"italiani"
"2238","Maschi",36,2011,370201,"italiani"
"2239","Maschi",36,2012,348247,"italiani"
"2240","Maschi",36,2013,321776,"italiani"
"2241","Maschi",36,2014,299875,"italiani"
"2242","Maschi",36,2015,284076,"italiani"
"2243","Maschi",36,2016,264938,"italiani"
"2244","Maschi",36,2017,253171,"italiani"
"2245","Maschi",36,2018,250304,"italiani"
"2246","Maschi",37,2002,439437,"italiani"
"2247","Maschi",37,2003,431045,"italiani"
"2248","Maschi",37,2004,425391,"italiani"
"2249","Maschi",37,2005,404263,"italiani"
"2250","Maschi",37,2006,395760,"italiani"
"2251","Maschi",37,2007,401429,"italiani"
"2252","Maschi",37,2008,385135,"italiani"
"2253","Maschi",37,2009,388810,"italiani"
"2254","Maschi",37,2010,378950,"italiani"
"2255","Maschi",37,2011,374165,"italiani"
"2256","Maschi",37,2012,370060,"italiani"
"2257","Maschi",37,2013,345325,"italiani"
"2258","Maschi",37,2014,319929,"italiani"
"2259","Maschi",37,2015,299841,"italiani"
"2260","Maschi",37,2016,284986,"italiani"
"2261","Maschi",37,2017,267334,"italiani"
"2262","Maschi",37,2018,254264,"italiani"
"2263","Maschi",38,2002,414339,"italiani"
"2264","Maschi",38,2003,437876,"italiani"
"2265","Maschi",38,2004,426034,"italiani"
"2266","Maschi",38,2005,420649,"italiani"
"2267","Maschi",38,2006,402267,"italiani"
"2268","Maschi",38,2007,394019,"italiani"
"2269","Maschi",38,2008,397386,"italiani"
"2270","Maschi",38,2009,382535,"italiani"
"2271","Maschi",38,2010,388380,"italiani"
"2272","Maschi",38,2011,379043,"italiani"
"2273","Maschi",38,2012,373776,"italiani"
"2274","Maschi",38,2013,367552,"italiani"
"2275","Maschi",38,2014,343656,"italiani"
"2276","Maschi",38,2015,320211,"italiani"
"2277","Maschi",38,2016,301111,"italiani"
"2278","Maschi",38,2017,288436,"italiani"
"2279","Maschi",38,2018,269402,"italiani"
"2280","Maschi",39,2002,402340,"italiani"
"2281","Maschi",39,2003,412627,"italiani"
"2282","Maschi",39,2004,433416,"italiani"
"2283","Maschi",39,2005,421717,"italiani"
"2284","Maschi",39,2006,418383,"italiani"
"2285","Maschi",39,2007,400816,"italiani"
"2286","Maschi",39,2008,389664,"italiani"
"2287","Maschi",39,2009,394943,"italiani"
"2288","Maschi",39,2010,382151,"italiani"
"2289","Maschi",39,2011,388651,"italiani"
"2290","Maschi",39,2012,378955,"italiani"
"2291","Maschi",39,2013,372097,"italiani"
"2292","Maschi",39,2014,366821,"italiani"
"2293","Maschi",39,2015,344387,"italiani"
"2294","Maschi",39,2016,322127,"italiani"
"2295","Maschi",39,2017,304998,"italiani"
"2296","Maschi",39,2018,290813,"italiani"
"2297","Maschi",40,2002,400496,"italiani"
"2298","Maschi",40,2003,400816,"italiani"
"2299","Maschi",40,2004,408289,"italiani"
"2300","Maschi",40,2005,429574,"italiani"
"2301","Maschi",40,2006,419806,"italiani"
"2302","Maschi",40,2007,416658,"italiani"
"2303","Maschi",40,2008,396743,"italiani"
"2304","Maschi",40,2009,387440,"italiani"
"2305","Maschi",40,2010,395120,"italiani"
"2306","Maschi",40,2011,383005,"italiani"
"2307","Maschi",40,2012,389115,"italiani"
"2308","Maschi",40,2013,377389,"italiani"
"2309","Maschi",40,2014,371951,"italiani"
"2310","Maschi",40,2015,368217,"italiani"
"2311","Maschi",40,2016,346513,"italiani"
"2312","Maschi",40,2017,326318,"italiani"
"2313","Maschi",40,2018,307375,"italiani"
"2314","Maschi",41,2002,385964,"italiani"
"2315","Maschi",41,2003,399019,"italiani"
"2316","Maschi",41,2004,396948,"italiani"
"2317","Maschi",41,2005,404639,"italiani"
"2318","Maschi",41,2006,428244,"italiani"
"2319","Maschi",41,2007,418617,"italiani"
"2320","Maschi",41,2008,413895,"italiani"
"2321","Maschi",41,2009,394923,"italiani"
"2322","Maschi",41,2010,387848,"italiani"
"2323","Maschi",41,2011,396663,"italiani"
"2324","Maschi",41,2012,384340,"italiani"
"2325","Maschi",41,2013,388000,"italiani"
"2326","Maschi",41,2014,377657,"italiani"
"2327","Maschi",41,2015,373293,"italiani"
"2328","Maschi",41,2016,370659,"italiani"
"2329","Maschi",41,2017,350554,"italiani"
"2330","Maschi",41,2018,329601,"italiani"
"2331","Maschi",42,2002,382725,"italiani"
"2332","Maschi",42,2003,385210,"italiani"
"2333","Maschi",42,2004,396238,"italiani"
"2334","Maschi",42,2005,394200,"italiani"
"2335","Maschi",42,2006,404439,"italiani"
"2336","Maschi",42,2007,428567,"italiani"
"2337","Maschi",42,2008,417273,"italiani"
"2338","Maschi",42,2009,413615,"italiani"
"2339","Maschi",42,2010,396858,"italiani"
"2340","Maschi",42,2011,390795,"italiani"
"2341","Maschi",42,2012,399817,"italiani"
"2342","Maschi",42,2013,383876,"italiani"
"2343","Maschi",42,2014,388632,"italiani"
"2344","Maschi",42,2015,379181,"italiani"
"2345","Maschi",42,2016,375663,"italiani"
"2346","Maschi",42,2017,374997,"italiani"
"2347","Maschi",42,2018,353261,"italiani"
"2348","Maschi",43,2002,366326,"italiani"
"2349","Maschi",43,2003,383669,"italiani"
"2350","Maschi",43,2004,384492,"italiani"
"2351","Maschi",43,2005,395660,"italiani"
"2352","Maschi",43,2006,396139,"italiani"
"2353","Maschi",43,2007,406669,"italiani"
"2354","Maschi",43,2008,430123,"italiani"
"2355","Maschi",43,2009,419843,"italiani"
"2356","Maschi",43,2010,417549,"italiani"
"2357","Maschi",43,2011,402232,"italiani"
"2358","Maschi",43,2012,396603,"italiani"
"2359","Maschi",43,2013,399599,"italiani"
"2360","Maschi",43,2014,384797,"italiani"
"2361","Maschi",43,2015,390423,"italiani"
"2362","Maschi",43,2016,381800,"italiani"
"2363","Maschi",43,2017,379449,"italiani"
"2364","Maschi",43,2018,377502,"italiani"
"2365","Maschi",44,2002,364986,"italiani"
"2366","Maschi",44,2003,366517,"italiani"
"2367","Maschi",44,2004,382452,"italiani"
"2368","Maschi",44,2005,383120,"italiani"
"2369","Maschi",44,2006,396473,"italiani"
"2370","Maschi",44,2007,397037,"italiani"
"2371","Maschi",44,2008,406616,"italiani"
"2372","Maschi",44,2009,431461,"italiani"
"2373","Maschi",44,2010,422396,"italiani"
"2374","Maschi",44,2011,421108,"italiani"
"2375","Maschi",44,2012,406385,"italiani"
"2376","Maschi",44,2013,396710,"italiani"
"2377","Maschi",44,2014,400706,"italiani"
"2378","Maschi",44,2015,387031,"italiani"
"2379","Maschi",44,2016,393118,"italiani"
"2380","Maschi",44,2017,385658,"italiani"
"2381","Maschi",44,2018,381563,"italiani"
"2382","Maschi",45,2002,362797,"italiani"
"2383","Maschi",45,2003,365002,"italiani"
"2384","Maschi",45,2004,364844,"italiani"
"2385","Maschi",45,2005,380678,"italiani"
"2386","Maschi",45,2006,383048,"italiani"
"2387","Maschi",45,2007,396270,"italiani"
"2388","Maschi",45,2008,395659,"italiani"
"2389","Maschi",45,2009,406143,"italiani"
"2390","Maschi",45,2010,432928,"italiani"
"2391","Maschi",45,2011,424327,"italiani"
"2392","Maschi",45,2012,423442,"italiani"
"2393","Maschi",45,2013,405899,"italiani"
"2394","Maschi",45,2014,398322,"italiani"
"2395","Maschi",45,2015,403012,"italiani"
"2396","Maschi",45,2016,389832,"italiani"
"2397","Maschi",45,2017,396385,"italiani"
"2398","Maschi",45,2018,387659,"italiani"
"2399","Maschi",46,2002,359723,"italiani"
"2400","Maschi",46,2003,362499,"italiani"
"2401","Maschi",46,2004,363947,"italiani"
"2402","Maschi",46,2005,363426,"italiani"
"2403","Maschi",46,2006,380453,"italiani"
"2404","Maschi",46,2007,382813,"italiani"
"2405","Maschi",46,2008,394602,"italiani"
"2406","Maschi",46,2009,394785,"italiani"
"2407","Maschi",46,2010,406994,"italiani"
"2408","Maschi",46,2011,434574,"italiani"
"2409","Maschi",46,2012,425991,"italiani"
"2410","Maschi",46,2013,423426,"italiani"
"2411","Maschi",46,2014,407085,"italiani"
"2412","Maschi",46,2015,400982,"italiani"
"2413","Maschi",46,2016,405813,"italiani"
"2414","Maschi",46,2017,392450,"italiani"
"2415","Maschi",46,2018,397673,"italiani"
"2416","Maschi",47,2002,356914,"italiani"
"2417","Maschi",47,2003,359227,"italiani"
"2418","Maschi",47,2004,360945,"italiani"
"2419","Maschi",47,2005,362709,"italiani"
"2420","Maschi",47,2006,363200,"italiani"
"2421","Maschi",47,2007,379946,"italiani"
"2422","Maschi",47,2008,380987,"italiani"
"2423","Maschi",47,2009,393362,"italiani"
"2424","Maschi",47,2010,394794,"italiani"
"2425","Maschi",47,2011,407583,"italiani"
"2426","Maschi",47,2012,435847,"italiani"
"2427","Maschi",47,2013,426105,"italiani"
"2428","Maschi",47,2014,424358,"italiani"
"2429","Maschi",47,2015,409109,"italiani"
"2430","Maschi",47,2016,403851,"italiani"
"2431","Maschi",47,2017,408560,"italiani"
"2432","Maschi",47,2018,393853,"italiani"
"2433","Maschi",48,2002,345773,"italiani"
"2434","Maschi",48,2003,356418,"italiani"
"2435","Maschi",48,2004,357932,"italiani"
"2436","Maschi",48,2005,359631,"italiani"
"2437","Maschi",48,2006,362626,"italiani"
"2438","Maschi",48,2007,362831,"italiani"
"2439","Maschi",48,2008,378085,"italiani"
"2440","Maschi",48,2009,379695,"italiani"
"2441","Maschi",48,2010,393014,"italiani"
"2442","Maschi",48,2011,394950,"italiani"
"2443","Maschi",48,2012,408006,"italiani"
"2444","Maschi",48,2013,435572,"italiani"
"2445","Maschi",48,2014,426985,"italiani"
"2446","Maschi",48,2015,426456,"italiani"
"2447","Maschi",48,2016,411654,"italiani"
"2448","Maschi",48,2017,406254,"italiani"
"2449","Maschi",48,2018,409569,"italiani"
"2450","Maschi",49,2002,344494,"italiani"
"2451","Maschi",49,2003,345293,"italiani"
"2452","Maschi",49,2004,355257,"italiani"
"2453","Maschi",49,2005,356803,"italiani"
"2454","Maschi",49,2006,359170,"italiani"
"2455","Maschi",49,2007,362513,"italiani"
"2456","Maschi",49,2008,361255,"italiani"
"2457","Maschi",49,2009,376867,"italiani"
"2458","Maschi",49,2010,379405,"italiani"
"2459","Maschi",49,2011,392893,"italiani"
"2460","Maschi",49,2012,395035,"italiani"
"2461","Maschi",49,2013,407603,"italiani"
"2462","Maschi",49,2014,436472,"italiani"
"2463","Maschi",49,2015,429196,"italiani"
"2464","Maschi",49,2016,428792,"italiani"
"2465","Maschi",49,2017,413725,"italiani"
"2466","Maschi",49,2018,406853,"italiani"
"2467","Maschi",50,2002,347529,"italiani"
"2468","Maschi",50,2003,343738,"italiani"
"2469","Maschi",50,2004,344042,"italiani"
"2470","Maschi",50,2005,354219,"italiani"
"2471","Maschi",50,2006,356241,"italiani"
"2472","Maschi",50,2007,358690,"italiani"
"2473","Maschi",50,2008,361239,"italiani"
"2474","Maschi",50,2009,360095,"italiani"
"2475","Maschi",50,2010,376156,"italiani"
"2476","Maschi",50,2011,378909,"italiani"
"2477","Maschi",50,2012,392424,"italiani"
"2478","Maschi",50,2013,394715,"italiani"
"2479","Maschi",50,2014,407975,"italiani"
"2480","Maschi",50,2015,438164,"italiani"
"2481","Maschi",50,2016,430848,"italiani"
"2482","Maschi",50,2017,430458,"italiani"
"2483","Maschi",50,2018,414240,"italiani"
"2484","Maschi",51,2002,362736,"italiani"
"2485","Maschi",51,2003,346705,"italiani"
"2486","Maschi",51,2004,342375,"italiani"
"2487","Maschi",51,2005,342997,"italiani"
"2488","Maschi",51,2006,353698,"italiani"
"2489","Maschi",51,2007,355626,"italiani"
"2490","Maschi",51,2008,357390,"italiani"
"2491","Maschi",51,2009,360463,"italiani"
"2492","Maschi",51,2010,359553,"italiani"
"2493","Maschi",51,2011,375827,"italiani"
"2494","Maschi",51,2012,378491,"italiani"
"2495","Maschi",51,2013,391712,"italiani"
"2496","Maschi",51,2014,395038,"italiani"
"2497","Maschi",51,2015,409364,"italiani"
"2498","Maschi",51,2016,439612,"italiani"
"2499","Maschi",51,2017,432070,"italiani"
"2500","Maschi",51,2018,430464,"italiani"
"2501","Maschi",52,2002,367929,"italiani"
"2502","Maschi",52,2003,361812,"italiani"
"2503","Maschi",52,2004,345388,"italiani"
"2504","Maschi",52,2005,341036,"italiani"
"2505","Maschi",52,2006,342281,"italiani"
"2506","Maschi",52,2007,353205,"italiani"
"2507","Maschi",52,2008,354287,"italiani"
"2508","Maschi",52,2009,356305,"italiani"
"2509","Maschi",52,2010,360211,"italiani"
"2510","Maschi",52,2011,359267,"italiani"
"2511","Maschi",52,2012,375272,"italiani"
"2512","Maschi",52,2013,377783,"italiani"
"2513","Maschi",52,2014,391469,"italiani"
"2514","Maschi",52,2015,396036,"italiani"
"2515","Maschi",52,2016,410666,"italiani"
"2516","Maschi",52,2017,440391,"italiani"
"2517","Maschi",52,2018,431772,"italiani"
"2518","Maschi",53,2002,386248,"italiani"
"2519","Maschi",53,2003,366821,"italiani"
"2520","Maschi",53,2004,360466,"italiani"
"2521","Maschi",53,2005,344067,"italiani"
"2522","Maschi",53,2006,339960,"italiani"
"2523","Maschi",53,2007,341558,"italiani"
"2524","Maschi",53,2008,352106,"italiani"
"2525","Maschi",53,2009,353103,"italiani"
"2526","Maschi",53,2010,355705,"italiani"
"2527","Maschi",53,2011,360171,"italiani"
"2528","Maschi",53,2012,358689,"italiani"
"2529","Maschi",53,2013,374399,"italiani"
"2530","Maschi",53,2014,377745,"italiani"
"2531","Maschi",53,2015,392058,"italiani"
"2532","Maschi",53,2016,396831,"italiani"
"2533","Maschi",53,2017,411361,"italiani"
"2534","Maschi",53,2018,440134,"italiani"
"2535","Maschi",54,2002,379333,"italiani"
"2536","Maschi",54,2003,385203,"italiani"
"2537","Maschi",54,2004,365486,"italiani"
"2538","Maschi",54,2005,359043,"italiani"
"2539","Maschi",54,2006,342909,"italiani"
"2540","Maschi",54,2007,338868,"italiani"
"2541","Maschi",54,2008,340417,"italiani"
"2542","Maschi",54,2009,351005,"italiani"
"2543","Maschi",54,2010,352420,"italiani"
"2544","Maschi",54,2011,355403,"italiani"
"2545","Maschi",54,2012,359552,"italiani"
"2546","Maschi",54,2013,357536,"italiani"
"2547","Maschi",54,2014,373982,"italiani"
"2548","Maschi",54,2015,378108,"italiani"
"2549","Maschi",54,2016,392731,"italiani"
"2550","Maschi",54,2017,396998,"italiani"
"2551","Maschi",54,2018,411047,"italiani"
"2552","Maschi",55,2002,381851,"italiani"
"2553","Maschi",55,2003,378254,"italiani"
"2554","Maschi",55,2004,383825,"italiani"
"2555","Maschi",55,2005,364015,"italiani"
"2556","Maschi",55,2006,357803,"italiani"
"2557","Maschi",55,2007,341629,"italiani"
"2558","Maschi",55,2008,337371,"italiani"
"2559","Maschi",55,2009,339126,"italiani"
"2560","Maschi",55,2010,350114,"italiani"
"2561","Maschi",55,2011,351757,"italiani"
"2562","Maschi",55,2012,354372,"italiani"
"2563","Maschi",55,2013,358227,"italiani"
"2564","Maschi",55,2014,356665,"italiani"
"2565","Maschi",55,2015,374028,"italiani"
"2566","Maschi",55,2016,378730,"italiani"
"2567","Maschi",55,2017,392532,"italiani"
"2568","Maschi",55,2018,396558,"italiani"
"2569","Maschi",56,2002,298816,"italiani"
"2570","Maschi",56,2003,380587,"italiani"
"2571","Maschi",56,2004,376866,"italiani"
"2572","Maschi",56,2005,382335,"italiani"
"2573","Maschi",56,2006,362508,"italiani"
"2574","Maschi",56,2007,356356,"italiani"
"2575","Maschi",56,2008,340099,"italiani"
"2576","Maschi",56,2009,335786,"italiani"
"2577","Maschi",56,2010,338060,"italiani"
"2578","Maschi",56,2011,349203,"italiani"
"2579","Maschi",56,2012,350573,"italiani"
"2580","Maschi",56,2013,353066,"italiani"
"2581","Maschi",56,2014,356999,"italiani"
"2582","Maschi",56,2015,356154,"italiani"
"2583","Maschi",56,2016,373831,"italiani"
"2584","Maschi",56,2017,378369,"italiani"
"2585","Maschi",56,2018,391834,"italiani"
"2586","Maschi",57,2002,306643,"italiani"
"2587","Maschi",57,2003,297154,"italiani"
"2588","Maschi",57,2004,379104,"italiani"
"2589","Maschi",57,2005,375501,"italiani"
"2590","Maschi",57,2006,380720,"italiani"
"2591","Maschi",57,2007,361003,"italiani"
"2592","Maschi",57,2008,354624,"italiani"
"2593","Maschi",57,2009,338371,"italiani"
"2594","Maschi",57,2010,334310,"italiani"
"2595","Maschi",57,2011,337022,"italiani"
"2596","Maschi",57,2012,347938,"italiani"
"2597","Maschi",57,2013,348931,"italiani"
"2598","Maschi",57,2014,351537,"italiani"
"2599","Maschi",57,2015,356352,"italiani"
"2600","Maschi",57,2016,355618,"italiani"
"2601","Maschi",57,2017,373013,"italiani"
"2602","Maschi",57,2018,377451,"italiani"
"2603","Maschi",58,2002,310798,"italiani"
"2604","Maschi",58,2003,304948,"italiani"
"2605","Maschi",58,2004,295297,"italiani"
"2606","Maschi",58,2005,377537,"italiani"
"2607","Maschi",58,2006,373818,"italiani"
"2608","Maschi",58,2007,378954,"italiani"
"2609","Maschi",58,2008,359207,"italiani"
"2610","Maschi",58,2009,352668,"italiani"
"2611","Maschi",58,2010,336732,"italiani"
"2612","Maschi",58,2011,332902,"italiani"
"2613","Maschi",58,2012,335541,"italiani"
"2614","Maschi",58,2013,346104,"italiani"
"2615","Maschi",58,2014,347254,"italiani"
"2616","Maschi",58,2015,350484,"italiani"
"2617","Maschi",58,2016,355419,"italiani"
"2618","Maschi",58,2017,354939,"italiani"
"2619","Maschi",58,2018,371788,"italiani"
"2620","Maschi",59,2002,309977,"italiani"
"2621","Maschi",59,2003,308785,"italiani"
"2622","Maschi",59,2004,303030,"italiani"
"2623","Maschi",59,2005,293384,"italiani"
"2624","Maschi",59,2006,375735,"italiani"
"2625","Maschi",59,2007,372123,"italiani"
"2626","Maschi",59,2008,377052,"italiani"
"2627","Maschi",59,2009,357205,"italiani"
"2628","Maschi",59,2010,350781,"italiani"
"2629","Maschi",59,2011,335153,"italiani"
"2630","Maschi",59,2012,331051,"italiani"
"2631","Maschi",59,2013,333543,"italiani"
"2632","Maschi",59,2014,344235,"italiani"
"2633","Maschi",59,2015,345881,"italiani"
"2634","Maschi",59,2016,349489,"italiani"
"2635","Maschi",59,2017,354018,"italiani"
"2636","Maschi",59,2018,353587,"italiani"
"2637","Maschi",60,2002,313420,"italiani"
"2638","Maschi",60,2003,307834,"italiani"
"2639","Maschi",60,2004,306768,"italiani"
"2640","Maschi",60,2005,301065,"italiani"
"2641","Maschi",60,2006,291343,"italiani"
"2642","Maschi",60,2007,373829,"italiani"
"2643","Maschi",60,2008,370168,"italiani"
"2644","Maschi",60,2009,374692,"italiani"
"2645","Maschi",60,2010,355138,"italiani"
"2646","Maschi",60,2011,348823,"italiani"
"2647","Maschi",60,2012,333118,"italiani"
"2648","Maschi",60,2013,328830,"italiani"
"2649","Maschi",60,2014,331563,"italiani"
"2650","Maschi",60,2015,342551,"italiani"
"2651","Maschi",60,2016,344420,"italiani"
"2652","Maschi",60,2017,348108,"italiani"
"2653","Maschi",60,2018,352307,"italiani"
"2654","Maschi",61,2002,344980,"italiani"
"2655","Maschi",61,2003,311021,"italiani"
"2656","Maschi",61,2004,305321,"italiani"
"2657","Maschi",61,2005,304553,"italiani"
"2658","Maschi",61,2006,298935,"italiani"
"2659","Maschi",61,2007,289298,"italiani"
"2660","Maschi",61,2008,371483,"italiani"
"2661","Maschi",61,2009,367781,"italiani"
"2662","Maschi",61,2010,372297,"italiani"
"2663","Maschi",61,2011,352970,"italiani"
"2664","Maschi",61,2012,346557,"italiani"
"2665","Maschi",61,2013,330685,"italiani"
"2666","Maschi",61,2014,326545,"italiani"
"2667","Maschi",61,2015,329570,"italiani"
"2668","Maschi",61,2016,340479,"italiani"
"2669","Maschi",61,2017,342521,"italiani"
"2670","Maschi",61,2018,346103,"italiani"
"2671","Maschi",62,2002,341734,"italiani"
"2672","Maschi",62,2003,342053,"italiani"
"2673","Maschi",62,2004,308325,"italiani"
"2674","Maschi",62,2005,302700,"italiani"
"2675","Maschi",62,2006,301866,"italiani"
"2676","Maschi",62,2007,296677,"italiani"
"2677","Maschi",62,2008,286956,"italiani"
"2678","Maschi",62,2009,368835,"italiani"
"2679","Maschi",62,2010,365236,"italiani"
"2680","Maschi",62,2011,369788,"italiani"
"2681","Maschi",62,2012,350344,"italiani"
"2682","Maschi",62,2013,343528,"italiani"
"2683","Maschi",62,2014,327927,"italiani"
"2684","Maschi",62,2015,324275,"italiani"
"2685","Maschi",62,2016,327271,"italiani"
"2686","Maschi",62,2017,338144,"italiani"
"2687","Maschi",62,2018,340170,"italiani"
"2688","Maschi",63,2002,330437,"italiani"
"2689","Maschi",63,2003,338377,"italiani"
"2690","Maschi",63,2004,338773,"italiani"
"2691","Maschi",63,2005,305373,"italiani"
"2692","Maschi",63,2006,299922,"italiani"
"2693","Maschi",63,2007,299376,"italiani"
"2694","Maschi",63,2008,294264,"italiani"
"2695","Maschi",63,2009,284449,"italiani"
"2696","Maschi",63,2010,366091,"italiani"
"2697","Maschi",63,2011,362701,"italiani"
"2698","Maschi",63,2012,366727,"italiani"
"2699","Maschi",63,2013,347059,"italiani"
"2700","Maschi",63,2014,340321,"italiani"
"2701","Maschi",63,2015,325075,"italiani"
"2702","Maschi",63,2016,321668,"italiani"
"2703","Maschi",63,2017,324747,"italiani"
"2704","Maschi",63,2018,335536,"italiani"
"2705","Maschi",64,2002,304719,"italiani"
"2706","Maschi",64,2003,327139,"italiani"
"2707","Maschi",64,2004,334794,"italiani"
"2708","Maschi",64,2005,335382,"italiani"
"2709","Maschi",64,2006,302258,"italiani"
"2710","Maschi",64,2007,296982,"italiani"
"2711","Maschi",64,2008,296540,"italiani"
"2712","Maschi",64,2009,291460,"italiani"
"2713","Maschi",64,2010,281549,"italiani"
"2714","Maschi",64,2011,363223,"italiani"
"2715","Maschi",64,2012,359472,"italiani"
"2716","Maschi",64,2013,362931,"italiani"
"2717","Maschi",64,2014,343550,"italiani"
"2718","Maschi",64,2015,337130,"italiani"
"2719","Maschi",64,2016,321889,"italiani"
"2720","Maschi",64,2017,318882,"italiani"
"2721","Maschi",64,2018,321823,"italiani"
"2722","Maschi",65,2002,289417,"italiani"
"2723","Maschi",65,2003,301520,"italiani"
"2724","Maschi",65,2004,323600,"italiani"
"2725","Maschi",65,2005,331206,"italiani"
"2726","Maschi",65,2006,331722,"italiani"
"2727","Maschi",65,2007,299142,"italiani"
"2728","Maschi",65,2008,294049,"italiani"
"2729","Maschi",65,2009,293403,"italiani"
"2730","Maschi",65,2010,288468,"italiani"
"2731","Maschi",65,2011,278578,"italiani"
"2732","Maschi",65,2012,359704,"italiani"
"2733","Maschi",65,2013,355351,"italiani"
"2734","Maschi",65,2014,359002,"italiani"
"2735","Maschi",65,2015,340142,"italiani"
"2736","Maschi",65,2016,333788,"italiani"
"2737","Maschi",65,2017,318802,"italiani"
"2738","Maschi",65,2018,315770,"italiani"
"2739","Maschi",66,2002,295986,"italiani"
"2740","Maschi",66,2003,285366,"italiani"
"2741","Maschi",66,2004,297988,"italiani"
"2742","Maschi",66,2005,319778,"italiani"
"2743","Maschi",66,2006,327139,"italiani"
"2744","Maschi",66,2007,327822,"italiani"
"2745","Maschi",66,2008,295689,"italiani"
"2746","Maschi",66,2009,290500,"italiani"
"2747","Maschi",66,2010,290033,"italiani"
"2748","Maschi",66,2011,285493,"italiani"
"2749","Maschi",66,2012,275221,"italiani"
"2750","Maschi",66,2013,355083,"italiani"
"2751","Maschi",66,2014,351013,"italiani"
"2752","Maschi",66,2015,354739,"italiani"
"2753","Maschi",66,2016,336180,"italiani"
"2754","Maschi",66,2017,329970,"italiani"
"2755","Maschi",66,2018,315369,"italiani"
"2756","Maschi",67,2002,285325,"italiani"
"2757","Maschi",67,2003,291388,"italiani"
"2758","Maschi",67,2004,280943,"italiani"
"2759","Maschi",67,2005,293873,"italiani"
"2760","Maschi",67,2006,315491,"italiani"
"2761","Maschi",67,2007,322737,"italiani"
"2762","Maschi",67,2008,323570,"italiani"
"2763","Maschi",67,2009,291631,"italiani"
"2764","Maschi",67,2010,286675,"italiani"
"2765","Maschi",67,2011,286271,"italiani"
"2766","Maschi",67,2012,281720,"italiani"
"2767","Maschi",67,2013,271332,"italiani"
"2768","Maschi",67,2014,349988,"italiani"
"2769","Maschi",67,2015,346497,"italiani"
"2770","Maschi",67,2016,349981,"italiani"
"2771","Maschi",67,2017,331840,"italiani"
"2772","Maschi",67,2018,325591,"italiani"
"2773","Maschi",68,2002,277890,"italiani"
"2774","Maschi",68,2003,280579,"italiani"
"2775","Maschi",68,2004,286358,"italiani"
"2776","Maschi",68,2005,276160,"italiani"
"2777","Maschi",68,2006,289374,"italiani"
"2778","Maschi",68,2007,310830,"italiani"
"2779","Maschi",68,2008,317977,"italiani"
"2780","Maschi",68,2009,318847,"italiani"
"2781","Maschi",68,2010,287197,"italiani"
"2782","Maschi",68,2011,282610,"italiani"
"2783","Maschi",68,2012,282152,"italiani"
"2784","Maschi",68,2013,277294,"italiani"
"2785","Maschi",68,2014,267099,"italiani"
"2786","Maschi",68,2015,344740,"italiani"
"2787","Maschi",68,2016,341336,"italiani"
"2788","Maschi",68,2017,344986,"italiani"
"2789","Maschi",68,2018,327209,"italiani"
"2790","Maschi",69,2002,266045,"italiani"
"2791","Maschi",69,2003,272431,"italiani"
"2792","Maschi",69,2004,275204,"italiani"
"2793","Maschi",69,2005,280883,"italiani"
"2794","Maschi",69,2006,271044,"italiani"
"2795","Maschi",69,2007,284788,"italiani"
"2796","Maschi",69,2008,305863,"italiani"
"2797","Maschi",69,2009,312756,"italiani"
"2798","Maschi",69,2010,313672,"italiani"
"2799","Maschi",69,2011,282753,"italiani"
"2800","Maschi",69,2012,278056,"italiani"
"2801","Maschi",69,2013,277311,"italiani"
"2802","Maschi",69,2014,272517,"italiani"
"2803","Maschi",69,2015,262806,"italiani"
"2804","Maschi",69,2016,338994,"italiani"
"2805","Maschi",69,2017,336038,"italiani"
"2806","Maschi",69,2018,339561,"italiani"
"2807","Maschi",70,2002,264816,"italiani"
"2808","Maschi",70,2003,260137,"italiani"
"2809","Maschi",70,2004,266504,"italiani"
"2810","Maschi",70,2005,269509,"italiani"
"2811","Maschi",70,2006,275057,"italiani"
"2812","Maschi",70,2007,265896,"italiani"
"2813","Maschi",70,2008,279768,"italiani"
"2814","Maschi",70,2009,300117,"italiani"
"2815","Maschi",70,2010,307140,"italiani"
"2816","Maschi",70,2011,308304,"italiani"
"2817","Maschi",70,2012,277906,"italiani"
"2818","Maschi",70,2013,272796,"italiani"
"2819","Maschi",70,2014,271955,"italiani"
"2820","Maschi",70,2015,267599,"italiani"
"2821","Maschi",70,2016,258019,"italiani"
"2822","Maschi",70,2017,333189,"italiani"
"2823","Maschi",70,2018,330331,"italiani"
"2824","Maschi",71,2002,268066,"italiani"
"2825","Maschi",71,2003,258162,"italiani"
"2826","Maschi",71,2004,253560,"italiani"
"2827","Maschi",71,2005,260297,"italiani"
"2828","Maschi",71,2006,263415,"italiani"
"2829","Maschi",71,2007,269253,"italiani"
"2830","Maschi",71,2008,260340,"italiani"
"2831","Maschi",71,2009,274297,"italiani"
"2832","Maschi",71,2010,294174,"italiani"
"2833","Maschi",71,2011,301217,"italiani"
"2834","Maschi",71,2012,302470,"italiani"
"2835","Maschi",71,2013,272211,"italiani"
"2836","Maschi",71,2014,267326,"italiani"
"2837","Maschi",71,2015,266690,"italiani"
"2838","Maschi",71,2016,262420,"italiani"
"2839","Maschi",71,2017,253118,"italiani"
"2840","Maschi",71,2018,326796,"italiani"
"2841","Maschi",72,2002,240760,"italiani"
"2842","Maschi",72,2003,260523,"italiani"
"2843","Maschi",72,2004,250784,"italiani"
"2844","Maschi",72,2005,246804,"italiani"
"2845","Maschi",72,2006,253383,"italiani"
"2846","Maschi",72,2007,257136,"italiani"
"2847","Maschi",72,2008,262888,"italiani"
"2848","Maschi",72,2009,254225,"italiani"
"2849","Maschi",72,2010,268443,"italiani"
"2850","Maschi",72,2011,287935,"italiani"
"2851","Maschi",72,2012,294880,"italiani"
"2852","Maschi",72,2013,295845,"italiani"
"2853","Maschi",72,2014,266065,"italiani"
"2854","Maschi",72,2015,261694,"italiani"
"2855","Maschi",72,2016,260768,"italiani"
"2856","Maschi",72,2017,257037,"italiani"
"2857","Maschi",72,2018,247767,"italiani"
"2858","Maschi",73,2002,230607,"italiani"
"2859","Maschi",73,2003,233158,"italiani"
"2860","Maschi",73,2004,252493,"italiani"
"2861","Maschi",73,2005,243214,"italiani"
"2862","Maschi",73,2006,239546,"italiani"
"2863","Maschi",73,2007,246359,"italiani"
"2864","Maschi",73,2008,250451,"italiani"
"2865","Maschi",73,2009,255973,"italiani"
"2866","Maschi",73,2010,247522,"italiani"
"2867","Maschi",73,2011,262305,"italiani"
"2868","Maschi",73,2012,281331,"italiani"
"2869","Maschi",73,2013,287641,"italiani"
"2870","Maschi",73,2014,288608,"italiani"
"2871","Maschi",73,2015,259882,"italiani"
"2872","Maschi",73,2016,255252,"italiani"
"2873","Maschi",73,2017,254600,"italiani"
"2874","Maschi",73,2018,251059,"italiani"
"2875","Maschi",74,2002,220494,"italiani"
"2876","Maschi",74,2003,222664,"italiani"
"2877","Maschi",74,2004,224908,"italiani"
"2878","Maschi",74,2005,244255,"italiani"
"2879","Maschi",74,2006,235312,"italiani"
"2880","Maschi",74,2007,232339,"italiani"
"2881","Maschi",74,2008,239052,"italiani"
"2882","Maschi",74,2009,243131,"italiani"
"2883","Maschi",74,2010,248681,"italiani"
"2884","Maschi",74,2011,240611,"italiani"
"2885","Maschi",74,2012,255533,"italiani"
"2886","Maschi",74,2013,273606,"italiani"
"2887","Maschi",74,2014,279951,"italiani"
"2888","Maschi",74,2015,281181,"italiani"
"2889","Maschi",74,2016,253005,"italiani"
"2890","Maschi",74,2017,248656,"italiani"
"2891","Maschi",74,2018,247897,"italiani"
"2892","Maschi",75,2002,205588,"italiani"
"2893","Maschi",75,2003,212598,"italiani"
"2894","Maschi",75,2004,213886,"italiani"
"2895","Maschi",75,2005,216625,"italiani"
"2896","Maschi",75,2006,235487,"italiani"
"2897","Maschi",75,2007,227333,"italiani"
"2898","Maschi",75,2008,224390,"italiani"
"2899","Maschi",75,2009,231207,"italiani"
"2900","Maschi",75,2010,235370,"italiani"
"2901","Maschi",75,2011,241106,"italiani"
"2902","Maschi",75,2012,233472,"italiani"
"2903","Maschi",75,2013,247808,"italiani"
"2904","Maschi",75,2014,265593,"italiani"
"2905","Maschi",75,2015,272226,"italiani"
"2906","Maschi",75,2016,272835,"italiani"
"2907","Maschi",75,2017,245858,"italiani"
"2908","Maschi",75,2018,241355,"italiani"
"2909","Maschi",76,2002,194350,"italiani"
"2910","Maschi",76,2003,197017,"italiani"
"2911","Maschi",76,2004,203872,"italiani"
"2912","Maschi",76,2005,205153,"italiani"
"2913","Maschi",76,2006,207923,"italiani"
"2914","Maschi",76,2007,226561,"italiani"
"2915","Maschi",76,2008,218627,"italiani"
"2916","Maschi",76,2009,216043,"italiani"
"2917","Maschi",76,2010,222870,"italiani"
"2918","Maschi",76,2011,227328,"italiani"
"2919","Maschi",76,2012,233144,"italiani"
"2920","Maschi",76,2013,225379,"italiani"
"2921","Maschi",76,2014,239715,"italiani"
"2922","Maschi",76,2015,257237,"italiani"
"2923","Maschi",76,2016,263430,"italiani"
"2924","Maschi",76,2017,264316,"italiani"
"2925","Maschi",76,2018,237939,"italiani"
"2926","Maschi",77,2002,180959,"italiani"
"2927","Maschi",77,2003,185455,"italiani"
"2928","Maschi",77,2004,187890,"italiani"
"2929","Maschi",77,2005,195449,"italiani"
"2930","Maschi",77,2006,195989,"italiani"
"2931","Maschi",77,2007,199042,"italiani"
"2932","Maschi",77,2008,217164,"italiani"
"2933","Maschi",77,2009,209443,"italiani"
"2934","Maschi",77,2010,207166,"italiani"
"2935","Maschi",77,2011,214373,"italiani"
"2936","Maschi",77,2012,218847,"italiani"
"2937","Maschi",77,2013,224265,"italiani"
"2938","Maschi",77,2014,216996,"italiani"
"2939","Maschi",77,2015,231217,"italiani"
"2940","Maschi",77,2016,247723,"italiani"
"2941","Maschi",77,2017,254550,"italiani"
"2942","Maschi",77,2018,254889,"italiani"
"2943","Maschi",78,2002,169673,"italiani"
"2944","Maschi",78,2003,172168,"italiani"
"2945","Maschi",78,2004,175689,"italiani"
"2946","Maschi",78,2005,178686,"italiani"
"2947","Maschi",78,2006,186326,"italiani"
"2948","Maschi",78,2007,186671,"italiani"
"2949","Maschi",78,2008,189934,"italiani"
"2950","Maschi",78,2009,207240,"italiani"
"2951","Maschi",78,2010,199680,"italiani"
"2952","Maschi",78,2011,198102,"italiani"
"2953","Maschi",78,2012,205474,"italiani"
"2954","Maschi",78,2013,209390,"italiani"
"2955","Maschi",78,2014,215092,"italiani"
"2956","Maschi",78,2015,208605,"italiani"
"2957","Maschi",78,2016,221842,"italiani"
"2958","Maschi",78,2017,238363,"italiani"
"2959","Maschi",78,2018,244656,"italiani"
"2960","Maschi",79,2002,154366,"italiani"
"2961","Maschi",79,2003,158919,"italiani"
"2962","Maschi",79,2004,162504,"italiani"
"2963","Maschi",79,2005,166378,"italiani"
"2964","Maschi",79,2006,169226,"italiani"
"2965","Maschi",79,2007,177290,"italiani"
"2966","Maschi",79,2008,176902,"italiani"
"2967","Maschi",79,2009,179985,"italiani"
"2968","Maschi",79,2010,196709,"italiani"
"2969","Maschi",79,2011,189882,"italiani"
"2970","Maschi",79,2012,188480,"italiani"
"2971","Maschi",79,2013,195542,"italiani"
"2972","Maschi",79,2014,199661,"italiani"
"2973","Maschi",79,2015,205412,"italiani"
"2974","Maschi",79,2016,198861,"italiani"
"2975","Maschi",79,2017,212372,"italiani"
"2976","Maschi",79,2018,227995,"italiani"
"2977","Maschi",80,2002,140022,"italiani"
"2978","Maschi",80,2003,143872,"italiani"
"2979","Maschi",80,2004,147302,"italiani"
"2980","Maschi",80,2005,152163,"italiani"
"2981","Maschi",80,2006,155975,"italiani"
"2982","Maschi",80,2007,159581,"italiani"
"2983","Maschi",80,2008,167324,"italiani"
"2984","Maschi",80,2009,166393,"italiani"
"2985","Maschi",80,2010,169838,"italiani"
"2986","Maschi",80,2011,185352,"italiani"
"2987","Maschi",80,2012,179595,"italiani"
"2988","Maschi",80,2013,178010,"italiani"
"2989","Maschi",80,2014,185116,"italiani"
"2990","Maschi",80,2015,189585,"italiani"
"2991","Maschi",80,2016,194796,"italiani"
"2992","Maschi",80,2017,189313,"italiani"
"2993","Maschi",80,2018,201920,"italiani"
"2994","Maschi",81,2002,129426,"italiani"
"2995","Maschi",81,2003,128941,"italiani"
"2996","Maschi",81,2004,132171,"italiani"
"2997","Maschi",81,2005,135484,"italiani"
"2998","Maschi",81,2006,141301,"italiani"
"2999","Maschi",81,2007,145894,"italiani"
"3000","Maschi",81,2008,149244,"italiani"
"3001","Maschi",81,2009,156225,"italiani"
"3002","Maschi",81,2010,155413,"italiani"
"3003","Maschi",81,2011,159057,"italiani"
"3004","Maschi",81,2012,172988,"italiani"
"3005","Maschi",81,2013,168681,"italiani"
"3006","Maschi",81,2014,167324,"italiani"
"3007","Maschi",81,2015,174531,"italiani"
"3008","Maschi",81,2016,178493,"italiani"
"3009","Maschi",81,2017,184188,"italiani"
"3010","Maschi",81,2018,178590,"italiani"
"3011","Maschi",82,2002,77458,"italiani"
"3012","Maschi",82,2003,116261,"italiani"
"3013","Maschi",82,2004,117915,"italiani"
"3014","Maschi",82,2005,121792,"italiani"
"3015","Maschi",82,2006,123415,"italiani"
"3016","Maschi",82,2007,129004,"italiani"
"3017","Maschi",82,2008,135035,"italiani"
"3018","Maschi",82,2009,138435,"italiani"
"3019","Maschi",82,2010,145191,"italiani"
"3020","Maschi",82,2011,143795,"italiani"
"3021","Maschi",82,2012,148319,"italiani"
"3022","Maschi",82,2013,160844,"italiani"
"3023","Maschi",82,2014,157317,"italiani"
"3024","Maschi",82,2015,156894,"italiani"
"3025","Maschi",82,2016,162801,"italiani"
"3026","Maschi",82,2017,167452,"italiani"
"3027","Maschi",82,2018,172433,"italiani"
"3028","Maschi",83,2002,53674,"italiani"
"3029","Maschi",83,2003,70298,"italiani"
"3030","Maschi",83,2004,102528,"italiani"
"3031","Maschi",83,2005,107946,"italiani"
"3032","Maschi",83,2006,110627,"italiani"
"3033","Maschi",83,2007,112682,"italiani"
"3034","Maschi",83,2008,116272,"italiani"
"3035","Maschi",83,2009,121452,"italiani"
"3036","Maschi",83,2010,124908,"italiani"
"3037","Maschi",83,2011,131729,"italiani"
"3038","Maschi",83,2012,132416,"italiani"
"3039","Maschi",83,2013,136608,"italiani"
"3040","Maschi",83,2014,148887,"italiani"
"3041","Maschi",83,2015,145994,"italiani"
"3042","Maschi",83,2016,145063,"italiani"
"3043","Maschi",83,2017,151387,"italiani"
"3044","Maschi",83,2018,155317,"italiani"
"3045","Maschi",84,2002,50915,"italiani"
"3046","Maschi",84,2003,48220,"italiani"
"3047","Maschi",84,2004,63080,"italiani"
"3048","Maschi",84,2005,92182,"italiani"
"3049","Maschi",84,2006,97422,"italiani"
"3050","Maschi",84,2007,99721,"italiani"
"3051","Maschi",84,2008,101942,"italiani"
"3052","Maschi",84,2009,104881,"italiani"
"3053","Maschi",84,2010,109421,"italiani"
"3054","Maschi",84,2011,113110,"italiani"
"3055","Maschi",84,2012,116954,"italiani"
"3056","Maschi",84,2013,120592,"italiani"
"3057","Maschi",84,2014,125142,"italiani"
"3058","Maschi",84,2015,136714,"italiani"
"3059","Maschi",84,2016,133602,"italiani"
"3060","Maschi",84,2017,133577,"italiani"
"3061","Maschi",84,2018,139062,"italiani"
"3062","Maschi",85,2002,56918,"italiani"
"3063","Maschi",85,2003,45074,"italiani"
"3064","Maschi",85,2004,42665,"italiani"
"3065","Maschi",85,2005,56465,"italiani"
"3066","Maschi",85,2006,82346,"italiani"
"3067","Maschi",85,2007,87564,"italiani"
"3068","Maschi",85,2008,89490,"italiani"
"3069","Maschi",85,2009,92244,"italiani"
"3070","Maschi",85,2010,94729,"italiani"
"3071","Maschi",85,2011,98986,"italiani"
"3072","Maschi",85,2012,101910,"italiani"
"3073","Maschi",85,2013,105132,"italiani"
"3074","Maschi",85,2014,109154,"italiani"
"3075","Maschi",85,2015,113577,"italiani"
"3076","Maschi",85,2016,123578,"italiani"
"3077","Maschi",85,2017,121741,"italiani"
"3078","Maschi",85,2018,121292,"italiani"
"3079","Maschi",86,2002,62838,"italiani"
"3080","Maschi",86,2003,49845,"italiani"
"3081","Maschi",86,2004,39250,"italiani"
"3082","Maschi",86,2005,37488,"italiani"
"3083","Maschi",86,2006,49766,"italiani"
"3084","Maschi",86,2007,73162,"italiani"
"3085","Maschi",86,2008,77820,"italiani"
"3086","Maschi",86,2009,79252,"italiani"
"3087","Maschi",86,2010,82760,"italiani"
"3088","Maschi",86,2011,85206,"italiani"
"3089","Maschi",86,2012,88411,"italiani"
"3090","Maschi",86,2013,90407,"italiani"
"3091","Maschi",86,2014,93971,"italiani"
"3092","Maschi",86,2015,97882,"italiani"
"3093","Maschi",86,2016,101128,"italiani"
"3094","Maschi",86,2017,110988,"italiani"
"3095","Maschi",86,2018,108978,"italiani"
"3096","Maschi",87,2002,55362,"italiani"
"3097","Maschi",87,2003,54305,"italiani"
"3098","Maschi",87,2004,42618,"italiani"
"3099","Maschi",87,2005,34143,"italiani"
"3100","Maschi",87,2006,32379,"italiani"
"3101","Maschi",87,2007,43308,"italiani"
"3102","Maschi",87,2008,64042,"italiani"
"3103","Maschi",87,2009,68239,"italiani"
"3104","Maschi",87,2010,69525,"italiani"
"3105","Maschi",87,2011,73864,"italiani"
"3106","Maschi",87,2012,75036,"italiani"
"3107","Maschi",87,2013,77238,"italiani"
"3108","Maschi",87,2014,79465,"italiani"
"3109","Maschi",87,2015,83238,"italiani"
"3110","Maschi",87,2016,85940,"italiani"
"3111","Maschi",87,2017,89744,"italiani"
"3112","Maschi",87,2018,97943,"italiani"
"3113","Maschi",88,2002,48309,"italiani"
"3114","Maschi",88,2003,47124,"italiani"
"3115","Maschi",88,2004,45768,"italiani"
"3116","Maschi",88,2005,36476,"italiani"
"3117","Maschi",88,2006,29099,"italiani"
"3118","Maschi",88,2007,27701,"italiani"
"3119","Maschi",88,2008,37279,"italiani"
"3120","Maschi",88,2009,55203,"italiani"
"3121","Maschi",88,2010,59034,"italiani"
"3122","Maschi",88,2011,60435,"italiani"
"3123","Maschi",88,2012,64303,"italiani"
"3124","Maschi",88,2013,64471,"italiani"
"3125","Maschi",88,2014,66625,"italiani"
"3126","Maschi",88,2015,69002,"italiani"
"3127","Maschi",88,2016,71713,"italiani"
"3128","Maschi",88,2017,74819,"italiani"
"3129","Maschi",88,2018,77676,"italiani"
"3130","Maschi",89,2002,39598,"italiani"
"3131","Maschi",89,2003,40130,"italiani"
"3132","Maschi",89,2004,38809,"italiani"
"3133","Maschi",89,2005,38358,"italiani"
"3134","Maschi",89,2006,30449,"italiani"
"3135","Maschi",89,2007,24696,"italiani"
"3136","Maschi",89,2008,23303,"italiani"
"3137","Maschi",89,2009,31457,"italiani"
"3138","Maschi",89,2010,47278,"italiani"
"3139","Maschi",89,2011,50302,"italiani"
"3140","Maschi",89,2012,51581,"italiani"
"3141","Maschi",89,2013,54223,"italiani"
"3142","Maschi",89,2014,54876,"italiani"
"3143","Maschi",89,2015,56753,"italiani"
"3144","Maschi",89,2016,58344,"italiani"
"3145","Maschi",89,2017,61425,"italiani"
"3146","Maschi",89,2018,63564,"italiani"
"3147","Maschi",90,2002,29794,"italiani"
"3148","Maschi",90,2003,32321,"italiani"
"3149","Maschi",90,2004,32415,"italiani"
"3150","Maschi",90,2005,31945,"italiani"
"3151","Maschi",90,2006,31281,"italiani"
"3152","Maschi",90,2007,25276,"italiani"
"3153","Maschi",90,2008,20446,"italiani"
"3154","Maschi",90,2009,19262,"italiani"
"3155","Maschi",90,2010,26048,"italiani"
"3156","Maschi",90,2011,39979,"italiani"
"3157","Maschi",90,2012,42088,"italiani"
"3158","Maschi",90,2013,42792,"italiani"
"3159","Maschi",90,2014,45177,"italiani"
"3160","Maschi",90,2015,45969,"italiani"
"3161","Maschi",90,2016,46857,"italiani"
"3162","Maschi",90,2017,48983,"italiani"
"3163","Maschi",90,2018,51225,"italiani"
"3164","Maschi",91,2002,23624,"italiani"
"3165","Maschi",91,2003,23725,"italiani"
"3166","Maschi",91,2004,25470,"italiani"
"3167","Maschi",91,2005,26106,"italiani"
"3168","Maschi",91,2006,25758,"italiani"
"3169","Maschi",91,2007,25510,"italiani"
"3170","Maschi",91,2008,20364,"italiani"
"3171","Maschi",91,2009,16517,"italiani"
"3172","Maschi",91,2010,15654,"italiani"
"3173","Maschi",91,2011,21262,"italiani"
"3174","Maschi",91,2012,33014,"italiani"
"3175","Maschi",91,2013,34110,"italiani"
"3176","Maschi",91,2014,34872,"italiani"
"3177","Maschi",91,2015,37077,"italiani"
"3178","Maschi",91,2016,37159,"italiani"
"3179","Maschi",91,2017,38378,"italiani"
"3180","Maschi",91,2018,39737,"italiani"
"3181","Maschi",92,2002,16014,"italiani"
"3182","Maschi",92,2003,18471,"italiani"
"3183","Maschi",92,2004,18193,"italiani"
"3184","Maschi",92,2005,20044,"italiani"
"3185","Maschi",92,2006,20388,"italiani"
"3186","Maschi",92,2007,20331,"italiani"
"3187","Maschi",92,2008,20133,"italiani"
"3188","Maschi",92,2009,16101,"italiani"
"3189","Maschi",92,2010,12999,"italiani"
"3190","Maschi",92,2011,12453,"italiani"
"3191","Maschi",92,2012,17167,"italiani"
"3192","Maschi",92,2013,26161,"italiani"
"3193","Maschi",92,2014,27130,"italiani"
"3194","Maschi",92,2015,27991,"italiani"
"3195","Maschi",92,2016,29311,"italiani"
"3196","Maschi",92,2017,29750,"italiani"
"3197","Maschi",92,2018,30332,"italiani"
"3198","Maschi",93,2002,11446,"italiani"
"3199","Maschi",93,2003,12187,"italiani"
"3200","Maschi",93,2004,13898,"italiani"
"3201","Maschi",93,2005,14050,"italiani"
"3202","Maschi",93,2006,15361,"italiani"
"3203","Maschi",93,2007,15801,"italiani"
"3204","Maschi",93,2008,15801,"italiani"
"3205","Maschi",93,2009,15522,"italiani"
"3206","Maschi",93,2010,12458,"italiani"
"3207","Maschi",93,2011,10156,"italiani"
"3208","Maschi",93,2012,9884,"italiani"
"3209","Maschi",93,2013,13282,"italiani"
"3210","Maschi",93,2014,20441,"italiani"
"3211","Maschi",93,2015,21251,"italiani"
"3212","Maschi",93,2016,21487,"italiani"
"3213","Maschi",93,2017,22996,"italiani"
"3214","Maschi",93,2018,22980,"italiani"
"3215","Maschi",94,2002,7335,"italiani"
"3216","Maschi",94,2003,8426,"italiani"
"3217","Maschi",94,2004,8899,"italiani"
"3218","Maschi",94,2005,10566,"italiani"
"3219","Maschi",94,2006,10486,"italiani"
"3220","Maschi",94,2007,11594,"italiani"
"3221","Maschi",94,2008,11959,"italiani"
"3222","Maschi",94,2009,11770,"italiani"
"3223","Maschi",94,2010,11721,"italiani"
"3224","Maschi",94,2011,9513,"italiani"
"3225","Maschi",94,2012,7844,"italiani"
"3226","Maschi",94,2013,7451,"italiani"
"3227","Maschi",94,2014,10074,"italiani"
"3228","Maschi",94,2015,15643,"italiani"
"3229","Maschi",94,2016,15965,"italiani"
"3230","Maschi",94,2017,16432,"italiani"
"3231","Maschi",94,2018,17256,"italiani"
"3232","Maschi",95,2002,5140,"italiani"
"3233","Maschi",95,2003,5270,"italiani"
"3234","Maschi",95,2004,5935,"italiani"
"3235","Maschi",95,2005,6527,"italiani"
"3236","Maschi",95,2006,7555,"italiani"
"3237","Maschi",95,2007,7618,"italiani"
"3238","Maschi",95,2008,8552,"italiani"
"3239","Maschi",95,2009,8732,"italiani"
"3240","Maschi",95,2010,8724,"italiani"
"3241","Maschi",95,2011,8799,"italiani"
"3242","Maschi",95,2012,7208,"italiani"
"3243","Maschi",95,2013,5760,"italiani"
"3244","Maschi",95,2014,5417,"italiani"
"3245","Maschi",95,2015,7474,"italiani"
"3246","Maschi",95,2016,11214,"italiani"
"3247","Maschi",95,2017,11752,"italiani"
"3248","Maschi",95,2018,11934,"italiani"
"3249","Maschi",96,2002,3444,"italiani"
"3250","Maschi",96,2003,3680,"italiani"
"3251","Maschi",96,2004,3571,"italiani"
"3252","Maschi",96,2005,4232,"italiani"
"3253","Maschi",96,2006,4513,"italiani"
"3254","Maschi",96,2007,5434,"italiani"
"3255","Maschi",96,2008,5452,"italiani"
"3256","Maschi",96,2009,6001,"italiani"
"3257","Maschi",96,2010,6217,"italiani"
"3258","Maschi",96,2011,6346,"italiani"
"3259","Maschi",96,2012,6559,"italiani"
"3260","Maschi",96,2013,5102,"italiani"
"3261","Maschi",96,2014,4183,"italiani"
"3262","Maschi",96,2015,3942,"italiani"
"3263","Maschi",96,2016,5230,"italiani"
"3264","Maschi",96,2017,8099,"italiani"
"3265","Maschi",96,2018,8300,"italiani"
"3266","Maschi",97,2002,2087,"italiani"
"3267","Maschi",97,2003,2362,"italiani"
"3268","Maschi",97,2004,2429,"italiani"
"3269","Maschi",97,2005,2451,"italiani"
"3270","Maschi",97,2006,2805,"italiani"
"3271","Maschi",97,2007,3168,"italiani"
"3272","Maschi",97,2008,3727,"italiani"
"3273","Maschi",97,2009,3724,"italiani"
"3274","Maschi",97,2010,4222,"italiani"
"3275","Maschi",97,2011,4377,"italiani"
"3276","Maschi",97,2012,4709,"italiani"
"3277","Maschi",97,2013,4456,"italiani"
"3278","Maschi",97,2014,3530,"italiani"
"3279","Maschi",97,2015,2962,"italiani"
"3280","Maschi",97,2016,2667,"italiani"
"3281","Maschi",97,2017,3642,"italiani"
"3282","Maschi",97,2018,5550,"italiani"
"3283","Maschi",98,2002,1240,"italiani"
"3284","Maschi",98,2003,1382,"italiani"
"3285","Maschi",98,2004,1505,"italiani"
"3286","Maschi",98,2005,1640,"italiani"
"3287","Maschi",98,2006,1623,"italiani"
"3288","Maschi",98,2007,1847,"italiani"
"3289","Maschi",98,2008,2100,"italiani"
"3290","Maschi",98,2009,2453,"italiani"
"3291","Maschi",98,2010,2507,"italiani"
"3292","Maschi",98,2011,2931,"italiani"
"3293","Maschi",98,2012,3104,"italiani"
"3294","Maschi",98,2013,3137,"italiani"
"3295","Maschi",98,2014,2966,"italiani"
"3296","Maschi",98,2015,2409,"italiani"
"3297","Maschi",98,2016,1962,"italiani"
"3298","Maschi",98,2017,1836,"italiani"
"3299","Maschi",98,2018,2399,"italiani"
"3300","Maschi",99,2002,845,"italiani"
"3301","Maschi",99,2003,855,"italiani"
"3302","Maschi",99,2004,873,"italiani"
"3303","Maschi",99,2005,975,"italiani"
"3304","Maschi",99,2006,1032,"italiani"
"3305","Maschi",99,2007,1026,"italiani"
"3306","Maschi",99,2008,1174,"italiani"
"3307","Maschi",99,2009,1381,"italiani"
"3308","Maschi",99,2010,1586,"italiani"
"3309","Maschi",99,2011,1660,"italiani"
"3310","Maschi",99,2012,2046,"italiani"
"3311","Maschi",99,2013,2040,"italiani"
"3312","Maschi",99,2014,2021,"italiani"
"3313","Maschi",99,2015,1978,"italiani"
"3314","Maschi",99,2016,1514,"italiani"
"3315","Maschi",99,2017,1288,"italiani"
"3316","Maschi",99,2018,1224,"italiani"
"3317","Maschi",100,2002,972,"italiani"
"3318","Maschi",100,2003,1151,"italiani"
"3319","Maschi",100,2004,1210,"italiani"
"3320","Maschi",100,2005,1353,"italiani"
"3321","Maschi",100,2006,1414,"italiani"
"3322","Maschi",100,2007,1521,"italiani"
"3323","Maschi",100,2008,1595,"italiani"
"3324","Maschi",100,2009,1725,"italiani"
"3325","Maschi",100,2010,1881,"italiani"
"3326","Maschi",100,2011,2102,"italiani"
"3327","Maschi",100,2012,2501,"italiani"
"3328","Maschi",100,2013,2716,"italiani"
"3329","Maschi",100,2014,2864,"italiani"
"3330","Maschi",100,2015,2978,"italiani"
"3331","Maschi",100,2016,2865,"italiani"
"3332","Maschi",100,2017,2613,"italiani"
"3333","Maschi",100,2018,2276,"italiani"
"3334","Femmine",0,2002,229011,"italiani"
"3335","Femmine",0,2003,228700,"italiani"
"3336","Femmine",0,2004,231031,"italiani"
"3337","Femmine",0,2005,225808,"italiani"
"3338","Femmine",0,2006,217747,"italiani"
"3339","Femmine",0,2007,215072,"italiani"
"3340","Femmine",0,2008,211064,"italiani"
"3341","Femmine",0,2009,209533,"italiani"
"3342","Femmine",0,2010,201431,"italiani"
"3343","Femmine",0,2011,196052,"italiani"
"3344","Femmine",0,2012,188286,"italiani"
"3345","Femmine",0,2013,180811,"italiani"
"3346","Femmine",0,2014,173145,"italiani"
"3347","Femmine",0,2015,169920,"italiani"
"3348","Femmine",0,2016,164883,"italiani"
"3349","Femmine",0,2017,162692,"italiani"
"3350","Femmine",0,2018,156005,"italiani"
"3351","Femmine",1,2002,233557,"italiani"
"3352","Femmine",1,2003,229490,"italiani"
"3353","Femmine",1,2004,228589,"italiani"
"3354","Femmine",1,2005,230290,"italiani"
"3355","Femmine",1,2006,225689,"italiani"
"3356","Femmine",1,2007,217914,"italiani"
"3357","Femmine",1,2008,214738,"italiani"
"3358","Femmine",1,2009,210797,"italiani"
"3359","Femmine",1,2010,208713,"italiani"
"3360","Femmine",1,2011,201254,"italiani"
"3361","Femmine",1,2012,195809,"italiani"
"3362","Femmine",1,2013,186862,"italiani"
"3363","Femmine",1,2014,180762,"italiani"
"3364","Femmine",1,2015,173964,"italiani"
"3365","Femmine",1,2016,172483,"italiani"
"3366","Femmine",1,2017,168754,"italiani"
"3367","Femmine",1,2018,165140,"italiani"
"3368","Femmine",2,2002,236455,"italiani"
"3369","Femmine",2,2003,234042,"italiani"
"3370","Femmine",2,2004,229693,"italiani"
"3371","Femmine",2,2005,228252,"italiani"
"3372","Femmine",2,2006,229528,"italiani"
"3373","Femmine",2,2007,225401,"italiani"
"3374","Femmine",2,2008,217128,"italiani"
"3375","Femmine",2,2009,214054,"italiani"
"3376","Femmine",2,2010,210691,"italiani"
"3377","Femmine",2,2011,208182,"italiani"
"3378","Femmine",2,2012,201281,"italiani"
"3379","Femmine",2,2013,194425,"italiani"
"3380","Femmine",2,2014,186774,"italiani"
"3381","Femmine",2,2015,182154,"italiani"
"3382","Femmine",2,2016,177102,"italiani"
"3383","Femmine",2,2017,176087,"italiani"
"3384","Femmine",2,2018,171331,"italiani"
"3385","Femmine",3,2002,233356,"italiani"
"3386","Femmine",3,2003,236409,"italiani"
"3387","Femmine",3,2004,234265,"italiani"
"3388","Femmine",3,2005,229451,"italiani"
"3389","Femmine",3,2006,227595,"italiani"
"3390","Femmine",3,2007,229077,"italiani"
"3391","Femmine",3,2008,224452,"italiani"
"3392","Femmine",3,2009,216234,"italiani"
"3393","Femmine",3,2010,213598,"italiani"
"3394","Femmine",3,2011,210551,"italiani"
"3395","Femmine",3,2012,207538,"italiani"
"3396","Femmine",3,2013,199559,"italiani"
"3397","Femmine",3,2014,194707,"italiani"
"3398","Femmine",3,2015,188765,"italiani"
"3399","Femmine",3,2016,186132,"italiani"
"3400","Femmine",3,2017,181268,"italiani"
"3401","Femmine",3,2018,177939,"italiani"
"3402","Femmine",4,2002,234068,"italiani"
"3403","Femmine",4,2003,233374,"italiani"
"3404","Femmine",4,2004,236224,"italiani"
"3405","Femmine",4,2005,234091,"italiani"
"3406","Femmine",4,2006,229014,"italiani"
"3407","Femmine",4,2007,227333,"italiani"
"3408","Femmine",4,2008,227829,"italiani"
"3409","Femmine",4,2009,223370,"italiani"
"3410","Femmine",4,2010,215852,"italiani"
"3411","Femmine",4,2011,213380,"italiani"
"3412","Femmine",4,2012,210189,"italiani"
"3413","Femmine",4,2013,205971,"italiani"
"3414","Femmine",4,2014,200076,"italiani"
"3415","Femmine",4,2015,196867,"italiani"
"3416","Femmine",4,2016,192814,"italiani"
"3417","Femmine",4,2017,191099,"italiani"
"3418","Femmine",4,2018,183577,"italiani"
"3419","Femmine",5,2002,237972,"italiani"
"3420","Femmine",5,2003,234043,"italiani"
"3421","Femmine",5,2004,233445,"italiani"
"3422","Femmine",5,2005,235555,"italiani"
"3423","Femmine",5,2006,233585,"italiani"
"3424","Femmine",5,2007,228803,"italiani"
"3425","Femmine",5,2008,226166,"italiani"
"3426","Femmine",5,2009,226746,"italiani"
"3427","Femmine",5,2010,222769,"italiani"
"3428","Femmine",5,2011,215758,"italiani"
"3429","Femmine",5,2012,212931,"italiani"
"3430","Femmine",5,2013,208828,"italiani"
"3431","Femmine",5,2014,206900,"italiani"
"3432","Femmine",5,2015,202437,"italiani"
"3433","Femmine",5,2016,201038,"italiani"
"3434","Femmine",5,2017,197774,"italiani"
"3435","Femmine",5,2018,193777,"italiani"
"3436","Femmine",6,2002,237713,"italiani"
"3437","Femmine",6,2003,237828,"italiani"
"3438","Femmine",6,2004,234242,"italiani"
"3439","Femmine",6,2005,233129,"italiani"
"3440","Femmine",6,2006,234672,"italiani"
"3441","Femmine",6,2007,233369,"italiani"
"3442","Femmine",6,2008,227882,"italiani"
"3443","Femmine",6,2009,225224,"italiani"
"3444","Femmine",6,2010,226086,"italiani"
"3445","Femmine",6,2011,222476,"italiani"
"3446","Femmine",6,2012,215208,"italiani"
"3447","Femmine",6,2013,211633,"italiani"
"3448","Femmine",6,2014,209998,"italiani"
"3449","Femmine",6,2015,209817,"italiani"
"3450","Femmine",6,2016,206733,"italiani"
"3451","Femmine",6,2017,206413,"italiani"
"3452","Femmine",6,2018,200769,"italiani"
"3453","Femmine",7,2002,240351,"italiani"
"3454","Femmine",7,2003,237531,"italiani"
"3455","Femmine",7,2004,237686,"italiani"
"3456","Femmine",7,2005,234208,"italiani"
"3457","Femmine",7,2006,232619,"italiani"
"3458","Femmine",7,2007,234129,"italiani"
"3459","Femmine",7,2008,232266,"italiani"
"3460","Femmine",7,2009,227177,"italiani"
"3461","Femmine",7,2010,224844,"italiani"
"3462","Femmine",7,2011,225807,"italiani"
"3463","Femmine",7,2012,221925,"italiani"
"3464","Femmine",7,2013,214136,"italiani"
"3465","Femmine",7,2014,213062,"italiani"
"3466","Femmine",7,2015,213171,"italiani"
"3467","Femmine",7,2016,214356,"italiani"
"3468","Femmine",7,2017,212124,"italiani"
"3469","Femmine",7,2018,209671,"italiani"
"3470","Femmine",8,2002,248123,"italiani"
"3471","Femmine",8,2003,240251,"italiani"
"3472","Femmine",8,2004,237350,"italiani"
"3473","Femmine",8,2005,237213,"italiani"
"3474","Femmine",8,2006,233592,"italiani"
"3475","Femmine",8,2007,232408,"italiani"
"3476","Femmine",8,2008,232656,"italiani"
"3477","Femmine",8,2009,231521,"italiani"
"3478","Femmine",8,2010,226861,"italiani"
"3479","Femmine",8,2011,224640,"italiani"
"3480","Femmine",8,2012,225121,"italiani"
"3481","Femmine",8,2013,221199,"italiani"
"3482","Femmine",8,2014,215713,"italiani"
"3483","Femmine",8,2015,216352,"italiani"
"3484","Femmine",8,2016,217660,"italiani"
"3485","Femmine",8,2017,219961,"italiani"
"3486","Femmine",8,2018,215560,"italiani"
"3487","Femmine",9,2002,260089,"italiani"
"3488","Femmine",9,2003,248056,"italiani"
"3489","Femmine",9,2004,240133,"italiani"
"3490","Femmine",9,2005,236815,"italiani"
"3491","Femmine",9,2006,236344,"italiani"
"3492","Femmine",9,2007,233274,"italiani"
"3493","Femmine",9,2008,231455,"italiani"
"3494","Femmine",9,2009,231572,"italiani"
"3495","Femmine",9,2010,231188,"italiani"
"3496","Femmine",9,2011,226933,"italiani"
"3497","Femmine",9,2012,224007,"italiani"
"3498","Femmine",9,2013,224240,"italiani"
"3499","Femmine",9,2014,223330,"italiani"
"3500","Femmine",9,2015,219215,"italiani"
"3501","Femmine",9,2016,220578,"italiani"
"3502","Femmine",9,2017,222352,"italiani"
"3503","Femmine",9,2018,222529,"italiani"
"3504","Femmine",10,2002,261858,"italiani"
"3505","Femmine",10,2003,259820,"italiani"
"3506","Femmine",10,2004,248126,"italiani"
"3507","Femmine",10,2005,239440,"italiani"
"3508","Femmine",10,2006,235929,"italiani"
"3509","Femmine",10,2007,235809,"italiani"
"3510","Femmine",10,2008,232297,"italiani"
"3511","Femmine",10,2009,230514,"italiani"
"3512","Femmine",10,2010,230768,"italiani"
"3513","Femmine",10,2011,231063,"italiani"
"3514","Femmine",10,2012,226415,"italiani"
"3515","Femmine",10,2013,223281,"italiani"
"3516","Femmine",10,2014,226339,"italiani"
"3517","Femmine",10,2015,226250,"italiani"
"3518","Femmine",10,2016,223567,"italiani"
"3519","Femmine",10,2017,224939,"italiani"
"3520","Femmine",10,2018,224594,"italiani"
"3521","Femmine",11,2002,265341,"italiani"
"3522","Femmine",11,2003,261319,"italiani"
"3523","Femmine",11,2004,259508,"italiani"
"3524","Femmine",11,2005,247486,"italiani"
"3525","Femmine",11,2006,238725,"italiani"
"3526","Femmine",11,2007,235357,"italiani"
"3527","Femmine",11,2008,234737,"italiani"
"3528","Femmine",11,2009,231239,"italiani"
"3529","Femmine",11,2010,229991,"italiani"
"3530","Femmine",11,2011,230176,"italiani"
"3531","Femmine",11,2012,230493,"italiani"
"3532","Femmine",11,2013,226066,"italiani"
"3533","Femmine",11,2014,225262,"italiani"
"3534","Femmine",11,2015,229312,"italiani"
"3535","Femmine",11,2016,230095,"italiani"
"3536","Femmine",11,2017,227666,"italiani"
"3537","Femmine",11,2018,226656,"italiani"
"3538","Femmine",12,2002,261601,"italiani"
"3539","Femmine",12,2003,264712,"italiani"
"3540","Femmine",12,2004,260707,"italiani"
"3541","Femmine",12,2005,258704,"italiani"
"3542","Femmine",12,2006,246529,"italiani"
"3543","Femmine",12,2007,238253,"italiani"
"3544","Femmine",12,2008,234163,"italiani"
"3545","Femmine",12,2009,233711,"italiani"
"3546","Femmine",12,2010,230803,"italiani"
"3547","Femmine",12,2011,229870,"italiani"
"3548","Femmine",12,2012,229295,"italiani"
"3549","Femmine",12,2013,229655,"italiani"
"3550","Femmine",12,2014,228146,"italiani"
"3551","Femmine",12,2015,228002,"italiani"
"3552","Femmine",12,2016,232531,"italiani"
"3553","Femmine",12,2017,233211,"italiani"
"3554","Femmine",12,2018,228934,"italiani"
"3555","Femmine",13,2002,263037,"italiani"
"3556","Femmine",13,2003,261126,"italiani"
"3557","Femmine",13,2004,264095,"italiani"
"3558","Femmine",13,2005,259570,"italiani"
"3559","Femmine",13,2006,257709,"italiani"
"3560","Femmine",13,2007,245916,"italiani"
"3561","Femmine",13,2008,237076,"italiani"
"3562","Femmine",13,2009,232930,"italiani"
"3563","Femmine",13,2010,233142,"italiani"
"3564","Femmine",13,2011,230622,"italiani"
"3565","Femmine",13,2012,229237,"italiani"
"3566","Femmine",13,2013,228655,"italiani"
"3567","Femmine",13,2014,230627,"italiani"
"3568","Femmine",13,2015,230782,"italiani"
"3569","Femmine",13,2016,230975,"italiani"
"3570","Femmine",13,2017,235255,"italiani"
"3571","Femmine",13,2018,233915,"italiani"
"3572","Femmine",14,2002,253176,"italiani"
"3573","Femmine",14,2003,262814,"italiani"
"3574","Femmine",14,2004,260630,"italiani"
"3575","Femmine",14,2005,262807,"italiani"
"3576","Femmine",14,2006,258328,"italiani"
"3577","Femmine",14,2007,257044,"italiani"
"3578","Femmine",14,2008,244795,"italiani"
"3579","Femmine",14,2009,235905,"italiani"
"3580","Femmine",14,2010,232047,"italiani"
"3581","Femmine",14,2011,232721,"italiani"
"3582","Femmine",14,2012,230008,"italiani"
"3583","Femmine",14,2013,228378,"italiani"
"3584","Femmine",14,2014,229708,"italiani"
"3585","Femmine",14,2015,232563,"italiani"
"3586","Femmine",14,2016,233879,"italiani"
"3587","Femmine",14,2017,233995,"italiani"
"3588","Femmine",14,2018,235353,"italiani"
"3589","Femmine",15,2002,261132,"italiani"
"3590","Femmine",15,2003,253347,"italiani"
"3591","Femmine",15,2004,262627,"italiani"
"3592","Femmine",15,2005,259518,"italiani"
"3593","Femmine",15,2006,261299,"italiani"
"3594","Femmine",15,2007,257256,"italiani"
"3595","Femmine",15,2008,255788,"italiani"
"3596","Femmine",15,2009,243628,"italiani"
"3597","Femmine",15,2010,235206,"italiani"
"3598","Femmine",15,2011,231351,"italiani"
"3599","Femmine",15,2012,231925,"italiani"
"3600","Femmine",15,2013,229199,"italiani"
"3601","Femmine",15,2014,229142,"italiani"
"3602","Femmine",15,2015,231190,"italiani"
"3603","Femmine",15,2016,234894,"italiani"
"3604","Femmine",15,2017,236012,"italiani"
"3605","Femmine",15,2018,234299,"italiani"
"3606","Femmine",16,2002,271478,"italiani"
"3607","Femmine",16,2003,260634,"italiani"
"3608","Femmine",16,2004,253443,"italiani"
"3609","Femmine",16,2005,261778,"italiani"
"3610","Femmine",16,2006,258151,"italiani"
"3611","Femmine",16,2007,260025,"italiani"
"3612","Femmine",16,2008,255739,"italiani"
"3613","Femmine",16,2009,254482,"italiani"
"3614","Femmine",16,2010,242883,"italiani"
"3615","Femmine",16,2011,234702,"italiani"
"3616","Femmine",16,2012,230549,"italiani"
"3617","Femmine",16,2013,231010,"italiani"
"3618","Femmine",16,2014,230033,"italiani"
"3619","Femmine",16,2015,230489,"italiani"
"3620","Femmine",16,2016,232950,"italiani"
"3621","Femmine",16,2017,236614,"italiani"
"3622","Femmine",16,2018,236223,"italiani"
"3623","Femmine",17,2002,274437,"italiani"
"3624","Femmine",17,2003,270965,"italiani"
"3625","Femmine",17,2004,259804,"italiani"
"3626","Femmine",17,2005,252691,"italiani"
"3627","Femmine",17,2006,260615,"italiani"
"3628","Femmine",17,2007,256852,"italiani"
"3629","Femmine",17,2008,258227,"italiani"
"3630","Femmine",17,2009,254048,"italiani"
"3631","Femmine",17,2010,253401,"italiani"
"3632","Femmine",17,2011,242323,"italiani"
"3633","Femmine",17,2012,233868,"italiani"
"3634","Femmine",17,2013,229655,"italiani"
"3635","Femmine",17,2014,231329,"italiani"
"3636","Femmine",17,2015,231518,"italiani"
"3637","Femmine",17,2016,232051,"italiani"
"3638","Femmine",17,2017,234774,"italiani"
"3639","Femmine",17,2018,237668,"italiani"
"3640","Femmine",18,2002,281005,"italiani"
"3641","Femmine",18,2003,273821,"italiani"
"3642","Femmine",18,2004,270058,"italiani"
"3643","Femmine",18,2005,257822,"italiani"
"3644","Femmine",18,2006,251230,"italiani"
"3645","Femmine",18,2007,259417,"italiani"
"3646","Femmine",18,2008,255154,"italiani"
"3647","Femmine",18,2009,256025,"italiani"
"3648","Femmine",18,2010,252738,"italiani"
"3649","Femmine",18,2011,252993,"italiani"
"3650","Femmine",18,2012,242494,"italiani"
"3651","Femmine",18,2013,234370,"italiani"
"3652","Femmine",18,2014,233153,"italiani"
"3653","Femmine",18,2015,236079,"italiani"
"3654","Femmine",18,2016,235963,"italiani"
"3655","Femmine",18,2017,237690,"italiani"
"3656","Femmine",18,2018,239161,"italiani"
"3657","Femmine",19,2002,292543,"italiani"
"3658","Femmine",19,2003,280491,"italiani"
"3659","Femmine",19,2004,272425,"italiani"
"3660","Femmine",19,2005,268217,"italiani"
"3661","Femmine",19,2006,255732,"italiani"
"3662","Femmine",19,2007,249842,"italiani"
"3663","Femmine",19,2008,256207,"italiani"
"3664","Femmine",19,2009,251357,"italiani"
"3665","Femmine",19,2010,252909,"italiani"
"3666","Femmine",19,2011,250232,"italiani"
"3667","Femmine",19,2012,250897,"italiani"
"3668","Femmine",19,2013,241297,"italiani"
"3669","Femmine",19,2014,233762,"italiani"
"3670","Femmine",19,2015,233363,"italiani"
"3671","Femmine",19,2016,235941,"italiani"
"3672","Femmine",19,2017,236444,"italiani"
"3673","Femmine",19,2018,238267,"italiani"
"3674","Femmine",20,2002,296389,"italiani"
"3675","Femmine",20,2003,291243,"italiani"
"3676","Femmine",20,2004,278325,"italiani"
"3677","Femmine",20,2005,270316,"italiani"
"3678","Femmine",20,2006,266086,"italiani"
"3679","Femmine",20,2007,253410,"italiani"
"3680","Femmine",20,2008,244924,"italiani"
"3681","Femmine",20,2009,251247,"italiani"
"3682","Femmine",20,2010,247088,"italiani"
"3683","Femmine",20,2011,248967,"italiani"
"3684","Femmine",20,2012,247028,"italiani"
"3685","Femmine",20,2013,247595,"italiani"
"3686","Femmine",20,2014,238580,"italiani"
"3687","Femmine",20,2015,231843,"italiani"
"3688","Femmine",20,2016,231217,"italiani"
"3689","Femmine",20,2017,234149,"italiani"
"3690","Femmine",20,2018,234053,"italiani"
"3691","Femmine",21,2002,300526,"italiani"
"3692","Femmine",21,2003,294734,"italiani"
"3693","Femmine",21,2004,287400,"italiani"
"3694","Femmine",21,2005,275617,"italiani"
"3695","Femmine",21,2006,267753,"italiani"
"3696","Femmine",21,2007,263270,"italiani"
"3697","Femmine",21,2008,246636,"italiani"
"3698","Femmine",21,2009,239123,"italiani"
"3699","Femmine",21,2010,246511,"italiani"
"3700","Femmine",21,2011,242362,"italiani"
"3701","Femmine",21,2012,245350,"italiani"
"3702","Femmine",21,2013,243374,"italiani"
"3703","Femmine",21,2014,244598,"italiani"
"3704","Femmine",21,2015,236504,"italiani"
"3705","Femmine",21,2016,230307,"italiani"
"3706","Femmine",21,2017,230102,"italiani"
"3707","Femmine",21,2018,232033,"italiani"
"3708","Femmine",22,2002,308324,"italiani"
"3709","Femmine",22,2003,298225,"italiani"
"3710","Femmine",22,2004,289675,"italiani"
"3711","Femmine",22,2005,283064,"italiani"
"3712","Femmine",22,2006,272611,"italiani"
"3713","Femmine",22,2007,264513,"italiani"
"3714","Femmine",22,2008,255317,"italiani"
"3715","Femmine",22,2009,239446,"italiani"
"3716","Femmine",22,2010,234111,"italiani"
"3717","Femmine",22,2011,241323,"italiani"
"3718","Femmine",22,2012,237962,"italiani"
"3719","Femmine",22,2013,241254,"italiani"
"3720","Femmine",22,2014,240218,"italiani"
"3721","Femmine",22,2015,242330,"italiani"
"3722","Femmine",22,2016,235098,"italiani"
"3723","Femmine",22,2017,229630,"italiani"
"3724","Femmine",22,2018,227938,"italiani"
"3725","Femmine",23,2002,323702,"italiani"
"3726","Femmine",23,2003,306049,"italiani"
"3727","Femmine",23,2004,291903,"italiani"
"3728","Femmine",23,2005,284623,"italiani"
"3729","Femmine",23,2006,279091,"italiani"
"3730","Femmine",23,2007,268942,"italiani"
"3731","Femmine",23,2008,256048,"italiani"
"3732","Femmine",23,2009,247610,"italiani"
"3733","Femmine",23,2010,233149,"italiani"
"3734","Femmine",23,2011,228467,"italiani"
"3735","Femmine",23,2012,236533,"italiani"
"3736","Femmine",23,2013,233229,"italiani"
"3737","Femmine",23,2014,237573,"italiani"
"3738","Femmine",23,2015,237974,"italiani"
"3739","Femmine",23,2016,241098,"italiani"
"3740","Femmine",23,2017,233722,"italiani"
"3741","Femmine",23,2018,227790,"italiani"
"3742","Femmine",24,2002,335003,"italiani"
"3743","Femmine",24,2003,321318,"italiani"
"3744","Femmine",24,2004,299136,"italiani"
"3745","Femmine",24,2005,286114,"italiani"
"3746","Femmine",24,2006,280216,"italiani"
"3747","Femmine",24,2007,275064,"italiani"
"3748","Femmine",24,2008,260531,"italiani"
"3749","Femmine",24,2009,247960,"italiani"
"3750","Femmine",24,2010,241052,"italiani"
"3751","Femmine",24,2011,226610,"italiani"
"3752","Femmine",24,2012,223565,"italiani"
"3753","Femmine",24,2013,231496,"italiani"
"3754","Femmine",24,2014,229220,"italiani"
"3755","Femmine",24,2015,235069,"italiani"
"3756","Femmine",24,2016,236407,"italiani"
"3757","Femmine",24,2017,239255,"italiani"
"3758","Femmine",24,2018,231151,"italiani"
"3759","Femmine",25,2002,352298,"italiani"
"3760","Femmine",25,2003,332251,"italiani"
"3761","Femmine",25,2004,313784,"italiani"
"3762","Femmine",25,2005,293000,"italiani"
"3763","Femmine",25,2006,281495,"italiani"
"3764","Femmine",25,2007,275700,"italiani"
"3765","Femmine",25,2008,265734,"italiani"
"3766","Femmine",25,2009,252892,"italiani"
"3767","Femmine",25,2010,241772,"italiani"
"3768","Femmine",25,2011,234507,"italiani"
"3769","Femmine",25,2012,221299,"italiani"
"3770","Femmine",25,2013,218326,"italiani"
"3771","Femmine",25,2014,226988,"italiani"
"3772","Femmine",25,2015,226403,"italiani"
"3773","Femmine",25,2016,233312,"italiani"
"3774","Femmine",25,2017,234424,"italiani"
"3775","Femmine",25,2018,236408,"italiani"
"3776","Femmine",26,2002,374466,"italiani"
"3777","Femmine",26,2003,348664,"italiani"
"3778","Femmine",26,2004,323964,"italiani"
"3779","Femmine",26,2005,307575,"italiani"
"3780","Femmine",26,2006,288072,"italiani"
"3781","Femmine",26,2007,276766,"italiani"
"3782","Femmine",26,2008,266131,"italiani"
"3783","Femmine",26,2009,257195,"italiani"
"3784","Femmine",26,2010,247053,"italiani"
"3785","Femmine",26,2011,235320,"italiani"
"3786","Femmine",26,2012,229065,"italiani"
"3787","Femmine",26,2013,216283,"italiani"
"3788","Femmine",26,2014,214046,"italiani"
"3789","Femmine",26,2015,223928,"italiani"
"3790","Femmine",26,2016,224387,"italiani"
"3791","Femmine",26,2017,230875,"italiani"
"3792","Femmine",26,2018,231831,"italiani"
"3793","Femmine",27,2002,389562,"italiani"
"3794","Femmine",27,2003,370388,"italiani"
"3795","Femmine",27,2004,339664,"italiani"
"3796","Femmine",27,2005,317267,"italiani"
"3797","Femmine",27,2006,302947,"italiani"
"3798","Femmine",27,2007,283894,"italiani"
"3799","Femmine",27,2008,267206,"italiani"
"3800","Femmine",27,2009,257949,"italiani"
"3801","Femmine",27,2010,251335,"italiani"
"3802","Femmine",27,2011,241226,"italiani"
"3803","Femmine",27,2012,230368,"italiani"
"3804","Femmine",27,2013,224413,"italiani"
"3805","Femmine",27,2014,212262,"italiani"
"3806","Femmine",27,2015,211311,"italiani"
"3807","Femmine",27,2016,222079,"italiani"
"3808","Femmine",27,2017,222209,"italiani"
"3809","Femmine",27,2018,228121,"italiani"
"3810","Femmine",28,2002,390896,"italiani"
"3811","Femmine",28,2003,384815,"italiani"
"3812","Femmine",28,2004,359230,"italiani"
"3813","Femmine",28,2005,330541,"italiani"
"3814","Femmine",28,2006,311010,"italiani"
"3815","Femmine",28,2007,297812,"italiani"
"3816","Femmine",28,2008,273866,"italiani"
"3817","Femmine",28,2009,257645,"italiani"
"3818","Femmine",28,2010,251543,"italiani"
"3819","Femmine",28,2011,244905,"italiani"
"3820","Femmine",28,2012,235343,"italiani"
"3821","Femmine",28,2013,226365,"italiani"
"3822","Femmine",28,2014,221059,"italiani"
"3823","Femmine",28,2015,210033,"italiani"
"3824","Femmine",28,2016,209800,"italiani"
"3825","Femmine",28,2017,220084,"italiani"
"3826","Femmine",28,2018,220271,"italiani"
"3827","Femmine",29,2002,395525,"italiani"
"3828","Femmine",29,2003,387282,"italiani"
"3829","Femmine",29,2004,375478,"italiani"
"3830","Femmine",29,2005,351521,"italiani"
"3831","Femmine",29,2006,325263,"italiani"
"3832","Femmine",29,2007,307051,"italiani"
"3833","Femmine",29,2008,289958,"italiani"
"3834","Femmine",29,2009,267028,"italiani"
"3835","Femmine",29,2010,252759,"italiani"
"3836","Femmine",29,2011,246735,"italiani"
"3837","Femmine",29,2012,240739,"italiani"
"3838","Femmine",29,2013,232000,"italiani"
"3839","Femmine",29,2014,223657,"italiani"
"3840","Femmine",29,2015,219180,"italiani"
"3841","Femmine",29,2016,208845,"italiani"
"3842","Femmine",29,2017,208368,"italiani"
"3843","Femmine",29,2018,218477,"italiani"
"3844","Femmine",30,2002,405177,"italiani"
"3845","Femmine",30,2003,391732,"italiani"
"3846","Femmine",30,2004,377695,"italiani"
"3847","Femmine",30,2005,367384,"italiani"
"3848","Femmine",30,2006,345344,"italiani"
"3849","Femmine",30,2007,320757,"italiani"
"3850","Femmine",30,2008,299095,"italiani"
"3851","Femmine",30,2009,283455,"italiani"
"3852","Femmine",30,2010,262861,"italiani"
"3853","Femmine",30,2011,248351,"italiani"
"3854","Femmine",30,2012,243008,"italiani"
"3855","Femmine",30,2013,238072,"italiani"
"3856","Femmine",30,2014,229752,"italiani"
"3857","Femmine",30,2015,222265,"italiani"
"3858","Femmine",30,2016,218357,"italiani"
"3859","Femmine",30,2017,207785,"italiani"
"3860","Femmine",30,2018,207600,"italiani"
"3861","Femmine",31,2002,401316,"italiani"
"3862","Femmine",31,2003,402022,"italiani"
"3863","Femmine",31,2004,383104,"italiani"
"3864","Femmine",31,2005,370798,"italiani"
"3865","Femmine",31,2006,362450,"italiani"
"3866","Femmine",31,2007,341086,"italiani"
"3867","Femmine",31,2008,313727,"italiani"
"3868","Femmine",31,2009,294340,"italiani"
"3869","Femmine",31,2010,280849,"italiani"
"3870","Femmine",31,2011,260076,"italiani"
"3871","Femmine",31,2012,245952,"italiani"
"3872","Femmine",31,2013,241189,"italiani"
"3873","Femmine",31,2014,236374,"italiani"
"3874","Femmine",31,2015,228618,"italiani"
"3875","Femmine",31,2016,221938,"italiani"
"3876","Femmine",31,2017,218264,"italiani"
"3877","Femmine",31,2018,207791,"italiani"
"3878","Femmine",32,2002,415023,"italiani"
"3879","Femmine",32,2003,398205,"italiani"
"3880","Femmine",32,2004,393145,"italiani"
"3881","Femmine",32,2005,375617,"italiani"
"3882","Femmine",32,2006,365715,"italiani"
"3883","Femmine",32,2007,358281,"italiani"
"3884","Femmine",32,2008,334019,"italiani"
"3885","Femmine",32,2009,308478,"italiani"
"3886","Femmine",32,2010,291985,"italiani"
"3887","Femmine",32,2011,278973,"italiani"
"3888","Femmine",32,2012,258352,"italiani"
"3889","Femmine",32,2013,244334,"italiani"
"3890","Femmine",32,2014,240334,"italiani"
"3891","Femmine",32,2015,235915,"italiani"
"3892","Femmine",32,2016,228690,"italiani"
"3893","Femmine",32,2017,222505,"italiani"
"3894","Femmine",32,2018,218978,"italiani"
"3895","Femmine",33,2002,408813,"italiani"
"3896","Femmine",33,2003,415111,"italiani"
"3897","Femmine",33,2004,392369,"italiani"
"3898","Femmine",33,2005,388851,"italiani"
"3899","Femmine",33,2006,373293,"italiani"
"3900","Femmine",33,2007,364679,"italiani"
"3901","Femmine",33,2008,354753,"italiani"
"3902","Femmine",33,2009,332175,"italiani"
"3903","Femmine",33,2010,308963,"italiani"
"3904","Femmine",33,2011,293002,"italiani"
"3905","Femmine",33,2012,280546,"italiani"
"3906","Femmine",33,2013,257560,"italiani"
"3907","Femmine",33,2014,243759,"italiani"
"3908","Femmine",33,2015,239954,"italiani"
"3909","Femmine",33,2016,236696,"italiani"
"3910","Femmine",33,2017,229667,"italiani"
"3911","Femmine",33,2018,223630,"italiani"
"3912","Femmine",34,2002,416216,"italiani"
"3913","Femmine",34,2003,411387,"italiani"
"3914","Femmine",34,2004,411248,"italiani"
"3915","Femmine",34,2005,389964,"italiani"
"3916","Femmine",34,2006,388400,"italiani"
"3917","Femmine",34,2007,373926,"italiani"
"3918","Femmine",34,2008,363706,"italiani"
"3919","Femmine",34,2009,355330,"italiani"
"3920","Femmine",34,2010,333846,"italiani"
"3921","Femmine",34,2011,310890,"italiani"
"3922","Femmine",34,2012,296594,"italiani"
"3923","Femmine",34,2013,279645,"italiani"
"3924","Femmine",34,2014,257248,"italiani"
"3925","Femmine",34,2015,243906,"italiani"
"3926","Femmine",34,2016,241088,"italiani"
"3927","Femmine",34,2017,238406,"italiani"
"3928","Femmine",34,2018,230905,"italiani"
"3929","Femmine",35,2002,434305,"italiani"
"3930","Femmine",35,2003,419686,"italiani"
"3931","Femmine",35,2004,409552,"italiani"
"3932","Femmine",35,2005,410857,"italiani"
"3933","Femmine",35,2006,391332,"italiani"
"3934","Femmine",35,2007,391131,"italiani"
"3935","Femmine",35,2008,374672,"italiani"
"3936","Femmine",35,2009,366474,"italiani"
"3937","Femmine",35,2010,359410,"italiani"
"3938","Femmine",35,2011,337676,"italiani"
"3939","Femmine",35,2012,316556,"italiani"
"3940","Femmine",35,2013,296281,"italiani"
"3941","Femmine",35,2014,279668,"italiani"
"3942","Femmine",35,2015,257710,"italiani"
"3943","Femmine",35,2016,245454,"italiani"
"3944","Femmine",35,2017,243049,"italiani"
"3945","Femmine",35,2018,239928,"italiani"
"3946","Femmine",36,2002,436387,"italiani"
"3947","Femmine",36,2003,436906,"italiani"
"3948","Femmine",36,2004,417386,"italiani"
"3949","Femmine",36,2005,408200,"italiani"
"3950","Femmine",36,2006,411024,"italiani"
"3951","Femmine",36,2007,392410,"italiani"
"3952","Femmine",36,2008,390208,"italiani"
"3953","Femmine",36,2009,375564,"italiani"
"3954","Femmine",36,2010,368525,"italiani"
"3955","Femmine",36,2011,361449,"italiani"
"3956","Femmine",36,2012,340987,"italiani"
"3957","Femmine",36,2013,316235,"italiani"
"3958","Femmine",36,2014,296902,"italiani"
"3959","Femmine",36,2015,280444,"italiani"
"3960","Femmine",36,2016,259683,"italiani"
"3961","Femmine",36,2017,247759,"italiani"
"3962","Femmine",36,2018,244954,"italiani"
"3963","Femmine",37,2002,442913,"italiani"
"3964","Femmine",37,2003,437213,"italiani"
"3965","Femmine",37,2004,433478,"italiani"
"3966","Femmine",37,2005,415044,"italiani"
"3967","Femmine",37,2006,407022,"italiani"
"3968","Femmine",37,2007,410340,"italiani"
"3969","Femmine",37,2008,389177,"italiani"
"3970","Femmine",37,2009,388512,"italiani"
"3971","Femmine",37,2010,374921,"italiani"
"3972","Femmine",37,2011,368239,"italiani"
"3973","Femmine",37,2012,362574,"italiani"
"3974","Femmine",37,2013,340593,"italiani"
"3975","Femmine",37,2014,316804,"italiani"
"3976","Femmine",37,2015,297706,"italiani"
"3977","Femmine",37,2016,282462,"italiani"
"3978","Femmine",37,2017,262621,"italiani"
"3979","Femmine",37,2018,250329,"italiani"
"3980","Femmine",38,2002,420672,"italiani"
"3981","Femmine",38,2003,444199,"italiani"
"3982","Femmine",38,2004,434082,"italiani"
"3983","Femmine",38,2005,431081,"italiani"
"3984","Femmine",38,2006,414114,"italiani"
"3985","Femmine",38,2007,406158,"italiani"
"3986","Femmine",38,2008,406021,"italiani"
"3987","Femmine",38,2009,386525,"italiani"
"3988","Femmine",38,2010,387018,"italiani"
"3989","Femmine",38,2011,373395,"italiani"
"3990","Femmine",38,2012,368148,"italiani"
"3991","Femmine",38,2013,362464,"italiani"
"3992","Femmine",38,2014,341358,"italiani"
"3993","Femmine",38,2015,318042,"italiani"
"3994","Femmine",38,2016,300231,"italiani"
"3995","Femmine",38,2017,285486,"italiani"
"3996","Femmine",38,2018,264991,"italiani"
"3997","Femmine",39,2002,410327,"italiani"
"3998","Femmine",39,2003,421459,"italiani"
"3999","Femmine",39,2004,441230,"italiani"
"4000","Femmine",39,2005,432081,"italiani"
"4001","Femmine",39,2006,430305,"italiani"
"4002","Femmine",39,2007,413842,"italiani"
"4003","Femmine",39,2008,401686,"italiani"
"4004","Femmine",39,2009,403108,"italiani"
"4005","Femmine",39,2010,384778,"italiani"
"4006","Femmine",39,2011,385118,"italiani"
"4007","Femmine",39,2012,372760,"italiani"
"4008","Femmine",39,2013,368142,"italiani"
"4009","Femmine",39,2014,363274,"italiani"
"4010","Femmine",39,2015,342783,"italiani"
"4011","Femmine",39,2016,320680,"italiani"
"4012","Femmine",39,2017,303057,"italiani"
"4013","Femmine",39,2018,287819,"italiani"
"4014","Femmine",40,2002,408243,"italiani"
"4015","Femmine",40,2003,411017,"italiani"
"4016","Femmine",40,2004,417983,"italiani"
"4017","Femmine",40,2005,439511,"italiani"
"4018","Femmine",40,2006,431472,"italiani"
"4019","Femmine",40,2007,429923,"italiani"
"4020","Femmine",40,2008,409546,"italiani"
"4021","Femmine",40,2009,398574,"italiani"
"4022","Femmine",40,2010,400912,"italiani"
"4023","Femmine",40,2011,382153,"italiani"
"4024","Femmine",40,2012,383777,"italiani"
"4025","Femmine",40,2013,372350,"italiani"
"4026","Femmine",40,2014,368832,"italiani"
"4027","Femmine",40,2015,364861,"italiani"
"4028","Femmine",40,2016,345353,"italiani"
"4029","Femmine",40,2017,323427,"italiani"
"4030","Femmine",40,2018,305034,"italiani"
"4031","Femmine",41,2002,395879,"italiani"
"4032","Femmine",41,2003,408666,"italiani"
"4033","Femmine",41,2004,407534,"italiani"
"4034","Femmine",41,2005,415802,"italiani"
"4035","Femmine",41,2006,439444,"italiani"
"4036","Femmine",41,2007,431502,"italiani"
"4037","Femmine",41,2008,427563,"italiani"
"4038","Femmine",41,2009,406919,"italiani"
"4039","Femmine",41,2010,396594,"italiani"
"4040","Femmine",41,2011,398259,"italiani"
"4041","Femmine",41,2012,381048,"italiani"
"4042","Femmine",41,2013,383262,"italiani"
"4043","Femmine",41,2014,373206,"italiani"
"4044","Femmine",41,2015,370330,"italiani"
"4045","Femmine",41,2016,367876,"italiani"
"4046","Femmine",41,2017,348197,"italiani"
"4047","Femmine",41,2018,325426,"italiani"
"4048","Femmine",42,2002,387328,"italiani"
"4049","Femmine",42,2003,396272,"italiani"
"4050","Femmine",42,2004,404998,"italiani"
"4051","Femmine",42,2005,405350,"italiani"
"4052","Femmine",42,2006,415357,"italiani"
"4053","Femmine",42,2007,439574,"italiani"
"4054","Femmine",42,2008,429172,"italiani"
"4055","Femmine",42,2009,425805,"italiani"
"4056","Femmine",42,2010,405248,"italiani"
"4057","Femmine",42,2011,394059,"italiani"
"4058","Femmine",42,2012,396755,"italiani"
"4059","Femmine",42,2013,380105,"italiani"
"4060","Femmine",42,2014,383357,"italiani"
"4061","Femmine",42,2015,374438,"italiani"
"4062","Femmine",42,2016,372826,"italiani"
"4063","Femmine",42,2017,370600,"italiani"
"4064","Femmine",42,2018,349856,"italiani"
"4065","Femmine",43,2002,372054,"italiani"
"4066","Femmine",43,2003,388214,"italiani"
"4067","Femmine",43,2004,392449,"italiani"
"4068","Femmine",43,2005,402596,"italiani"
"4069","Femmine",43,2006,404685,"italiani"
"4070","Femmine",43,2007,415311,"italiani"
"4071","Femmine",43,2008,437379,"italiani"
"4072","Femmine",43,2009,427722,"italiani"
"4073","Femmine",43,2010,424701,"italiani"
"4074","Femmine",43,2011,403300,"italiani"
"4075","Femmine",43,2012,392753,"italiani"
"4076","Femmine",43,2013,395684,"italiani"
"4077","Femmine",43,2014,380529,"italiani"
"4078","Femmine",43,2015,384262,"italiani"
"4079","Femmine",43,2016,377276,"italiani"
"4080","Femmine",43,2017,375178,"italiani"
"4081","Femmine",43,2018,372138,"italiani"
"4082","Femmine",44,2002,370839,"italiani"
"4083","Femmine",44,2003,373031,"italiani"
"4084","Femmine",44,2004,384896,"italiani"
"4085","Femmine",44,2005,389910,"italiani"
"4086","Femmine",44,2006,401791,"italiani"
"4087","Femmine",44,2007,404467,"italiani"
"4088","Femmine",44,2008,412622,"italiani"
"4089","Femmine",44,2009,435873,"italiani"
"4090","Femmine",44,2010,426686,"italiani"
"4091","Femmine",44,2011,422900,"italiani"
"4092","Femmine",44,2012,402034,"italiani"
"4093","Femmine",44,2013,391661,"italiani"
"4094","Femmine",44,2014,395789,"italiani"
"4095","Femmine",44,2015,381528,"italiani"
"4096","Femmine",44,2016,386936,"italiani"
"4097","Femmine",44,2017,379758,"italiani"
"4098","Femmine",44,2018,376318,"italiani"
"4099","Femmine",45,2002,370540,"italiani"
"4100","Femmine",45,2003,371868,"italiani"
"4101","Femmine",45,2004,369626,"italiani"
"4102","Femmine",45,2005,382883,"italiani"
"4103","Femmine",45,2006,389141,"italiani"
"4104","Femmine",45,2007,401203,"italiani"
"4105","Femmine",45,2008,401644,"italiani"
"4106","Femmine",45,2009,410682,"italiani"
"4107","Femmine",45,2010,435025,"italiani"
"4108","Femmine",45,2011,425086,"italiani"
"4109","Femmine",45,2012,421866,"italiani"
"4110","Femmine",45,2013,400724,"italiani"
"4111","Femmine",45,2014,391245,"italiani"
"4112","Femmine",45,2015,396571,"italiani"
"4113","Femmine",45,2016,383826,"italiani"
"4114","Femmine",45,2017,389267,"italiani"
"4115","Femmine",45,2018,380721,"italiani"
"4116","Femmine",46,2002,368570,"italiani"
"4117","Femmine",46,2003,371289,"italiani"
"4118","Femmine",46,2004,369076,"italiani"
"4119","Femmine",46,2005,367864,"italiani"
"4120","Femmine",46,2006,382505,"italiani"
"4121","Femmine",46,2007,388536,"italiani"
"4122","Femmine",46,2008,398042,"italiani"
"4123","Femmine",46,2009,399600,"italiani"
"4124","Femmine",46,2010,409452,"italiani"
"4125","Femmine",46,2011,433662,"italiani"
"4126","Femmine",46,2012,424093,"italiani"
"4127","Femmine",46,2013,420694,"italiani"
"4128","Femmine",46,2014,400056,"italiani"
"4129","Femmine",46,2015,392136,"italiani"
"4130","Femmine",46,2016,398811,"italiani"
"4131","Femmine",46,2017,386017,"italiani"
"4132","Femmine",46,2018,390394,"italiani"
"4133","Femmine",47,2002,367028,"italiani"
"4134","Femmine",47,2003,368913,"italiani"
"4135","Femmine",47,2004,368323,"italiani"
"4136","Femmine",47,2005,367634,"italiani"
"4137","Femmine",47,2006,367649,"italiani"
"4138","Femmine",47,2007,382232,"italiani"
"4139","Femmine",47,2008,385287,"italiani"
"4140","Femmine",47,2009,395398,"italiani"
"4141","Femmine",47,2010,398190,"italiani"
"4142","Femmine",47,2011,407707,"italiani"
"4143","Femmine",47,2012,432880,"italiani"
"4144","Femmine",47,2013,423023,"italiani"
"4145","Femmine",47,2014,420180,"italiani"
"4146","Femmine",47,2015,400663,"italiani"
"4147","Femmine",47,2016,393960,"italiani"
"4148","Femmine",47,2017,400892,"italiani"
"4149","Femmine",47,2018,386946,"italiani"
"4150","Femmine",48,2002,352219,"italiani"
"4151","Femmine",48,2003,367380,"italiani"
"4152","Femmine",48,2004,365966,"italiani"
"4153","Femmine",48,2005,366493,"italiani"
"4154","Femmine",48,2006,367628,"italiani"
"4155","Femmine",48,2007,367685,"italiani"
"4156","Femmine",48,2008,379373,"italiani"
"4157","Femmine",48,2009,382671,"italiani"
"4158","Femmine",48,2010,393520,"italiani"
"4159","Femmine",48,2011,396104,"italiani"
"4160","Femmine",48,2012,406555,"italiani"
"4161","Femmine",48,2013,431527,"italiani"
"4162","Femmine",48,2014,422327,"italiani"
"4163","Femmine",48,2015,420636,"italiani"
"4164","Femmine",48,2016,402400,"italiani"
"4165","Femmine",48,2017,395816,"italiani"
"4166","Femmine",48,2018,401500,"italiani"
"4167","Femmine",49,2002,354276,"italiani"
"4168","Femmine",49,2003,352527,"italiani"
"4169","Femmine",49,2004,364663,"italiani"
"4170","Femmine",49,2005,364180,"italiani"
"4171","Femmine",49,2006,366013,"italiani"
"4172","Femmine",49,2007,367799,"italiani"
"4173","Femmine",49,2008,365003,"italiani"
"4174","Femmine",49,2009,377045,"italiani"
"4175","Femmine",49,2010,380859,"italiani"
"4176","Femmine",49,2011,391243,"italiani"
"4177","Femmine",49,2012,394742,"italiani"
"4178","Femmine",49,2013,405336,"italiani"
"4179","Femmine",49,2014,430580,"italiani"
"4180","Femmine",49,2015,422653,"italiani"
"4181","Femmine",49,2016,422053,"italiani"
"4182","Femmine",49,2017,403737,"italiani"
"4183","Femmine",49,2018,396756,"italiani"
"4184","Femmine",50,2002,358337,"italiani"
"4185","Femmine",50,2003,354167,"italiani"
"4186","Femmine",50,2004,350102,"italiani"
"4187","Femmine",50,2005,363096,"italiani"
"4188","Femmine",50,2006,363646,"italiani"
"4189","Femmine",50,2007,365766,"italiani"
"4190","Femmine",50,2008,365763,"italiani"
"4191","Femmine",50,2009,362847,"italiani"
"4192","Femmine",50,2010,375581,"italiani"
"4193","Femmine",50,2011,378556,"italiani"
"4194","Femmine",50,2012,389915,"italiani"
"4195","Femmine",50,2013,393268,"italiani"
"4196","Femmine",50,2014,404213,"italiani"
"4197","Femmine",50,2015,430739,"italiani"
"4198","Femmine",50,2016,423831,"italiani"
"4199","Femmine",50,2017,423106,"italiani"
"4200","Femmine",50,2018,404714,"italiani"
"4201","Femmine",51,2002,374649,"italiani"
"4202","Femmine",51,2003,357999,"italiani"
"4203","Femmine",51,2004,351351,"italiani"
"4204","Femmine",51,2005,348542,"italiani"
"4205","Femmine",51,2006,362672,"italiani"
"4206","Femmine",51,2007,363152,"italiani"
"4207","Femmine",51,2008,363517,"italiani"
"4208","Femmine",51,2009,363950,"italiani"
"4209","Femmine",51,2010,361341,"italiani"
"4210","Femmine",51,2011,373806,"italiani"
"4211","Femmine",51,2012,377158,"italiani"
"4212","Femmine",51,2013,388431,"italiani"
"4213","Femmine",51,2014,392035,"italiani"
"4214","Femmine",51,2015,404132,"italiani"
"4215","Femmine",51,2016,431652,"italiani"
"4216","Femmine",51,2017,424829,"italiani"
"4217","Femmine",51,2018,423550,"italiani"
"4218","Femmine",52,2002,376013,"italiani"
"4219","Femmine",52,2003,374160,"italiani"
"4220","Femmine",52,2004,355524,"italiani"
"4221","Femmine",52,2005,349448,"italiani"
"4222","Femmine",52,2006,348002,"italiani"
"4223","Femmine",52,2007,362404,"italiani"
"4224","Femmine",52,2008,361042,"italiani"
"4225","Femmine",52,2009,361457,"italiani"
"4226","Femmine",52,2010,362813,"italiani"
"4227","Femmine",52,2011,359735,"italiani"
"4228","Femmine",52,2012,372591,"italiani"
"4229","Femmine",52,2013,375422,"italiani"
"4230","Femmine",52,2014,386950,"italiani"
"4231","Femmine",52,2015,391868,"italiani"
"4232","Femmine",52,2016,404833,"italiani"
"4233","Femmine",52,2017,432250,"italiani"
"4234","Femmine",52,2018,425169,"italiani"
"4235","Femmine",53,2002,395848,"italiani"
"4236","Femmine",53,2003,375871,"italiani"
"4237","Femmine",53,2004,371782,"italiani"
"4238","Femmine",53,2005,353726,"italiani"
"4239","Femmine",53,2006,348740,"italiani"
"4240","Femmine",53,2007,347557,"italiani"
"4241","Femmine",53,2008,360581,"italiani"
"4242","Femmine",53,2009,359189,"italiani"
"4243","Femmine",53,2010,360082,"italiani"
"4244","Femmine",53,2011,361377,"italiani"
"4245","Femmine",53,2012,358431,"italiani"
"4246","Femmine",53,2013,370760,"italiani"
"4247","Femmine",53,2014,373813,"italiani"
"4248","Femmine",53,2015,386533,"italiani"
"4249","Femmine",53,2016,392249,"italiani"
"4250","Femmine",53,2017,405339,"italiani"
"4251","Femmine",53,2018,432218,"italiani"
"4252","Femmine",54,2002,388149,"italiani"
"4253","Femmine",54,2003,395846,"italiani"
"4254","Femmine",54,2004,374058,"italiani"
"4255","Femmine",54,2005,370044,"italiani"
"4256","Femmine",54,2006,352765,"italiani"
"4257","Femmine",54,2007,348092,"italiani"
"4258","Femmine",54,2008,346091,"italiani"
"4259","Femmine",54,2009,358852,"italiani"
"4260","Femmine",54,2010,357661,"italiani"
"4261","Femmine",54,2011,358420,"italiani"
"4262","Femmine",54,2012,360235,"italiani"
"4263","Femmine",54,2013,356531,"italiani"
"4264","Femmine",54,2014,369125,"italiani"
"4265","Femmine",54,2015,373147,"italiani"
"4266","Femmine",54,2016,386669,"italiani"
"4267","Femmine",54,2017,392573,"italiani"
"4268","Femmine",54,2018,405464,"italiani"
"4269","Femmine",55,2002,394875,"italiani"
"4270","Femmine",55,2003,388098,"italiani"
"4271","Femmine",55,2004,394444,"italiani"
"4272","Femmine",55,2005,372793,"italiani"
"4273","Femmine",55,2006,368991,"italiani"
"4274","Femmine",55,2007,352009,"italiani"
"4275","Femmine",55,2008,346425,"italiani"
"4276","Femmine",55,2009,344385,"italiani"
"4277","Femmine",55,2010,357531,"italiani"
"4278","Femmine",55,2011,355909,"italiani"
"4279","Femmine",55,2012,357094,"italiani"
"4280","Femmine",55,2013,358194,"italiani"
"4281","Femmine",55,2014,354477,"italiani"
"4282","Femmine",55,2015,368435,"italiani"
"4283","Femmine",55,2016,373080,"italiani"
"4284","Femmine",55,2017,386699,"italiani"
"4285","Femmine",55,2018,392414,"italiani"
"4286","Femmine",56,2002,310117,"italiani"
"4287","Femmine",56,2003,394588,"italiani"
"4288","Femmine",56,2004,387273,"italiani"
"4289","Femmine",56,2005,393467,"italiani"
"4290","Femmine",56,2006,372132,"italiani"
"4291","Femmine",56,2007,367986,"italiani"
"4292","Femmine",56,2008,350458,"italiani"
"4293","Femmine",56,2009,344415,"italiani"
"4294","Femmine",56,2010,343113,"italiani"
"4295","Femmine",56,2011,355936,"italiani"
"4296","Femmine",56,2012,354587,"italiani"
"4297","Femmine",56,2013,355034,"italiani"
"4298","Femmine",56,2014,356379,"italiani"
"4299","Femmine",56,2015,353642,"italiani"
"4300","Femmine",56,2016,368135,"italiani"
"4301","Femmine",56,2017,373078,"italiani"
"4302","Femmine",56,2018,386256,"italiani"
"4303","Femmine",57,2002,320181,"italiani"
"4304","Femmine",57,2003,309475,"italiani"
"4305","Femmine",57,2004,393628,"italiani"
"4306","Femmine",57,2005,386615,"italiani"
"4307","Femmine",57,2006,393045,"italiani"
"4308","Femmine",57,2007,371570,"italiani"
"4309","Femmine",57,2008,366322,"italiani"
"4310","Femmine",57,2009,348528,"italiani"
"4311","Femmine",57,2010,342775,"italiani"
"4312","Femmine",57,2011,341691,"italiani"
"4313","Femmine",57,2012,354656,"italiani"
"4314","Femmine",57,2013,352549,"italiani"
"4315","Femmine",57,2014,353003,"italiani"
"4316","Femmine",57,2015,355547,"italiani"
"4317","Femmine",57,2016,353237,"italiani"
"4318","Femmine",57,2017,367752,"italiani"
"4319","Femmine",57,2018,372605,"italiani"
"4320","Femmine",58,2002,328176,"italiani"
"4321","Femmine",58,2003,319600,"italiani"
"4322","Femmine",58,2004,308398,"italiani"
"4323","Femmine",58,2005,392793,"italiani"
"4324","Femmine",58,2006,386222,"italiani"
"4325","Femmine",58,2007,392538,"italiani"
"4326","Femmine",58,2008,370439,"italiani"
"4327","Femmine",58,2009,364303,"italiani"
"4328","Femmine",58,2010,346835,"italiani"
"4329","Femmine",58,2011,341075,"italiani"
"4330","Femmine",58,2012,340492,"italiani"
"4331","Femmine",58,2013,352526,"italiani"
"4332","Femmine",58,2014,350377,"italiani"
"4333","Femmine",58,2015,351956,"italiani"
"4334","Femmine",58,2016,354780,"italiani"
"4335","Femmine",58,2017,352804,"italiani"
"4336","Femmine",58,2018,367172,"italiani"
"4337","Femmine",59,2002,330630,"italiani"
"4338","Femmine",59,2003,327481,"italiani"
"4339","Femmine",59,2004,318576,"italiani"
"4340","Femmine",59,2005,307333,"italiani"
"4341","Femmine",59,2006,392122,"italiani"
"4342","Femmine",59,2007,385874,"italiani"
"4343","Femmine",59,2008,391672,"italiani"
"4344","Femmine",59,2009,369012,"italiani"
"4345","Femmine",59,2010,362374,"italiani"
"4346","Femmine",59,2011,345003,"italiani"
"4347","Femmine",59,2012,339635,"italiani"
"4348","Femmine",59,2013,338474,"italiani"
"4349","Femmine",59,2014,350352,"italiani"
"4350","Femmine",59,2015,349093,"italiani"
"4351","Femmine",59,2016,350990,"italiani"
"4352","Femmine",59,2017,353987,"italiani"
"4353","Femmine",59,2018,352141,"italiani"
"4354","Femmine",60,2002,336965,"italiani"
"4355","Femmine",60,2003,329576,"italiani"
"4356","Femmine",60,2004,326447,"italiani"
"4357","Femmine",60,2005,317690,"italiani"
"4358","Femmine",60,2006,306404,"italiani"
"4359","Femmine",60,2007,391411,"italiani"
"4360","Femmine",60,2008,385290,"italiani"
"4361","Femmine",60,2009,390401,"italiani"
"4362","Femmine",60,2010,367727,"italiani"
"4363","Femmine",60,2011,360586,"italiani"
"4364","Femmine",60,2012,343567,"italiani"
"4365","Femmine",60,2013,337532,"italiani"
"4366","Femmine",60,2014,336461,"italiani"
"4367","Femmine",60,2015,349053,"italiani"
"4368","Femmine",60,2016,348150,"italiani"
"4369","Femmine",60,2017,350108,"italiani"
"4370","Femmine",60,2018,352954,"italiani"
"4371","Femmine",61,2002,373546,"italiani"
"4372","Femmine",61,2003,335767,"italiani"
"4373","Femmine",61,2004,328161,"italiani"
"4374","Femmine",61,2005,325295,"italiani"
"4375","Femmine",61,2006,316740,"italiani"
"4376","Femmine",61,2007,305416,"italiani"
"4377","Femmine",61,2008,390471,"italiani"
"4378","Femmine",61,2009,384150,"italiani"
"4379","Femmine",61,2010,389228,"italiani"
"4380","Femmine",61,2011,366373,"italiani"
"4381","Femmine",61,2012,358916,"italiani"
"4382","Femmine",61,2013,341354,"italiani"
"4383","Femmine",61,2014,335323,"italiani"
"4384","Femmine",61,2015,335069,"italiani"
"4385","Femmine",61,2016,347825,"italiani"
"4386","Femmine",61,2017,347141,"italiani"
"4387","Femmine",61,2018,349026,"italiani"
"4388","Femmine",62,2002,368426,"italiani"
"4389","Femmine",62,2003,372080,"italiani"
"4390","Femmine",62,2004,334202,"italiani"
"4391","Femmine",62,2005,326641,"italiani"
"4392","Femmine",62,2006,324115,"italiani"
"4393","Femmine",62,2007,315757,"italiani"
"4394","Femmine",62,2008,304281,"italiani"
"4395","Femmine",62,2009,389041,"italiani"
"4396","Femmine",62,2010,383035,"italiani"
"4397","Femmine",62,2011,388012,"italiani"
"4398","Femmine",62,2012,364785,"italiani"
"4399","Femmine",62,2013,356605,"italiani"
"4400","Femmine",62,2014,339011,"italiani"
"4401","Femmine",62,2015,333843,"italiani"
"4402","Femmine",62,2016,333711,"italiani"
"4403","Femmine",62,2017,346584,"italiani"
"4404","Femmine",62,2018,345835,"italiani"
"4405","Femmine",63,2002,359725,"italiani"
"4406","Femmine",63,2003,367263,"italiani"
"4407","Femmine",63,2004,370240,"italiani"
"4408","Femmine",63,2005,332528,"italiani"
"4409","Femmine",63,2006,325203,"italiani"
"4410","Femmine",63,2007,323033,"italiani"
"4411","Femmine",63,2008,314553,"italiani"
"4412","Femmine",63,2009,302743,"italiani"
"4413","Femmine",63,2010,387643,"italiani"
"4414","Femmine",63,2011,381907,"italiani"
"4415","Femmine",63,2012,386313,"italiani"
"4416","Femmine",63,2013,362352,"italiani"
"4417","Femmine",63,2014,354099,"italiani"
"4418","Femmine",63,2015,337241,"italiani"
"4419","Femmine",63,2016,332231,"italiani"
"4420","Femmine",63,2017,332356,"italiani"
"4421","Femmine",63,2018,345112,"italiani"
"4422","Femmine",64,2002,335759,"italiani"
"4423","Femmine",64,2003,358493,"italiani"
"4424","Femmine",64,2004,365725,"italiani"
"4425","Femmine",64,2005,368210,"italiani"
"4426","Femmine",64,2006,330876,"italiani"
"4427","Femmine",64,2007,323729,"italiani"
"4428","Femmine",64,2008,321653,"italiani"
"4429","Femmine",64,2009,313060,"italiani"
"4430","Femmine",64,2010,301141,"italiani"
"4431","Femmine",64,2011,386264,"italiani"
"4432","Femmine",64,2012,380285,"italiani"
"4433","Femmine",64,2013,383702,"italiani"
"4434","Femmine",64,2014,359684,"italiani"
"4435","Femmine",64,2015,352204,"italiani"
"4436","Femmine",64,2016,335541,"italiani"
"4437","Femmine",64,2017,330559,"italiani"
"4438","Femmine",64,2018,330531,"italiani"
"4439","Femmine",65,2002,325488,"italiani"
"4440","Femmine",65,2003,334543,"italiani"
"4441","Femmine",65,2004,357078,"italiani"
"4442","Femmine",65,2005,364057,"italiani"
"4443","Femmine",65,2006,366244,"italiani"
"4444","Femmine",65,2007,329302,"italiani"
"4445","Femmine",65,2008,321998,"italiani"
"4446","Femmine",65,2009,319811,"italiani"
"4447","Femmine",65,2010,311460,"italiani"
"4448","Femmine",65,2011,299526,"italiani"
"4449","Femmine",65,2012,384260,"italiani"
"4450","Femmine",65,2013,377563,"italiani"
"4451","Femmine",65,2014,380581,"italiani"
"4452","Femmine",65,2015,357473,"italiani"
"4453","Femmine",65,2016,349969,"italiani"
"4454","Femmine",65,2017,333704,"italiani"
"4455","Femmine",65,2018,328631,"italiani"
"4456","Femmine",66,2002,335642,"italiani"
"4457","Femmine",66,2003,323567,"italiani"
"4458","Femmine",66,2004,333057,"italiani"
"4459","Femmine",66,2005,355360,"italiani"
"4460","Femmine",66,2006,362068,"italiani"
"4461","Femmine",66,2007,363957,"italiani"
"4462","Femmine",66,2008,327260,"italiani"
"4463","Femmine",66,2009,319655,"italiani"
"4464","Femmine",66,2010,317968,"italiani"
"4465","Femmine",66,2011,309821,"italiani"
"4466","Femmine",66,2012,297499,"italiani"
"4467","Femmine",66,2013,381273,"italiani"
"4468","Femmine",66,2014,374396,"italiani"
"4469","Femmine",66,2015,377936,"italiani"
"4470","Femmine",66,2016,354822,"italiani"
"4471","Femmine",66,2017,347442,"italiani"
"4472","Femmine",66,2018,331241,"italiani"
"4473","Femmine",67,2002,328743,"italiani"
"4474","Femmine",67,2003,333346,"italiani"
"4475","Femmine",67,2004,321398,"italiani"
"4476","Femmine",67,2005,331342,"italiani"
"4477","Femmine",67,2006,353257,"italiani"
"4478","Femmine",67,2007,359937,"italiani"
"4479","Femmine",67,2008,361507,"italiani"
"4480","Femmine",67,2009,324873,"italiani"
"4481","Femmine",67,2010,317222,"italiani"
"4482","Femmine",67,2011,315935,"italiani"
"4483","Femmine",67,2012,307737,"italiani"
"4484","Femmine",67,2013,294866,"italiani"
"4485","Femmine",67,2014,377962,"italiani"
"4486","Femmine",67,2015,371611,"italiani"
"4487","Femmine",67,2016,375071,"italiani"
"4488","Femmine",67,2017,352237,"italiani"
"4489","Femmine",67,2018,344690,"italiani"
"4490","Femmine",68,2002,323995,"italiani"
"4491","Femmine",68,2003,326447,"italiani"
"4492","Femmine",68,2004,330850,"italiani"
"4493","Femmine",68,2005,318828,"italiani"
"4494","Femmine",68,2006,329303,"italiani"
"4495","Femmine",68,2007,351157,"italiani"
"4496","Femmine",68,2008,357538,"italiani"
"4497","Femmine",68,2009,358479,"italiani"
"4498","Femmine",68,2010,322314,"italiani"
"4499","Femmine",68,2011,314872,"italiani"
"4500","Femmine",68,2012,313577,"italiani"
"4501","Femmine",68,2013,305008,"italiani"
"4502","Femmine",68,2014,291959,"italiani"
"4503","Femmine",68,2015,374794,"italiani"
"4504","Femmine",68,2016,368510,"italiani"
"4505","Femmine",68,2017,371888,"italiani"
"4506","Femmine",68,2018,349249,"italiani"
"4507","Femmine",69,2002,318992,"italiani"
"4508","Femmine",69,2003,321439,"italiani"
"4509","Femmine",69,2004,323729,"italiani"
"4510","Femmine",69,2005,328037,"italiani"
"4511","Femmine",69,2006,316182,"italiani"
"4512","Femmine",69,2007,327319,"italiani"
"4513","Femmine",69,2008,348712,"italiani"
"4514","Femmine",69,2009,354632,"italiani"
"4515","Femmine",69,2010,355309,"italiani"
"4516","Femmine",69,2011,319629,"italiani"
"4517","Femmine",69,2012,312173,"italiani"
"4518","Femmine",69,2013,310535,"italiani"
"4519","Femmine",69,2014,301933,"italiani"
"4520","Femmine",69,2015,289168,"italiani"
"4521","Femmine",69,2016,371343,"italiani"
"4522","Femmine",69,2017,365330,"italiani"
"4523","Femmine",69,2018,368399,"italiani"
"4524","Femmine",70,2002,323592,"italiani"
"4525","Femmine",70,2003,315955,"italiani"
"4526","Femmine",70,2004,318287,"italiani"
"4527","Femmine",70,2005,320725,"italiani"
"4528","Femmine",70,2006,324964,"italiani"
"4529","Femmine",70,2007,313156,"italiani"
"4530","Femmine",70,2008,324885,"italiani"
"4531","Femmine",70,2009,345868,"italiani"
"4532","Femmine",70,2010,351532,"italiani"
"4533","Femmine",70,2011,352021,"italiani"
"4534","Femmine",70,2012,316661,"italiani"
"4535","Femmine",70,2013,308981,"italiani"
"4536","Femmine",70,2014,307159,"italiani"
"4537","Femmine",70,2015,298931,"italiani"
"4538","Femmine",70,2016,286147,"italiani"
"4539","Femmine",70,2017,367725,"italiani"
"4540","Femmine",70,2018,361568,"italiani"
"4541","Femmine",71,2002,335792,"italiani"
"4542","Femmine",71,2003,319856,"italiani"
"4543","Femmine",71,2004,312192,"italiani"
"4544","Femmine",71,2005,314838,"italiani"
"4545","Femmine",71,2006,317490,"italiani"
"4546","Femmine",71,2007,321751,"italiani"
"4547","Femmine",71,2008,309897,"italiani"
"4548","Femmine",71,2009,321917,"italiani"
"4549","Femmine",71,2010,342694,"italiani"
"4550","Femmine",71,2011,348226,"italiani"
"4551","Femmine",71,2012,348442,"italiani"
"4552","Femmine",71,2013,313196,"italiani"
"4553","Femmine",71,2014,305335,"italiani"
"4554","Femmine",71,2015,303859,"italiani"
"4555","Femmine",71,2016,295642,"italiani"
"4556","Femmine",71,2017,283010,"italiani"
"4557","Femmine",71,2018,363678,"italiani"
"4558","Femmine",72,2002,306565,"italiani"
"4559","Femmine",72,2003,331462,"italiani"
"4560","Femmine",72,2004,315509,"italiani"
"4561","Femmine",72,2005,308303,"italiani"
"4562","Femmine",72,2006,311178,"italiani"
"4563","Femmine",72,2007,313944,"italiani"
"4564","Femmine",72,2008,318082,"italiani"
"4565","Femmine",72,2009,306239,"italiani"
"4566","Femmine",72,2010,318368,"italiani"
"4567","Femmine",72,2011,339354,"italiani"
"4568","Femmine",72,2012,344376,"italiani"
"4569","Femmine",72,2013,344073,"italiani"
"4570","Femmine",72,2014,309214,"italiani"
"4571","Femmine",72,2015,301590,"italiani"
"4572","Femmine",72,2016,300027,"italiani"
"4573","Femmine",72,2017,292100,"italiani"
"4574","Femmine",72,2018,279529,"italiani"
"4575","Femmine",73,2002,301810,"italiani"
"4576","Femmine",73,2003,302350,"italiani"
"4577","Femmine",73,2004,326403,"italiani"
"4578","Femmine",73,2005,310955,"italiani"
"4579","Femmine",73,2006,303762,"italiani"
"4580","Femmine",73,2007,307036,"italiani"
"4581","Femmine",73,2008,310164,"italiani"
"4582","Femmine",73,2009,313842,"italiani"
"4583","Femmine",73,2010,302133,"italiani"
"4584","Femmine",73,2011,314995,"italiani"
"4585","Femmine",73,2012,335320,"italiani"
"4586","Femmine",73,2013,339615,"italiani"
"4587","Femmine",73,2014,339243,"italiani"
"4588","Femmine",73,2015,305170,"italiani"
"4589","Femmine",73,2016,297290,"italiani"
"4590","Femmine",73,2017,296084,"italiani"
"4591","Femmine",73,2018,288018,"italiani"
"4592","Femmine",74,2002,295812,"italiani"
"4593","Femmine",74,2003,297181,"italiani"
"4594","Femmine",74,2004,297110,"italiani"
"4595","Femmine",74,2005,321113,"italiani"
"4596","Femmine",74,2006,305833,"italiani"
"4597","Femmine",74,2007,299083,"italiani"
"4598","Femmine",74,2008,302571,"italiani"
"4599","Femmine",74,2009,305553,"italiani"
"4600","Femmine",74,2010,309176,"italiani"
"4601","Femmine",74,2011,297819,"italiani"
"4602","Femmine",74,2012,310658,"italiani"
"4603","Femmine",74,2013,330225,"italiani"
"4604","Femmine",74,2014,334491,"italiani"
"4605","Femmine",74,2015,334579,"italiani"
"4606","Femmine",74,2016,300529,"italiani"
"4607","Femmine",74,2017,292885,"italiani"
"4608","Femmine",74,2018,291608,"italiani"
"4609","Femmine",75,2002,287679,"italiani"
"4610","Femmine",75,2003,290786,"italiani"
"4611","Femmine",75,2004,291550,"italiani"
"4612","Femmine",75,2005,291851,"italiani"
"4613","Femmine",75,2006,315072,"italiani"
"4614","Femmine",75,2007,300403,"italiani"
"4615","Femmine",75,2008,293777,"italiani"
"4616","Femmine",75,2009,297307,"italiani"
"4617","Femmine",75,2010,300483,"italiani"
"4618","Femmine",75,2011,304070,"italiani"
"4619","Femmine",75,2012,293039,"italiani"
"4620","Femmine",75,2013,305313,"italiani"
"4621","Femmine",75,2014,324630,"italiani"
"4622","Femmine",75,2015,329241,"italiani"
"4623","Femmine",75,2016,329021,"italiani"
"4624","Femmine",75,2017,295603,"italiani"
"4625","Femmine",75,2018,287913,"italiani"
"4626","Femmine",76,2002,281384,"italiani"
"4627","Femmine",76,2003,281855,"italiani"
"4628","Femmine",76,2004,284561,"italiani"
"4629","Femmine",76,2005,285771,"italiani"
"4630","Femmine",76,2006,285914,"italiani"
"4631","Femmine",76,2007,308690,"italiani"
"4632","Femmine",76,2008,294331,"italiani"
"4633","Femmine",76,2009,288023,"italiani"
"4634","Femmine",76,2010,291533,"italiani"
"4635","Femmine",76,2011,294879,"italiani"
"4636","Femmine",76,2012,298448,"italiani"
"4637","Femmine",76,2013,287424,"italiani"
"4638","Femmine",76,2014,299506,"italiani"
"4639","Femmine",76,2015,318797,"italiani"
"4640","Femmine",76,2016,323081,"italiani"
"4641","Femmine",76,2017,323250,"italiani"
"4642","Femmine",76,2018,290143,"italiani"
"4643","Femmine",77,2002,270512,"italiani"
"4644","Femmine",77,2003,274515,"italiani"
"4645","Femmine",77,2004,274885,"italiani"
"4646","Femmine",77,2005,278406,"italiani"
"4647","Femmine",77,2006,279222,"italiani"
"4648","Femmine",77,2007,279436,"italiani"
"4649","Femmine",77,2008,301555,"italiani"
"4650","Femmine",77,2009,287387,"italiani"
"4651","Femmine",77,2010,281375,"italiani"
"4652","Femmine",77,2011,285394,"italiani"
"4653","Femmine",77,2012,288627,"italiani"
"4654","Femmine",77,2013,291998,"italiani"
"4655","Femmine",77,2014,281335,"italiani"
"4656","Femmine",77,2015,293448,"italiani"
"4657","Femmine",77,2016,312016,"italiani"
"4658","Femmine",77,2017,316464,"italiani"
"4659","Femmine",77,2018,316444,"italiani"
"4660","Femmine",78,2002,264394,"italiani"
"4661","Femmine",78,2003,263354,"italiani"
"4662","Femmine",78,2004,266589,"italiani"
"4663","Femmine",78,2005,267753,"italiani"
"4664","Femmine",78,2006,271200,"italiani"
"4665","Femmine",78,2007,272295,"italiani"
"4666","Femmine",78,2008,272253,"italiani"
"4667","Femmine",78,2009,293563,"italiani"
"4668","Femmine",78,2010,279825,"italiani"
"4669","Femmine",78,2011,274139,"italiani"
"4670","Femmine",78,2012,278502,"italiani"
"4671","Femmine",78,2013,281466,"italiani"
"4672","Femmine",78,2014,285079,"italiani"
"4673","Femmine",78,2015,274880,"italiani"
"4674","Femmine",78,2016,286133,"italiani"
"4675","Femmine",78,2017,304834,"italiani"
"4676","Femmine",78,2018,308908,"italiani"
"4677","Femmine",79,2002,254347,"italiani"
"4678","Femmine",79,2003,256424,"italiani"
"4679","Femmine",79,2004,254894,"italiani"
"4680","Femmine",79,2005,258451,"italiani"
"4681","Femmine",79,2006,259607,"italiani"
"4682","Femmine",79,2007,263432,"italiani"
"4683","Femmine",79,2008,264409,"italiani"
"4684","Femmine",79,2009,264135,"italiani"
"4685","Femmine",79,2010,284689,"italiani"
"4686","Femmine",79,2011,271603,"italiani"
"4687","Femmine",79,2012,266467,"italiani"
"4688","Femmine",79,2013,270611,"italiani"
"4689","Femmine",79,2014,273687,"italiani"
"4690","Femmine",79,2015,277560,"italiani"
"4691","Femmine",79,2016,267074,"italiani"
"4692","Femmine",79,2017,278750,"italiani"
"4693","Femmine",79,2018,296528,"italiani"
"4694","Femmine",80,2002,242142,"italiani"
"4695","Femmine",80,2003,245838,"italiani"
"4696","Femmine",80,2004,247075,"italiani"
"4697","Femmine",80,2005,246143,"italiani"
"4698","Femmine",80,2006,249352,"italiani"
"4699","Femmine",80,2007,251152,"italiani"
"4700","Femmine",80,2008,254748,"italiani"
"4701","Femmine",80,2009,255377,"italiani"
"4702","Femmine",80,2010,255185,"italiani"
"4703","Femmine",80,2011,275251,"italiani"
"4704","Femmine",80,2012,262835,"italiani"
"4705","Femmine",80,2013,257838,"italiani"
"4706","Femmine",80,2014,262005,"italiani"
"4707","Femmine",80,2015,265413,"italiani"
"4708","Femmine",80,2016,268514,"italiani"
"4709","Femmine",80,2017,259103,"italiani"
"4710","Femmine",80,2018,270219,"italiani"
"4711","Femmine",81,2002,227732,"italiani"
"4712","Femmine",81,2003,232933,"italiani"
"4713","Femmine",81,2004,235624,"italiani"
"4714","Femmine",81,2005,237572,"italiani"
"4715","Femmine",81,2006,236361,"italiani"
"4716","Femmine",81,2007,239498,"italiani"
"4717","Femmine",81,2008,241286,"italiani"
"4718","Femmine",81,2009,244973,"italiani"
"4719","Femmine",81,2010,245482,"italiani"
"4720","Femmine",81,2011,245331,"italiani"
"4721","Femmine",81,2012,265173,"italiani"
"4722","Femmine",81,2013,252998,"italiani"
"4723","Femmine",81,2014,248685,"italiani"
"4724","Femmine",81,2015,252852,"italiani"
"4725","Femmine",81,2016,255608,"italiani"
"4726","Femmine",81,2017,259265,"italiani"
"4727","Femmine",81,2018,249853,"italiani"
"4728","Femmine",82,2002,139958,"italiani"
"4729","Femmine",82,2003,217926,"italiani"
"4730","Femmine",82,2004,221588,"italiani"
"4731","Femmine",82,2005,225601,"italiani"
"4732","Femmine",82,2006,226572,"italiani"
"4733","Femmine",82,2007,225977,"italiani"
"4734","Femmine",82,2008,228613,"italiani"
"4735","Femmine",82,2009,230288,"italiani"
"4736","Femmine",82,2010,234205,"italiani"
"4737","Femmine",82,2011,234906,"italiani"
"4738","Femmine",82,2012,234972,"italiani"
"4739","Femmine",82,2013,253720,"italiani"
"4740","Femmine",82,2014,242471,"italiani"
"4741","Femmine",82,2015,238650,"italiani"
"4742","Femmine",82,2016,241831,"italiani"
"4743","Femmine",82,2017,245473,"italiani"
"4744","Femmine",82,2018,248460,"italiani"
"4745","Femmine",83,2002,100718,"italiani"
"4746","Femmine",83,2003,132231,"italiani"
"4747","Femmine",83,2004,206287,"italiani"
"4748","Femmine",83,2005,210548,"italiani"
"4749","Femmine",83,2006,214035,"italiani"
"4750","Femmine",83,2007,214443,"italiani"
"4751","Femmine",83,2008,214157,"italiani"
"4752","Femmine",83,2009,216189,"italiani"
"4753","Femmine",83,2010,218476,"italiani"
"4754","Femmine",83,2011,222635,"italiani"
"4755","Femmine",83,2012,223492,"italiani"
"4756","Femmine",83,2013,223409,"italiani"
"4757","Femmine",83,2014,241781,"italiani"
"4758","Femmine",83,2015,231389,"italiani"
"4759","Femmine",83,2016,226911,"italiani"
"4760","Femmine",83,2017,230646,"italiani"
"4761","Femmine",83,2018,233699,"italiani"
"4762","Femmine",84,2002,97782,"italiani"
"4763","Femmine",84,2003,94198,"italiani"
"4764","Femmine",84,2004,123450,"italiani"
"4765","Femmine",84,2005,193064,"italiani"
"4766","Femmine",84,2006,197363,"italiani"
"4767","Femmine",84,2007,201547,"italiani"
"4768","Femmine",84,2008,201459,"italiani"
"4769","Femmine",84,2009,200934,"italiani"
"4770","Femmine",84,2010,203102,"italiani"
"4771","Femmine",84,2011,205676,"italiani"
"4772","Femmine",84,2012,210265,"italiani"
"4773","Femmine",84,2013,210807,"italiani"
"4774","Femmine",84,2014,211253,"italiani"
"4775","Femmine",84,2015,229020,"italiani"
"4776","Femmine",84,2016,217892,"italiani"
"4777","Femmine",84,2017,214934,"italiani"
"4778","Femmine",84,2018,217892,"italiani"
"4779","Femmine",85,2002,112977,"italiani"
"4780","Femmine",85,2003,90537,"italiani"
"4781","Femmine",85,2004,86932,"italiani"
"4782","Femmine",85,2005,115196,"italiani"
"4783","Femmine",85,2006,178346,"italiani"
"4784","Femmine",85,2007,183727,"italiani"
"4785","Femmine",85,2008,187878,"italiani"
"4786","Femmine",85,2009,187569,"italiani"
"4787","Femmine",85,2010,187000,"italiani"
"4788","Femmine",85,2011,189392,"italiani"
"4789","Femmine",85,2012,192219,"italiani"
"4790","Femmine",85,2013,196313,"italiani"
"4791","Femmine",85,2014,197632,"italiani"
"4792","Femmine",85,2015,198522,"italiani"
"4793","Femmine",85,2016,214054,"italiani"
"4794","Femmine",85,2017,204542,"italiani"
"4795","Femmine",85,2018,201373,"italiani"
"4796","Femmine",86,2002,130352,"italiani"
"4797","Femmine",86,2003,103570,"italiani"
"4798","Femmine",86,2004,82455,"italiani"
"4799","Femmine",86,2005,80057,"italiani"
"4800","Femmine",86,2006,105735,"italiani"
"4801","Femmine",86,2007,163411,"italiani"
"4802","Femmine",86,2008,168826,"italiani"
"4803","Femmine",86,2009,173412,"italiani"
"4804","Femmine",86,2010,172709,"italiani"
"4805","Femmine",86,2011,172787,"italiani"
"4806","Femmine",86,2012,175125,"italiani"
"4807","Femmine",86,2013,177752,"italiani"
"4808","Femmine",86,2014,181990,"italiani"
"4809","Femmine",86,2015,183856,"italiani"
"4810","Femmine",86,2016,183666,"italiani"
"4811","Femmine",86,2017,199119,"italiani"
"4812","Femmine",86,2018,189353,"italiani"
"4813","Femmine",87,2002,118355,"italiani"
"4814","Femmine",87,2003,117492,"italiani"
"4815","Femmine",87,2004,92937,"italiani"
"4816","Femmine",87,2005,75331,"italiani"
"4817","Femmine",87,2006,72639,"italiani"
"4818","Femmine",87,2007,96497,"italiani"
"4819","Femmine",87,2008,147854,"italiani"
"4820","Femmine",87,2009,152907,"italiani"
"4821","Femmine",87,2010,157399,"italiani"
"4822","Femmine",87,2011,157679,"italiani"
"4823","Femmine",87,2012,157841,"italiani"
"4824","Femmine",87,2013,159723,"italiani"
"4825","Femmine",87,2014,163058,"italiani"
"4826","Femmine",87,2015,167264,"italiani"
"4827","Femmine",87,2016,167774,"italiani"
"4828","Femmine",87,2017,169145,"italiani"
"4829","Femmine",87,2018,182322,"italiani"
"4830","Femmine",88,2002,106232,"italiani"
"4831","Femmine",88,2003,104648,"italiani"
"4832","Femmine",88,2004,102443,"italiani"
"4833","Femmine",88,2005,83483,"italiani"
"4834","Femmine",88,2006,67534,"italiani"
"4835","Femmine",88,2007,65368,"italiani"
"4836","Femmine",88,2008,86571,"italiani"
"4837","Femmine",88,2009,131226,"italiani"
"4838","Femmine",88,2010,135528,"italiani"
"4839","Femmine",88,2011,139988,"italiani"
"4840","Femmine",88,2012,141757,"italiani"
"4841","Femmine",88,2013,141966,"italiani"
"4842","Femmine",88,2014,144700,"italiani"
"4843","Femmine",88,2015,148114,"italiani"
"4844","Femmine",88,2016,150723,"italiani"
"4845","Femmine",88,2017,152473,"italiani"
"4846","Femmine",88,2018,152809,"italiani"
"4847","Femmine",89,2002,92650,"italiani"
"4848","Femmine",89,2003,90717,"italiani"
"4849","Femmine",89,2004,88311,"italiani"
"4850","Femmine",89,2005,89595,"italiani"
"4851","Femmine",89,2006,73457,"italiani"
"4852","Femmine",89,2007,59866,"italiani"
"4853","Femmine",89,2008,57940,"italiani"
"4854","Femmine",89,2009,76399,"italiani"
"4855","Femmine",89,2010,116909,"italiani"
"4856","Femmine",89,2011,120736,"italiani"
"4857","Femmine",89,2012,121460,"italiani"
"4858","Femmine",89,2013,125566,"italiani"
"4859","Femmine",89,2014,126725,"italiani"
"4860","Femmine",89,2015,129536,"italiani"
"4861","Femmine",89,2016,130922,"italiani"
"4862","Femmine",89,2017,134765,"italiani"
"4863","Femmine",89,2018,135304,"italiani"
"4864","Femmine",90,2002,74584,"italiani"
"4865","Femmine",90,2003,79406,"italiani"
"4866","Femmine",90,2004,76639,"italiani"
"4867","Femmine",90,2005,76613,"italiani"
"4868","Femmine",90,2006,76944,"italiani"
"4869","Femmine",90,2007,64068,"italiani"
"4870","Femmine",90,2008,52286,"italiani"
"4871","Femmine",90,2009,50357,"italiani"
"4872","Femmine",90,2010,66272,"italiani"
"4873","Femmine",90,2011,102357,"italiani"
"4874","Femmine",90,2012,105020,"italiani"
"4875","Femmine",90,2013,105599,"italiani"
"4876","Femmine",90,2014,110101,"italiani"
"4877","Femmine",90,2015,111502,"italiani"
"4878","Femmine",90,2016,112450,"italiani"
"4879","Femmine",90,2017,115260,"italiani"
"4880","Femmine",90,2018,117722,"italiani"
"4881","Femmine",91,2002,62027,"italiani"
"4882","Femmine",91,2003,62680,"italiani"
"4883","Femmine",91,2004,65976,"italiani"
"4884","Femmine",91,2005,65290,"italiani"
"4885","Femmine",91,2006,64859,"italiani"
"4886","Femmine",91,2007,65743,"italiani"
"4887","Femmine",91,2008,54878,"italiani"
"4888","Femmine",91,2009,44579,"italiani"
"4889","Femmine",91,2010,42926,"italiani"
"4890","Femmine",91,2011,56846,"italiani"
"4891","Femmine",91,2012,87992,"italiani"
"4892","Femmine",91,2013,89555,"italiani"
"4893","Femmine",91,2014,91188,"italiani"
"4894","Femmine",91,2015,95145,"italiani"
"4895","Femmine",91,2016,94807,"italiani"
"4896","Femmine",91,2017,97382,"italiani"
"4897","Femmine",91,2018,98705,"italiani"
"4898","Femmine",92,2002,46107,"italiani"
"4899","Femmine",92,2003,50960,"italiani"
"4900","Femmine",92,2004,51016,"italiani"
"4901","Femmine",92,2005,55205,"italiani"
"4902","Femmine",92,2006,54012,"italiani"
"4903","Femmine",92,2007,54712,"italiani"
"4904","Femmine",92,2008,55185,"italiani"
"4905","Femmine",92,2009,46111,"italiani"
"4906","Femmine",92,2010,37374,"italiani"
"4907","Femmine",92,2011,36097,"italiani"
"4908","Femmine",92,2012,47988,"italiani"
"4909","Femmine",92,2013,73331,"italiani"
"4910","Femmine",92,2014,75825,"italiani"
"4911","Femmine",92,2015,77121,"italiani"
"4912","Femmine",92,2016,79315,"italiani"
"4913","Femmine",92,2017,80397,"italiani"
"4914","Femmine",92,2018,81672,"italiani"
"4915","Femmine",93,2002,35518,"italiani"
"4916","Femmine",93,2003,37160,"italiani"
"4917","Femmine",93,2004,40385,"italiani"
"4918","Femmine",93,2005,41729,"italiani"
"4919","Femmine",93,2006,44702,"italiani"
"4920","Femmine",93,2007,44595,"italiani"
"4921","Femmine",93,2008,45161,"italiani"
"4922","Femmine",93,2009,45287,"italiani"
"4923","Femmine",93,2010,37768,"italiani"
"4924","Femmine",93,2011,30998,"italiani"
"4925","Femmine",93,2012,29825,"italiani"
"4926","Femmine",93,2013,39176,"italiani"
"4927","Femmine",93,2014,60412,"italiani"
"4928","Femmine",93,2015,62907,"italiani"
"4929","Femmine",93,2016,62907,"italiani"
"4930","Femmine",93,2017,65828,"italiani"
"4931","Femmine",93,2018,66027,"italiani"
"4932","Femmine",94,2002,24722,"italiani"
"4933","Femmine",94,2003,27949,"italiani"
"4934","Femmine",94,2004,28608,"italiani"
"4935","Femmine",94,2005,32259,"italiani"
"4936","Femmine",94,2006,32802,"italiani"
"4937","Femmine",94,2007,35808,"italiani"
"4938","Femmine",94,2008,35802,"italiani"
"4939","Femmine",94,2009,36457,"italiani"
"4940","Femmine",94,2010,36942,"italiani"
"4941","Femmine",94,2011,30633,"italiani"
"4942","Femmine",94,2012,25203,"italiani"
"4943","Femmine",94,2013,23677,"italiani"
"4944","Femmine",94,2014,31413,"italiani"
"4945","Femmine",94,2015,49006,"italiani"
"4946","Femmine",94,2016,49961,"italiani"
"4947","Femmine",94,2017,51159,"italiani"
"4948","Femmine",94,2018,52746,"italiani"
"4949","Femmine",95,2002,18047,"italiani"
"4950","Femmine",95,2003,18881,"italiani"
"4951","Femmine",95,2004,20823,"italiani"
"4952","Femmine",95,2005,22197,"italiani"
"4953","Femmine",95,2006,24648,"italiani"
"4954","Femmine",95,2007,25641,"italiani"
"4955","Femmine",95,2008,27844,"italiani"
"4956","Femmine",95,2009,27978,"italiani"
"4957","Femmine",95,2010,29119,"italiani"
"4958","Femmine",95,2011,29735,"italiani"
"4959","Femmine",95,2012,24354,"italiani"
"4960","Femmine",95,2013,19556,"italiani"
"4961","Femmine",95,2014,18614,"italiani"
"4962","Femmine",95,2015,24915,"italiani"
"4963","Femmine",95,2016,37685,"italiani"
"4964","Femmine",95,2017,39406,"italiani"
"4965","Femmine",95,2018,39860,"italiani"
"4966","Femmine",96,2002,12846,"italiani"
"4967","Femmine",96,2003,13398,"italiani"
"4968","Femmine",96,2004,13797,"italiani"
"4969","Femmine",96,2005,15675,"italiani"
"4970","Femmine",96,2006,16393,"italiani"
"4971","Femmine",96,2007,18662,"italiani"
"4972","Femmine",96,2008,19382,"italiani"
"4973","Femmine",96,2009,21061,"italiani"
"4974","Femmine",96,2010,21685,"italiani"
"4975","Femmine",96,2011,23258,"italiani"
"4976","Femmine",96,2012,23347,"italiani"
"4977","Femmine",96,2013,18292,"italiani"
"4978","Femmine",96,2014,15052,"italiani"
"4979","Femmine",96,2015,14405,"italiani"
"4980","Femmine",96,2016,18780,"italiani"
"4981","Femmine",96,2017,29159,"italiani"
"4982","Femmine",96,2018,30095,"italiani"
"4983","Femmine",97,2002,8822,"italiani"
"4984","Femmine",97,2003,9333,"italiani"
"4985","Femmine",97,2004,9403,"italiani"
"4986","Femmine",97,2005,10195,"italiani"
"4987","Femmine",97,2006,11160,"italiani"
"4988","Femmine",97,2007,12014,"italiani"
"4989","Femmine",97,2008,13620,"italiani"
"4990","Femmine",97,2009,14303,"italiani"
"4991","Femmine",97,2010,15801,"italiani"
"4992","Femmine",97,2011,16818,"italiani"
"4993","Femmine",97,2012,17949,"italiani"
"4994","Femmine",97,2013,17053,"italiani"
"4995","Femmine",97,2014,13524,"italiani"
"4996","Femmine",97,2015,11397,"italiani"
"4997","Femmine",97,2016,10447,"italiani"
"4998","Femmine",97,2017,14110,"italiani"
"4999","Femmine",97,2018,21439,"italiani"
"5000","Femmine",98,2002,5560,"italiani"
"5001","Femmine",98,2003,6183,"italiani"
"5002","Femmine",98,2004,6304,"italiani"
"5003","Femmine",98,2005,6737,"italiani"
"5004","Femmine",98,2006,7016,"italiani"
"5005","Femmine",98,2007,7963,"italiani"
"5006","Femmine",98,2008,8639,"italiani"
"5007","Femmine",98,2009,9728,"italiani"
"5008","Femmine",98,2010,10354,"italiani"
"5009","Femmine",98,2011,11721,"italiani"
"5010","Femmine",98,2012,12576,"italiani"
"5011","Femmine",98,2013,12874,"italiani"
"5012","Femmine",98,2014,12294,"italiani"
"5013","Femmine",98,2015,9899,"italiani"
"5014","Femmine",98,2016,8080,"italiani"
"5015","Femmine",98,2017,7661,"italiani"
"5016","Femmine",98,2018,10134,"italiani"
"5017","Femmine",99,2002,3981,"italiani"
"5018","Femmine",99,2003,3813,"italiani"
"5019","Femmine",99,2004,4034,"italiani"
"5020","Femmine",99,2005,4348,"italiani"
"5021","Femmine",99,2006,4542,"italiani"
"5022","Femmine",99,2007,4847,"italiani"
"5023","Femmine",99,2008,5403,"italiani"
"5024","Femmine",99,2009,5990,"italiani"
"5025","Femmine",99,2010,6839,"italiani"
"5026","Femmine",99,2011,7483,"italiani"
"5027","Femmine",99,2012,8681,"italiani"
"5028","Femmine",99,2013,8603,"italiani"
"5029","Femmine",99,2014,9048,"italiani"
"5030","Femmine",99,2015,8670,"italiani"
"5031","Femmine",99,2016,6678,"italiani"
"5032","Femmine",99,2017,5779,"italiani"
"5033","Femmine",99,2018,5371,"italiani"
"5034","Femmine",100,2002,5105,"italiani"
"5035","Femmine",100,2003,5828,"italiani"
"5036","Femmine",100,2004,5802,"italiani"
"5037","Femmine",100,2005,6494,"italiani"
"5038","Femmine",100,2006,6846,"italiani"
"5039","Femmine",100,2007,7281,"italiani"
"5040","Femmine",100,2008,7680,"italiani"
"5041","Femmine",100,2009,8161,"italiani"
"5042","Femmine",100,2010,9200,"italiani"
"5043","Femmine",100,2011,10868,"italiani"
"5044","Femmine",100,2012,12802,"italiani"
"5045","Femmine",100,2013,13363,"italiani"
"5046","Femmine",100,2014,14224,"italiani"
"5047","Femmine",100,2015,15272,"italiani"
"5048","Femmine",100,2016,14653,"italiani"
"5049","Femmine",100,2017,13743,"italiani"
"5050","Femmine",100,2018,12504,"italiani"
"5051","Maschi",0,2019,31553,"stranieri"
"5052","Maschi",0,2020,30882,"stranieri"
"5053","Maschi",0,2021,30943,"stranieri"
"5054","Maschi",0,2022,27466,"stranieri"
"5055","Maschi",0,2023,26991,"stranieri"
"5056","Maschi",0,2024,25955,"stranieri"
"5057","Maschi",0,2025,25221,"stranieri"
"5058","Maschi",0,2026,25636,"stranieri"
"5059","Maschi",1,2019,33498,"stranieri"
"5060","Maschi",1,2020,31605,"stranieri"
"5061","Maschi",1,2021,31297,"stranieri"
"5062","Maschi",1,2022,29814,"stranieri"
"5063","Maschi",1,2023,27015,"stranieri"
"5064","Maschi",1,2024,26364,"stranieri"
"5065","Maschi",1,2025,25464,"stranieri"
"5066","Maschi",1,2026,25978,"stranieri"
"5067","Maschi",2,2019,33814,"stranieri"
"5068","Maschi",2,2020,33289,"stranieri"
"5069","Maschi",2,2021,32613,"stranieri"
"5070","Maschi",2,2022,31360,"stranieri"
"5071","Maschi",2,2023,29607,"stranieri"
"5072","Maschi",2,2024,26852,"stranieri"
"5073","Maschi",2,2025,26102,"stranieri"
"5074","Maschi",2,2026,26235,"stranieri"
"5075","Maschi",3,2019,33307,"stranieri"
"5076","Maschi",3,2020,33589,"stranieri"
"5077","Maschi",3,2021,34473,"stranieri"
"5078","Maschi",3,2022,32481,"stranieri"
"5079","Maschi",3,2023,31172,"stranieri"
"5080","Maschi",3,2024,29491,"stranieri"
"5081","Maschi",3,2025,26539,"stranieri"
"5082","Maschi",3,2026,27224,"stranieri"
"5083","Maschi",4,2019,33717,"stranieri"
"5084","Maschi",4,2020,33106,"stranieri"
"5085","Maschi",4,2021,35141,"stranieri"
"5086","Maschi",4,2022,34147,"stranieri"
"5087","Maschi",4,2023,31922,"stranieri"
"5088","Maschi",4,2024,30847,"stranieri"
"5089","Maschi",4,2025,29015,"stranieri"
"5090","Maschi",4,2026,27660,"stranieri"
"5091","Maschi",5,2019,33130,"stranieri"
"5092","Maschi",5,2020,33495,"stranieri"
"5093","Maschi",5,2021,34794,"stranieri"
"5094","Maschi",5,2022,33887,"stranieri"
"5095","Maschi",5,2023,33504,"stranieri"
"5096","Maschi",5,2024,31631,"stranieri"
"5097","Maschi",5,2025,30300,"stranieri"
"5098","Maschi",5,2026,30036,"stranieri"
"5099","Maschi",6,2019,33656,"stranieri"
"5100","Maschi",6,2020,32722,"stranieri"
"5101","Maschi",6,2021,33117,"stranieri"
"5102","Maschi",6,2022,33194,"stranieri"
"5103","Maschi",6,2023,33203,"stranieri"
"5104","Maschi",6,2024,32797,"stranieri"
"5105","Maschi",6,2025,30953,"stranieri"
"5106","Maschi",6,2026,31239,"stranieri"
"5107","Maschi",7,2019,31805,"stranieri"
"5108","Maschi",7,2020,33073,"stranieri"
"5109","Maschi",7,2021,32268,"stranieri"
"5110","Maschi",7,2022,33229,"stranieri"
"5111","Maschi",7,2023,32449,"stranieri"
"5112","Maschi",7,2024,32573,"stranieri"
"5113","Maschi",7,2025,32087,"stranieri"
"5114","Maschi",7,2026,31777,"stranieri"
"5115","Maschi",8,2019,30975,"stranieri"
"5116","Maschi",8,2020,31328,"stranieri"
"5117","Maschi",8,2021,32477,"stranieri"
"5118","Maschi",8,2022,32137,"stranieri"
"5119","Maschi",8,2023,32386,"stranieri"
"5120","Maschi",8,2024,31972,"stranieri"
"5121","Maschi",8,2025,31987,"stranieri"
"5122","Maschi",8,2026,32962,"stranieri"
"5123","Maschi",9,2019,30475,"stranieri"
"5124","Maschi",9,2020,30549,"stranieri"
"5125","Maschi",9,2021,30651,"stranieri"
"5126","Maschi",9,2022,32502,"stranieri"
"5127","Maschi",9,2023,31340,"stranieri"
"5128","Maschi",9,2024,31847,"stranieri"
"5129","Maschi",9,2025,31309,"stranieri"
"5130","Maschi",9,2026,32823,"stranieri"
"5131","Maschi",10,2019,28939,"stranieri"
"5132","Maschi",10,2020,29892,"stranieri"
"5133","Maschi",10,2021,30048,"stranieri"
"5134","Maschi",10,2022,30463,"stranieri"
"5135","Maschi",10,2023,31654,"stranieri"
"5136","Maschi",10,2024,30867,"stranieri"
"5137","Maschi",10,2025,31228,"stranieri"
"5138","Maschi",10,2026,32065,"stranieri"
"5139","Maschi",11,2019,27409,"stranieri"
"5140","Maschi",11,2020,28533,"stranieri"
"5141","Maschi",11,2021,29480,"stranieri"
"5142","Maschi",11,2022,29875,"stranieri"
"5143","Maschi",11,2023,29700,"stranieri"
"5144","Maschi",11,2024,31302,"stranieri"
"5145","Maschi",11,2025,30368,"stranieri"
"5146","Maschi",11,2026,31998,"stranieri"
"5147","Maschi",12,2019,26247,"stranieri"
"5148","Maschi",12,2020,27205,"stranieri"
"5149","Maschi",12,2021,28446,"stranieri"
"5150","Maschi",12,2022,29204,"stranieri"
"5151","Maschi",12,2023,29142,"stranieri"
"5152","Maschi",12,2024,29420,"stranieri"
"5153","Maschi",12,2025,30971,"stranieri"
"5154","Maschi",12,2026,31289,"stranieri"
"5155","Maschi",13,2019,24445,"stranieri"
"5156","Maschi",13,2020,26209,"stranieri"
"5157","Maschi",13,2021,27393,"stranieri"
"5158","Maschi",13,2022,28298,"stranieri"
"5159","Maschi",13,2023,28576,"stranieri"
"5160","Maschi",13,2024,29092,"stranieri"
"5161","Maschi",13,2025,29299,"stranieri"
"5162","Maschi",13,2026,32062,"stranieri"
"5163","Maschi",14,2019,23554,"stranieri"
"5164","Maschi",14,2020,24568,"stranieri"
"5165","Maschi",14,2021,26508,"stranieri"
"5166","Maschi",14,2022,27400,"stranieri"
"5167","Maschi",14,2023,28020,"stranieri"
"5168","Maschi",14,2024,28831,"stranieri"
"5169","Maschi",14,2025,29204,"stranieri"
"5170","Maschi",14,2026,30463,"stranieri"
"5171","Maschi",15,2019,22096,"stranieri"
"5172","Maschi",15,2020,23888,"stranieri"
"5173","Maschi",15,2021,25257,"stranieri"
"5174","Maschi",15,2022,26629,"stranieri"
"5175","Maschi",15,2023,27156,"stranieri"
"5176","Maschi",15,2024,28434,"stranieri"
"5177","Maschi",15,2025,29296,"stranieri"
"5178","Maschi",15,2026,30518,"stranieri"
"5179","Maschi",16,2019,22550,"stranieri"
"5180","Maschi",16,2020,22625,"stranieri"
"5181","Maschi",16,2021,24644,"stranieri"
"5182","Maschi",16,2022,25489,"stranieri"
"5183","Maschi",16,2023,26947,"stranieri"
"5184","Maschi",16,2024,28233,"stranieri"
"5185","Maschi",16,2025,29739,"stranieri"
"5186","Maschi",16,2026,31013,"stranieri"
"5187","Maschi",17,2019,24220,"stranieri"
"5188","Maschi",17,2020,23487,"stranieri"
"5189","Maschi",17,2021,23681,"stranieri"
"5190","Maschi",17,2022,25783,"stranieri"
"5191","Maschi",17,2023,26892,"stranieri"
"5192","Maschi",17,2024,29129,"stranieri"
"5193","Maschi",17,2025,31601,"stranieri"
"5194","Maschi",17,2026,31928,"stranieri"
"5195","Maschi",18,2019,27545,"stranieri"
"5196","Maschi",18,2020,23693,"stranieri"
"5197","Maschi",18,2021,22414,"stranieri"
"5198","Maschi",18,2022,22016,"stranieri"
"5199","Maschi",18,2023,26224,"stranieri"
"5200","Maschi",18,2024,26835,"stranieri"
"5201","Maschi",18,2025,29956,"stranieri"
"5202","Maschi",18,2026,34277,"stranieri"
"5203","Maschi",19,2019,33681,"stranieri"
"5204","Maschi",19,2020,28197,"stranieri"
"5205","Maschi",19,2021,25603,"stranieri"
"5206","Maschi",19,2022,22307,"stranieri"
"5207","Maschi",19,2023,23741,"stranieri"
"5208","Maschi",19,2024,29066,"stranieri"
"5209","Maschi",19,2025,30382,"stranieri"
"5210","Maschi",19,2026,33063,"stranieri"
"5211","Maschi",20,2019,40047,"stranieri"
"5212","Maschi",20,2020,34679,"stranieri"
"5213","Maschi",20,2021,32498,"stranieri"
"5214","Maschi",20,2022,25818,"stranieri"
"5215","Maschi",20,2023,25515,"stranieri"
"5216","Maschi",20,2024,28456,"stranieri"
"5217","Maschi",20,2025,35153,"stranieri"
"5218","Maschi",20,2026,33926,"stranieri"
"5219","Maschi",21,2019,39578,"stranieri"
"5220","Maschi",21,2020,39905,"stranieri"
"5221","Maschi",21,2021,39409,"stranieri"
"5222","Maschi",21,2022,31723,"stranieri"
"5223","Maschi",21,2023,28703,"stranieri"
"5224","Maschi",21,2024,29777,"stranieri"
"5225","Maschi",21,2025,34063,"stranieri"
"5226","Maschi",21,2026,38873,"stranieri"
"5227","Maschi",22,2019,39297,"stranieri"
"5228","Maschi",22,2020,39215,"stranieri"
"5229","Maschi",22,2021,44880,"stranieri"
"5230","Maschi",22,2022,37142,"stranieri"
"5231","Maschi",22,2023,34336,"stranieri"
"5232","Maschi",22,2024,32532,"stranieri"
"5233","Maschi",22,2025,34995,"stranieri"
"5234","Maschi",22,2026,38527,"stranieri"
"5235","Maschi",23,2019,39063,"stranieri"
"5236","Maschi",23,2020,39036,"stranieri"
"5237","Maschi",23,2021,44050,"stranieri"
"5238","Maschi",23,2022,41630,"stranieri"
"5239","Maschi",23,2023,39656,"stranieri"
"5240","Maschi",23,2024,38494,"stranieri"
"5241","Maschi",23,2025,37215,"stranieri"
"5242","Maschi",23,2026,39979,"stranieri"
"5243","Maschi",24,2019,39197,"stranieri"
"5244","Maschi",24,2020,39212,"stranieri"
"5245","Maschi",24,2021,43992,"stranieri"
"5246","Maschi",24,2022,41099,"stranieri"
"5247","Maschi",24,2023,44382,"stranieri"
"5248","Maschi",24,2024,43996,"stranieri"
"5249","Maschi",24,2025,44320,"stranieri"
"5250","Maschi",24,2026,42653,"stranieri"
"5251","Maschi",25,2019,38788,"stranieri"
"5252","Maschi",25,2020,39545,"stranieri"
"5253","Maschi",25,2021,44080,"stranieri"
"5254","Maschi",25,2022,41531,"stranieri"
"5255","Maschi",25,2023,44008,"stranieri"
"5256","Maschi",25,2024,49224,"stranieri"
"5257","Maschi",25,2025,49648,"stranieri"
"5258","Maschi",25,2026,50119,"stranieri"
"5259","Maschi",26,2019,42366,"stranieri"
"5260","Maschi",26,2020,39437,"stranieri"
"5261","Maschi",26,2021,44143,"stranieri"
"5262","Maschi",26,2022,41827,"stranieri"
"5263","Maschi",26,2023,44817,"stranieri"
"5264","Maschi",26,2024,48390,"stranieri"
"5265","Maschi",26,2025,54913,"stranieri"
"5266","Maschi",26,2026,55855,"stranieri"
"5267","Maschi",27,2019,42166,"stranieri"
"5268","Maschi",27,2020,43021,"stranieri"
"5269","Maschi",27,2021,43478,"stranieri"
"5270","Maschi",27,2022,42177,"stranieri"
"5271","Maschi",27,2023,45018,"stranieri"
"5272","Maschi",27,2024,49225,"stranieri"
"5273","Maschi",27,2025,53672,"stranieri"
"5274","Maschi",27,2026,61106,"stranieri"
"5275","Maschi",28,2019,47695,"stranieri"
"5276","Maschi",28,2020,42944,"stranieri"
"5277","Maschi",28,2021,47164,"stranieri"
"5278","Maschi",28,2022,41738,"stranieri"
"5279","Maschi",28,2023,45298,"stranieri"
"5280","Maschi",28,2024,49108,"stranieri"
"5281","Maschi",28,2025,54160,"stranieri"
"5282","Maschi",28,2026,59927,"stranieri"
"5283","Maschi",29,2019,49138,"stranieri"
"5284","Maschi",29,2020,48218,"stranieri"
"5285","Maschi",29,2021,46016,"stranieri"
"5286","Maschi",29,2022,45217,"stranieri"
"5287","Maschi",29,2023,44638,"stranieri"
"5288","Maschi",29,2024,49269,"stranieri"
"5289","Maschi",29,2025,53576,"stranieri"
"5290","Maschi",29,2026,60317,"stranieri"
"5291","Maschi",30,2019,52836,"stranieri"
"5292","Maschi",30,2020,49555,"stranieri"
"5293","Maschi",30,2021,51287,"stranieri"
"5294","Maschi",30,2022,44138,"stranieri"
"5295","Maschi",30,2023,48034,"stranieri"
"5296","Maschi",30,2024,48291,"stranieri"
"5297","Maschi",30,2025,53182,"stranieri"
"5298","Maschi",30,2026,59454,"stranieri"
"5299","Maschi",31,2019,54533,"stranieri"
"5300","Maschi",31,2020,53155,"stranieri"
"5301","Maschi",31,2021,51872,"stranieri"
"5302","Maschi",31,2022,49308,"stranieri"
"5303","Maschi",31,2023,46685,"stranieri"
"5304","Maschi",31,2024,51515,"stranieri"
"5305","Maschi",31,2025,51909,"stranieri"
"5306","Maschi",31,2026,58754,"stranieri"
"5307","Maschi",32,2019,55666,"stranieri"
"5308","Maschi",32,2020,54765,"stranieri"
"5309","Maschi",32,2021,55403,"stranieri"
"5310","Maschi",32,2022,50044,"stranieri"
"5311","Maschi",32,2023,51678,"stranieri"
"5312","Maschi",32,2024,49458,"stranieri"
"5313","Maschi",32,2025,54841,"stranieri"
"5314","Maschi",32,2026,57162,"stranieri"
"5315","Maschi",33,2019,55646,"stranieri"
"5316","Maschi",33,2020,55794,"stranieri"
"5317","Maschi",33,2021,56936,"stranieri"
"5318","Maschi",33,2022,53998,"stranieri"
"5319","Maschi",33,2023,52101,"stranieri"
"5320","Maschi",33,2024,54556,"stranieri"
"5321","Maschi",33,2025,52288,"stranieri"
"5322","Maschi",33,2026,59502,"stranieri"
"5323","Maschi",34,2019,56769,"stranieri"
"5324","Maschi",34,2020,55704,"stranieri"
"5325","Maschi",34,2021,57539,"stranieri"
"5326","Maschi",34,2022,55283,"stranieri"
"5327","Maschi",34,2023,55740,"stranieri"
"5328","Maschi",34,2024,54636,"stranieri"
"5329","Maschi",34,2025,57320,"stranieri"
"5330","Maschi",34,2026,56586,"stranieri"
"5331","Maschi",35,2019,55382,"stranieri"
"5332","Maschi",35,2020,56742,"stranieri"
"5333","Maschi",35,2021,57270,"stranieri"
"5334","Maschi",35,2022,56005,"stranieri"
"5335","Maschi",35,2023,56809,"stranieri"
"5336","Maschi",35,2024,58211,"stranieri"
"5337","Maschi",35,2025,56859,"stranieri"
"5338","Maschi",35,2026,60819,"stranieri"
"5339","Maschi",36,2019,58100,"stranieri"
"5340","Maschi",36,2020,55271,"stranieri"
"5341","Maschi",36,2021,58041,"stranieri"
"5342","Maschi",36,2022,55880,"stranieri"
"5343","Maschi",36,2023,57087,"stranieri"
"5344","Maschi",36,2024,58753,"stranieri"
"5345","Maschi",36,2025,60267,"stranieri"
"5346","Maschi",36,2026,59888,"stranieri"
"5347","Maschi",37,2019,56890,"stranieri"
"5348","Maschi",37,2020,57867,"stranieri"
"5349","Maschi",37,2021,56816,"stranieri"
"5350","Maschi",37,2022,56478,"stranieri"
"5351","Maschi",37,2023,56786,"stranieri"
"5352","Maschi",37,2024,58642,"stranieri"
"5353","Maschi",37,2025,60132,"stranieri"
"5354","Maschi",37,2026,62780,"stranieri"
"5355","Maschi",38,2019,59848,"stranieri"
"5356","Maschi",38,2020,56606,"stranieri"
"5357","Maschi",38,2021,59216,"stranieri"
"5358","Maschi",38,2022,55065,"stranieri"
"5359","Maschi",38,2023,56884,"stranieri"
"5360","Maschi",38,2024,57952,"stranieri"
"5361","Maschi",38,2025,59528,"stranieri"
"5362","Maschi",38,2026,62376,"stranieri"
"5363","Maschi",39,2019,57217,"stranieri"
"5364","Maschi",39,2020,59397,"stranieri"
"5365","Maschi",39,2021,57764,"stranieri"
"5366","Maschi",39,2022,57551,"stranieri"
"5367","Maschi",39,2023,55378,"stranieri"
"5368","Maschi",39,2024,57745,"stranieri"
"5369","Maschi",39,2025,58677,"stranieri"
"5370","Maschi",39,2026,61147,"stranieri"
"5371","Maschi",40,2019,56845,"stranieri"
"5372","Maschi",40,2020,56558,"stranieri"
"5373","Maschi",40,2021,60224,"stranieri"
"5374","Maschi",40,2022,55875,"stranieri"
"5375","Maschi",40,2023,57527,"stranieri"
"5376","Maschi",40,2024,55869,"stranieri"
"5377","Maschi",40,2025,57973,"stranieri"
"5378","Maschi",40,2026,60013,"stranieri"
"5379","Maschi",41,2019,54377,"stranieri"
"5380","Maschi",41,2020,56135,"stranieri"
"5381","Maschi",41,2021,57033,"stranieri"
"5382","Maschi",41,2022,58351,"stranieri"
"5383","Maschi",41,2023,55637,"stranieri"
"5384","Maschi",41,2024,57751,"stranieri"
"5385","Maschi",41,2025,55636,"stranieri"
"5386","Maschi",41,2026,58880,"stranieri"
"5387","Maschi",42,2019,52279,"stranieri"
"5388","Maschi",42,2020,53622,"stranieri"
"5389","Maschi",42,2021,56498,"stranieri"
"5390","Maschi",42,2022,55222,"stranieri"
"5391","Maschi",42,2023,57821,"stranieri"
"5392","Maschi",42,2024,55603,"stranieri"
"5393","Maschi",42,2025,57435,"stranieri"
"5394","Maschi",42,2026,56495,"stranieri"
"5395","Maschi",43,2019,50311,"stranieri"
"5396","Maschi",43,2020,51604,"stranieri"
"5397","Maschi",43,2021,54049,"stranieri"
"5398","Maschi",43,2022,54588,"stranieri"
"5399","Maschi",43,2023,54340,"stranieri"
"5400","Maschi",43,2024,57637,"stranieri"
"5401","Maschi",43,2025,54914,"stranieri"
"5402","Maschi",43,2026,57948,"stranieri"
"5403","Maschi",44,2019,47545,"stranieri"
"5404","Maschi",44,2020,49731,"stranieri"
"5405","Maschi",44,2021,51839,"stranieri"
"5406","Maschi",44,2022,52292,"stranieri"
"5407","Maschi",44,2023,53556,"stranieri"
"5408","Maschi",44,2024,53892,"stranieri"
"5409","Maschi",44,2025,56808,"stranieri"
"5410","Maschi",44,2026,55167,"stranieri"
"5411","Maschi",45,2019,43445,"stranieri"
"5412","Maschi",45,2020,46711,"stranieri"
"5413","Maschi",45,2021,50319,"stranieri"
"5414","Maschi",45,2022,50145,"stranieri"
"5415","Maschi",45,2023,51139,"stranieri"
"5416","Maschi",45,2024,53120,"stranieri"
"5417","Maschi",45,2025,53033,"stranieri"
"5418","Maschi",45,2026,56752,"stranieri"
"5419","Maschi",46,2019,42929,"stranieri"
"5420","Maschi",46,2020,42627,"stranieri"
"5421","Maschi",46,2021,47139,"stranieri"
"5422","Maschi",46,2022,48407,"stranieri"
"5423","Maschi",46,2023,49097,"stranieri"
"5424","Maschi",46,2024,50638,"stranieri"
"5425","Maschi",46,2025,52186,"stranieri"
"5426","Maschi",46,2026,52914,"stranieri"
"5427","Maschi",47,2019,39397,"stranieri"
"5428","Maschi",47,2020,42220,"stranieri"
"5429","Maschi",47,2021,43044,"stranieri"
"5430","Maschi",47,2022,45459,"stranieri"
"5431","Maschi",47,2023,47314,"stranieri"
"5432","Maschi",47,2024,48461,"stranieri"
"5433","Maschi",47,2025,49611,"stranieri"
"5434","Maschi",47,2026,51888,"stranieri"
"5435","Maschi",48,2019,39512,"stranieri"
"5436","Maschi",48,2020,38833,"stranieri"
"5437","Maschi",48,2021,42733,"stranieri"
"5438","Maschi",48,2022,41467,"stranieri"
"5439","Maschi",48,2023,44168,"stranieri"
"5440","Maschi",48,2024,46864,"stranieri"
"5441","Maschi",48,2025,47411,"stranieri"
"5442","Maschi",48,2026,49294,"stranieri"
"5443","Maschi",49,2019,37455,"stranieri"
"5444","Maschi",49,2020,38755,"stranieri"
"5445","Maschi",49,2021,39214,"stranieri"
"5446","Maschi",49,2022,40910,"stranieri"
"5447","Maschi",49,2023,40478,"stranieri"
"5448","Maschi",49,2024,43840,"stranieri"
"5449","Maschi",49,2025,45881,"stranieri"
"5450","Maschi",49,2026,46776,"stranieri"
"5451","Maschi",50,2019,37064,"stranieri"
"5452","Maschi",50,2020,36751,"stranieri"
"5453","Maschi",50,2021,39128,"stranieri"
"5454","Maschi",50,2022,37445,"stranieri"
"5455","Maschi",50,2023,39939,"stranieri"
"5456","Maschi",50,2024,40097,"stranieri"
"5457","Maschi",50,2025,42985,"stranieri"
"5458","Maschi",50,2026,45120,"stranieri"
"5459","Maschi",51,2019,33251,"stranieri"
"5460","Maschi",51,2020,36299,"stranieri"
"5461","Maschi",51,2021,37061,"stranieri"
"5462","Maschi",51,2022,37536,"stranieri"
"5463","Maschi",51,2023,36581,"stranieri"
"5464","Maschi",51,2024,39602,"stranieri"
"5465","Maschi",51,2025,39073,"stranieri"
"5466","Maschi",51,2026,42328,"stranieri"
"5467","Maschi",52,2019,28119,"stranieri"
"5468","Maschi",52,2020,32686,"stranieri"
"5469","Maschi",52,2021,36312,"stranieri"
"5470","Maschi",52,2022,35569,"stranieri"
"5471","Maschi",52,2023,36503,"stranieri"
"5472","Maschi",52,2024,36263,"stranieri"
"5473","Maschi",52,2025,38818,"stranieri"
"5474","Maschi",52,2026,38565,"stranieri"
"5475","Maschi",53,2019,26487,"stranieri"
"5476","Maschi",53,2020,27608,"stranieri"
"5477","Maschi",53,2021,32684,"stranieri"
"5478","Maschi",53,2022,34916,"stranieri"
"5479","Maschi",53,2023,34806,"stranieri"
"5480","Maschi",53,2024,36110,"stranieri"
"5481","Maschi",53,2025,35461,"stranieri"
"5482","Maschi",53,2026,38149,"stranieri"
"5483","Maschi",54,2019,24838,"stranieri"
"5484","Maschi",54,2020,26007,"stranieri"
"5485","Maschi",54,2021,27748,"stranieri"
"5486","Maschi",54,2022,31385,"stranieri"
"5487","Maschi",54,2023,33971,"stranieri"
"5488","Maschi",54,2024,34439,"stranieri"
"5489","Maschi",54,2025,35299,"stranieri"
"5490","Maschi",54,2026,34752,"stranieri"
"5491","Maschi",55,2019,22732,"stranieri"
"5492","Maschi",55,2020,24336,"stranieri"
"5493","Maschi",55,2021,26067,"stranieri"
"5494","Maschi",55,2022,26606,"stranieri"
"5495","Maschi",55,2023,30591,"stranieri"
"5496","Maschi",55,2024,33763,"stranieri"
"5497","Maschi",55,2025,33702,"stranieri"
"5498","Maschi",55,2026,34586,"stranieri"
"5499","Maschi",56,2019,21439,"stranieri"
"5500","Maschi",56,2020,22403,"stranieri"
"5501","Maschi",56,2021,24403,"stranieri"
"5502","Maschi",56,2022,25003,"stranieri"
"5503","Maschi",56,2023,25957,"stranieri"
"5504","Maschi",56,2024,30284,"stranieri"
"5505","Maschi",56,2025,32990,"stranieri"
"5506","Maschi",56,2026,32893,"stranieri"
"5507","Maschi",57,2019,18670,"stranieri"
"5508","Maschi",57,2020,21030,"stranieri"
"5509","Maschi",57,2021,22186,"stranieri"
"5510","Maschi",57,2022,23442,"stranieri"
"5511","Maschi",57,2023,24324,"stranieri"
"5512","Maschi",57,2024,25769,"stranieri"
"5513","Maschi",57,2025,29594,"stranieri"
"5514","Maschi",57,2026,32162,"stranieri"
"5515","Maschi",58,2019,18547,"stranieri"
"5516","Maschi",58,2020,18328,"stranieri"
"5517","Maschi",58,2021,20715,"stranieri"
"5518","Maschi",58,2022,21356,"stranieri"
"5519","Maschi",58,2023,22830,"stranieri"
"5520","Maschi",58,2024,24162,"stranieri"
"5521","Maschi",58,2025,25222,"stranieri"
"5522","Maschi",58,2026,28864,"stranieri"
"5523","Maschi",59,2019,15997,"stranieri"
"5524","Maschi",59,2020,18251,"stranieri"
"5525","Maschi",59,2021,17950,"stranieri"
"5526","Maschi",59,2022,19893,"stranieri"
"5527","Maschi",59,2023,20780,"stranieri"
"5528","Maschi",59,2024,22604,"stranieri"
"5529","Maschi",59,2025,23615,"stranieri"
"5530","Maschi",59,2026,24568,"stranieri"
"5531","Maschi",60,2019,14966,"stranieri"
"5532","Maschi",60,2020,15690,"stranieri"
"5533","Maschi",60,2021,17731,"stranieri"
"5534","Maschi",60,2022,17126,"stranieri"
"5535","Maschi",60,2023,19495,"stranieri"
"5536","Maschi",60,2024,20559,"stranieri"
"5537","Maschi",60,2025,22061,"stranieri"
"5538","Maschi",60,2026,22988,"stranieri"
"5539","Maschi",61,2019,13376,"stranieri"
"5540","Maschi",61,2020,14718,"stranieri"
"5541","Maschi",61,2021,15194,"stranieri"
"5542","Maschi",61,2022,16849,"stranieri"
"5543","Maschi",61,2023,16735,"stranieri"
"5544","Maschi",61,2024,19253,"stranieri"
"5545","Maschi",61,2025,20074,"stranieri"
"5546","Maschi",61,2026,21521,"stranieri"
"5547","Maschi",62,2019,12125,"stranieri"
"5548","Maschi",62,2020,13115,"stranieri"
"5549","Maschi",62,2021,14046,"stranieri"
"5550","Maschi",62,2022,14475,"stranieri"
"5551","Maschi",62,2023,16550,"stranieri"
"5552","Maschi",62,2024,16573,"stranieri"
"5553","Maschi",62,2025,18858,"stranieri"
"5554","Maschi",62,2026,19543,"stranieri"
"5555","Maschi",63,2019,10923,"stranieri"
"5556","Maschi",63,2020,11857,"stranieri"
"5557","Maschi",63,2021,12261,"stranieri"
"5558","Maschi",63,2022,13335,"stranieri"
"5559","Maschi",63,2023,14217,"stranieri"
"5560","Maschi",63,2024,16412,"stranieri"
"5561","Maschi",63,2025,16228,"stranieri"
"5562","Maschi",63,2026,18321,"stranieri"
"5563","Maschi",64,2019,9521,"stranieri"
"5564","Maschi",64,2020,10728,"stranieri"
"5565","Maschi",64,2021,11200,"stranieri"
"5566","Maschi",64,2022,11645,"stranieri"
"5567","Maschi",64,2023,13119,"stranieri"
"5568","Maschi",64,2024,14044,"stranieri"
"5569","Maschi",64,2025,16046,"stranieri"
"5570","Maschi",64,2026,15816,"stranieri"
"5571","Maschi",65,2019,8181,"stranieri"
"5572","Maschi",65,2020,9365,"stranieri"
"5573","Maschi",65,2021,10169,"stranieri"
"5574","Maschi",65,2022,10551,"stranieri"
"5575","Maschi",65,2023,11479,"stranieri"
"5576","Maschi",65,2024,12869,"stranieri"
"5577","Maschi",65,2025,13857,"stranieri"
"5578","Maschi",65,2026,15607,"stranieri"
"5579","Maschi",66,2019,7424,"stranieri"
"5580","Maschi",66,2020,8095,"stranieri"
"5581","Maschi",66,2021,8786,"stranieri"
"5582","Maschi",66,2022,9585,"stranieri"
"5583","Maschi",66,2023,10553,"stranieri"
"5584","Maschi",66,2024,11375,"stranieri"
"5585","Maschi",66,2025,12676,"stranieri"
"5586","Maschi",66,2026,13490,"stranieri"
"5587","Maschi",67,2019,6292,"stranieri"
"5588","Maschi",67,2020,7368,"stranieri"
"5589","Maschi",67,2021,7463,"stranieri"
"5590","Maschi",67,2022,8138,"stranieri"
"5591","Maschi",67,2023,9578,"stranieri"
"5592","Maschi",67,2024,10429,"stranieri"
"5593","Maschi",67,2025,11144,"stranieri"
"5594","Maschi",67,2026,12331,"stranieri"
"5595","Maschi",68,2019,6263,"stranieri"
"5596","Maschi",68,2020,6254,"stranieri"
"5597","Maschi",68,2021,6750,"stranieri"
"5598","Maschi",68,2022,6899,"stranieri"
"5599","Maschi",68,2023,8193,"stranieri"
"5600","Maschi",68,2024,9355,"stranieri"
"5601","Maschi",68,2025,10245,"stranieri"
"5602","Maschi",68,2026,10788,"stranieri"
"5603","Maschi",69,2019,5407,"stranieri"
"5604","Maschi",69,2020,6234,"stranieri"
"5605","Maschi",69,2021,5705,"stranieri"
"5606","Maschi",69,2022,6343,"stranieri"
"5607","Maschi",69,2023,6952,"stranieri"
"5608","Maschi",69,2024,8082,"stranieri"
"5609","Maschi",69,2025,9285,"stranieri"
"5610","Maschi",69,2026,9895,"stranieri"
"5611","Maschi",70,2019,4849,"stranieri"
"5612","Maschi",70,2020,5398,"stranieri"
"5613","Maschi",70,2021,5741,"stranieri"
"5614","Maschi",70,2022,5341,"stranieri"
"5615","Maschi",70,2023,6344,"stranieri"
"5616","Maschi",70,2024,6858,"stranieri"
"5617","Maschi",70,2025,7998,"stranieri"
"5618","Maschi",70,2026,9028,"stranieri"
"5619","Maschi",71,2019,4224,"stranieri"
"5620","Maschi",71,2020,4816,"stranieri"
"5621","Maschi",71,2021,4947,"stranieri"
"5622","Maschi",71,2022,5350,"stranieri"
"5623","Maschi",71,2023,5402,"stranieri"
"5624","Maschi",71,2024,6274,"stranieri"
"5625","Maschi",71,2025,6792,"stranieri"
"5626","Maschi",71,2026,7778,"stranieri"
"5627","Maschi",72,2019,3723,"stranieri"
"5628","Maschi",72,2020,4197,"stranieri"
"5629","Maschi",72,2021,4472,"stranieri"
"5630","Maschi",72,2022,4593,"stranieri"
"5631","Maschi",72,2023,5404,"stranieri"
"5632","Maschi",72,2024,5365,"stranieri"
"5633","Maschi",72,2025,6212,"stranieri"
"5634","Maschi",72,2026,6600,"stranieri"
"5635","Maschi",73,2019,3163,"stranieri"
"5636","Maschi",73,2020,3642,"stranieri"
"5637","Maschi",73,2021,3810,"stranieri"
"5638","Maschi",73,2022,4058,"stranieri"
"5639","Maschi",73,2023,4641,"stranieri"
"5640","Maschi",73,2024,5284,"stranieri"
"5641","Maschi",73,2025,5365,"stranieri"
"5642","Maschi",73,2026,6036,"stranieri"
"5643","Maschi",74,2019,3018,"stranieri"
"5644","Maschi",74,2020,3109,"stranieri"
"5645","Maschi",74,2021,3285,"stranieri"
"5646","Maschi",74,2022,3521,"stranieri"
"5647","Maschi",74,2023,4107,"stranieri"
"5648","Maschi",74,2024,4593,"stranieri"
"5649","Maschi",74,2025,5185,"stranieri"
"5650","Maschi",74,2026,5144,"stranieri"
"5651","Maschi",75,2019,2765,"stranieri"
"5652","Maschi",75,2020,2958,"stranieri"
"5653","Maschi",75,2021,2862,"stranieri"
"5654","Maschi",75,2022,2974,"stranieri"
"5655","Maschi",75,2023,3573,"stranieri"
"5656","Maschi",75,2024,4045,"stranieri"
"5657","Maschi",75,2025,4502,"stranieri"
"5658","Maschi",75,2026,4971,"stranieri"
"5659","Maschi",76,2019,2794,"stranieri"
"5660","Maschi",76,2020,2706,"stranieri"
"5661","Maschi",76,2021,2670,"stranieri"
"5662","Maschi",76,2022,2565,"stranieri"
"5663","Maschi",76,2023,2992,"stranieri"
"5664","Maschi",76,2024,3502,"stranieri"
"5665","Maschi",76,2025,4006,"stranieri"
"5666","Maschi",76,2026,4321,"stranieri"
"5667","Maschi",77,2019,2214,"stranieri"
"5668","Maschi",77,2020,2729,"stranieri"
"5669","Maschi",77,2021,2386,"stranieri"
"5670","Maschi",77,2022,2374,"stranieri"
"5671","Maschi",77,2023,2550,"stranieri"
"5672","Maschi",77,2024,2915,"stranieri"
"5673","Maschi",77,2025,3488,"stranieri"
"5674","Maschi",77,2026,3836,"stranieri"
"5675","Maschi",78,2019,2362,"stranieri"
"5676","Maschi",78,2020,2164,"stranieri"
"5677","Maschi",78,2021,2426,"stranieri"
"5678","Maschi",78,2022,2111,"stranieri"
"5679","Maschi",78,2023,2384,"stranieri"
"5680","Maschi",78,2024,2496,"stranieri"
"5681","Maschi",78,2025,2872,"stranieri"
"5682","Maschi",78,2026,3322,"stranieri"
"5683","Maschi",79,2019,1907,"stranieri"
"5684","Maschi",79,2020,2273,"stranieri"
"5685","Maschi",79,2021,1868,"stranieri"
"5686","Maschi",79,2022,2101,"stranieri"
"5687","Maschi",79,2023,2144,"stranieri"
"5688","Maschi",79,2024,2322,"stranieri"
"5689","Maschi",79,2025,2411,"stranieri"
"5690","Maschi",79,2026,2730,"stranieri"
"5691","Maschi",80,2019,1786,"stranieri"
"5692","Maschi",80,2020,1838,"stranieri"
"5693","Maschi",80,2021,1985,"stranieri"
"5694","Maschi",80,2022,1614,"stranieri"
"5695","Maschi",80,2023,2107,"stranieri"
"5696","Maschi",80,2024,2032,"stranieri"
"5697","Maschi",80,2025,2229,"stranieri"
"5698","Maschi",80,2026,2294,"stranieri"
"5699","Maschi",81,2019,1534,"stranieri"
"5700","Maschi",81,2020,1712,"stranieri"
"5701","Maschi",81,2021,1565,"stranieri"
"5702","Maschi",81,2022,1736,"stranieri"
"5703","Maschi",81,2023,1581,"stranieri"
"5704","Maschi",81,2024,1977,"stranieri"
"5705","Maschi",81,2025,1944,"stranieri"
"5706","Maschi",81,2026,2137,"stranieri"
"5707","Maschi",82,2019,1371,"stranieri"
"5708","Maschi",82,2020,1459,"stranieri"
"5709","Maschi",82,2021,1454,"stranieri"
"5710","Maschi",82,2022,1317,"stranieri"
"5711","Maschi",82,2023,1681,"stranieri"
"5712","Maschi",82,2024,1472,"stranieri"
"5713","Maschi",82,2025,1918,"stranieri"
"5714","Maschi",82,2026,1831,"stranieri"
"5715","Maschi",83,2019,1184,"stranieri"
"5716","Maschi",83,2020,1302,"stranieri"
"5717","Maschi",83,2021,1217,"stranieri"
"5718","Maschi",83,2022,1196,"stranieri"
"5719","Maschi",83,2023,1253,"stranieri"
"5720","Maschi",83,2024,1559,"stranieri"
"5721","Maschi",83,2025,1449,"stranieri"
"5722","Maschi",83,2026,1788,"stranieri"
"5723","Maschi",84,2019,949,"stranieri"
"5724","Maschi",84,2020,1104,"stranieri"
"5725","Maschi",84,2021,1059,"stranieri"
"5726","Maschi",84,2022,1034,"stranieri"
"5727","Maschi",84,2023,1150,"stranieri"
"5728","Maschi",84,2024,1161,"stranieri"
"5729","Maschi",84,2025,1490,"stranieri"
"5730","Maschi",84,2026,1346,"stranieri"
"5731","Maschi",85,2019,764,"stranieri"
"5732","Maschi",85,2020,890,"stranieri"
"5733","Maschi",85,2021,903,"stranieri"
"5734","Maschi",85,2022,854,"stranieri"
"5735","Maschi",85,2023,986,"stranieri"
"5736","Maschi",85,2024,1060,"stranieri"
"5737","Maschi",85,2025,1102,"stranieri"
"5738","Maschi",85,2026,1369,"stranieri"
"5739","Maschi",86,2019,682,"stranieri"
"5740","Maschi",86,2020,711,"stranieri"
"5741","Maschi",86,2021,705,"stranieri"
"5742","Maschi",86,2022,753,"stranieri"
"5743","Maschi",86,2023,816,"stranieri"
"5744","Maschi",86,2024,906,"stranieri"
"5745","Maschi",86,2025,1004,"stranieri"
"5746","Maschi",86,2026,1013,"stranieri"
"5747","Maschi",87,2019,467,"stranieri"
"5748","Maschi",87,2020,622,"stranieri"
"5749","Maschi",87,2021,558,"stranieri"
"5750","Maschi",87,2022,563,"stranieri"
"5751","Maschi",87,2023,709,"stranieri"
"5752","Maschi",87,2024,735,"stranieri"
"5753","Maschi",87,2025,820,"stranieri"
"5754","Maschi",87,2026,903,"stranieri"
"5755","Maschi",88,2019,500,"stranieri"
"5756","Maschi",88,2020,428,"stranieri"
"5757","Maschi",88,2021,474,"stranieri"
"5758","Maschi",88,2022,456,"stranieri"
"5759","Maschi",88,2023,524,"stranieri"
"5760","Maschi",88,2024,630,"stranieri"
"5761","Maschi",88,2025,657,"stranieri"
"5762","Maschi",88,2026,741,"stranieri"
"5763","Maschi",89,2019,313,"stranieri"
"5764","Maschi",89,2020,446,"stranieri"
"5765","Maschi",89,2021,301,"stranieri"
"5766","Maschi",89,2022,380,"stranieri"
"5767","Maschi",89,2023,406,"stranieri"
"5768","Maschi",89,2024,473,"stranieri"
"5769","Maschi",89,2025,552,"stranieri"
"5770","Maschi",89,2026,585,"stranieri"
"5771","Maschi",90,2019,269,"stranieri"
"5772","Maschi",90,2020,265,"stranieri"
"5773","Maschi",90,2021,342,"stranieri"
"5774","Maschi",90,2022,242,"stranieri"
"5775","Maschi",90,2023,357,"stranieri"
"5776","Maschi",90,2024,364,"stranieri"
"5777","Maschi",90,2025,398,"stranieri"
"5778","Maschi",90,2026,487,"stranieri"
"5779","Maschi",91,2019,220,"stranieri"
"5780","Maschi",91,2020,236,"stranieri"
"5781","Maschi",91,2021,193,"stranieri"
"5782","Maschi",91,2022,266,"stranieri"
"5783","Maschi",91,2023,217,"stranieri"
"5784","Maschi",91,2024,293,"stranieri"
"5785","Maschi",91,2025,324,"stranieri"
"5786","Maschi",91,2026,343,"stranieri"
"5787","Maschi",92,2019,162,"stranieri"
"5788","Maschi",92,2020,191,"stranieri"
"5789","Maschi",92,2021,160,"stranieri"
"5790","Maschi",92,2022,142,"stranieri"
"5791","Maschi",92,2023,231,"stranieri"
"5792","Maschi",92,2024,186,"stranieri"
"5793","Maschi",92,2025,257,"stranieri"
"5794","Maschi",92,2026,269,"stranieri"
"5795","Maschi",93,2019,139,"stranieri"
"5796","Maschi",93,2020,143,"stranieri"
"5797","Maschi",93,2021,135,"stranieri"
"5798","Maschi",93,2022,112,"stranieri"
"5799","Maschi",93,2023,124,"stranieri"
"5800","Maschi",93,2024,185,"stranieri"
"5801","Maschi",93,2025,162,"stranieri"
"5802","Maschi",93,2026,213,"stranieri"
"5803","Maschi",94,2019,94,"stranieri"
"5804","Maschi",94,2020,114,"stranieri"
"5805","Maschi",94,2021,90,"stranieri"
"5806","Maschi",94,2022,99,"stranieri"
"5807","Maschi",94,2023,95,"stranieri"
"5808","Maschi",94,2024,117,"stranieri"
"5809","Maschi",94,2025,147,"stranieri"
"5810","Maschi",94,2026,128,"stranieri"
"5811","Maschi",95,2019,82,"stranieri"
"5812","Maschi",95,2020,78,"stranieri"
"5813","Maschi",95,2021,71,"stranieri"
"5814","Maschi",95,2022,79,"stranieri"
"5815","Maschi",95,2023,79,"stranieri"
"5816","Maschi",95,2024,70,"stranieri"
"5817","Maschi",95,2025,103,"stranieri"
"5818","Maschi",95,2026,116,"stranieri"
"5819","Maschi",96,2019,58,"stranieri"
"5820","Maschi",96,2020,69,"stranieri"
"5821","Maschi",96,2021,45,"stranieri"
"5822","Maschi",96,2022,46,"stranieri"
"5823","Maschi",96,2023,62,"stranieri"
"5824","Maschi",96,2024,52,"stranieri"
"5825","Maschi",96,2025,51,"stranieri"
"5826","Maschi",96,2026,81,"stranieri"
"5827","Maschi",97,2019,46,"stranieri"
"5828","Maschi",97,2020,46,"stranieri"
"5829","Maschi",97,2021,45,"stranieri"
"5830","Maschi",97,2022,28,"stranieri"
"5831","Maschi",97,2023,40,"stranieri"
"5832","Maschi",97,2024,50,"stranieri"
"5833","Maschi",97,2025,45,"stranieri"
"5834","Maschi",97,2026,32,"stranieri"
"5835","Maschi",98,2019,33,"stranieri"
"5836","Maschi",98,2020,37,"stranieri"
"5837","Maschi",98,2021,38,"stranieri"
"5838","Maschi",98,2022,54,"stranieri"
"5839","Maschi",98,2023,24,"stranieri"
"5840","Maschi",98,2024,57,"stranieri"
"5841","Maschi",98,2025,70,"stranieri"
"5842","Maschi",98,2026,37,"stranieri"
"5843","Maschi",99,2019,22,"stranieri"
"5844","Maschi",99,2020,28,"stranieri"
"5845","Maschi",99,2021,30,"stranieri"
"5846","Maschi",99,2022,33,"stranieri"
"5847","Maschi",99,2023,39,"stranieri"
"5848","Maschi",99,2024,35,"stranieri"
"5849","Maschi",99,2025,49,"stranieri"
"5850","Maschi",99,2026,52,"stranieri"
"5851","Maschi",100,2019,36,"stranieri"
"5852","Maschi",100,2020,45,"stranieri"
"5853","Maschi",100,2021,54,"stranieri"
"5854","Maschi",100,2022,64,"stranieri"
"5855","Maschi",100,2023,93,"stranieri"
"5856","Maschi",100,2024,95,"stranieri"
"5857","Maschi",100,2025,160,"stranieri"
"5858","Maschi",100,2026,154,"stranieri"
"5859","Femmine",0,2019,29873,"stranieri"
"5860","Femmine",0,2020,29402,"stranieri"
"5861","Femmine",0,2021,29217,"stranieri"
"5862","Femmine",0,2022,26316,"stranieri"
"5863","Femmine",0,2023,25445,"stranieri"
"5864","Femmine",0,2024,24645,"stranieri"
"5865","Femmine",0,2025,23715,"stranieri"
"5866","Femmine",0,2026,23511,"stranieri"
"5867","Femmine",1,2019,31727,"stranieri"
"5868","Femmine",1,2020,29889,"stranieri"
"5869","Femmine",1,2021,29661,"stranieri"
"5870","Femmine",1,2022,27998,"stranieri"
"5871","Femmine",1,2023,25863,"stranieri"
"5872","Femmine",1,2024,24887,"stranieri"
"5873","Femmine",1,2025,24066,"stranieri"
"5874","Femmine",1,2026,23775,"stranieri"
"5875","Femmine",2,2019,31358,"stranieri"
"5876","Femmine",2,2020,31538,"stranieri"
"5877","Femmine",2,2021,30840,"stranieri"
"5878","Femmine",2,2022,29640,"stranieri"
"5879","Femmine",2,2023,27748,"stranieri"
"5880","Femmine",2,2024,25697,"stranieri"
"5881","Femmine",2,2025,24744,"stranieri"
"5882","Femmine",2,2026,24296,"stranieri"
"5883","Femmine",3,2019,31485,"stranieri"
"5884","Femmine",3,2020,31225,"stranieri"
"5885","Femmine",3,2021,32540,"stranieri"
"5886","Femmine",3,2022,30582,"stranieri"
"5887","Femmine",3,2023,29376,"stranieri"
"5888","Femmine",3,2024,27707,"stranieri"
"5889","Femmine",3,2025,25392,"stranieri"
"5890","Femmine",3,2026,24980,"stranieri"
"5891","Femmine",4,2019,31816,"stranieri"
"5892","Femmine",4,2020,31289,"stranieri"
"5893","Femmine",4,2021,32649,"stranieri"
"5894","Femmine",4,2022,31994,"stranieri"
"5895","Femmine",4,2023,30206,"stranieri"
"5896","Femmine",4,2024,29069,"stranieri"
"5897","Femmine",4,2025,27213,"stranieri"
"5898","Femmine",4,2026,25670,"stranieri"
"5899","Femmine",5,2019,31346,"stranieri"
"5900","Femmine",5,2020,31567,"stranieri"
"5901","Femmine",5,2021,32782,"stranieri"
"5902","Femmine",5,2022,31446,"stranieri"
"5903","Femmine",5,2023,31402,"stranieri"
"5904","Femmine",5,2024,29698,"stranieri"
"5905","Femmine",5,2025,28499,"stranieri"
"5906","Femmine",5,2026,27357,"stranieri"
"5907","Femmine",6,2019,31319,"stranieri"
"5908","Femmine",6,2020,30883,"stranieri"
"5909","Femmine",6,2021,31339,"stranieri"
"5910","Femmine",6,2022,31273,"stranieri"
"5911","Femmine",6,2023,30800,"stranieri"
"5912","Femmine",6,2024,30741,"stranieri"
"5913","Femmine",6,2025,29012,"stranieri"
"5914","Femmine",6,2026,28616,"stranieri"
"5915","Femmine",7,2019,29686,"stranieri"
"5916","Femmine",7,2020,30808,"stranieri"
"5917","Femmine",7,2021,30620,"stranieri"
"5918","Femmine",7,2022,31347,"stranieri"
"5919","Femmine",7,2023,30495,"stranieri"
"5920","Femmine",7,2024,30153,"stranieri"
"5921","Femmine",7,2025,29922,"stranieri"
"5922","Femmine",7,2026,28985,"stranieri"
"5923","Femmine",8,2019,28877,"stranieri"
"5924","Femmine",8,2020,29118,"stranieri"
"5925","Femmine",8,2021,30166,"stranieri"
"5926","Femmine",8,2022,30269,"stranieri"
"5927","Femmine",8,2023,30506,"stranieri"
"5928","Femmine",8,2024,29841,"stranieri"
"5929","Femmine",8,2025,29428,"stranieri"
"5930","Femmine",8,2026,29903,"stranieri"
"5931","Femmine",9,2019,28578,"stranieri"
"5932","Femmine",9,2020,28468,"stranieri"
"5933","Femmine",9,2021,28394,"stranieri"
"5934","Femmine",9,2022,30067,"stranieri"
"5935","Femmine",9,2023,29384,"stranieri"
"5936","Femmine",9,2024,29953,"stranieri"
"5937","Femmine",9,2025,29085,"stranieri"
"5938","Femmine",9,2026,29548,"stranieri"
"5939","Femmine",10,2019,27002,"stranieri"
"5940","Femmine",10,2020,27964,"stranieri"
"5941","Femmine",10,2021,27769,"stranieri"
"5942","Femmine",10,2022,28204,"stranieri"
"5943","Femmine",10,2023,29220,"stranieri"
"5944","Femmine",10,2024,28927,"stranieri"
"5945","Femmine",10,2025,29322,"stranieri"
"5946","Femmine",10,2026,29126,"stranieri"
"5947","Femmine",11,2019,25380,"stranieri"
"5948","Femmine",11,2020,26600,"stranieri"
"5949","Femmine",11,2021,27507,"stranieri"
"5950","Femmine",11,2022,27616,"stranieri"
"5951","Femmine",11,2023,27279,"stranieri"
"5952","Femmine",11,2024,28942,"stranieri"
"5953","Femmine",11,2025,28393,"stranieri"
"5954","Femmine",11,2026,29297,"stranieri"
"5955","Femmine",12,2019,24233,"stranieri"
"5956","Femmine",12,2020,25103,"stranieri"
"5957","Femmine",12,2021,26483,"stranieri"
"5958","Femmine",12,2022,27270,"stranieri"
"5959","Femmine",12,2023,26762,"stranieri"
"5960","Femmine",12,2024,27058,"stranieri"
"5961","Femmine",12,2025,28558,"stranieri"
"5962","Femmine",12,2026,28517,"stranieri"
"5963","Femmine",13,2019,22534,"stranieri"
"5964","Femmine",13,2020,23982,"stranieri"
"5965","Femmine",13,2021,25100,"stranieri"
"5966","Femmine",13,2022,26381,"stranieri"
"5967","Femmine",13,2023,26591,"stranieri"
"5968","Femmine",13,2024,26543,"stranieri"
"5969","Femmine",13,2025,26913,"stranieri"
"5970","Femmine",13,2026,28649,"stranieri"
"5971","Femmine",14,2019,21917,"stranieri"
"5972","Femmine",14,2020,22497,"stranieri"
"5973","Femmine",14,2021,24175,"stranieri"
"5974","Femmine",14,2022,25042,"stranieri"
"5975","Femmine",14,2023,25874,"stranieri"
"5976","Femmine",14,2024,26505,"stranieri"
"5977","Femmine",14,2025,26376,"stranieri"
"5978","Femmine",14,2026,27075,"stranieri"
"5979","Femmine",15,2019,20125,"stranieri"
"5980","Femmine",15,2020,21964,"stranieri"
"5981","Femmine",15,2021,22777,"stranieri"
"5982","Femmine",15,2022,24166,"stranieri"
"5983","Femmine",15,2023,24667,"stranieri"
"5984","Femmine",15,2024,25981,"stranieri"
"5985","Femmine",15,2025,26380,"stranieri"
"5986","Femmine",15,2026,26637,"stranieri"
"5987","Femmine",16,2019,19720,"stranieri"
"5988","Femmine",16,2020,20285,"stranieri"
"5989","Femmine",16,2021,22240,"stranieri"
"5990","Femmine",16,2022,22789,"stranieri"
"5991","Femmine",16,2023,23768,"stranieri"
"5992","Femmine",16,2024,24652,"stranieri"
"5993","Femmine",16,2025,25957,"stranieri"
"5994","Femmine",16,2026,26766,"stranieri"
"5995","Femmine",17,2019,19942,"stranieri"
"5996","Femmine",17,2020,19844,"stranieri"
"5997","Femmine",17,2021,20383,"stranieri"
"5998","Femmine",17,2022,22391,"stranieri"
"5999","Femmine",17,2023,22504,"stranieri"
"6000","Femmine",17,2024,23781,"stranieri"
"6001","Femmine",17,2025,24809,"stranieri"
"6002","Femmine",17,2026,26710,"stranieri"
"6003","Femmine",18,2019,18974,"stranieri"
"6004","Femmine",18,2020,17951,"stranieri"
"6005","Femmine",18,2021,17676,"stranieri"
"6006","Femmine",18,2022,16801,"stranieri"
"6007","Femmine",18,2023,19352,"stranieri"
"6008","Femmine",18,2024,18882,"stranieri"
"6009","Femmine",18,2025,19955,"stranieri"
"6010","Femmine",18,2026,25902,"stranieri"
"6011","Femmine",19,2019,19108,"stranieri"
"6012","Femmine",19,2020,18943,"stranieri"
"6013","Femmine",19,2021,18597,"stranieri"
"6014","Femmine",19,2022,15982,"stranieri"
"6015","Femmine",19,2023,16479,"stranieri"
"6016","Femmine",19,2024,18123,"stranieri"
"6017","Femmine",19,2025,18292,"stranieri"
"6018","Femmine",19,2026,21827,"stranieri"
"6019","Femmine",20,2019,21569,"stranieri"
"6020","Femmine",20,2020,20623,"stranieri"
"6021","Femmine",20,2021,21766,"stranieri"
"6022","Femmine",20,2022,18156,"stranieri"
"6023","Femmine",20,2023,17888,"stranieri"
"6024","Femmine",20,2024,18151,"stranieri"
"6025","Femmine",20,2025,19890,"stranieri"
"6026","Femmine",20,2026,20845,"stranieri"
"6027","Femmine",21,2019,24039,"stranieri"
"6028","Femmine",21,2020,23031,"stranieri"
"6029","Femmine",21,2021,25210,"stranieri"
"6030","Femmine",21,2022,20887,"stranieri"
"6031","Femmine",21,2023,20238,"stranieri"
"6032","Femmine",21,2024,19678,"stranieri"
"6033","Femmine",21,2025,20176,"stranieri"
"6034","Femmine",21,2026,22960,"stranieri"
"6035","Femmine",22,2019,25947,"stranieri"
"6036","Femmine",22,2020,25456,"stranieri"
"6037","Femmine",22,2021,28074,"stranieri"
"6038","Femmine",22,2022,22435,"stranieri"
"6039","Femmine",22,2023,22949,"stranieri"
"6040","Femmine",22,2024,22035,"stranieri"
"6041","Femmine",22,2025,21616,"stranieri"
"6042","Femmine",22,2026,23794,"stranieri"
"6043","Femmine",23,2019,28483,"stranieri"
"6044","Femmine",23,2020,27583,"stranieri"
"6045","Femmine",23,2021,30232,"stranieri"
"6046","Femmine",23,2022,24778,"stranieri"
"6047","Femmine",23,2023,24589,"stranieri"
"6048","Femmine",23,2024,24907,"stranieri"
"6049","Femmine",23,2025,24082,"stranieri"
"6050","Femmine",23,2026,25538,"stranieri"
"6051","Femmine",24,2019,31462,"stranieri"
"6052","Femmine",24,2020,30322,"stranieri"
"6053","Femmine",24,2021,32058,"stranieri"
"6054","Femmine",24,2022,27722,"stranieri"
"6055","Femmine",24,2023,27196,"stranieri"
"6056","Femmine",24,2024,26918,"stranieri"
"6057","Femmine",24,2025,27571,"stranieri"
"6058","Femmine",24,2026,28276,"stranieri"
"6059","Femmine",25,2019,33926,"stranieri"
"6060","Femmine",25,2020,33392,"stranieri"
"6061","Femmine",25,2021,34494,"stranieri"
"6062","Femmine",25,2022,30119,"stranieri"
"6063","Femmine",25,2023,30526,"stranieri"
"6064","Femmine",25,2024,29830,"stranieri"
"6065","Femmine",25,2025,29842,"stranieri"
"6066","Femmine",25,2026,31870,"stranieri"
"6067","Femmine",26,2019,37894,"stranieri"
"6068","Femmine",26,2020,35798,"stranieri"
"6069","Femmine",26,2021,36909,"stranieri"
"6070","Femmine",26,2022,33123,"stranieri"
"6071","Femmine",26,2023,32948,"stranieri"
"6072","Femmine",26,2024,32910,"stranieri"
"6073","Femmine",26,2025,32806,"stranieri"
"6074","Femmine",26,2026,34172,"stranieri"
"6075","Femmine",27,2019,40040,"stranieri"
"6076","Femmine",27,2020,39825,"stranieri"
"6077","Femmine",27,2021,38767,"stranieri"
"6078","Femmine",27,2022,35793,"stranieri"
"6079","Femmine",27,2023,35994,"stranieri"
"6080","Femmine",27,2024,35396,"stranieri"
"6081","Femmine",27,2025,35838,"stranieri"
"6082","Femmine",27,2026,36790,"stranieri"
"6083","Femmine",28,2019,44871,"stranieri"
"6084","Femmine",28,2020,41711,"stranieri"
"6085","Femmine",28,2021,42052,"stranieri"
"6086","Femmine",28,2022,37902,"stranieri"
"6087","Femmine",28,2023,38656,"stranieri"
"6088","Femmine",28,2024,38282,"stranieri"
"6089","Femmine",28,2025,38140,"stranieri"
"6090","Femmine",28,2026,39260,"stranieri"
"6091","Femmine",29,2019,49471,"stranieri"
"6092","Femmine",29,2020,46237,"stranieri"
"6093","Femmine",29,2021,43617,"stranieri"
"6094","Femmine",29,2022,41179,"stranieri"
"6095","Femmine",29,2023,40459,"stranieri"
"6096","Femmine",29,2024,40765,"stranieri"
"6097","Femmine",29,2025,40663,"stranieri"
"6098","Femmine",29,2026,41343,"stranieri"
"6099","Femmine",30,2019,53783,"stranieri"
"6100","Femmine",30,2020,50649,"stranieri"
"6101","Femmine",30,2021,47227,"stranieri"
"6102","Femmine",30,2022,42717,"stranieri"
"6103","Femmine",30,2023,43774,"stranieri"
"6104","Femmine",30,2024,42131,"stranieri"
"6105","Femmine",30,2025,42874,"stranieri"
"6106","Femmine",30,2026,43491,"stranieri"
"6107","Femmine",31,2019,56510,"stranieri"
"6108","Femmine",31,2020,54623,"stranieri"
"6109","Femmine",31,2021,51226,"stranieri"
"6110","Femmine",31,2022,46247,"stranieri"
"6111","Femmine",31,2023,44899,"stranieri"
"6112","Femmine",31,2024,45447,"stranieri"
"6113","Femmine",31,2025,43884,"stranieri"
"6114","Femmine",31,2026,45015,"stranieri"
"6115","Femmine",32,2019,57240,"stranieri"
"6116","Femmine",32,2020,57041,"stranieri"
"6117","Femmine",32,2021,54802,"stranieri"
"6118","Femmine",32,2022,49984,"stranieri"
"6119","Femmine",32,2023,48263,"stranieri"
"6120","Femmine",32,2024,46087,"stranieri"
"6121","Femmine",32,2025,46950,"stranieri"
"6122","Femmine",32,2026,45923,"stranieri"
"6123","Femmine",33,2019,56820,"stranieri"
"6124","Femmine",33,2020,57396,"stranieri"
"6125","Femmine",33,2021,56726,"stranieri"
"6126","Femmine",33,2022,53465,"stranieri"
"6127","Femmine",33,2023,51761,"stranieri"
"6128","Femmine",33,2024,49376,"stranieri"
"6129","Femmine",33,2025,47350,"stranieri"
"6130","Femmine",33,2026,48604,"stranieri"
"6131","Femmine",34,2019,57534,"stranieri"
"6132","Femmine",34,2020,56819,"stranieri"
"6133","Femmine",34,2021,56877,"stranieri"
"6134","Femmine",34,2022,55263,"stranieri"
"6135","Femmine",34,2023,54992,"stranieri"
"6136","Femmine",34,2024,52423,"stranieri"
"6137","Femmine",34,2025,50425,"stranieri"
"6138","Femmine",34,2026,48943,"stranieri"
"6139","Femmine",35,2019,56846,"stranieri"
"6140","Femmine",35,2020,57244,"stranieri"
"6141","Femmine",35,2021,56131,"stranieri"
"6142","Femmine",35,2022,55372,"stranieri"
"6143","Femmine",35,2023,56515,"stranieri"
"6144","Femmine",35,2024,55520,"stranieri"
"6145","Femmine",35,2025,53193,"stranieri"
"6146","Femmine",35,2026,51623,"stranieri"
"6147","Femmine",36,2019,58463,"stranieri"
"6148","Femmine",36,2020,56501,"stranieri"
"6149","Femmine",36,2021,56705,"stranieri"
"6150","Femmine",36,2022,54570,"stranieri"
"6151","Femmine",36,2023,56660,"stranieri"
"6152","Femmine",36,2024,57067,"stranieri"
"6153","Femmine",36,2025,56001,"stranieri"
"6154","Femmine",36,2026,54100,"stranieri"
"6155","Femmine",37,2019,57836,"stranieri"
"6156","Femmine",37,2020,58057,"stranieri"
"6157","Femmine",37,2021,55857,"stranieri"
"6158","Femmine",37,2022,55133,"stranieri"
"6159","Femmine",37,2023,55614,"stranieri"
"6160","Femmine",37,2024,56982,"stranieri"
"6161","Femmine",37,2025,57419,"stranieri"
"6162","Femmine",37,2026,56445,"stranieri"
"6163","Femmine",38,2019,58767,"stranieri"
"6164","Femmine",38,2020,57204,"stranieri"
"6165","Femmine",38,2021,57478,"stranieri"
"6166","Femmine",38,2022,54097,"stranieri"
"6167","Femmine",38,2023,55906,"stranieri"
"6168","Femmine",38,2024,55835,"stranieri"
"6169","Femmine",38,2025,57182,"stranieri"
"6170","Femmine",38,2026,57829,"stranieri"
"6171","Femmine",39,2019,58324,"stranieri"
"6172","Femmine",39,2020,58084,"stranieri"
"6173","Femmine",39,2021,56587,"stranieri"
"6174","Femmine",39,2022,55495,"stranieri"
"6175","Femmine",39,2023,54760,"stranieri"
"6176","Femmine",39,2024,55905,"stranieri"
"6177","Femmine",39,2025,56006,"stranieri"
"6178","Femmine",39,2026,57695,"stranieri"
"6179","Femmine",40,2019,57101,"stranieri"
"6180","Femmine",40,2020,57609,"stranieri"
"6181","Femmine",40,2021,57338,"stranieri"
"6182","Femmine",40,2022,54586,"stranieri"
"6183","Femmine",40,2023,56046,"stranieri"
"6184","Femmine",40,2024,54694,"stranieri"
"6185","Femmine",40,2025,55800,"stranieri"
"6186","Femmine",40,2026,56285,"stranieri"
"6187","Femmine",41,2019,55590,"stranieri"
"6188","Femmine",41,2020,56315,"stranieri"
"6189","Femmine",41,2021,57080,"stranieri"
"6190","Femmine",41,2022,55379,"stranieri"
"6191","Femmine",41,2023,54955,"stranieri"
"6192","Femmine",41,2024,55970,"stranieri"
"6193","Femmine",41,2025,54531,"stranieri"
"6194","Femmine",41,2026,56079,"stranieri"
"6195","Femmine",42,2019,54876,"stranieri"
"6196","Femmine",42,2020,54918,"stranieri"
"6197","Femmine",42,2021,55908,"stranieri"
"6198","Femmine",42,2022,55128,"stranieri"
"6199","Femmine",42,2023,55598,"stranieri"
"6200","Femmine",42,2024,54754,"stranieri"
"6201","Femmine",42,2025,55842,"stranieri"
"6202","Femmine",42,2026,54889,"stranieri"
"6203","Femmine",43,2019,53358,"stranieri"
"6204","Femmine",43,2020,54121,"stranieri"
"6205","Femmine",43,2021,54753,"stranieri"
"6206","Femmine",43,2022,54008,"stranieri"
"6207","Femmine",43,2023,55487,"stranieri"
"6208","Femmine",43,2024,55402,"stranieri"
"6209","Femmine",43,2025,54527,"stranieri"
"6210","Femmine",43,2026,56049,"stranieri"
"6211","Femmine",44,2019,51927,"stranieri"
"6212","Femmine",44,2020,52749,"stranieri"
"6213","Femmine",44,2021,54000,"stranieri"
"6214","Femmine",44,2022,53000,"stranieri"
"6215","Femmine",44,2023,54252,"stranieri"
"6216","Femmine",44,2024,55079,"stranieri"
"6217","Femmine",44,2025,55009,"stranieri"
"6218","Femmine",44,2026,54672,"stranieri"
"6219","Femmine",45,2019,48755,"stranieri"
"6220","Femmine",45,2020,51279,"stranieri"
"6221","Femmine",45,2021,52778,"stranieri"
"6222","Femmine",45,2022,52000,"stranieri"
"6223","Femmine",45,2023,53240,"stranieri"
"6224","Femmine",45,2024,53935,"stranieri"
"6225","Femmine",45,2025,54761,"stranieri"
"6226","Femmine",45,2026,54980,"stranieri"
"6227","Femmine",46,2019,48660,"stranieri"
"6228","Femmine",46,2020,48230,"stranieri"
"6229","Femmine",46,2021,51382,"stranieri"
"6230","Femmine",46,2022,50926,"stranieri"
"6231","Femmine",46,2023,52071,"stranieri"
"6232","Femmine",46,2024,52930,"stranieri"
"6233","Femmine",46,2025,53742,"stranieri"
"6234","Femmine",46,2026,54536,"stranieri"
"6235","Femmine",47,2019,47256,"stranieri"
"6236","Femmine",47,2020,47960,"stranieri"
"6237","Femmine",47,2021,48525,"stranieri"
"6238","Femmine",47,2022,49427,"stranieri"
"6239","Femmine",47,2023,50996,"stranieri"
"6240","Femmine",47,2024,51906,"stranieri"
"6241","Femmine",47,2025,52663,"stranieri"
"6242","Femmine",47,2026,53479,"stranieri"
"6243","Femmine",48,2019,46868,"stranieri"
"6244","Femmine",48,2020,46680,"stranieri"
"6245","Femmine",48,2021,48352,"stranieri"
"6246","Femmine",48,2022,46776,"stranieri"
"6247","Femmine",48,2023,49528,"stranieri"
"6248","Femmine",48,2024,50828,"stranieri"
"6249","Femmine",48,2025,51618,"stranieri"
"6250","Femmine",48,2026,52278,"stranieri"
"6251","Femmine",49,2019,46515,"stranieri"
"6252","Femmine",49,2020,46443,"stranieri"
"6253","Femmine",49,2021,46924,"stranieri"
"6254","Femmine",49,2022,46563,"stranieri"
"6255","Femmine",49,2023,46997,"stranieri"
"6256","Femmine",49,2024,49210,"stranieri"
"6257","Femmine",49,2025,50377,"stranieri"
"6258","Femmine",49,2026,51165,"stranieri"
"6259","Femmine",50,2019,47371,"stranieri"
"6260","Femmine",50,2020,45951,"stranieri"
"6261","Femmine",50,2021,46643,"stranieri"
"6262","Femmine",50,2022,45107,"stranieri"
"6263","Femmine",50,2023,46716,"stranieri"
"6264","Femmine",50,2024,46630,"stranieri"
"6265","Femmine",50,2025,48861,"stranieri"
"6266","Femmine",50,2026,50043,"stranieri"
"6267","Femmine",51,2019,45276,"stranieri"
"6268","Femmine",51,2020,46863,"stranieri"
"6269","Femmine",51,2021,45994,"stranieri"
"6270","Femmine",51,2022,44956,"stranieri"
"6271","Femmine",51,2023,45220,"stranieri"
"6272","Femmine",51,2024,46417,"stranieri"
"6273","Femmine",51,2025,46311,"stranieri"
"6274","Femmine",51,2026,48601,"stranieri"
"6275","Femmine",52,2019,37219,"stranieri"
"6276","Femmine",52,2020,44708,"stranieri"
"6277","Femmine",52,2021,46618,"stranieri"
"6278","Femmine",52,2022,44250,"stranieri"
"6279","Femmine",52,2023,45137,"stranieri"
"6280","Femmine",52,2024,45062,"stranieri"
"6281","Femmine",52,2025,45955,"stranieri"
"6282","Femmine",52,2026,45959,"stranieri"
"6283","Femmine",53,2019,36103,"stranieri"
"6284","Femmine",53,2020,36862,"stranieri"
"6285","Femmine",53,2021,44396,"stranieri"
"6286","Femmine",53,2022,44860,"stranieri"
"6287","Femmine",53,2023,44407,"stranieri"
"6288","Femmine",53,2024,44589,"stranieri"
"6289","Femmine",53,2025,44554,"stranieri"
"6290","Femmine",53,2026,45678,"stranieri"
"6291","Femmine",54,2019,36135,"stranieri"
"6292","Femmine",54,2020,35730,"stranieri"
"6293","Femmine",54,2021,36892,"stranieri"
"6294","Femmine",54,2022,42635,"stranieri"
"6295","Femmine",54,2023,45075,"stranieri"
"6296","Femmine",54,2024,43995,"stranieri"
"6297","Femmine",54,2025,44235,"stranieri"
"6298","Femmine",54,2026,44177,"stranieri"
"6299","Femmine",55,2019,35275,"stranieri"
"6300","Femmine",55,2020,35921,"stranieri"
"6301","Femmine",55,2021,35699,"stranieri"
"6302","Femmine",55,2022,35352,"stranieri"
"6303","Femmine",55,2023,42973,"stranieri"
"6304","Femmine",55,2024,44531,"stranieri"
"6305","Femmine",55,2025,43394,"stranieri"
"6306","Femmine",55,2026,43721,"stranieri"
"6307","Femmine",56,2019,34233,"stranieri"
"6308","Femmine",56,2020,34946,"stranieri"
"6309","Femmine",56,2021,35703,"stranieri"
"6310","Femmine",56,2022,34145,"stranieri"
"6311","Femmine",56,2023,35631,"stranieri"
"6312","Femmine",56,2024,42308,"stranieri"
"6313","Femmine",56,2025,44008,"stranieri"
"6314","Femmine",56,2026,42771,"stranieri"
"6315","Femmine",57,2019,33125,"stranieri"
"6316","Femmine",57,2020,33983,"stranieri"
"6317","Femmine",57,2021,34825,"stranieri"
"6318","Femmine",57,2022,34177,"stranieri"
"6319","Femmine",57,2023,34375,"stranieri"
"6320","Femmine",57,2024,35288,"stranieri"
"6321","Femmine",57,2025,41663,"stranieri"
"6322","Femmine",57,2026,43246,"stranieri"
"6323","Femmine",58,2019,33037,"stranieri"
"6324","Femmine",58,2020,32855,"stranieri"
"6325","Femmine",58,2021,33659,"stranieri"
"6326","Femmine",58,2022,33136,"stranieri"
"6327","Femmine",58,2023,34468,"stranieri"
"6328","Femmine",58,2024,33990,"stranieri"
"6329","Femmine",58,2025,34922,"stranieri"
"6330","Femmine",58,2026,40930,"stranieri"
"6331","Femmine",59,2019,30481,"stranieri"
"6332","Femmine",59,2020,32731,"stranieri"
"6333","Femmine",59,2021,32325,"stranieri"
"6334","Femmine",59,2022,31893,"stranieri"
"6335","Femmine",59,2023,33456,"stranieri"
"6336","Femmine",59,2024,33999,"stranieri"
"6337","Femmine",59,2025,33582,"stranieri"
"6338","Femmine",59,2026,34415,"stranieri"
"6339","Femmine",60,2019,29079,"stranieri"
"6340","Femmine",60,2020,30158,"stranieri"
"6341","Femmine",60,2021,32012,"stranieri"
"6342","Femmine",60,2022,30364,"stranieri"
"6343","Femmine",60,2023,32268,"stranieri"
"6344","Femmine",60,2024,32950,"stranieri"
"6345","Femmine",60,2025,33499,"stranieri"
"6346","Femmine",60,2026,32993,"stranieri"
"6347","Femmine",61,2019,26519,"stranieri"
"6348","Femmine",61,2020,28875,"stranieri"
"6349","Femmine",61,2021,29279,"stranieri"
"6350","Femmine",61,2022,29903,"stranieri"
"6351","Femmine",61,2023,30644,"stranieri"
"6352","Femmine",61,2024,31758,"stranieri"
"6353","Femmine",61,2025,32399,"stranieri"
"6354","Femmine",61,2026,32781,"stranieri"
"6355","Femmine",62,2019,24315,"stranieri"
"6356","Femmine",62,2020,26212,"stranieri"
"6357","Femmine",62,2021,27596,"stranieri"
"6358","Femmine",62,2022,27017,"stranieri"
"6359","Femmine",62,2023,30247,"stranieri"
"6360","Femmine",62,2024,30007,"stranieri"
"6361","Femmine",62,2025,31188,"stranieri"
"6362","Femmine",62,2026,31662,"stranieri"
"6363","Femmine",63,2019,22204,"stranieri"
"6364","Femmine",63,2020,24078,"stranieri"
"6365","Femmine",63,2021,25017,"stranieri"
"6366","Femmine",63,2022,25361,"stranieri"
"6367","Femmine",63,2023,27237,"stranieri"
"6368","Femmine",63,2024,29549,"stranieri"
"6369","Femmine",63,2025,29442,"stranieri"
"6370","Femmine",63,2026,30326,"stranieri"
"6371","Femmine",64,2019,20001,"stranieri"
"6372","Femmine",64,2020,22075,"stranieri"
"6373","Femmine",64,2021,22894,"stranieri"
"6374","Femmine",64,2022,22938,"stranieri"
"6375","Femmine",64,2023,25835,"stranieri"
"6376","Femmine",64,2024,26621,"stranieri"
"6377","Femmine",64,2025,28973,"stranieri"
"6378","Femmine",64,2026,28641,"stranieri"
"6379","Femmine",65,2019,17552,"stranieri"
"6380","Femmine",65,2020,19854,"stranieri"
"6381","Femmine",65,2021,20822,"stranieri"
"6382","Femmine",65,2022,20763,"stranieri"
"6383","Femmine",65,2023,23422,"stranieri"
"6384","Femmine",65,2024,25136,"stranieri"
"6385","Femmine",65,2025,26074,"stranieri"
"6386","Femmine",65,2026,27992,"stranieri"
"6387","Femmine",66,2019,16106,"stranieri"
"6388","Femmine",66,2020,17421,"stranieri"
"6389","Femmine",66,2021,18597,"stranieri"
"6390","Femmine",66,2022,18804,"stranieri"
"6391","Femmine",66,2023,21208,"stranieri"
"6392","Femmine",66,2024,22730,"stranieri"
"6393","Femmine",66,2025,24550,"stranieri"
"6394","Femmine",66,2026,25199,"stranieri"
"6395","Femmine",67,2019,13859,"stranieri"
"6396","Femmine",67,2020,15819,"stranieri"
"6397","Femmine",67,2021,16057,"stranieri"
"6398","Femmine",67,2022,16424,"stranieri"
"6399","Femmine",67,2023,18988,"stranieri"
"6400","Femmine",67,2024,20488,"stranieri"
"6401","Femmine",67,2025,21910,"stranieri"
"6402","Femmine",67,2026,23643,"stranieri"
"6403","Femmine",68,2019,13224,"stranieri"
"6404","Femmine",68,2020,13660,"stranieri"
"6405","Femmine",68,2021,14462,"stranieri"
"6406","Femmine",68,2022,14172,"stranieri"
"6407","Femmine",68,2023,16816,"stranieri"
"6408","Femmine",68,2024,18396,"stranieri"
"6409","Femmine",68,2025,19802,"stranieri"
"6410","Femmine",68,2026,21136,"stranieri"
"6411","Femmine",69,2019,11536,"stranieri"
"6412","Femmine",69,2020,13013,"stranieri"
"6413","Femmine",69,2021,12409,"stranieri"
"6414","Femmine",69,2022,12808,"stranieri"
"6415","Femmine",69,2023,14434,"stranieri"
"6416","Femmine",69,2024,16289,"stranieri"
"6417","Femmine",69,2025,18001,"stranieri"
"6418","Femmine",69,2026,19016,"stranieri"
"6419","Femmine",70,2019,9893,"stranieri"
"6420","Femmine",70,2020,11333,"stranieri"
"6421","Femmine",70,2021,11885,"stranieri"
"6422","Femmine",70,2022,10921,"stranieri"
"6423","Femmine",70,2023,13143,"stranieri"
"6424","Femmine",70,2024,14023,"stranieri"
"6425","Femmine",70,2025,15908,"stranieri"
"6426","Femmine",70,2026,17236,"stranieri"
"6427","Femmine",71,2019,8168,"stranieri"
"6428","Femmine",71,2020,9751,"stranieri"
"6429","Femmine",71,2021,10221,"stranieri"
"6430","Femmine",71,2022,10425,"stranieri"
"6431","Femmine",71,2023,11075,"stranieri"
"6432","Femmine",71,2024,12759,"stranieri"
"6433","Femmine",71,2025,13678,"stranieri"
"6434","Femmine",71,2026,15268,"stranieri"
"6435","Femmine",72,2019,6857,"stranieri"
"6436","Femmine",72,2020,8108,"stranieri"
"6437","Femmine",72,2021,8704,"stranieri"
"6438","Femmine",72,2022,8891,"stranieri"
"6439","Femmine",72,2023,10631,"stranieri"
"6440","Femmine",72,2024,10808,"stranieri"
"6441","Femmine",72,2025,12400,"stranieri"
"6442","Femmine",72,2026,13119,"stranieri"
"6443","Femmine",73,2019,5547,"stranieri"
"6444","Femmine",73,2020,6769,"stranieri"
"6445","Femmine",73,2021,7311,"stranieri"
"6446","Femmine",73,2022,7613,"stranieri"
"6447","Femmine",73,2023,9062,"stranieri"
"6448","Femmine",73,2024,10276,"stranieri"
"6449","Femmine",73,2025,10567,"stranieri"
"6450","Femmine",73,2026,11911,"stranieri"
"6451","Femmine",74,2019,5119,"stranieri"
"6452","Femmine",74,2020,5467,"stranieri"
"6453","Femmine",74,2021,6072,"stranieri"
"6454","Femmine",74,2022,6385,"stranieri"
"6455","Femmine",74,2023,7783,"stranieri"
"6456","Femmine",74,2024,8813,"stranieri"
"6457","Femmine",74,2025,10075,"stranieri"
"6458","Femmine",74,2026,10125,"stranieri"
"6459","Femmine",75,2019,4666,"stranieri"
"6460","Femmine",75,2020,5038,"stranieri"
"6461","Femmine",75,2021,4864,"stranieri"
"6462","Femmine",75,2022,5249,"stranieri"
"6463","Femmine",75,2023,6523,"stranieri"
"6464","Femmine",75,2024,7607,"stranieri"
"6465","Femmine",75,2025,8638,"stranieri"
"6466","Femmine",75,2026,9636,"stranieri"
"6467","Femmine",76,2019,4703,"stranieri"
"6468","Femmine",76,2020,4616,"stranieri"
"6469","Femmine",76,2021,4482,"stranieri"
"6470","Femmine",76,2022,4208,"stranieri"
"6471","Femmine",76,2023,5404,"stranieri"
"6472","Femmine",76,2024,6359,"stranieri"
"6473","Femmine",76,2025,7522,"stranieri"
"6474","Femmine",76,2026,8268,"stranieri"
"6475","Femmine",77,2019,3700,"stranieri"
"6476","Femmine",77,2020,4582,"stranieri"
"6477","Femmine",77,2021,4080,"stranieri"
"6478","Femmine",77,2022,3898,"stranieri"
"6479","Femmine",77,2023,4324,"stranieri"
"6480","Femmine",77,2024,5249,"stranieri"
"6481","Femmine",77,2025,6284,"stranieri"
"6482","Femmine",77,2026,7204,"stranieri"
"6483","Femmine",78,2019,4077,"stranieri"
"6484","Femmine",78,2020,3606,"stranieri"
"6485","Femmine",78,2021,4070,"stranieri"
"6486","Femmine",78,2022,3576,"stranieri"
"6487","Femmine",78,2023,3999,"stranieri"
"6488","Femmine",78,2024,4160,"stranieri"
"6489","Femmine",78,2025,5216,"stranieri"
"6490","Femmine",78,2026,5941,"stranieri"
"6491","Femmine",79,2019,3162,"stranieri"
"6492","Femmine",79,2020,3991,"stranieri"
"6493","Femmine",79,2021,3164,"stranieri"
"6494","Femmine",79,2022,3527,"stranieri"
"6495","Femmine",79,2023,3669,"stranieri"
"6496","Femmine",79,2024,3851,"stranieri"
"6497","Femmine",79,2025,4138,"stranieri"
"6498","Femmine",79,2026,4935,"stranieri"
"6499","Femmine",80,2019,2905,"stranieri"
"6500","Femmine",80,2020,3096,"stranieri"
"6501","Femmine",80,2021,3483,"stranieri"
"6502","Femmine",80,2022,2714,"stranieri"
"6503","Femmine",80,2023,3662,"stranieri"
"6504","Femmine",80,2024,3564,"stranieri"
"6505","Femmine",80,2025,3805,"stranieri"
"6506","Femmine",80,2026,3927,"stranieri"
"6507","Femmine",81,2019,2517,"stranieri"
"6508","Femmine",81,2020,2853,"stranieri"
"6509","Femmine",81,2021,2651,"stranieri"
"6510","Femmine",81,2022,2946,"stranieri"
"6511","Femmine",81,2023,2786,"stranieri"
"6512","Femmine",81,2024,3490,"stranieri"
"6513","Femmine",81,2025,3462,"stranieri"
"6514","Femmine",81,2026,3609,"stranieri"
"6515","Femmine",82,2019,2138,"stranieri"
"6516","Femmine",82,2020,2431,"stranieri"
"6517","Femmine",82,2021,2493,"stranieri"
"6518","Femmine",82,2022,2257,"stranieri"
"6519","Femmine",82,2023,2953,"stranieri"
"6520","Femmine",82,2024,2673,"stranieri"
"6521","Femmine",82,2025,3381,"stranieri"
"6522","Femmine",82,2026,3255,"stranieri"
"6523","Femmine",83,2019,1746,"stranieri"
"6524","Femmine",83,2020,2069,"stranieri"
"6525","Femmine",83,2021,2066,"stranieri"
"6526","Femmine",83,2022,2065,"stranieri"
"6527","Femmine",83,2023,2246,"stranieri"
"6528","Femmine",83,2024,2801,"stranieri"
"6529","Femmine",83,2025,2649,"stranieri"
"6530","Femmine",83,2026,3167,"stranieri"
"6531","Femmine",84,2019,1483,"stranieri"
"6532","Femmine",84,2020,1663,"stranieri"
"6533","Femmine",84,2021,1760,"stranieri"
"6534","Femmine",84,2022,1702,"stranieri"
"6535","Femmine",84,2023,2055,"stranieri"
"6536","Femmine",84,2024,2161,"stranieri"
"6537","Femmine",84,2025,2740,"stranieri"
"6538","Femmine",84,2026,2454,"stranieri"
"6539","Femmine",85,2019,1184,"stranieri"
"6540","Femmine",85,2020,1428,"stranieri"
"6541","Femmine",85,2021,1409,"stranieri"
"6542","Femmine",85,2022,1442,"stranieri"
"6543","Femmine",85,2023,1685,"stranieri"
"6544","Femmine",85,2024,1955,"stranieri"
"6545","Femmine",85,2025,2102,"stranieri"
"6546","Femmine",85,2026,2542,"stranieri"
"6547","Femmine",86,2019,1105,"stranieri"
"6548","Femmine",86,2020,1165,"stranieri"
"6549","Femmine",86,2021,1168,"stranieri"
"6550","Femmine",86,2022,1125,"stranieri"
"6551","Femmine",86,2023,1388,"stranieri"
"6552","Femmine",86,2024,1579,"stranieri"
"6553","Femmine",86,2025,1863,"stranieri"
"6554","Femmine",86,2026,1959,"stranieri"
"6555","Femmine",87,2019,772,"stranieri"
"6556","Femmine",87,2020,1045,"stranieri"
"6557","Femmine",87,2021,929,"stranieri"
"6558","Femmine",87,2022,957,"stranieri"
"6559","Femmine",87,2023,1072,"stranieri"
"6560","Femmine",87,2024,1275,"stranieri"
"6561","Femmine",87,2025,1502,"stranieri"
"6562","Femmine",87,2026,1692,"stranieri"
"6563","Femmine",88,2019,898,"stranieri"
"6564","Femmine",88,2020,697,"stranieri"
"6565","Femmine",88,2021,842,"stranieri"
"6566","Femmine",88,2022,750,"stranieri"
"6567","Femmine",88,2023,896,"stranieri"
"6568","Femmine",88,2024,1006,"stranieri"
"6569","Femmine",88,2025,1214,"stranieri"
"6570","Femmine",88,2026,1362,"stranieri"
"6571","Femmine",89,2019,565,"stranieri"
"6572","Femmine",89,2020,808,"stranieri"
"6573","Femmine",89,2021,536,"stranieri"
"6574","Femmine",89,2022,682,"stranieri"
"6575","Femmine",89,2023,718,"stranieri"
"6576","Femmine",89,2024,802,"stranieri"
"6577","Femmine",89,2025,939,"stranieri"
"6578","Femmine",89,2026,1107,"stranieri"
"6579","Femmine",90,2019,490,"stranieri"
"6580","Femmine",90,2020,536,"stranieri"
"6581","Femmine",90,2021,624,"stranieri"
"6582","Femmine",90,2022,420,"stranieri"
"6583","Femmine",90,2023,636,"stranieri"
"6584","Femmine",90,2024,648,"stranieri"
"6585","Femmine",90,2025,754,"stranieri"
"6586","Femmine",90,2026,833,"stranieri"
"6587","Femmine",91,2019,410,"stranieri"
"6588","Femmine",91,2020,440,"stranieri"
"6589","Femmine",91,2021,382,"stranieri"
"6590","Femmine",91,2022,477,"stranieri"
"6591","Femmine",91,2023,387,"stranieri"
"6592","Femmine",91,2024,548,"stranieri"
"6593","Femmine",91,2025,590,"stranieri"
"6594","Femmine",91,2026,678,"stranieri"
"6595","Femmine",92,2019,313,"stranieri"
"6596","Femmine",92,2020,375,"stranieri"
"6597","Femmine",92,2021,325,"stranieri"
"6598","Femmine",92,2022,318,"stranieri"
"6599","Femmine",92,2023,449,"stranieri"
"6600","Femmine",92,2024,334,"stranieri"
"6601","Femmine",92,2025,507,"stranieri"
"6602","Femmine",92,2026,527,"stranieri"
"6603","Femmine",93,2019,283,"stranieri"
"6604","Femmine",93,2020,280,"stranieri"
"6605","Femmine",93,2021,278,"stranieri"
"6606","Femmine",93,2022,234,"stranieri"
"6607","Femmine",93,2023,286,"stranieri"
"6608","Femmine",93,2024,351,"stranieri"
"6609","Femmine",93,2025,291,"stranieri"
"6610","Femmine",93,2026,433,"stranieri"
"6611","Femmine",94,2019,190,"stranieri"
"6612","Femmine",94,2020,237,"stranieri"
"6613","Femmine",94,2021,190,"stranieri"
"6614","Femmine",94,2022,217,"stranieri"
"6615","Femmine",94,2023,202,"stranieri"
"6616","Femmine",94,2024,232,"stranieri"
"6617","Femmine",94,2025,308,"stranieri"
"6618","Femmine",94,2026,242,"stranieri"
"6619","Femmine",95,2019,178,"stranieri"
"6620","Femmine",95,2020,162,"stranieri"
"6621","Femmine",95,2021,159,"stranieri"
"6622","Femmine",95,2022,146,"stranieri"
"6623","Femmine",95,2023,188,"stranieri"
"6624","Femmine",95,2024,165,"stranieri"
"6625","Femmine",95,2025,199,"stranieri"
"6626","Femmine",95,2026,266,"stranieri"
"6627","Femmine",96,2019,123,"stranieri"
"6628","Femmine",96,2020,152,"stranieri"
"6629","Femmine",96,2021,114,"stranieri"
"6630","Femmine",96,2022,114,"stranieri"
"6631","Femmine",96,2023,130,"stranieri"
"6632","Femmine",96,2024,149,"stranieri"
"6633","Femmine",96,2025,141,"stranieri"
"6634","Femmine",96,2026,156,"stranieri"
"6635","Femmine",97,2019,79,"stranieri"
"6636","Femmine",97,2020,99,"stranieri"
"6637","Femmine",97,2021,92,"stranieri"
"6638","Femmine",97,2022,93,"stranieri"
"6639","Femmine",97,2023,92,"stranieri"
"6640","Femmine",97,2024,106,"stranieri"
"6641","Femmine",97,2025,121,"stranieri"
"6642","Femmine",97,2026,108,"stranieri"
"6643","Femmine",98,2019,95,"stranieri"
"6644","Femmine",98,2020,63,"stranieri"
"6645","Femmine",98,2021,75,"stranieri"
"6646","Femmine",98,2022,100,"stranieri"
"6647","Femmine",98,2023,76,"stranieri"
"6648","Femmine",98,2024,131,"stranieri"
"6649","Femmine",98,2025,124,"stranieri"
"6650","Femmine",98,2026,90,"stranieri"
"6651","Femmine",99,2019,42,"stranieri"
"6652","Femmine",99,2020,71,"stranieri"
"6653","Femmine",99,2021,51,"stranieri"
"6654","Femmine",99,2022,63,"stranieri"
"6655","Femmine",99,2023,87,"stranieri"
"6656","Femmine",99,2024,78,"stranieri"
"6657","Femmine",99,2025,114,"stranieri"
"6658","Femmine",99,2026,97,"stranieri"
"6659","Femmine",100,2019,84,"stranieri"
"6660","Femmine",100,2020,93,"stranieri"
"6661","Femmine",100,2021,121,"stranieri"
"6662","Femmine",100,2022,130,"stranieri"
"6663","Femmine",100,2023,160,"stranieri"
"6664","Femmine",100,2024,184,"stranieri"
"6665","Femmine",100,2025,265,"stranieri"
"6666","Femmine",100,2026,280,"stranieri"
"6667","Maschi",0,2002,13401,"stranieri"
"6668","Maschi",0,2003,16990,"stranieri"
"6669","Maschi",0,2004,17525,"stranieri"
"6670","Maschi",0,2005,24284,"stranieri"
"6671","Maschi",0,2006,26353,"stranieri"
"6672","Maschi",0,2007,29122,"stranieri"
"6673","Maschi",0,2008,32666,"stranieri"
"6674","Maschi",0,2009,36513,"stranieri"
"6675","Maschi",0,2010,38725,"stranieri"
"6676","Maschi",0,2011,38610,"stranieri"
"6677","Maschi",0,2012,38888,"stranieri"
"6678","Maschi",0,2013,41930,"stranieri"
"6679","Maschi",0,2014,40335,"stranieri"
"6680","Maschi",0,2015,38795,"stranieri"
"6681","Maschi",0,2016,37067,"stranieri"
"6682","Maschi",0,2017,35456,"stranieri"
"6683","Maschi",0,2018,34528,"stranieri"
"6684","Maschi",1,2002,12536,"stranieri"
"6685","Maschi",1,2003,14099,"stranieri"
"6686","Maschi",1,2004,17741,"stranieri"
"6687","Maschi",1,2005,18749,"stranieri"
"6688","Maschi",1,2006,24504,"stranieri"
"6689","Maschi",1,2007,26731,"stranieri"
"6690","Maschi",1,2008,30326,"stranieri"
"6691","Maschi",1,2009,33471,"stranieri"
"6692","Maschi",1,2010,36712,"stranieri"
"6693","Maschi",1,2011,38613,"stranieri"
"6694","Maschi",1,2012,38340,"stranieri"
"6695","Maschi",1,2013,40089,"stranieri"
"6696","Maschi",1,2014,41863,"stranieri"
"6697","Maschi",1,2015,39706,"stranieri"
"6698","Maschi",1,2016,37507,"stranieri"
"6699","Maschi",1,2017,35145,"stranieri"
"6700","Maschi",1,2018,34244,"stranieri"
"6701","Maschi",2,2002,11188,"stranieri"
"6702","Maschi",2,2003,13385,"stranieri"
"6703","Maschi",2,2004,15234,"stranieri"
"6704","Maschi",2,2005,18647,"stranieri"
"6705","Maschi",2,2006,19930,"stranieri"
"6706","Maschi",2,2007,24957,"stranieri"
"6707","Maschi",2,2008,28039,"stranieri"
"6708","Maschi",2,2009,31518,"stranieri"
"6709","Maschi",2,2010,33950,"stranieri"
"6710","Maschi",2,2011,36779,"stranieri"
"6711","Maschi",2,2012,38547,"stranieri"
"6712","Maschi",2,2013,39882,"stranieri"
"6713","Maschi",2,2014,40182,"stranieri"
"6714","Maschi",2,2015,40782,"stranieri"
"6715","Maschi",2,2016,37657,"stranieri"
"6716","Maschi",2,2017,35333,"stranieri"
"6717","Maschi",2,2018,33736,"stranieri"
"6718","Maschi",3,2002,9771,"stranieri"
"6719","Maschi",3,2003,11953,"stranieri"
"6720","Maschi",3,2004,14375,"stranieri"
"6721","Maschi",3,2005,16526,"stranieri"
"6722","Maschi",3,2006,19685,"stranieri"
"6723","Maschi",3,2007,20742,"stranieri"
"6724","Maschi",3,2008,26265,"stranieri"
"6725","Maschi",3,2009,29386,"stranieri"
"6726","Maschi",3,2010,32189,"stranieri"
"6727","Maschi",3,2011,34293,"stranieri"
"6728","Maschi",3,2012,36977,"stranieri"
"6729","Maschi",3,2013,40068,"stranieri"
"6730","Maschi",3,2014,40012,"stranieri"
"6731","Maschi",3,2015,39089,"stranieri"
"6732","Maschi",3,2016,38673,"stranieri"
"6733","Maschi",3,2017,35111,"stranieri"
"6734","Maschi",3,2018,34204,"stranieri"
"6735","Maschi",4,2002,9198,"stranieri"
"6736","Maschi",4,2003,10653,"stranieri"
"6737","Maschi",4,2004,12906,"stranieri"
"6738","Maschi",4,2005,15695,"stranieri"
"6739","Maschi",4,2006,17937,"stranieri"
"6740","Maschi",4,2007,20376,"stranieri"
"6741","Maschi",4,2008,22447,"stranieri"
"6742","Maschi",4,2009,27460,"stranieri"
"6743","Maschi",4,2010,30140,"stranieri"
"6744","Maschi",4,2011,32593,"stranieri"
"6745","Maschi",4,2012,34594,"stranieri"
"6746","Maschi",4,2013,38226,"stranieri"
"6747","Maschi",4,2014,40197,"stranieri"
"6748","Maschi",4,2015,38867,"stranieri"
"6749","Maschi",4,2016,36936,"stranieri"
"6750","Maschi",4,2017,35924,"stranieri"
"6751","Maschi",4,2018,33480,"stranieri"
"6752","Maschi",5,2002,8479,"stranieri"
"6753","Maschi",5,2003,10187,"stranieri"
"6754","Maschi",5,2004,11683,"stranieri"
"6755","Maschi",5,2005,14209,"stranieri"
"6756","Maschi",5,2006,17232,"stranieri"
"6757","Maschi",5,2007,18933,"stranieri"
"6758","Maschi",5,2008,22116,"stranieri"
"6759","Maschi",5,2009,23885,"stranieri"
"6760","Maschi",5,2010,28019,"stranieri"
"6761","Maschi",5,2011,30384,"stranieri"
"6762","Maschi",5,2012,33103,"stranieri"
"6763","Maschi",5,2013,35716,"stranieri"
"6764","Maschi",5,2014,38098,"stranieri"
"6765","Maschi",5,2015,38898,"stranieri"
"6766","Maschi",5,2016,36858,"stranieri"
"6767","Maschi",5,2017,34060,"stranieri"
"6768","Maschi",5,2018,34179,"stranieri"
"6769","Maschi",6,2002,8354,"stranieri"
"6770","Maschi",6,2003,9445,"stranieri"
"6771","Maschi",6,2004,11389,"stranieri"
"6772","Maschi",6,2005,13185,"stranieri"
"6773","Maschi",6,2006,15651,"stranieri"
"6774","Maschi",6,2007,18363,"stranieri"
"6775","Maschi",6,2008,20982,"stranieri"
"6776","Maschi",6,2009,23558,"stranieri"
"6777","Maschi",6,2010,24666,"stranieri"
"6778","Maschi",6,2011,28234,"stranieri"
"6779","Maschi",6,2012,30864,"stranieri"
"6780","Maschi",6,2013,34193,"stranieri"
"6781","Maschi",6,2014,35142,"stranieri"
"6782","Maschi",6,2015,36540,"stranieri"
"6783","Maschi",6,2016,36554,"stranieri"
"6784","Maschi",6,2017,33695,"stranieri"
"6785","Maschi",6,2018,32326,"stranieri"
"6786","Maschi",7,2002,8108,"stranieri"
"6787","Maschi",7,2003,9378,"stranieri"
"6788","Maschi",7,2004,10518,"stranieri"
"6789","Maschi",7,2005,12745,"stranieri"
"6790","Maschi",7,2006,14795,"stranieri"
"6791","Maschi",7,2007,16736,"stranieri"
"6792","Maschi",7,2008,20523,"stranieri"
"6793","Maschi",7,2009,22743,"stranieri"
"6794","Maschi",7,2010,24367,"stranieri"
"6795","Maschi",7,2011,25244,"stranieri"
"6796","Maschi",7,2012,28802,"stranieri"
"6797","Maschi",7,2013,31543,"stranieri"
"6798","Maschi",7,2014,33580,"stranieri"
"6799","Maschi",7,2015,33548,"stranieri"
"6800","Maschi",7,2016,34078,"stranieri"
"6801","Maschi",7,2017,33050,"stranieri"
"6802","Maschi",7,2018,31674,"stranieri"
"6803","Maschi",8,2002,7838,"stranieri"
"6804","Maschi",8,2003,9123,"stranieri"
"6805","Maschi",8,2004,10453,"stranieri"
"6806","Maschi",8,2005,11851,"stranieri"
"6807","Maschi",8,2006,14497,"stranieri"
"6808","Maschi",8,2007,16057,"stranieri"
"6809","Maschi",8,2008,18816,"stranieri"
"6810","Maschi",8,2009,22153,"stranieri"
"6811","Maschi",8,2010,23862,"stranieri"
"6812","Maschi",8,2011,24784,"stranieri"
"6813","Maschi",8,2012,25916,"stranieri"
"6814","Maschi",8,2013,29343,"stranieri"
"6815","Maschi",8,2014,30651,"stranieri"
"6816","Maschi",8,2015,31847,"stranieri"
"6817","Maschi",8,2016,31398,"stranieri"
"6818","Maschi",8,2017,31056,"stranieri"
"6819","Maschi",8,2018,30976,"stranieri"
"6820","Maschi",9,2002,7363,"stranieri"
"6821","Maschi",9,2003,8826,"stranieri"
"6822","Maschi",9,2004,10186,"stranieri"
"6823","Maschi",9,2005,11855,"stranieri"
"6824","Maschi",9,2006,13535,"stranieri"
"6825","Maschi",9,2007,15772,"stranieri"
"6826","Maschi",9,2008,18148,"stranieri"
"6827","Maschi",9,2009,20681,"stranieri"
"6828","Maschi",9,2010,23493,"stranieri"
"6829","Maschi",9,2011,24632,"stranieri"
"6830","Maschi",9,2012,25601,"stranieri"
"6831","Maschi",9,2013,26478,"stranieri"
"6832","Maschi",9,2014,28531,"stranieri"
"6833","Maschi",9,2015,28990,"stranieri"
"6834","Maschi",9,2016,29692,"stranieri"
"6835","Maschi",9,2017,28665,"stranieri"
"6836","Maschi",9,2018,29225,"stranieri"
"6837","Maschi",10,2002,7249,"stranieri"
"6838","Maschi",10,2003,8289,"stranieri"
"6839","Maschi",10,2004,9949,"stranieri"
"6840","Maschi",10,2005,11985,"stranieri"
"6841","Maschi",10,2006,13583,"stranieri"
"6842","Maschi",10,2007,14819,"stranieri"
"6843","Maschi",10,2008,17929,"stranieri"
"6844","Maschi",10,2009,20135,"stranieri"
"6845","Maschi",10,2010,21946,"stranieri"
"6846","Maschi",10,2011,24572,"stranieri"
"6847","Maschi",10,2012,25637,"stranieri"
"6848","Maschi",10,2013,26110,"stranieri"
"6849","Maschi",10,2014,25693,"stranieri"
"6850","Maschi",10,2015,26996,"stranieri"
"6851","Maschi",10,2016,26887,"stranieri"
"6852","Maschi",10,2017,27152,"stranieri"
"6853","Maschi",10,2018,27408,"stranieri"
"6854","Maschi",11,2002,6968,"stranieri"
"6855","Maschi",11,2003,8142,"stranieri"
"6856","Maschi",11,2004,9457,"stranieri"
"6857","Maschi",11,2005,11586,"stranieri"
"6858","Maschi",11,2006,13660,"stranieri"
"6859","Maschi",11,2007,14936,"stranieri"
"6860","Maschi",11,2008,16994,"stranieri"
"6861","Maschi",11,2009,19878,"stranieri"
"6862","Maschi",11,2010,21680,"stranieri"
"6863","Maschi",11,2011,23077,"stranieri"
"6864","Maschi",11,2012,25762,"stranieri"
"6865","Maschi",11,2013,26120,"stranieri"
"6866","Maschi",11,2014,25348,"stranieri"
"6867","Maschi",11,2015,24328,"stranieri"
"6868","Maschi",11,2016,25059,"stranieri"
"6869","Maschi",11,2017,24824,"stranieri"
"6870","Maschi",11,2018,26115,"stranieri"
"6871","Maschi",12,2002,7089,"stranieri"
"6872","Maschi",12,2003,7787,"stranieri"
"6873","Maschi",12,2004,9158,"stranieri"
"6874","Maschi",12,2005,11035,"stranieri"
"6875","Maschi",12,2006,13358,"stranieri"
"6876","Maschi",12,2007,15033,"stranieri"
"6877","Maschi",12,2008,17105,"stranieri"
"6878","Maschi",12,2009,19149,"stranieri"
"6879","Maschi",12,2010,21474,"stranieri"
"6880","Maschi",12,2011,22818,"stranieri"
"6881","Maschi",12,2012,24291,"stranieri"
"6882","Maschi",12,2013,26752,"stranieri"
"6883","Maschi",12,2014,25614,"stranieri"
"6884","Maschi",12,2015,24042,"stranieri"
"6885","Maschi",12,2016,22767,"stranieri"
"6886","Maschi",12,2017,23415,"stranieri"
"6887","Maschi",12,2018,24056,"stranieri"
"6888","Maschi",13,2002,6616,"stranieri"
"6889","Maschi",13,2003,7752,"stranieri"
"6890","Maschi",13,2004,8806,"stranieri"
"6891","Maschi",13,2005,10851,"stranieri"
"6892","Maschi",13,2006,12947,"stranieri"
"6893","Maschi",13,2007,14738,"stranieri"
"6894","Maschi",13,2008,17238,"stranieri"
"6895","Maschi",13,2009,19294,"stranieri"
"6896","Maschi",13,2010,20675,"stranieri"
"6897","Maschi",13,2011,22694,"stranieri"
"6898","Maschi",13,2012,24013,"stranieri"
"6899","Maschi",13,2013,25214,"stranieri"
"6900","Maschi",13,2014,26612,"stranieri"
"6901","Maschi",13,2015,24491,"stranieri"
"6902","Maschi",13,2016,22696,"stranieri"
"6903","Maschi",13,2017,21158,"stranieri"
"6904","Maschi",13,2018,22964,"stranieri"
"6905","Maschi",14,2002,6455,"stranieri"
"6906","Maschi",14,2003,7233,"stranieri"
"6907","Maschi",14,2004,8621,"stranieri"
"6908","Maschi",14,2005,10183,"stranieri"
"6909","Maschi",14,2006,12543,"stranieri"
"6910","Maschi",14,2007,14308,"stranieri"
"6911","Maschi",14,2008,16889,"stranieri"
"6912","Maschi",14,2009,19468,"stranieri"
"6913","Maschi",14,2010,21046,"stranieri"
"6914","Maschi",14,2011,21961,"stranieri"
"6915","Maschi",14,2012,23922,"stranieri"
"6916","Maschi",14,2013,24774,"stranieri"
"6917","Maschi",14,2014,25151,"stranieri"
"6918","Maschi",14,2015,26173,"stranieri"
"6919","Maschi",14,2016,23168,"stranieri"
"6920","Maschi",14,2017,21367,"stranieri"
"6921","Maschi",14,2018,21253,"stranieri"
"6922","Maschi",15,2002,6413,"stranieri"
"6923","Maschi",15,2003,6950,"stranieri"
"6924","Maschi",15,2004,8088,"stranieri"
"6925","Maschi",15,2005,10004,"stranieri"
"6926","Maschi",15,2006,12043,"stranieri"
"6927","Maschi",15,2007,13963,"stranieri"
"6928","Maschi",15,2008,16437,"stranieri"
"6929","Maschi",15,2009,19188,"stranieri"
"6930","Maschi",15,2010,21309,"stranieri"
"6931","Maschi",15,2011,22458,"stranieri"
"6932","Maschi",15,2012,23376,"stranieri"
"6933","Maschi",15,2013,24751,"stranieri"
"6934","Maschi",15,2014,24787,"stranieri"
"6935","Maschi",15,2015,25047,"stranieri"
"6936","Maschi",15,2016,25641,"stranieri"
"6937","Maschi",15,2017,22156,"stranieri"
"6938","Maschi",15,2018,21476,"stranieri"
"6939","Maschi",16,2002,6507,"stranieri"
"6940","Maschi",16,2003,7053,"stranieri"
"6941","Maschi",16,2004,7837,"stranieri"
"6942","Maschi",16,2005,9632,"stranieri"
"6943","Maschi",16,2006,11969,"stranieri"
"6944","Maschi",16,2007,13642,"stranieri"
"6945","Maschi",16,2008,16125,"stranieri"
"6946","Maschi",16,2009,18904,"stranieri"
"6947","Maschi",16,2010,21300,"stranieri"
"6948","Maschi",16,2011,22954,"stranieri"
"6949","Maschi",16,2012,23922,"stranieri"
"6950","Maschi",16,2013,24593,"stranieri"
"6951","Maschi",16,2014,24860,"stranieri"
"6952","Maschi",16,2015,24647,"stranieri"
"6953","Maschi",16,2016,24804,"stranieri"
"6954","Maschi",16,2017,25109,"stranieri"
"6955","Maschi",16,2018,22524,"stranieri"
"6956","Maschi",17,2002,7067,"stranieri"
"6957","Maschi",17,2003,7285,"stranieri"
"6958","Maschi",17,2004,8025,"stranieri"
"6959","Maschi",17,2005,9646,"stranieri"
"6960","Maschi",17,2006,11850,"stranieri"
"6961","Maschi",17,2007,13945,"stranieri"
"6962","Maschi",17,2008,16174,"stranieri"
"6963","Maschi",17,2009,18922,"stranieri"
"6964","Maschi",17,2010,21439,"stranieri"
"6965","Maschi",17,2011,23250,"stranieri"
"6966","Maschi",17,2012,24844,"stranieri"
"6967","Maschi",17,2013,25489,"stranieri"
"6968","Maschi",17,2014,25187,"stranieri"
"6969","Maschi",17,2015,24990,"stranieri"
"6970","Maschi",17,2016,24605,"stranieri"
"6971","Maschi",17,2017,25089,"stranieri"
"6972","Maschi",17,2018,27004,"stranieri"
"6973","Maschi",18,2002,7458,"stranieri"
"6974","Maschi",18,2003,8189,"stranieri"
"6975","Maschi",18,2004,8821,"stranieri"
"6976","Maschi",18,2005,10564,"stranieri"
"6977","Maschi",18,2006,12383,"stranieri"
"6978","Maschi",18,2007,14541,"stranieri"
"6979","Maschi",18,2008,17436,"stranieri"
"6980","Maschi",18,2009,19718,"stranieri"
"6981","Maschi",18,2010,22091,"stranieri"
"6982","Maschi",18,2011,23640,"stranieri"
"6983","Maschi",18,2012,24542,"stranieri"
"6984","Maschi",18,2013,25679,"stranieri"
"6985","Maschi",18,2014,25185,"stranieri"
"6986","Maschi",18,2015,24293,"stranieri"
"6987","Maschi",18,2016,24631,"stranieri"
"6988","Maschi",18,2017,26735,"stranieri"
"6989","Maschi",18,2018,30407,"stranieri"
"6990","Maschi",19,2002,7402,"stranieri"
"6991","Maschi",19,2003,7889,"stranieri"
"6992","Maschi",19,2004,10281,"stranieri"
"6993","Maschi",19,2005,10455,"stranieri"
"6994","Maschi",19,2006,12226,"stranieri"
"6995","Maschi",19,2007,14292,"stranieri"
"6996","Maschi",19,2008,18746,"stranieri"
"6997","Maschi",19,2009,21621,"stranieri"
"6998","Maschi",19,2010,23177,"stranieri"
"6999","Maschi",19,2011,24703,"stranieri"
"7000","Maschi",19,2012,25829,"stranieri"
"7001","Maschi",19,2013,25857,"stranieri"
"7002","Maschi",19,2014,26820,"stranieri"
"7003","Maschi",19,2015,26060,"stranieri"
"7004","Maschi",19,2016,26460,"stranieri"
"7005","Maschi",19,2017,29767,"stranieri"
"7006","Maschi",19,2018,36098,"stranieri"
"7007","Maschi",20,2002,7185,"stranieri"
"7008","Maschi",20,2003,7528,"stranieri"
"7009","Maschi",20,2004,10567,"stranieri"
"7010","Maschi",20,2005,12218,"stranieri"
"7011","Maschi",20,2006,10994,"stranieri"
"7012","Maschi",20,2007,13044,"stranieri"
"7013","Maschi",20,2008,19059,"stranieri"
"7014","Maschi",20,2009,22990,"stranieri"
"7015","Maschi",20,2010,24963,"stranieri"
"7016","Maschi",20,2011,25722,"stranieri"
"7017","Maschi",20,2012,26938,"stranieri"
"7018","Maschi",20,2013,28436,"stranieri"
"7019","Maschi",20,2014,27483,"stranieri"
"7020","Maschi",20,2015,28229,"stranieri"
"7021","Maschi",20,2016,28427,"stranieri"
"7022","Maschi",20,2017,31288,"stranieri"
"7023","Maschi",20,2018,36403,"stranieri"
"7024","Maschi",21,2002,7598,"stranieri"
"7025","Maschi",21,2003,7223,"stranieri"
"7026","Maschi",21,2004,11273,"stranieri"
"7027","Maschi",21,2005,12962,"stranieri"
"7028","Maschi",21,2006,12751,"stranieri"
"7029","Maschi",21,2007,11661,"stranieri"
"7030","Maschi",21,2008,18430,"stranieri"
"7031","Maschi",21,2009,23953,"stranieri"
"7032","Maschi",21,2010,26152,"stranieri"
"7033","Maschi",21,2011,27878,"stranieri"
"7034","Maschi",21,2012,28177,"stranieri"
"7035","Maschi",21,2013,29681,"stranieri"
"7036","Maschi",21,2014,30080,"stranieri"
"7037","Maschi",21,2015,28513,"stranieri"
"7038","Maschi",21,2016,30063,"stranieri"
"7039","Maschi",21,2017,32365,"stranieri"
"7040","Maschi",21,2018,36773,"stranieri"
"7041","Maschi",22,2002,8442,"stranieri"
"7042","Maschi",22,2003,7969,"stranieri"
"7043","Maschi",22,2004,12081,"stranieri"
"7044","Maschi",22,2005,14876,"stranieri"
"7045","Maschi",22,2006,13687,"stranieri"
"7046","Maschi",22,2007,13716,"stranieri"
"7047","Maschi",22,2008,17653,"stranieri"
"7048","Maschi",22,2009,24035,"stranieri"
"7049","Maschi",22,2010,27380,"stranieri"
"7050","Maschi",22,2011,29513,"stranieri"
"7051","Maschi",22,2012,30741,"stranieri"
"7052","Maschi",22,2013,31375,"stranieri"
"7053","Maschi",22,2014,31563,"stranieri"
"7054","Maschi",22,2015,31350,"stranieri"
"7055","Maschi",22,2016,30004,"stranieri"
"7056","Maschi",22,2017,32731,"stranieri"
"7057","Maschi",22,2018,36367,"stranieri"
"7058","Maschi",23,2002,9623,"stranieri"
"7059","Maschi",23,2003,9182,"stranieri"
"7060","Maschi",23,2004,14466,"stranieri"
"7061","Maschi",23,2005,16824,"stranieri"
"7062","Maschi",23,2006,16237,"stranieri"
"7063","Maschi",23,2007,14913,"stranieri"
"7064","Maschi",23,2008,20304,"stranieri"
"7065","Maschi",23,2009,23834,"stranieri"
"7066","Maschi",23,2010,28208,"stranieri"
"7067","Maschi",23,2011,31439,"stranieri"
"7068","Maschi",23,2012,32891,"stranieri"
"7069","Maschi",23,2013,34367,"stranieri"
"7070","Maschi",23,2014,33786,"stranieri"
"7071","Maschi",23,2015,32679,"stranieri"
"7072","Maschi",23,2016,32897,"stranieri"
"7073","Maschi",23,2017,32638,"stranieri"
"7074","Maschi",23,2018,36549,"stranieri"
"7075","Maschi",24,2002,10811,"stranieri"
"7076","Maschi",24,2003,10703,"stranieri"
"7077","Maschi",24,2004,16607,"stranieri"
"7078","Maschi",24,2005,20106,"stranieri"
"7079","Maschi",24,2006,18332,"stranieri"
"7080","Maschi",24,2007,17639,"stranieri"
"7081","Maschi",24,2008,21483,"stranieri"
"7082","Maschi",24,2009,26859,"stranieri"
"7083","Maschi",24,2010,28171,"stranieri"
"7084","Maschi",24,2011,32576,"stranieri"
"7085","Maschi",24,2012,35027,"stranieri"
"7086","Maschi",24,2013,37223,"stranieri"
"7087","Maschi",24,2014,37475,"stranieri"
"7088","Maschi",24,2015,35526,"stranieri"
"7089","Maschi",24,2016,34156,"stranieri"
"7090","Maschi",24,2017,35628,"stranieri"
"7091","Maschi",24,2018,35958,"stranieri"
"7092","Maschi",25,2002,12186,"stranieri"
"7093","Maschi",25,2003,12187,"stranieri"
"7094","Maschi",25,2004,19051,"stranieri"
"7095","Maschi",25,2005,23569,"stranieri"
"7096","Maschi",25,2006,22208,"stranieri"
"7097","Maschi",25,2007,19881,"stranieri"
"7098","Maschi",25,2008,24709,"stranieri"
"7099","Maschi",25,2009,27978,"stranieri"
"7100","Maschi",25,2010,31330,"stranieri"
"7101","Maschi",25,2011,33267,"stranieri"
"7102","Maschi",25,2012,36477,"stranieri"
"7103","Maschi",25,2013,39644,"stranieri"
"7104","Maschi",25,2014,40603,"stranieri"
"7105","Maschi",25,2015,39203,"stranieri"
"7106","Maschi",25,2016,37617,"stranieri"
"7107","Maschi",25,2017,36655,"stranieri"
"7108","Maschi",25,2018,39500,"stranieri"
"7109","Maschi",26,2002,13825,"stranieri"
"7110","Maschi",26,2003,13902,"stranieri"
"7111","Maschi",26,2004,21088,"stranieri"
"7112","Maschi",26,2005,26602,"stranieri"
"7113","Maschi",26,2006,25912,"stranieri"
"7114","Maschi",26,2007,23997,"stranieri"
"7115","Maschi",26,2008,27139,"stranieri"
"7116","Maschi",26,2009,31253,"stranieri"
"7117","Maschi",26,2010,32574,"stranieri"
"7118","Maschi",26,2011,36332,"stranieri"
"7119","Maschi",26,2012,37509,"stranieri"
"7120","Maschi",26,2013,41333,"stranieri"
"7121","Maschi",26,2014,43417,"stranieri"
"7122","Maschi",26,2015,42692,"stranieri"
"7123","Maschi",26,2016,41444,"stranieri"
"7124","Maschi",26,2017,41390,"stranieri"
"7125","Maschi",26,2018,39574,"stranieri"
"7126","Maschi",27,2002,15349,"stranieri"
"7127","Maschi",27,2003,15721,"stranieri"
"7128","Maschi",27,2004,23431,"stranieri"
"7129","Maschi",27,2005,29072,"stranieri"
"7130","Maschi",27,2006,29182,"stranieri"
"7131","Maschi",27,2007,27641,"stranieri"
"7132","Maschi",27,2008,31704,"stranieri"
"7133","Maschi",27,2009,33646,"stranieri"
"7134","Maschi",27,2010,35789,"stranieri"
"7135","Maschi",27,2011,37546,"stranieri"
"7136","Maschi",27,2012,40739,"stranieri"
"7137","Maschi",27,2013,42561,"stranieri"
"7138","Maschi",27,2014,45249,"stranieri"
"7139","Maschi",27,2015,45466,"stranieri"
"7140","Maschi",27,2016,44935,"stranieri"
"7141","Maschi",27,2017,44192,"stranieri"
"7142","Maschi",27,2018,45043,"stranieri"
"7143","Maschi",28,2002,16455,"stranieri"
"7144","Maschi",28,2003,17373,"stranieri"
"7145","Maschi",28,2004,25306,"stranieri"
"7146","Maschi",28,2005,31763,"stranieri"
"7147","Maschi",28,2006,32132,"stranieri"
"7148","Maschi",28,2007,31194,"stranieri"
"7149","Maschi",28,2008,35060,"stranieri"
"7150","Maschi",28,2009,38426,"stranieri"
"7151","Maschi",28,2010,37590,"stranieri"
"7152","Maschi",28,2011,40767,"stranieri"
"7153","Maschi",28,2012,42140,"stranieri"
"7154","Maschi",28,2013,45777,"stranieri"
"7155","Maschi",28,2014,46431,"stranieri"
"7156","Maschi",28,2015,47205,"stranieri"
"7157","Maschi",28,2016,47839,"stranieri"
"7158","Maschi",28,2017,47867,"stranieri"
"7159","Maschi",28,2018,46831,"stranieri"
"7160","Maschi",29,2002,18387,"stranieri"
"7161","Maschi",29,2003,19010,"stranieri"
"7162","Maschi",29,2004,27595,"stranieri"
"7163","Maschi",29,2005,34155,"stranieri"
"7164","Maschi",29,2006,35312,"stranieri"
"7165","Maschi",29,2007,34603,"stranieri"
"7166","Maschi",29,2008,38820,"stranieri"
"7167","Maschi",29,2009,41522,"stranieri"
"7168","Maschi",29,2010,42763,"stranieri"
"7169","Maschi",29,2011,42017,"stranieri"
"7170","Maschi",29,2012,45250,"stranieri"
"7171","Maschi",29,2013,46952,"stranieri"
"7172","Maschi",29,2014,49408,"stranieri"
"7173","Maschi",29,2015,48245,"stranieri"
"7174","Maschi",29,2016,49540,"stranieri"
"7175","Maschi",29,2017,50366,"stranieri"
"7176","Maschi",29,2018,50547,"stranieri"
"7177","Maschi",30,2002,19276,"stranieri"
"7178","Maschi",30,2003,21722,"stranieri"
"7179","Maschi",30,2004,29236,"stranieri"
"7180","Maschi",30,2005,36969,"stranieri"
"7181","Maschi",30,2006,38341,"stranieri"
"7182","Maschi",30,2007,38360,"stranieri"
"7183","Maschi",30,2008,42571,"stranieri"
"7184","Maschi",30,2009,45961,"stranieri"
"7185","Maschi",30,2010,45469,"stranieri"
"7186","Maschi",30,2011,47583,"stranieri"
"7187","Maschi",30,2012,46931,"stranieri"
"7188","Maschi",30,2013,50006,"stranieri"
"7189","Maschi",30,2014,50347,"stranieri"
"7190","Maschi",30,2015,51064,"stranieri"
"7191","Maschi",30,2016,50320,"stranieri"
"7192","Maschi",30,2017,51764,"stranieri"
"7193","Maschi",30,2018,52350,"stranieri"
"7194","Maschi",31,2002,20891,"stranieri"
"7195","Maschi",31,2003,21577,"stranieri"
"7196","Maschi",31,2004,30343,"stranieri"
"7197","Maschi",31,2005,36532,"stranieri"
"7198","Maschi",31,2006,40028,"stranieri"
"7199","Maschi",31,2007,40171,"stranieri"
"7200","Maschi",31,2008,45057,"stranieri"
"7201","Maschi",31,2009,48153,"stranieri"
"7202","Maschi",31,2010,48802,"stranieri"
"7203","Maschi",31,2011,48801,"stranieri"
"7204","Maschi",31,2012,50660,"stranieri"
"7205","Maschi",31,2013,51368,"stranieri"
"7206","Maschi",31,2014,53520,"stranieri"
"7207","Maschi",31,2015,51782,"stranieri"
"7208","Maschi",31,2016,52817,"stranieri"
"7209","Maschi",31,2017,52223,"stranieri"
"7210","Maschi",31,2018,53717,"stranieri"
"7211","Maschi",32,2002,22302,"stranieri"
"7212","Maschi",32,2003,23065,"stranieri"
"7213","Maschi",32,2004,29049,"stranieri"
"7214","Maschi",32,2005,36843,"stranieri"
"7215","Maschi",32,2006,38638,"stranieri"
"7216","Maschi",32,2007,41461,"stranieri"
"7217","Maschi",32,2008,45964,"stranieri"
"7218","Maschi",32,2009,49519,"stranieri"
"7219","Maschi",32,2010,50057,"stranieri"
"7220","Maschi",32,2011,51361,"stranieri"
"7221","Maschi",32,2012,50949,"stranieri"
"7222","Maschi",32,2013,55058,"stranieri"
"7223","Maschi",32,2014,54375,"stranieri"
"7224","Maschi",32,2015,54787,"stranieri"
"7225","Maschi",32,2016,53062,"stranieri"
"7226","Maschi",32,2017,54193,"stranieri"
"7227","Maschi",32,2018,53787,"stranieri"
"7228","Maschi",33,2002,23194,"stranieri"
"7229","Maschi",33,2003,24203,"stranieri"
"7230","Maschi",33,2004,30278,"stranieri"
"7231","Maschi",33,2005,34989,"stranieri"
"7232","Maschi",33,2006,38923,"stranieri"
"7233","Maschi",33,2007,39656,"stranieri"
"7234","Maschi",33,2008,46452,"stranieri"
"7235","Maschi",33,2009,49681,"stranieri"
"7236","Maschi",33,2010,50767,"stranieri"
"7237","Maschi",33,2011,51681,"stranieri"
"7238","Maschi",33,2012,52758,"stranieri"
"7239","Maschi",33,2013,55067,"stranieri"
"7240","Maschi",33,2014,58070,"stranieri"
"7241","Maschi",33,2015,55490,"stranieri"
"7242","Maschi",33,2016,56056,"stranieri"
"7243","Maschi",33,2017,53866,"stranieri"
"7244","Maschi",33,2018,55297,"stranieri"
"7245","Maschi",34,2002,22325,"stranieri"
"7246","Maschi",34,2003,24844,"stranieri"
"7247","Maschi",34,2004,30511,"stranieri"
"7248","Maschi",34,2005,35006,"stranieri"
"7249","Maschi",34,2006,36135,"stranieri"
"7250","Maschi",34,2007,39340,"stranieri"
"7251","Maschi",34,2008,42919,"stranieri"
"7252","Maschi",34,2009,48753,"stranieri"
"7253","Maschi",34,2010,50023,"stranieri"
"7254","Maschi",34,2011,51650,"stranieri"
"7255","Maschi",34,2012,52164,"stranieri"
"7256","Maschi",34,2013,56503,"stranieri"
"7257","Maschi",34,2014,57878,"stranieri"
"7258","Maschi",34,2015,59027,"stranieri"
"7259","Maschi",34,2016,56370,"stranieri"
"7260","Maschi",34,2017,56578,"stranieri"
"7261","Maschi",34,2018,54274,"stranieri"
"7262","Maschi",35,2002,21692,"stranieri"
"7263","Maschi",35,2003,24055,"stranieri"
"7264","Maschi",35,2004,31076,"stranieri"
"7265","Maschi",35,2005,35550,"stranieri"
"7266","Maschi",35,2006,36707,"stranieri"
"7267","Maschi",35,2007,36877,"stranieri"
"7268","Maschi",35,2008,43080,"stranieri"
"7269","Maschi",35,2009,45154,"stranieri"
"7270","Maschi",35,2010,49119,"stranieri"
"7271","Maschi",35,2011,50783,"stranieri"
"7272","Maschi",35,2012,52183,"stranieri"
"7273","Maschi",35,2013,55531,"stranieri"
"7274","Maschi",35,2014,59115,"stranieri"
"7275","Maschi",35,2015,58541,"stranieri"
"7276","Maschi",35,2016,60001,"stranieri"
"7277","Maschi",35,2017,56305,"stranieri"
"7278","Maschi",35,2018,57016,"stranieri"
"7279","Maschi",36,2002,21356,"stranieri"
"7280","Maschi",36,2003,23564,"stranieri"
"7281","Maschi",36,2004,29883,"stranieri"
"7282","Maschi",36,2005,36369,"stranieri"
"7283","Maschi",36,2006,37486,"stranieri"
"7284","Maschi",36,2007,37916,"stranieri"
"7285","Maschi",36,2008,40750,"stranieri"
"7286","Maschi",36,2009,45804,"stranieri"
"7287","Maschi",36,2010,45824,"stranieri"
"7288","Maschi",36,2011,49758,"stranieri"
"7289","Maschi",36,2012,51454,"stranieri"
"7290","Maschi",36,2013,55433,"stranieri"
"7291","Maschi",36,2014,57790,"stranieri"
"7292","Maschi",36,2015,59562,"stranieri"
"7293","Maschi",36,2016,58846,"stranieri"
"7294","Maschi",36,2017,59652,"stranieri"
"7295","Maschi",36,2018,56033,"stranieri"
"7296","Maschi",37,2002,20838,"stranieri"
"7297","Maschi",37,2003,23220,"stranieri"
"7298","Maschi",37,2004,28552,"stranieri"
"7299","Maschi",37,2005,34732,"stranieri"
"7300","Maschi",37,2006,38512,"stranieri"
"7301","Maschi",37,2007,38754,"stranieri"
"7302","Maschi",37,2008,42069,"stranieri"
"7303","Maschi",37,2009,43323,"stranieri"
"7304","Maschi",37,2010,46437,"stranieri"
"7305","Maschi",37,2011,46435,"stranieri"
"7306","Maschi",37,2012,50191,"stranieri"
"7307","Maschi",37,2013,54161,"stranieri"
"7308","Maschi",37,2014,57315,"stranieri"
"7309","Maschi",37,2015,57916,"stranieri"
"7310","Maschi",37,2016,59338,"stranieri"
"7311","Maschi",37,2017,57725,"stranieri"
"7312","Maschi",37,2018,59286,"stranieri"
"7313","Maschi",38,2002,19191,"stranieri"
"7314","Maschi",38,2003,22580,"stranieri"
"7315","Maschi",38,2004,27859,"stranieri"
"7316","Maschi",38,2005,32797,"stranieri"
"7317","Maschi",38,2006,36624,"stranieri"
"7318","Maschi",38,2007,40008,"stranieri"
"7319","Maschi",38,2008,42772,"stranieri"
"7320","Maschi",38,2009,44721,"stranieri"
"7321","Maschi",38,2010,43845,"stranieri"
"7322","Maschi",38,2011,46740,"stranieri"
"7323","Maschi",38,2012,46749,"stranieri"
"7324","Maschi",38,2013,52579,"stranieri"
"7325","Maschi",38,2014,55800,"stranieri"
"7326","Maschi",38,2015,57191,"stranieri"
"7327","Maschi",38,2016,57483,"stranieri"
"7328","Maschi",38,2017,57720,"stranieri"
"7329","Maschi",38,2018,56672,"stranieri"
"7330","Maschi",39,2002,18223,"stranieri"
"7331","Maschi",39,2003,20857,"stranieri"
"7332","Maschi",39,2004,26965,"stranieri"
"7333","Maschi",39,2005,31938,"stranieri"
"7334","Maschi",39,2006,34502,"stranieri"
"7335","Maschi",39,2007,37965,"stranieri"
"7336","Maschi",39,2008,44368,"stranieri"
"7337","Maschi",39,2009,45346,"stranieri"
"7338","Maschi",39,2010,45429,"stranieri"
"7339","Maschi",39,2011,44051,"stranieri"
"7340","Maschi",39,2012,46846,"stranieri"
"7341","Maschi",39,2013,48573,"stranieri"
"7342","Maschi",39,2014,53695,"stranieri"
"7343","Maschi",39,2015,55293,"stranieri"
"7344","Maschi",39,2016,56243,"stranieri"
"7345","Maschi",39,2017,55565,"stranieri"
"7346","Maschi",39,2018,56479,"stranieri"
"7347","Maschi",40,2002,15937,"stranieri"
"7348","Maschi",40,2003,19591,"stranieri"
"7349","Maschi",40,2004,24717,"stranieri"
"7350","Maschi",40,2005,30701,"stranieri"
"7351","Maschi",40,2006,33537,"stranieri"
"7352","Maschi",40,2007,35725,"stranieri"
"7353","Maschi",40,2008,42006,"stranieri"
"7354","Maschi",40,2009,46821,"stranieri"
"7355","Maschi",40,2010,45613,"stranieri"
"7356","Maschi",40,2011,45352,"stranieri"
"7357","Maschi",40,2012,43742,"stranieri"
"7358","Maschi",40,2013,48623,"stranieri"
"7359","Maschi",40,2014,49179,"stranieri"
"7360","Maschi",40,2015,52809,"stranieri"
"7361","Maschi",40,2016,54128,"stranieri"
"7362","Maschi",40,2017,54027,"stranieri"
"7363","Maschi",40,2018,54231,"stranieri"
"7364","Maschi",41,2002,16162,"stranieri"
"7365","Maschi",41,2003,17103,"stranieri"
"7366","Maschi",41,2004,23032,"stranieri"
"7367","Maschi",41,2005,28010,"stranieri"
"7368","Maschi",41,2006,32067,"stranieri"
"7369","Maschi",41,2007,34440,"stranieri"
"7370","Maschi",41,2008,38239,"stranieri"
"7371","Maschi",41,2009,44104,"stranieri"
"7372","Maschi",41,2010,47105,"stranieri"
"7373","Maschi",41,2011,45074,"stranieri"
"7374","Maschi",41,2012,44632,"stranieri"
"7375","Maschi",41,2013,45118,"stranieri"
"7376","Maschi",41,2014,49067,"stranieri"
"7377","Maschi",41,2015,48289,"stranieri"
"7378","Maschi",41,2016,51434,"stranieri"
"7379","Maschi",41,2017,51951,"stranieri"
"7380","Maschi",41,2018,52172,"stranieri"
"7381","Maschi",42,2002,13573,"stranieri"
"7382","Maschi",42,2003,16963,"stranieri"
"7383","Maschi",42,2004,19761,"stranieri"
"7384","Maschi",42,2005,25660,"stranieri"
"7385","Maschi",42,2006,28568,"stranieri"
"7386","Maschi",42,2007,32342,"stranieri"
"7387","Maschi",42,2008,36170,"stranieri"
"7388","Maschi",42,2009,39105,"stranieri"
"7389","Maschi",42,2010,43548,"stranieri"
"7390","Maschi",42,2011,46033,"stranieri"
"7391","Maschi",42,2012,43337,"stranieri"
"7392","Maschi",42,2013,45686,"stranieri"
"7393","Maschi",42,2014,45208,"stranieri"
"7394","Maschi",42,2015,48053,"stranieri"
"7395","Maschi",42,2016,46887,"stranieri"
"7396","Maschi",42,2017,48958,"stranieri"
"7397","Maschi",42,2018,50248,"stranieri"
"7398","Maschi",43,2002,12594,"stranieri"
"7399","Maschi",43,2003,13501,"stranieri"
"7400","Maschi",43,2004,18649,"stranieri"
"7401","Maschi",43,2005,21181,"stranieri"
"7402","Maschi",43,2006,25119,"stranieri"
"7403","Maschi",43,2007,27755,"stranieri"
"7404","Maschi",43,2008,32705,"stranieri"
"7405","Maschi",43,2009,35580,"stranieri"
"7406","Maschi",43,2010,37181,"stranieri"
"7407","Maschi",43,2011,41110,"stranieri"
"7408","Maschi",43,2012,43076,"stranieri"
"7409","Maschi",43,2013,44066,"stranieri"
"7410","Maschi",43,2014,45562,"stranieri"
"7411","Maschi",43,2015,44009,"stranieri"
"7412","Maschi",43,2016,46542,"stranieri"
"7413","Maschi",43,2017,44713,"stranieri"
"7414","Maschi",43,2018,47348,"stranieri"
"7415","Maschi",44,2002,11252,"stranieri"
"7416","Maschi",44,2003,12863,"stranieri"
"7417","Maschi",44,2004,15202,"stranieri"
"7418","Maschi",44,2005,20375,"stranieri"
"7419","Maschi",44,2006,21041,"stranieri"
"7420","Maschi",44,2007,24865,"stranieri"
"7421","Maschi",44,2008,28669,"stranieri"
"7422","Maschi",44,2009,32755,"stranieri"
"7423","Maschi",44,2010,34326,"stranieri"
"7424","Maschi",44,2011,35371,"stranieri"
"7425","Maschi",44,2012,38894,"stranieri"
"7426","Maschi",44,2013,43664,"stranieri"
"7427","Maschi",44,2014,43755,"stranieri"
"7428","Maschi",44,2015,44148,"stranieri"
"7429","Maschi",44,2016,42360,"stranieri"
"7430","Maschi",44,2017,44358,"stranieri"
"7431","Maschi",44,2018,43318,"stranieri"
"7432","Maschi",45,2002,10571,"stranieri"
"7433","Maschi",45,2003,11627,"stranieri"
"7434","Maschi",45,2004,14620,"stranieri"
"7435","Maschi",45,2005,16905,"stranieri"
"7436","Maschi",45,2006,20684,"stranieri"
"7437","Maschi",45,2007,21112,"stranieri"
"7438","Maschi",45,2008,26303,"stranieri"
"7439","Maschi",45,2009,29393,"stranieri"
"7440","Maschi",45,2010,32158,"stranieri"
"7441","Maschi",45,2011,33392,"stranieri"
"7442","Maschi",45,2012,33936,"stranieri"
"7443","Maschi",45,2013,39593,"stranieri"
"7444","Maschi",45,2014,43052,"stranieri"
"7445","Maschi",45,2015,42180,"stranieri"
"7446","Maschi",45,2016,42340,"stranieri"
"7447","Maschi",45,2017,40336,"stranieri"
"7448","Maschi",45,2018,42950,"stranieri"
"7449","Maschi",46,2002,9439,"stranieri"
"7450","Maschi",46,2003,10926,"stranieri"
"7451","Maschi",46,2004,13103,"stranieri"
"7452","Maschi",46,2005,16118,"stranieri"
"7453","Maschi",46,2006,17251,"stranieri"
"7454","Maschi",46,2007,20870,"stranieri"
"7455","Maschi",46,2008,22543,"stranieri"
"7456","Maschi",46,2009,27054,"stranieri"
"7457","Maschi",46,2010,28946,"stranieri"
"7458","Maschi",46,2011,31353,"stranieri"
"7459","Maschi",46,2012,32265,"stranieri"
"7460","Maschi",46,2013,34244,"stranieri"
"7461","Maschi",46,2014,39078,"stranieri"
"7462","Maschi",46,2015,41263,"stranieri"
"7463","Maschi",46,2016,40321,"stranieri"
"7464","Maschi",46,2017,40538,"stranieri"
"7465","Maschi",46,2018,39275,"stranieri"
"7466","Maschi",47,2002,8400,"stranieri"
"7467","Maschi",47,2003,9813,"stranieri"
"7468","Maschi",47,2004,12397,"stranieri"
"7469","Maschi",47,2005,14463,"stranieri"
"7470","Maschi",47,2006,16396,"stranieri"
"7471","Maschi",47,2007,17483,"stranieri"
"7472","Maschi",47,2008,22400,"stranieri"
"7473","Maschi",47,2009,23378,"stranieri"
"7474","Maschi",47,2010,26956,"stranieri"
"7475","Maschi",47,2011,28498,"stranieri"
"7476","Maschi",47,2012,30446,"stranieri"
"7477","Maschi",47,2013,32441,"stranieri"
"7478","Maschi",47,2014,33650,"stranieri"
"7479","Maschi",47,2015,37545,"stranieri"
"7480","Maschi",47,2016,39301,"stranieri"
"7481","Maschi",47,2017,38419,"stranieri"
"7482","Maschi",47,2018,39320,"stranieri"
"7483","Maschi",48,2002,7225,"stranieri"
"7484","Maschi",48,2003,8749,"stranieri"
"7485","Maschi",48,2004,10948,"stranieri"
"7486","Maschi",48,2005,13516,"stranieri"
"7487","Maschi",48,2006,14708,"stranieri"
"7488","Maschi",48,2007,16616,"stranieri"
"7489","Maschi",48,2008,18980,"stranieri"
"7490","Maschi",48,2009,23312,"stranieri"
"7491","Maschi",48,2010,23347,"stranieri"
"7492","Maschi",48,2011,26577,"stranieri"
"7493","Maschi",48,2012,27892,"stranieri"
"7494","Maschi",48,2013,30611,"stranieri"
"7495","Maschi",48,2014,31818,"stranieri"
"7496","Maschi",48,2015,31987,"stranieri"
"7497","Maschi",48,2016,35676,"stranieri"
"7498","Maschi",48,2017,37587,"stranieri"
"7499","Maschi",48,2018,37383,"stranieri"
"7500","Maschi",49,2002,6700,"stranieri"
"7501","Maschi",49,2003,7467,"stranieri"
"7502","Maschi",49,2004,9698,"stranieri"
"7503","Maschi",49,2005,11795,"stranieri"
"7504","Maschi",49,2006,13750,"stranieri"
"7505","Maschi",49,2007,14840,"stranieri"
"7506","Maschi",49,2008,17787,"stranieri"
"7507","Maschi",49,2009,19764,"stranieri"
"7508","Maschi",49,2010,23242,"stranieri"
"7509","Maschi",49,2011,23021,"stranieri"
"7510","Maschi",49,2012,26029,"stranieri"
"7511","Maschi",49,2013,28052,"stranieri"
"7512","Maschi",49,2014,29906,"stranieri"
"7513","Maschi",49,2015,30067,"stranieri"
"7514","Maschi",49,2016,30135,"stranieri"
"7515","Maschi",49,2017,34068,"stranieri"
"7516","Maschi",49,2018,36725,"stranieri"
"7517","Maschi",50,2002,5358,"stranieri"
"7518","Maschi",50,2003,6887,"stranieri"
"7519","Maschi",50,2004,8313,"stranieri"
"7520","Maschi",50,2005,10444,"stranieri"
"7521","Maschi",50,2006,12056,"stranieri"
"7522","Maschi",50,2007,13873,"stranieri"
"7523","Maschi",50,2008,15863,"stranieri"
"7524","Maschi",50,2009,18475,"stranieri"
"7525","Maschi",50,2010,19899,"stranieri"
"7526","Maschi",50,2011,23138,"stranieri"
"7527","Maschi",50,2012,22789,"stranieri"
"7528","Maschi",50,2013,26122,"stranieri"
"7529","Maschi",50,2014,27572,"stranieri"
"7530","Maschi",50,2015,28317,"stranieri"
"7531","Maschi",50,2016,28524,"stranieri"
"7532","Maschi",50,2017,28683,"stranieri"
"7533","Maschi",50,2018,33170,"stranieri"
"7534","Maschi",51,2002,5512,"stranieri"
"7535","Maschi",51,2003,5566,"stranieri"
"7536","Maschi",51,2004,7520,"stranieri"
"7537","Maschi",51,2005,8993,"stranieri"
"7538","Maschi",51,2006,10582,"stranieri"
"7539","Maschi",51,2007,12195,"stranieri"
"7540","Maschi",51,2008,14685,"stranieri"
"7541","Maschi",51,2009,16351,"stranieri"
"7542","Maschi",51,2010,18473,"stranieri"
"7543","Maschi",51,2011,19679,"stranieri"
"7544","Maschi",51,2012,22890,"stranieri"
"7545","Maschi",51,2013,22979,"stranieri"
"7546","Maschi",51,2014,25535,"stranieri"
"7547","Maschi",51,2015,26152,"stranieri"
"7548","Maschi",51,2016,26750,"stranieri"
"7549","Maschi",51,2017,27150,"stranieri"
"7550","Maschi",51,2018,28007,"stranieri"
"7551","Maschi",52,2002,4360,"stranieri"
"7552","Maschi",52,2003,5646,"stranieri"
"7553","Maschi",52,2004,6077,"stranieri"
"7554","Maschi",52,2005,8012,"stranieri"
"7555","Maschi",52,2006,9109,"stranieri"
"7556","Maschi",52,2007,10542,"stranieri"
"7557","Maschi",52,2008,12895,"stranieri"
"7558","Maschi",52,2009,15157,"stranieri"
"7559","Maschi",52,2010,16270,"stranieri"
"7560","Maschi",52,2011,18213,"stranieri"
"7561","Maschi",52,2012,19482,"stranieri"
"7562","Maschi",52,2013,22979,"stranieri"
"7563","Maschi",52,2014,22604,"stranieri"
"7564","Maschi",52,2015,24268,"stranieri"
"7565","Maschi",52,2016,24646,"stranieri"
"7566","Maschi",52,2017,25587,"stranieri"
"7567","Maschi",52,2018,26493,"stranieri"
"7568","Maschi",53,2002,3880,"stranieri"
"7569","Maschi",53,2003,4539,"stranieri"
"7570","Maschi",53,2004,6097,"stranieri"
"7571","Maschi",53,2005,6462,"stranieri"
"7572","Maschi",53,2006,8087,"stranieri"
"7573","Maschi",53,2007,9108,"stranieri"
"7574","Maschi",53,2008,11009,"stranieri"
"7575","Maschi",53,2009,13320,"stranieri"
"7576","Maschi",53,2010,15037,"stranieri"
"7577","Maschi",53,2011,15953,"stranieri"
"7578","Maschi",53,2012,18008,"stranieri"
"7579","Maschi",53,2013,19585,"stranieri"
"7580","Maschi",53,2014,22393,"stranieri"
"7581","Maschi",53,2015,21505,"stranieri"
"7582","Maschi",53,2016,23045,"stranieri"
"7583","Maschi",53,2017,23505,"stranieri"
"7584","Maschi",53,2018,24884,"stranieri"
"7585","Maschi",54,2002,3360,"stranieri"
"7586","Maschi",54,2003,4019,"stranieri"
"7587","Maschi",54,2004,4900,"stranieri"
"7588","Maschi",54,2005,6436,"stranieri"
"7589","Maschi",54,2006,6565,"stranieri"
"7590","Maschi",54,2007,8094,"stranieri"
"7591","Maschi",54,2008,9407,"stranieri"
"7592","Maschi",54,2009,11219,"stranieri"
"7593","Maschi",54,2010,13180,"stranieri"
"7594","Maschi",54,2011,14634,"stranieri"
"7595","Maschi",54,2012,15771,"stranieri"
"7596","Maschi",54,2013,18135,"stranieri"
"7597","Maschi",54,2014,19137,"stranieri"
"7598","Maschi",54,2015,21338,"stranieri"
"7599","Maschi",54,2016,20211,"stranieri"
"7600","Maschi",54,2017,22051,"stranieri"
"7601","Maschi",54,2018,22824,"stranieri"
"7602","Maschi",55,2002,2940,"stranieri"
"7603","Maschi",55,2003,3554,"stranieri"
"7604","Maschi",55,2004,4334,"stranieri"
"7605","Maschi",55,2005,5211,"stranieri"
"7606","Maschi",55,2006,6465,"stranieri"
"7607","Maschi",55,2007,6587,"stranieri"
"7608","Maschi",55,2008,8412,"stranieri"
"7609","Maschi",55,2009,9674,"stranieri"
"7610","Maschi",55,2010,11132,"stranieri"
"7611","Maschi",55,2011,12914,"stranieri"
"7612","Maschi",55,2012,14533,"stranieri"
"7613","Maschi",55,2013,15830,"stranieri"
"7614","Maschi",55,2014,17886,"stranieri"
"7615","Maschi",55,2015,18206,"stranieri"
"7616","Maschi",55,2016,20028,"stranieri"
"7617","Maschi",55,2017,19364,"stranieri"
"7618","Maschi",55,2018,21489,"stranieri"
"7619","Maschi",56,2002,2404,"stranieri"
"7620","Maschi",56,2003,3104,"stranieri"
"7621","Maschi",56,2004,3874,"stranieri"
"7622","Maschi",56,2005,4611,"stranieri"
"7623","Maschi",56,2006,5324,"stranieri"
"7624","Maschi",56,2007,6486,"stranieri"
"7625","Maschi",56,2008,6824,"stranieri"
"7626","Maschi",56,2009,8621,"stranieri"
"7627","Maschi",56,2010,9609,"stranieri"
"7628","Maschi",56,2011,10915,"stranieri"
"7629","Maschi",56,2012,12818,"stranieri"
"7630","Maschi",56,2013,14592,"stranieri"
"7631","Maschi",56,2014,15696,"stranieri"
"7632","Maschi",56,2015,17158,"stranieri"
"7633","Maschi",56,2016,17310,"stranieri"
"7634","Maschi",56,2017,19255,"stranieri"
"7635","Maschi",56,2018,18833,"stranieri"
"7636","Maschi",57,2002,2360,"stranieri"
"7637","Maschi",57,2003,2554,"stranieri"
"7638","Maschi",57,2004,3321,"stranieri"
"7639","Maschi",57,2005,4090,"stranieri"
"7640","Maschi",57,2006,4695,"stranieri"
"7641","Maschi",57,2007,5359,"stranieri"
"7642","Maschi",57,2008,6631,"stranieri"
"7643","Maschi",57,2009,6951,"stranieri"
"7644","Maschi",57,2010,8496,"stranieri"
"7645","Maschi",57,2011,9349,"stranieri"
"7646","Maschi",57,2012,10823,"stranieri"
"7647","Maschi",57,2013,12878,"stranieri"
"7648","Maschi",57,2014,14469,"stranieri"
"7649","Maschi",57,2015,15064,"stranieri"
"7650","Maschi",57,2016,16300,"stranieri"
"7651","Maschi",57,2017,16648,"stranieri"
"7652","Maschi",57,2018,18753,"stranieri"
"7653","Maschi",58,2002,2279,"stranieri"
"7654","Maschi",58,2003,2575,"stranieri"
"7655","Maschi",58,2004,2748,"stranieri"
"7656","Maschi",58,2005,3483,"stranieri"
"7657","Maschi",58,2006,4218,"stranieri"
"7658","Maschi",58,2007,4715,"stranieri"
"7659","Maschi",58,2008,5514,"stranieri"
"7660","Maschi",58,2009,6901,"stranieri"
"7661","Maschi",58,2010,6945,"stranieri"
"7662","Maschi",58,2011,8284,"stranieri"
"7663","Maschi",58,2012,9220,"stranieri"
"7664","Maschi",58,2013,10900,"stranieri"
"7665","Maschi",58,2014,12700,"stranieri"
"7666","Maschi",58,2015,13861,"stranieri"
"7667","Maschi",58,2016,14451,"stranieri"
"7668","Maschi",58,2017,15551,"stranieri"
"7669","Maschi",58,2018,16182,"stranieri"
"7670","Maschi",59,2002,2166,"stranieri"
"7671","Maschi",59,2003,2420,"stranieri"
"7672","Maschi",59,2004,2747,"stranieri"
"7673","Maschi",59,2005,2875,"stranieri"
"7674","Maschi",59,2006,3559,"stranieri"
"7675","Maschi",59,2007,4237,"stranieri"
"7676","Maschi",59,2008,4811,"stranieri"
"7677","Maschi",59,2009,5691,"stranieri"
"7678","Maschi",59,2010,6884,"stranieri"
"7679","Maschi",59,2011,6810,"stranieri"
"7680","Maschi",59,2012,8254,"stranieri"
"7681","Maschi",59,2013,9306,"stranieri"
"7682","Maschi",59,2014,10765,"stranieri"
"7683","Maschi",59,2015,12211,"stranieri"
"7684","Maschi",59,2016,13106,"stranieri"
"7685","Maschi",59,2017,13897,"stranieri"
"7686","Maschi",59,2018,15130,"stranieri"
"7687","Maschi",60,2002,1861,"stranieri"
"7688","Maschi",60,2003,2307,"stranieri"
"7689","Maschi",60,2004,2583,"stranieri"
"7690","Maschi",60,2005,2865,"stranieri"
"7691","Maschi",60,2006,2957,"stranieri"
"7692","Maschi",60,2007,3560,"stranieri"
"7693","Maschi",60,2008,4291,"stranieri"
"7694","Maschi",60,2009,4987,"stranieri"
"7695","Maschi",60,2010,5733,"stranieri"
"7696","Maschi",60,2011,6693,"stranieri"
"7697","Maschi",60,2012,6776,"stranieri"
"7698","Maschi",60,2013,8317,"stranieri"
"7699","Maschi",60,2014,9204,"stranieri"
"7700","Maschi",60,2015,10408,"stranieri"
"7701","Maschi",60,2016,11646,"stranieri"
"7702","Maschi",60,2017,12595,"stranieri"
"7703","Maschi",60,2018,13534,"stranieri"
"7704","Maschi",61,2002,2054,"stranieri"
"7705","Maschi",61,2003,1984,"stranieri"
"7706","Maschi",61,2004,2465,"stranieri"
"7707","Maschi",61,2005,2677,"stranieri"
"7708","Maschi",61,2006,2940,"stranieri"
"7709","Maschi",61,2007,2971,"stranieri"
"7710","Maschi",61,2008,3647,"stranieri"
"7711","Maschi",61,2009,4444,"stranieri"
"7712","Maschi",61,2010,5020,"stranieri"
"7713","Maschi",61,2011,5573,"stranieri"
"7714","Maschi",61,2012,6640,"stranieri"
"7715","Maschi",61,2013,6824,"stranieri"
"7716","Maschi",61,2014,8237,"stranieri"
"7717","Maschi",61,2015,8913,"stranieri"
"7718","Maschi",61,2016,9994,"stranieri"
"7719","Maschi",61,2017,11267,"stranieri"
"7720","Maschi",61,2018,12207,"stranieri"
"7721","Maschi",62,2002,1741,"stranieri"
"7722","Maschi",62,2003,2209,"stranieri"
"7723","Maschi",62,2004,2080,"stranieri"
"7724","Maschi",62,2005,2581,"stranieri"
"7725","Maschi",62,2006,2710,"stranieri"
"7726","Maschi",62,2007,2936,"stranieri"
"7727","Maschi",62,2008,3009,"stranieri"
"7728","Maschi",62,2009,3819,"stranieri"
"7729","Maschi",62,2010,4464,"stranieri"
"7730","Maschi",62,2011,4950,"stranieri"
"7731","Maschi",62,2012,5607,"stranieri"
"7732","Maschi",62,2013,6745,"stranieri"
"7733","Maschi",62,2014,6822,"stranieri"
"7734","Maschi",62,2015,7970,"stranieri"
"7735","Maschi",62,2016,8624,"stranieri"
"7736","Maschi",62,2017,9755,"stranieri"
"7737","Maschi",62,2018,10975,"stranieri"
"7738","Maschi",63,2002,1721,"stranieri"
"7739","Maschi",63,2003,1899,"stranieri"
"7740","Maschi",63,2004,2313,"stranieri"
"7741","Maschi",63,2005,2193,"stranieri"
"7742","Maschi",63,2006,2647,"stranieri"
"7743","Maschi",63,2007,2724,"stranieri"
"7744","Maschi",63,2008,2976,"stranieri"
"7745","Maschi",63,2009,3150,"stranieri"
"7746","Maschi",63,2010,3874,"stranieri"
"7747","Maschi",63,2011,4426,"stranieri"
"7748","Maschi",63,2012,4984,"stranieri"
"7749","Maschi",63,2013,5724,"stranieri"
"7750","Maschi",63,2014,6716,"stranieri"
"7751","Maschi",63,2015,6686,"stranieri"
"7752","Maschi",63,2016,7738,"stranieri"
"7753","Maschi",63,2017,8401,"stranieri"
"7754","Maschi",63,2018,9568,"stranieri"
"7755","Maschi",64,2002,1506,"stranieri"
"7756","Maschi",64,2003,1847,"stranieri"
"7757","Maschi",64,2004,1980,"stranieri"
"7758","Maschi",64,2005,2380,"stranieri"
"7759","Maschi",64,2006,2199,"stranieri"
"7760","Maschi",64,2007,2674,"stranieri"
"7761","Maschi",64,2008,2737,"stranieri"
"7762","Maschi",64,2009,3112,"stranieri"
"7763","Maschi",64,2010,3223,"stranieri"
"7764","Maschi",64,2011,3815,"stranieri"
"7765","Maschi",64,2012,4436,"stranieri"
"7766","Maschi",64,2013,5065,"stranieri"
"7767","Maschi",64,2014,5726,"stranieri"
"7768","Maschi",64,2015,6552,"stranieri"
"7769","Maschi",64,2016,6469,"stranieri"
"7770","Maschi",64,2017,7530,"stranieri"
"7771","Maschi",64,2018,8233,"stranieri"
"7772","Maschi",65,2002,1436,"stranieri"
"7773","Maschi",65,2003,1637,"stranieri"
"7774","Maschi",65,2004,1917,"stranieri"
"7775","Maschi",65,2005,2009,"stranieri"
"7776","Maschi",65,2006,2422,"stranieri"
"7777","Maschi",65,2007,2205,"stranieri"
"7778","Maschi",65,2008,2738,"stranieri"
"7779","Maschi",65,2009,2909,"stranieri"
"7780","Maschi",65,2010,3172,"stranieri"
"7781","Maschi",65,2011,3212,"stranieri"
"7782","Maschi",65,2012,3856,"stranieri"
"7783","Maschi",65,2013,4556,"stranieri"
"7784","Maschi",65,2014,5058,"stranieri"
"7785","Maschi",65,2015,5610,"stranieri"
"7786","Maschi",65,2016,6340,"stranieri"
"7787","Maschi",65,2017,6307,"stranieri"
"7788","Maschi",65,2018,7368,"stranieri"
"7789","Maschi",66,2002,1335,"stranieri"
"7790","Maschi",66,2003,1552,"stranieri"
"7791","Maschi",66,2004,1718,"stranieri"
"7792","Maschi",66,2005,2028,"stranieri"
"7793","Maschi",66,2006,2076,"stranieri"
"7794","Maschi",66,2007,2421,"stranieri"
"7795","Maschi",66,2008,2296,"stranieri"
"7796","Maschi",66,2009,2957,"stranieri"
"7797","Maschi",66,2010,3009,"stranieri"
"7798","Maschi",66,2011,3161,"stranieri"
"7799","Maschi",66,2012,3332,"stranieri"
"7800","Maschi",66,2013,3972,"stranieri"
"7801","Maschi",66,2014,4599,"stranieri"
"7802","Maschi",66,2015,5022,"stranieri"
"7803","Maschi",66,2016,5530,"stranieri"
"7804","Maschi",66,2017,6300,"stranieri"
"7805","Maschi",66,2018,6272,"stranieri"
"7806","Maschi",67,2002,1199,"stranieri"
"7807","Maschi",67,2003,1429,"stranieri"
"7808","Maschi",67,2004,1605,"stranieri"
"7809","Maschi",67,2005,1829,"stranieri"
"7810","Maschi",67,2006,2052,"stranieri"
"7811","Maschi",67,2007,2082,"stranieri"
"7812","Maschi",67,2008,2477,"stranieri"
"7813","Maschi",67,2009,2431,"stranieri"
"7814","Maschi",67,2010,3055,"stranieri"
"7815","Maschi",67,2011,3011,"stranieri"
"7816","Maschi",67,2012,3280,"stranieri"
"7817","Maschi",67,2013,3394,"stranieri"
"7818","Maschi",67,2014,3985,"stranieri"
"7819","Maschi",67,2015,4520,"stranieri"
"7820","Maschi",67,2016,4953,"stranieri"
"7821","Maschi",67,2017,5439,"stranieri"
"7822","Maschi",67,2018,6297,"stranieri"
"7823","Maschi",68,2002,1099,"stranieri"
"7824","Maschi",68,2003,1277,"stranieri"
"7825","Maschi",68,2004,1481,"stranieri"
"7826","Maschi",68,2005,1707,"stranieri"
"7827","Maschi",68,2006,1898,"stranieri"
"7828","Maschi",68,2007,2042,"stranieri"
"7829","Maschi",68,2008,2103,"stranieri"
"7830","Maschi",68,2009,2677,"stranieri"
"7831","Maschi",68,2010,2518,"stranieri"
"7832","Maschi",68,2011,3045,"stranieri"
"7833","Maschi",68,2012,3082,"stranieri"
"7834","Maschi",68,2013,3337,"stranieri"
"7835","Maschi",68,2014,3358,"stranieri"
"7836","Maschi",68,2015,3975,"stranieri"
"7837","Maschi",68,2016,4431,"stranieri"
"7838","Maschi",68,2017,4863,"stranieri"
"7839","Maschi",68,2018,5423,"stranieri"
"7840","Maschi",69,2002,1020,"stranieri"
"7841","Maschi",69,2003,1174,"stranieri"
"7842","Maschi",69,2004,1332,"stranieri"
"7843","Maschi",69,2005,1561,"stranieri"
"7844","Maschi",69,2006,1751,"stranieri"
"7845","Maschi",69,2007,1910,"stranieri"
"7846","Maschi",69,2008,2046,"stranieri"
"7847","Maschi",69,2009,2248,"stranieri"
"7848","Maschi",69,2010,2736,"stranieri"
"7849","Maschi",69,2011,2480,"stranieri"
"7850","Maschi",69,2012,3124,"stranieri"
"7851","Maschi",69,2013,3135,"stranieri"
"7852","Maschi",69,2014,3364,"stranieri"
"7853","Maschi",69,2015,3368,"stranieri"
"7854","Maschi",69,2016,3899,"stranieri"
"7855","Maschi",69,2017,4355,"stranieri"
"7856","Maschi",69,2018,4816,"stranieri"
"7857","Maschi",70,2002,917,"stranieri"
"7858","Maschi",70,2003,1068,"stranieri"
"7859","Maschi",70,2004,1203,"stranieri"
"7860","Maschi",70,2005,1434,"stranieri"
"7861","Maschi",70,2006,1573,"stranieri"
"7862","Maschi",70,2007,1731,"stranieri"
"7863","Maschi",70,2008,1931,"stranieri"
"7864","Maschi",70,2009,2233,"stranieri"
"7865","Maschi",70,2010,2292,"stranieri"
"7866","Maschi",70,2011,2708,"stranieri"
"7867","Maschi",70,2012,2535,"stranieri"
"7868","Maschi",70,2013,3137,"stranieri"
"7869","Maschi",70,2014,3142,"stranieri"
"7870","Maschi",70,2015,3362,"stranieri"
"7871","Maschi",70,2016,3304,"stranieri"
"7872","Maschi",70,2017,3837,"stranieri"
"7873","Maschi",70,2018,4264,"stranieri"
"7874","Maschi",71,2002,1020,"stranieri"
"7875","Maschi",71,2003,970,"stranieri"
"7876","Maschi",71,2004,1087,"stranieri"
"7877","Maschi",71,2005,1262,"stranieri"
"7878","Maschi",71,2006,1432,"stranieri"
"7879","Maschi",71,2007,1581,"stranieri"
"7880","Maschi",71,2008,1733,"stranieri"
"7881","Maschi",71,2009,2027,"stranieri"
"7882","Maschi",71,2010,2296,"stranieri"
"7883","Maschi",71,2011,2268,"stranieri"
"7884","Maschi",71,2012,2745,"stranieri"
"7885","Maschi",71,2013,2559,"stranieri"
"7886","Maschi",71,2014,3071,"stranieri"
"7887","Maschi",71,2015,3069,"stranieri"
"7888","Maschi",71,2016,3287,"stranieri"
"7889","Maschi",71,2017,3242,"stranieri"
"7890","Maschi",71,2018,3788,"stranieri"
"7891","Maschi",72,2002,795,"stranieri"
"7892","Maschi",72,2003,1070,"stranieri"
"7893","Maschi",72,2004,983,"stranieri"
"7894","Maschi",72,2005,1128,"stranieri"
"7895","Maschi",72,2006,1295,"stranieri"
"7896","Maschi",72,2007,1407,"stranieri"
"7897","Maschi",72,2008,1564,"stranieri"
"7898","Maschi",72,2009,1841,"stranieri"
"7899","Maschi",72,2010,2055,"stranieri"
"7900","Maschi",72,2011,2256,"stranieri"
"7901","Maschi",72,2012,2322,"stranieri"
"7902","Maschi",72,2013,2776,"stranieri"
"7903","Maschi",72,2014,2566,"stranieri"
"7904","Maschi",72,2015,3010,"stranieri"
"7905","Maschi",72,2016,2978,"stranieri"
"7906","Maschi",72,2017,3201,"stranieri"
"7907","Maschi",72,2018,3190,"stranieri"
"7908","Maschi",73,2002,775,"stranieri"
"7909","Maschi",73,2003,824,"stranieri"
"7910","Maschi",73,2004,1099,"stranieri"
"7911","Maschi",73,2005,1018,"stranieri"
"7912","Maschi",73,2006,1140,"stranieri"
"7913","Maschi",73,2007,1239,"stranieri"
"7914","Maschi",73,2008,1405,"stranieri"
"7915","Maschi",73,2009,1684,"stranieri"
"7916","Maschi",73,2010,1859,"stranieri"
"7917","Maschi",73,2011,2006,"stranieri"
"7918","Maschi",73,2012,2269,"stranieri"
"7919","Maschi",73,2013,2348,"stranieri"
"7920","Maschi",73,2014,2763,"stranieri"
"7921","Maschi",73,2015,2517,"stranieri"
"7922","Maschi",73,2016,2948,"stranieri"
"7923","Maschi",73,2017,2886,"stranieri"
"7924","Maschi",73,2018,3106,"stranieri"
"7925","Maschi",74,2002,686,"stranieri"
"7926","Maschi",74,2003,809,"stranieri"
"7927","Maschi",74,2004,819,"stranieri"
"7928","Maschi",74,2005,1106,"stranieri"
"7929","Maschi",74,2006,1014,"stranieri"
"7930","Maschi",74,2007,1102,"stranieri"
"7931","Maschi",74,2008,1190,"stranieri"
"7932","Maschi",74,2009,1481,"stranieri"
"7933","Maschi",74,2010,1684,"stranieri"
"7934","Maschi",74,2011,1811,"stranieri"
"7935","Maschi",74,2012,2010,"stranieri"
"7936","Maschi",74,2013,2286,"stranieri"
"7937","Maschi",74,2014,2317,"stranieri"
"7938","Maschi",74,2015,2710,"stranieri"
"7939","Maschi",74,2016,2464,"stranieri"
"7940","Maschi",74,2017,2882,"stranieri"
"7941","Maschi",74,2018,2820,"stranieri"
"7942","Maschi",75,2002,624,"stranieri"
"7943","Maschi",75,2003,726,"stranieri"
"7944","Maschi",75,2004,820,"stranieri"
"7945","Maschi",75,2005,836,"stranieri"
"7946","Maschi",75,2006,1091,"stranieri"
"7947","Maschi",75,2007,980,"stranieri"
"7948","Maschi",75,2008,1085,"stranieri"
"7949","Maschi",75,2009,1232,"stranieri"
"7950","Maschi",75,2010,1456,"stranieri"
"7951","Maschi",75,2011,1630,"stranieri"
"7952","Maschi",75,2012,1834,"stranieri"
"7953","Maschi",75,2013,2006,"stranieri"
"7954","Maschi",75,2014,2231,"stranieri"
"7955","Maschi",75,2015,2251,"stranieri"
"7956","Maschi",75,2016,2634,"stranieri"
"7957","Maschi",75,2017,2392,"stranieri"
"7958","Maschi",75,2018,2840,"stranieri"
"7959","Maschi",76,2002,567,"stranieri"
"7960","Maschi",76,2003,669,"stranieri"
"7961","Maschi",76,2004,751,"stranieri"
"7962","Maschi",76,2005,837,"stranieri"
"7963","Maschi",76,2006,814,"stranieri"
"7964","Maschi",76,2007,1051,"stranieri"
"7965","Maschi",76,2008,938,"stranieri"
"7966","Maschi",76,2009,1098,"stranieri"
"7967","Maschi",76,2010,1229,"stranieri"
"7968","Maschi",76,2011,1412,"stranieri"
"7969","Maschi",76,2012,1654,"stranieri"
"7970","Maschi",76,2013,1823,"stranieri"
"7971","Maschi",76,2014,1998,"stranieri"
"7972","Maschi",76,2015,2166,"stranieri"
"7973","Maschi",76,2016,2144,"stranieri"
"7974","Maschi",76,2017,2537,"stranieri"
"7975","Maschi",76,2018,2276,"stranieri"
"7976","Maschi",77,2002,524,"stranieri"
"7977","Maschi",77,2003,590,"stranieri"
"7978","Maschi",77,2004,654,"stranieri"
"7979","Maschi",77,2005,769,"stranieri"
"7980","Maschi",77,2006,800,"stranieri"
"7981","Maschi",77,2007,787,"stranieri"
"7982","Maschi",77,2008,1029,"stranieri"
"7983","Maschi",77,2009,934,"stranieri"
"7984","Maschi",77,2010,1076,"stranieri"
"7985","Maschi",77,2011,1173,"stranieri"
"7986","Maschi",77,2012,1420,"stranieri"
"7987","Maschi",77,2013,1649,"stranieri"
"7988","Maschi",77,2014,1801,"stranieri"
"7989","Maschi",77,2015,1926,"stranieri"
"7990","Maschi",77,2016,2070,"stranieri"
"7991","Maschi",77,2017,2070,"stranieri"
"7992","Maschi",77,2018,2436,"stranieri"
"7993","Maschi",78,2002,501,"stranieri"
"7994","Maschi",78,2003,536,"stranieri"
"7995","Maschi",78,2004,596,"stranieri"
"7996","Maschi",78,2005,669,"stranieri"
"7997","Maschi",78,2006,774,"stranieri"
"7998","Maschi",78,2007,766,"stranieri"
"7999","Maschi",78,2008,764,"stranieri"
"8000","Maschi",78,2009,1047,"stranieri"
"8001","Maschi",78,2010,884,"stranieri"
"8002","Maschi",78,2011,1030,"stranieri"
"8003","Maschi",78,2012,1168,"stranieri"
"8004","Maschi",78,2013,1392,"stranieri"
"8005","Maschi",78,2014,1596,"stranieri"
"8006","Maschi",78,2015,1724,"stranieri"
"8007","Maschi",78,2016,1847,"stranieri"
"8008","Maschi",78,2017,1984,"stranieri"
"8009","Maschi",78,2018,1975,"stranieri"
"8010","Maschi",79,2002,471,"stranieri"
"8011","Maschi",79,2003,501,"stranieri"
"8012","Maschi",79,2004,542,"stranieri"
"8013","Maschi",79,2005,623,"stranieri"
"8014","Maschi",79,2006,680,"stranieri"
"8015","Maschi",79,2007,752,"stranieri"
"8016","Maschi",79,2008,738,"stranieri"
"8017","Maschi",79,2009,736,"stranieri"
"8018","Maschi",79,2010,992,"stranieri"
"8019","Maschi",79,2011,805,"stranieri"
"8020","Maschi",79,2012,1022,"stranieri"
"8021","Maschi",79,2013,1154,"stranieri"
"8022","Maschi",79,2014,1318,"stranieri"
"8023","Maschi",79,2015,1551,"stranieri"
"8024","Maschi",79,2016,1645,"stranieri"
"8025","Maschi",79,2017,1738,"stranieri"
"8026","Maschi",79,2018,1891,"stranieri"
"8027","Maschi",80,2002,421,"stranieri"
"8028","Maschi",80,2003,467,"stranieri"
"8029","Maschi",80,2004,467,"stranieri"
"8030","Maschi",80,2005,552,"stranieri"
"8031","Maschi",80,2006,612,"stranieri"
"8032","Maschi",80,2007,648,"stranieri"
"8033","Maschi",80,2008,751,"stranieri"
"8034","Maschi",80,2009,716,"stranieri"
"8035","Maschi",80,2010,682,"stranieri"
"8036","Maschi",80,2011,909,"stranieri"
"8037","Maschi",80,2012,806,"stranieri"
"8038","Maschi",80,2013,1012,"stranieri"
"8039","Maschi",80,2014,1094,"stranieri"
"8040","Maschi",80,2015,1264,"stranieri"
"8041","Maschi",80,2016,1462,"stranieri"
"8042","Maschi",80,2017,1569,"stranieri"
"8043","Maschi",80,2018,1647,"stranieri"
"8044","Maschi",81,2002,430,"stranieri"
"8045","Maschi",81,2003,388,"stranieri"
"8046","Maschi",81,2004,421,"stranieri"
"8047","Maschi",81,2005,449,"stranieri"
"8048","Maschi",81,2006,530,"stranieri"
"8049","Maschi",81,2007,595,"stranieri"
"8050","Maschi",81,2008,637,"stranieri"
"8051","Maschi",81,2009,749,"stranieri"
"8052","Maschi",81,2010,685,"stranieri"
"8053","Maschi",81,2011,622,"stranieri"
"8054","Maschi",81,2012,883,"stranieri"
"8055","Maschi",81,2013,777,"stranieri"
"8056","Maschi",81,2014,974,"stranieri"
"8057","Maschi",81,2015,1038,"stranieri"
"8058","Maschi",81,2016,1207,"stranieri"
"8059","Maschi",81,2017,1365,"stranieri"
"8060","Maschi",81,2018,1478,"stranieri"
"8061","Maschi",82,2002,276,"stranieri"
"8062","Maschi",82,2003,367,"stranieri"
"8063","Maschi",82,2004,365,"stranieri"
"8064","Maschi",82,2005,438,"stranieri"
"8065","Maschi",82,2006,387,"stranieri"
"8066","Maschi",82,2007,450,"stranieri"
"8067","Maschi",82,2008,569,"stranieri"
"8068","Maschi",82,2009,601,"stranieri"
"8069","Maschi",82,2010,710,"stranieri"
"8070","Maschi",82,2011,584,"stranieri"
"8071","Maschi",82,2012,614,"stranieri"
"8072","Maschi",82,2013,855,"stranieri"
"8073","Maschi",82,2014,732,"stranieri"
"8074","Maschi",82,2015,935,"stranieri"
"8075","Maschi",82,2016,979,"stranieri"
"8076","Maschi",82,2017,1101,"stranieri"
"8077","Maschi",82,2018,1244,"stranieri"
"8078","Maschi",83,2002,231,"stranieri"
"8079","Maschi",83,2003,276,"stranieri"
"8080","Maschi",83,2004,295,"stranieri"
"8081","Maschi",83,2005,367,"stranieri"
"8082","Maschi",83,2006,412,"stranieri"
"8083","Maschi",83,2007,368,"stranieri"
"8084","Maschi",83,2008,386,"stranieri"
"8085","Maschi",83,2009,468,"stranieri"
"8086","Maschi",83,2010,482,"stranieri"
"8087","Maschi",83,2011,560,"stranieri"
"8088","Maschi",83,2012,571,"stranieri"
"8089","Maschi",83,2013,591,"stranieri"
"8090","Maschi",83,2014,795,"stranieri"
"8091","Maschi",83,2015,706,"stranieri"
"8092","Maschi",83,2016,860,"stranieri"
"8093","Maschi",83,2017,927,"stranieri"
"8094","Maschi",83,2018,1038,"stranieri"
"8095","Maschi",84,2002,198,"stranieri"
"8096","Maschi",84,2003,220,"stranieri"
"8097","Maschi",84,2004,259,"stranieri"
"8098","Maschi",84,2005,301,"stranieri"
"8099","Maschi",84,2006,329,"stranieri"
"8100","Maschi",84,2007,355,"stranieri"
"8101","Maschi",84,2008,341,"stranieri"
"8102","Maschi",84,2009,354,"stranieri"
"8103","Maschi",84,2010,399,"stranieri"
"8104","Maschi",84,2011,396,"stranieri"
"8105","Maschi",84,2012,495,"stranieri"
"8106","Maschi",84,2013,550,"stranieri"
"8107","Maschi",84,2014,562,"stranieri"
"8108","Maschi",84,2015,737,"stranieri"
"8109","Maschi",84,2016,656,"stranieri"
"8110","Maschi",84,2017,797,"stranieri"
"8111","Maschi",84,2018,841,"stranieri"
"8112","Maschi",85,2002,171,"stranieri"
"8113","Maschi",85,2003,180,"stranieri"
"8114","Maschi",85,2004,200,"stranieri"
"8115","Maschi",85,2005,239,"stranieri"
"8116","Maschi",85,2006,288,"stranieri"
"8117","Maschi",85,2007,306,"stranieri"
"8118","Maschi",85,2008,321,"stranieri"
"8119","Maschi",85,2009,328,"stranieri"
"8120","Maschi",85,2010,325,"stranieri"
"8121","Maschi",85,2011,340,"stranieri"
"8122","Maschi",85,2012,369,"stranieri"
"8123","Maschi",85,2013,477,"stranieri"
"8124","Maschi",85,2014,509,"stranieri"
"8125","Maschi",85,2015,511,"stranieri"
"8126","Maschi",85,2016,687,"stranieri"
"8127","Maschi",85,2017,595,"stranieri"
"8128","Maschi",85,2018,751,"stranieri"
"8129","Maschi",86,2002,183,"stranieri"
"8130","Maschi",86,2003,172,"stranieri"
"8131","Maschi",86,2004,158,"stranieri"
"8132","Maschi",86,2005,186,"stranieri"
"8133","Maschi",86,2006,210,"stranieri"
"8134","Maschi",86,2007,254,"stranieri"
"8135","Maschi",86,2008,270,"stranieri"
"8136","Maschi",86,2009,277,"stranieri"
"8137","Maschi",86,2010,299,"stranieri"
"8138","Maschi",86,2011,292,"stranieri"
"8139","Maschi",86,2012,323,"stranieri"
"8140","Maschi",86,2013,355,"stranieri"
"8141","Maschi",86,2014,444,"stranieri"
"8142","Maschi",86,2015,449,"stranieri"
"8143","Maschi",86,2016,465,"stranieri"
"8144","Maschi",86,2017,626,"stranieri"
"8145","Maschi",86,2018,527,"stranieri"
"8146","Maschi",87,2002,161,"stranieri"
"8147","Maschi",87,2003,161,"stranieri"
"8148","Maschi",87,2004,143,"stranieri"
"8149","Maschi",87,2005,141,"stranieri"
"8150","Maschi",87,2006,167,"stranieri"
"8151","Maschi",87,2007,184,"stranieri"
"8152","Maschi",87,2008,237,"stranieri"
"8153","Maschi",87,2009,237,"stranieri"
"8154","Maschi",87,2010,243,"stranieri"
"8155","Maschi",87,2011,262,"stranieri"
"8156","Maschi",87,2012,266,"stranieri"
"8157","Maschi",87,2013,302,"stranieri"
"8158","Maschi",87,2014,326,"stranieri"
"8159","Maschi",87,2015,392,"stranieri"
"8160","Maschi",87,2016,392,"stranieri"
"8161","Maschi",87,2017,413,"stranieri"
"8162","Maschi",87,2018,551,"stranieri"
"8163","Maschi",88,2002,155,"stranieri"
"8164","Maschi",88,2003,148,"stranieri"
"8165","Maschi",88,2004,137,"stranieri"
"8166","Maschi",88,2005,130,"stranieri"
"8167","Maschi",88,2006,125,"stranieri"
"8168","Maschi",88,2007,148,"stranieri"
"8169","Maschi",88,2008,167,"stranieri"
"8170","Maschi",88,2009,218,"stranieri"
"8171","Maschi",88,2010,205,"stranieri"
"8172","Maschi",88,2011,201,"stranieri"
"8173","Maschi",88,2012,242,"stranieri"
"8174","Maschi",88,2013,252,"stranieri"
"8175","Maschi",88,2014,269,"stranieri"
"8176","Maschi",88,2015,304,"stranieri"
"8177","Maschi",88,2016,359,"stranieri"
"8178","Maschi",88,2017,339,"stranieri"
"8179","Maschi",88,2018,366,"stranieri"
"8180","Maschi",89,2002,139,"stranieri"
"8181","Maschi",89,2003,147,"stranieri"
"8182","Maschi",89,2004,120,"stranieri"
"8183","Maschi",89,2005,122,"stranieri"
"8184","Maschi",89,2006,111,"stranieri"
"8185","Maschi",89,2007,111,"stranieri"
"8186","Maschi",89,2008,137,"stranieri"
"8187","Maschi",89,2009,143,"stranieri"
"8188","Maschi",89,2010,185,"stranieri"
"8189","Maschi",89,2011,168,"stranieri"
"8190","Maschi",89,2012,180,"stranieri"
"8191","Maschi",89,2013,214,"stranieri"
"8192","Maschi",89,2014,221,"stranieri"
"8193","Maschi",89,2015,243,"stranieri"
"8194","Maschi",89,2016,265,"stranieri"
"8195","Maschi",89,2017,315,"stranieri"
"8196","Maschi",89,2018,305,"stranieri"
"8197","Maschi",90,2002,112,"stranieri"
"8198","Maschi",90,2003,130,"stranieri"
"8199","Maschi",90,2004,123,"stranieri"
"8200","Maschi",90,2005,117,"stranieri"
"8201","Maschi",90,2006,106,"stranieri"
"8202","Maschi",90,2007,92,"stranieri"
"8203","Maschi",90,2008,90,"stranieri"
"8204","Maschi",90,2009,112,"stranieri"
"8205","Maschi",90,2010,115,"stranieri"
"8206","Maschi",90,2011,153,"stranieri"
"8207","Maschi",90,2012,155,"stranieri"
"8208","Maschi",90,2013,155,"stranieri"
"8209","Maschi",90,2014,182,"stranieri"
"8210","Maschi",90,2015,199,"stranieri"
"8211","Maschi",90,2016,214,"stranieri"
"8212","Maschi",90,2017,241,"stranieri"
"8213","Maschi",90,2018,256,"stranieri"
"8214","Maschi",91,2002,84,"stranieri"
"8215","Maschi",91,2003,95,"stranieri"
"8216","Maschi",91,2004,107,"stranieri"
"8217","Maschi",91,2005,112,"stranieri"
"8218","Maschi",91,2006,97,"stranieri"
"8219","Maschi",91,2007,90,"stranieri"
"8220","Maschi",91,2008,77,"stranieri"
"8221","Maschi",91,2009,67,"stranieri"
"8222","Maschi",91,2010,86,"stranieri"
"8223","Maschi",91,2011,95,"stranieri"
"8224","Maschi",91,2012,137,"stranieri"
"8225","Maschi",91,2013,133,"stranieri"
"8226","Maschi",91,2014,124,"stranieri"
"8227","Maschi",91,2015,166,"stranieri"
"8228","Maschi",91,2016,170,"stranieri"
"8229","Maschi",91,2017,183,"stranieri"
"8230","Maschi",91,2018,203,"stranieri"
"8231","Maschi",92,2002,57,"stranieri"
"8232","Maschi",92,2003,84,"stranieri"
"8233","Maschi",92,2004,75,"stranieri"
"8234","Maschi",92,2005,94,"stranieri"
"8235","Maschi",92,2006,90,"stranieri"
"8236","Maschi",92,2007,75,"stranieri"
"8237","Maschi",92,2008,76,"stranieri"
"8238","Maschi",92,2009,62,"stranieri"
"8239","Maschi",92,2010,53,"stranieri"
"8240","Maschi",92,2011,64,"stranieri"
"8241","Maschi",92,2012,83,"stranieri"
"8242","Maschi",92,2013,112,"stranieri"
"8243","Maschi",92,2014,111,"stranieri"
"8244","Maschi",92,2015,106,"stranieri"
"8245","Maschi",92,2016,145,"stranieri"
"8246","Maschi",92,2017,150,"stranieri"
"8247","Maschi",92,2018,159,"stranieri"
"8248","Maschi",93,2002,27,"stranieri"
"8249","Maschi",93,2003,53,"stranieri"
"8250","Maschi",93,2004,70,"stranieri"
"8251","Maschi",93,2005,67,"stranieri"
"8252","Maschi",93,2006,77,"stranieri"
"8253","Maschi",93,2007,72,"stranieri"
"8254","Maschi",93,2008,69,"stranieri"
"8255","Maschi",93,2009,59,"stranieri"
"8256","Maschi",93,2010,44,"stranieri"
"8257","Maschi",93,2011,39,"stranieri"
"8258","Maschi",93,2012,54,"stranieri"
"8259","Maschi",93,2013,63,"stranieri"
"8260","Maschi",93,2014,80,"stranieri"
"8261","Maschi",93,2015,83,"stranieri"
"8262","Maschi",93,2016,85,"stranieri"
"8263","Maschi",93,2017,121,"stranieri"
"8264","Maschi",93,2018,114,"stranieri"
"8265","Maschi",94,2002,25,"stranieri"
"8266","Maschi",94,2003,23,"stranieri"
"8267","Maschi",94,2004,45,"stranieri"
"8268","Maschi",94,2005,57,"stranieri"
"8269","Maschi",94,2006,43,"stranieri"
"8270","Maschi",94,2007,61,"stranieri"
"8271","Maschi",94,2008,56,"stranieri"
"8272","Maschi",94,2009,54,"stranieri"
"8273","Maschi",94,2010,46,"stranieri"
"8274","Maschi",94,2011,21,"stranieri"
"8275","Maschi",94,2012,35,"stranieri"
"8276","Maschi",94,2013,43,"stranieri"
"8277","Maschi",94,2014,46,"stranieri"
"8278","Maschi",94,2015,61,"stranieri"
"8279","Maschi",94,2016,67,"stranieri"
"8280","Maschi",94,2017,79,"stranieri"
"8281","Maschi",94,2018,105,"stranieri"
"8282","Maschi",95,2002,20,"stranieri"
"8283","Maschi",95,2003,21,"stranieri"
"8284","Maschi",95,2004,19,"stranieri"
"8285","Maschi",95,2005,43,"stranieri"
"8286","Maschi",95,2006,40,"stranieri"
"8287","Maschi",95,2007,36,"stranieri"
"8288","Maschi",95,2008,45,"stranieri"
"8289","Maschi",95,2009,38,"stranieri"
"8290","Maschi",95,2010,37,"stranieri"
"8291","Maschi",95,2011,28,"stranieri"
"8292","Maschi",95,2012,21,"stranieri"
"8293","Maschi",95,2013,30,"stranieri"
"8294","Maschi",95,2014,34,"stranieri"
"8295","Maschi",95,2015,39,"stranieri"
"8296","Maschi",95,2016,56,"stranieri"
"8297","Maschi",95,2017,56,"stranieri"
"8298","Maschi",95,2018,70,"stranieri"
"8299","Maschi",96,2002,13,"stranieri"
"8300","Maschi",96,2003,19,"stranieri"
"8301","Maschi",96,2004,17,"stranieri"
"8302","Maschi",96,2005,16,"stranieri"
"8303","Maschi",96,2006,35,"stranieri"
"8304","Maschi",96,2007,28,"stranieri"
"8305","Maschi",96,2008,25,"stranieri"
"8306","Maschi",96,2009,28,"stranieri"
"8307","Maschi",96,2010,32,"stranieri"
"8308","Maschi",96,2011,23,"stranieri"
"8309","Maschi",96,2012,23,"stranieri"
"8310","Maschi",96,2013,18,"stranieri"
"8311","Maschi",96,2014,22,"stranieri"
"8312","Maschi",96,2015,28,"stranieri"
"8313","Maschi",96,2016,36,"stranieri"
"8314","Maschi",96,2017,40,"stranieri"
"8315","Maschi",96,2018,50,"stranieri"
"8316","Maschi",97,2002,10,"stranieri"
"8317","Maschi",97,2003,12,"stranieri"
"8318","Maschi",97,2004,16,"stranieri"
"8319","Maschi",97,2005,16,"stranieri"
"8320","Maschi",97,2006,13,"stranieri"
"8321","Maschi",97,2007,25,"stranieri"
"8322","Maschi",97,2008,26,"stranieri"
"8323","Maschi",97,2009,20,"stranieri"
"8324","Maschi",97,2010,21,"stranieri"
"8325","Maschi",97,2011,17,"stranieri"
"8326","Maschi",97,2012,18,"stranieri"
"8327","Maschi",97,2013,17,"stranieri"
"8328","Maschi",97,2014,16,"stranieri"
"8329","Maschi",97,2015,16,"stranieri"
"8330","Maschi",97,2016,27,"stranieri"
"8331","Maschi",97,2017,31,"stranieri"
"8332","Maschi",97,2018,38,"stranieri"
"8333","Maschi",98,2002,6,"stranieri"
"8334","Maschi",98,2003,12,"stranieri"
"8335","Maschi",98,2004,13,"stranieri"
"8336","Maschi",98,2005,14,"stranieri"
"8337","Maschi",98,2006,12,"stranieri"
"8338","Maschi",98,2007,11,"stranieri"
"8339","Maschi",98,2008,18,"stranieri"
"8340","Maschi",98,2009,23,"stranieri"
"8341","Maschi",98,2010,16,"stranieri"
"8342","Maschi",98,2011,12,"stranieri"
"8343","Maschi",98,2012,14,"stranieri"
"8344","Maschi",98,2013,16,"stranieri"
"8345","Maschi",98,2014,14,"stranieri"
"8346","Maschi",98,2015,13,"stranieri"
"8347","Maschi",98,2016,15,"stranieri"
"8348","Maschi",98,2017,23,"stranieri"
"8349","Maschi",98,2018,23,"stranieri"
"8350","Maschi",99,2002,8,"stranieri"
"8351","Maschi",99,2003,6,"stranieri"
"8352","Maschi",99,2004,9,"stranieri"
"8353","Maschi",99,2005,15,"stranieri"
"8354","Maschi",99,2006,15,"stranieri"
"8355","Maschi",99,2007,11,"stranieri"
"8356","Maschi",99,2008,11,"stranieri"
"8357","Maschi",99,2009,16,"stranieri"
"8358","Maschi",99,2010,15,"stranieri"
"8359","Maschi",99,2011,9,"stranieri"
"8360","Maschi",99,2012,10,"stranieri"
"8361","Maschi",99,2013,9,"stranieri"
"8362","Maschi",99,2014,11,"stranieri"
"8363","Maschi",99,2015,10,"stranieri"
"8364","Maschi",99,2016,10,"stranieri"
"8365","Maschi",99,2017,13,"stranieri"
"8366","Maschi",99,2018,20,"stranieri"
"8367","Maschi",100,2002,3,"stranieri"
"8368","Maschi",100,2003,25,"stranieri"
"8369","Maschi",100,2004,44,"stranieri"
"8370","Maschi",100,2005,63,"stranieri"
"8371","Maschi",100,2006,65,"stranieri"
"8372","Maschi",100,2007,64,"stranieri"
"8373","Maschi",100,2008,53,"stranieri"
"8374","Maschi",100,2009,43,"stranieri"
"8375","Maschi",100,2010,35,"stranieri"
"8376","Maschi",100,2011,17,"stranieri"
"8377","Maschi",100,2012,21,"stranieri"
"8378","Maschi",100,2013,18,"stranieri"
"8379","Maschi",100,2014,25,"stranieri"
"8380","Maschi",100,2015,24,"stranieri"
"8381","Maschi",100,2016,24,"stranieri"
"8382","Maschi",100,2017,29,"stranieri"
"8383","Maschi",100,2018,29,"stranieri"
"8384","Femmine",0,2002,12860,"stranieri"
"8385","Femmine",0,2003,15967,"stranieri"
"8386","Femmine",0,2004,16323,"stranieri"
"8387","Femmine",0,2005,23012,"stranieri"
"8388","Femmine",0,2006,24594,"stranieri"
"8389","Femmine",0,2007,27520,"stranieri"
"8390","Femmine",0,2008,30440,"stranieri"
"8391","Femmine",0,2009,34093,"stranieri"
"8392","Femmine",0,2010,35757,"stranieri"
"8393","Femmine",0,2011,36120,"stranieri"
"8394","Femmine",0,2012,36345,"stranieri"
"8395","Femmine",0,2013,39420,"stranieri"
"8396","Femmine",0,2014,37952,"stranieri"
"8397","Femmine",0,2015,36498,"stranieri"
"8398","Femmine",0,2016,34810,"stranieri"
"8399","Femmine",0,2017,33018,"stranieri"
"8400","Femmine",0,2018,32455,"stranieri"
"8401","Femmine",1,2002,11850,"stranieri"
"8402","Femmine",1,2003,13517,"stranieri"
"8403","Femmine",1,2004,16603,"stranieri"
"8404","Femmine",1,2005,17494,"stranieri"
"8405","Femmine",1,2006,23168,"stranieri"
"8406","Femmine",1,2007,24917,"stranieri"
"8407","Femmine",1,2008,28383,"stranieri"
"8408","Femmine",1,2009,31205,"stranieri"
"8409","Femmine",1,2010,34304,"stranieri"
"8410","Femmine",1,2011,35722,"stranieri"
"8411","Femmine",1,2012,35856,"stranieri"
"8412","Femmine",1,2013,37519,"stranieri"
"8413","Femmine",1,2014,39423,"stranieri"
"8414","Femmine",1,2015,37378,"stranieri"
"8415","Femmine",1,2016,35135,"stranieri"
"8416","Femmine",1,2017,32940,"stranieri"
"8417","Femmine",1,2018,31925,"stranieri"
"8418","Femmine",2,2002,10528,"stranieri"
"8419","Femmine",2,2003,12546,"stranieri"
"8420","Femmine",2,2004,14429,"stranieri"
"8421","Femmine",2,2005,17447,"stranieri"
"8422","Femmine",2,2006,18540,"stranieri"
"8423","Femmine",2,2007,23595,"stranieri"
"8424","Femmine",2,2008,26067,"stranieri"
"8425","Femmine",2,2009,29321,"stranieri"
"8426","Femmine",2,2010,31558,"stranieri"
"8427","Femmine",2,2011,34276,"stranieri"
"8428","Femmine",2,2012,35512,"stranieri"
"8429","Femmine",2,2013,37212,"stranieri"
"8430","Femmine",2,2014,37899,"stranieri"
"8431","Femmine",2,2015,38470,"stranieri"
"8432","Femmine",2,2016,35472,"stranieri"
"8433","Femmine",2,2017,33224,"stranieri"
"8434","Femmine",2,2018,31676,"stranieri"
"8435","Femmine",3,2002,9364,"stranieri"
"8436","Femmine",3,2003,11142,"stranieri"
"8437","Femmine",3,2004,13405,"stranieri"
"8438","Femmine",3,2005,15575,"stranieri"
"8439","Femmine",3,2006,18409,"stranieri"
"8440","Femmine",3,2007,19275,"stranieri"
"8441","Femmine",3,2008,24652,"stranieri"
"8442","Femmine",3,2009,27170,"stranieri"
"8443","Femmine",3,2010,30014,"stranieri"
"8444","Femmine",3,2011,31786,"stranieri"
"8445","Femmine",3,2012,34328,"stranieri"
"8446","Femmine",3,2013,36997,"stranieri"
"8447","Femmine",3,2014,37440,"stranieri"
"8448","Femmine",3,2015,36714,"stranieri"
"8449","Femmine",3,2016,36170,"stranieri"
"8450","Femmine",3,2017,33030,"stranieri"
"8451","Femmine",3,2018,32178,"stranieri"
"8452","Femmine",4,2002,8530,"stranieri"
"8453","Femmine",4,2003,10194,"stranieri"
"8454","Femmine",4,2004,11925,"stranieri"
"8455","Femmine",4,2005,14568,"stranieri"
"8456","Femmine",4,2006,16838,"stranieri"
"8457","Femmine",4,2007,18990,"stranieri"
"8458","Femmine",4,2008,20802,"stranieri"
"8459","Femmine",4,2009,25614,"stranieri"
"8460","Femmine",4,2010,27662,"stranieri"
"8461","Femmine",4,2011,30312,"stranieri"
"8462","Femmine",4,2012,32022,"stranieri"
"8463","Femmine",4,2013,35710,"stranieri"
"8464","Femmine",4,2014,37115,"stranieri"
"8465","Femmine",4,2015,36286,"stranieri"
"8466","Femmine",4,2016,34523,"stranieri"
"8467","Femmine",4,2017,33423,"stranieri"
"8468","Femmine",4,2018,31554,"stranieri"
"8469","Femmine",5,2002,7894,"stranieri"
"8470","Femmine",5,2003,9421,"stranieri"
"8471","Femmine",5,2004,11123,"stranieri"
"8472","Femmine",5,2005,13050,"stranieri"
"8473","Femmine",5,2006,15953,"stranieri"
"8474","Femmine",5,2007,17818,"stranieri"
"8475","Femmine",5,2008,20509,"stranieri"
"8476","Femmine",5,2009,22077,"stranieri"
"8477","Femmine",5,2010,26231,"stranieri"
"8478","Femmine",5,2011,27975,"stranieri"
"8479","Femmine",5,2012,30711,"stranieri"
"8480","Femmine",5,2013,33293,"stranieri"
"8481","Femmine",5,2014,35483,"stranieri"
"8482","Femmine",5,2015,35909,"stranieri"
"8483","Femmine",5,2016,33988,"stranieri"
"8484","Femmine",5,2017,31821,"stranieri"
"8485","Femmine",5,2018,31826,"stranieri"
"8486","Femmine",6,2002,7988,"stranieri"
"8487","Femmine",6,2003,8765,"stranieri"
"8488","Femmine",6,2004,10335,"stranieri"
"8489","Femmine",6,2005,12391,"stranieri"
"8490","Femmine",6,2006,14368,"stranieri"
"8491","Femmine",6,2007,17005,"stranieri"
"8492","Femmine",6,2008,19576,"stranieri"
"8493","Femmine",6,2009,21756,"stranieri"
"8494","Femmine",6,2010,22883,"stranieri"
"8495","Femmine",6,2011,26454,"stranieri"
"8496","Femmine",6,2012,28514,"stranieri"
"8497","Femmine",6,2013,31864,"stranieri"
"8498","Femmine",6,2014,33007,"stranieri"
"8499","Femmine",6,2015,33943,"stranieri"
"8500","Femmine",6,2016,33594,"stranieri"
"8501","Femmine",6,2017,31119,"stranieri"
"8502","Femmine",6,2018,30141,"stranieri"
"8503","Femmine",7,2002,7524,"stranieri"
"8504","Femmine",7,2003,8793,"stranieri"
"8505","Femmine",7,2004,9750,"stranieri"
"8506","Femmine",7,2005,11462,"stranieri"
"8507","Femmine",7,2006,13779,"stranieri"
"8508","Femmine",7,2007,15339,"stranieri"
"8509","Femmine",7,2008,19013,"stranieri"
"8510","Femmine",7,2009,21117,"stranieri"
"8511","Femmine",7,2010,22458,"stranieri"
"8512","Femmine",7,2011,23382,"stranieri"
"8513","Femmine",7,2012,26912,"stranieri"
"8514","Femmine",7,2013,29514,"stranieri"
"8515","Femmine",7,2014,31357,"stranieri"
"8516","Femmine",7,2015,31346,"stranieri"
"8517","Femmine",7,2016,31440,"stranieri"
"8518","Femmine",7,2017,30701,"stranieri"
"8519","Femmine",7,2018,29361,"stranieri"
"8520","Femmine",8,2002,7294,"stranieri"
"8521","Femmine",8,2003,8448,"stranieri"
"8522","Femmine",8,2004,9651,"stranieri"
"8523","Femmine",8,2005,10942,"stranieri"
"8524","Femmine",8,2006,12971,"stranieri"
"8525","Femmine",8,2007,14832,"stranieri"
"8526","Femmine",8,2008,17346,"stranieri"
"8527","Femmine",8,2009,20590,"stranieri"
"8528","Femmine",8,2010,22141,"stranieri"
"8529","Femmine",8,2011,22948,"stranieri"
"8530","Femmine",8,2012,24054,"stranieri"
"8531","Femmine",8,2013,27742,"stranieri"
"8532","Femmine",8,2014,28964,"stranieri"
"8533","Femmine",8,2015,29647,"stranieri"
"8534","Femmine",8,2016,29001,"stranieri"
"8535","Femmine",8,2017,28458,"stranieri"
"8536","Femmine",8,2018,28777,"stranieri"
"8537","Femmine",9,2002,7035,"stranieri"
"8538","Femmine",9,2003,8179,"stranieri"
"8539","Femmine",9,2004,9429,"stranieri"
"8540","Femmine",9,2005,10864,"stranieri"
"8541","Femmine",9,2006,12493,"stranieri"
"8542","Femmine",9,2007,14136,"stranieri"
"8543","Femmine",9,2008,16780,"stranieri"
"8544","Femmine",9,2009,18938,"stranieri"
"8545","Femmine",9,2010,21728,"stranieri"
"8546","Femmine",9,2011,22847,"stranieri"
"8547","Femmine",9,2012,23688,"stranieri"
"8548","Femmine",9,2013,25032,"stranieri"
"8549","Femmine",9,2014,26954,"stranieri"
"8550","Femmine",9,2015,27183,"stranieri"
"8551","Femmine",9,2016,27390,"stranieri"
"8552","Femmine",9,2017,26537,"stranieri"
"8553","Femmine",9,2018,27092,"stranieri"
"8554","Femmine",10,2002,6673,"stranieri"
"8555","Femmine",10,2003,7948,"stranieri"
"8556","Femmine",10,2004,8994,"stranieri"
"8557","Femmine",10,2005,10972,"stranieri"
"8558","Femmine",10,2006,12381,"stranieri"
"8559","Femmine",10,2007,13694,"stranieri"
"8560","Femmine",10,2008,16081,"stranieri"
"8561","Femmine",10,2009,18564,"stranieri"
"8562","Femmine",10,2010,20177,"stranieri"
"8563","Femmine",10,2011,22652,"stranieri"
"8564","Femmine",10,2012,23722,"stranieri"
"8565","Femmine",10,2013,24557,"stranieri"
"8566","Femmine",10,2014,24138,"stranieri"
"8567","Femmine",10,2015,25537,"stranieri"
"8568","Femmine",10,2016,24911,"stranieri"
"8569","Femmine",10,2017,25147,"stranieri"
"8570","Femmine",10,2018,25318,"stranieri"
"8571","Femmine",11,2002,6549,"stranieri"
"8572","Femmine",11,2003,7521,"stranieri"
"8573","Femmine",11,2004,8922,"stranieri"
"8574","Femmine",11,2005,10355,"stranieri"
"8575","Femmine",11,2006,12503,"stranieri"
"8576","Femmine",11,2007,13507,"stranieri"
"8577","Femmine",11,2008,15508,"stranieri"
"8578","Femmine",11,2009,18031,"stranieri"
"8579","Femmine",11,2010,19905,"stranieri"
"8580","Femmine",11,2011,21100,"stranieri"
"8581","Femmine",11,2012,23617,"stranieri"
"8582","Femmine",11,2013,24416,"stranieri"
"8583","Femmine",11,2014,23805,"stranieri"
"8584","Femmine",11,2015,22693,"stranieri"
"8585","Femmine",11,2016,23540,"stranieri"
"8586","Femmine",11,2017,22807,"stranieri"
"8587","Femmine",11,2018,24251,"stranieri"
"8588","Femmine",12,2002,6207,"stranieri"
"8589","Femmine",12,2003,7376,"stranieri"
"8590","Femmine",12,2004,8435,"stranieri"
"8591","Femmine",12,2005,10262,"stranieri"
"8592","Femmine",12,2006,11995,"stranieri"
"8593","Femmine",12,2007,13710,"stranieri"
"8594","Femmine",12,2008,15404,"stranieri"
"8595","Femmine",12,2009,17236,"stranieri"
"8596","Femmine",12,2010,19317,"stranieri"
"8597","Femmine",12,2011,20882,"stranieri"
"8598","Femmine",12,2012,22159,"stranieri"
"8599","Femmine",12,2013,24567,"stranieri"
"8600","Femmine",12,2014,23555,"stranieri"
"8601","Femmine",12,2015,22522,"stranieri"
"8602","Femmine",12,2016,21050,"stranieri"
"8603","Femmine",12,2017,21869,"stranieri"
"8604","Femmine",12,2018,22158,"stranieri"
"8605","Femmine",13,2002,5959,"stranieri"
"8606","Femmine",13,2003,6955,"stranieri"
"8607","Femmine",13,2004,8186,"stranieri"
"8608","Femmine",13,2005,9802,"stranieri"
"8609","Femmine",13,2006,11829,"stranieri"
"8610","Femmine",13,2007,13220,"stranieri"
"8611","Femmine",13,2008,15673,"stranieri"
"8612","Femmine",13,2009,17198,"stranieri"
"8613","Femmine",13,2010,18479,"stranieri"
"8614","Femmine",13,2011,20348,"stranieri"
"8615","Femmine",13,2012,21941,"stranieri"
"8616","Femmine",13,2013,22996,"stranieri"
"8617","Femmine",13,2014,24347,"stranieri"
"8618","Femmine",13,2015,22282,"stranieri"
"8619","Femmine",13,2016,21022,"stranieri"
"8620","Femmine",13,2017,19607,"stranieri"
"8621","Femmine",13,2018,21509,"stranieri"
"8622","Femmine",14,2002,5807,"stranieri"
"8623","Femmine",14,2003,6654,"stranieri"
"8624","Femmine",14,2004,7695,"stranieri"
"8625","Femmine",14,2005,9505,"stranieri"
"8626","Femmine",14,2006,11261,"stranieri"
"8627","Femmine",14,2007,13068,"stranieri"
"8628","Femmine",14,2008,15086,"stranieri"
"8629","Femmine",14,2009,17520,"stranieri"
"8630","Femmine",14,2010,18595,"stranieri"
"8631","Femmine",14,2011,19520,"stranieri"
"8632","Femmine",14,2012,21419,"stranieri"
"8633","Femmine",14,2013,22824,"stranieri"
"8634","Femmine",14,2014,22720,"stranieri"
"8635","Femmine",14,2015,23517,"stranieri"
"8636","Femmine",14,2016,20700,"stranieri"
"8637","Femmine",14,2017,19417,"stranieri"
"8638","Femmine",14,2018,19629,"stranieri"
"8639","Femmine",15,2002,5561,"stranieri"
"8640","Femmine",15,2003,6251,"stranieri"
"8641","Femmine",15,2004,7315,"stranieri"
"8642","Femmine",15,2005,8971,"stranieri"
"8643","Femmine",15,2006,11107,"stranieri"
"8644","Femmine",15,2007,12462,"stranieri"
"8645","Femmine",15,2008,14921,"stranieri"
"8646","Femmine",15,2009,16931,"stranieri"
"8647","Femmine",15,2010,18917,"stranieri"
"8648","Femmine",15,2011,19808,"stranieri"
"8649","Femmine",15,2012,20634,"stranieri"
"8650","Femmine",15,2013,22276,"stranieri"
"8651","Femmine",15,2014,22676,"stranieri"
"8652","Femmine",15,2015,22078,"stranieri"
"8653","Femmine",15,2016,22368,"stranieri"
"8654","Femmine",15,2017,19563,"stranieri"
"8655","Femmine",15,2018,19243,"stranieri"
"8656","Femmine",16,2002,5446,"stranieri"
"8657","Femmine",16,2003,6016,"stranieri"
"8658","Femmine",16,2004,6859,"stranieri"
"8659","Femmine",16,2005,8564,"stranieri"
"8660","Femmine",16,2006,10562,"stranieri"
"8661","Femmine",16,2007,12461,"stranieri"
"8662","Femmine",16,2008,14262,"stranieri"
"8663","Femmine",16,2009,16802,"stranieri"
"8664","Femmine",16,2010,18386,"stranieri"
"8665","Femmine",16,2011,20093,"stranieri"
"8666","Femmine",16,2012,20903,"stranieri"
"8667","Femmine",16,2013,21557,"stranieri"
"8668","Femmine",16,2014,22111,"stranieri"
"8669","Femmine",16,2015,22126,"stranieri"
"8670","Femmine",16,2016,21230,"stranieri"
"8671","Femmine",16,2017,21480,"stranieri"
"8672","Femmine",16,2018,19510,"stranieri"
"8673","Femmine",17,2002,5632,"stranieri"
"8674","Femmine",17,2003,5919,"stranieri"
"8675","Femmine",17,2004,6736,"stranieri"
"8676","Femmine",17,2005,8161,"stranieri"
"8677","Femmine",17,2006,10245,"stranieri"
"8678","Femmine",17,2007,12048,"stranieri"
"8679","Femmine",17,2008,14427,"stranieri"
"8680","Femmine",17,2009,16222,"stranieri"
"8681","Femmine",17,2010,18420,"stranieri"
"8682","Femmine",17,2011,19589,"stranieri"
"8683","Femmine",17,2012,21303,"stranieri"
"8684","Femmine",17,2013,21927,"stranieri"
"8685","Femmine",17,2014,21632,"stranieri"
"8686","Femmine",17,2015,21537,"stranieri"
"8687","Femmine",17,2016,21464,"stranieri"
"8688","Femmine",17,2017,20301,"stranieri"
"8689","Femmine",17,2018,21034,"stranieri"
"8690","Femmine",18,2002,5969,"stranieri"
"8691","Femmine",18,2003,6396,"stranieri"
"8692","Femmine",18,2004,6959,"stranieri"
"8693","Femmine",18,2005,8731,"stranieri"
"8694","Femmine",18,2006,10355,"stranieri"
"8695","Femmine",18,2007,12069,"stranieri"
"8696","Femmine",18,2008,14388,"stranieri"
"8697","Femmine",18,2009,17079,"stranieri"
"8698","Femmine",18,2010,18118,"stranieri"
"8699","Femmine",18,2011,19857,"stranieri"
"8700","Femmine",18,2012,20590,"stranieri"
"8701","Femmine",18,2013,21912,"stranieri"
"8702","Femmine",18,2014,20623,"stranieri"
"8703","Femmine",18,2015,19594,"stranieri"
"8704","Femmine",18,2016,19604,"stranieri"
"8705","Femmine",18,2017,18866,"stranieri"
"8706","Femmine",18,2018,18587,"stranieri"
"8707","Femmine",19,2002,6782,"stranieri"
"8708","Femmine",19,2003,6583,"stranieri"
"8709","Femmine",19,2004,7972,"stranieri"
"8710","Femmine",19,2005,8830,"stranieri"
"8711","Femmine",19,2006,10755,"stranieri"
"8712","Femmine",19,2007,12480,"stranieri"
"8713","Femmine",19,2008,15968,"stranieri"
"8714","Femmine",19,2009,18606,"stranieri"
"8715","Femmine",19,2010,20560,"stranieri"
"8716","Femmine",19,2011,21088,"stranieri"
"8717","Femmine",19,2012,22459,"stranieri"
"8718","Femmine",19,2013,22585,"stranieri"
"8719","Femmine",19,2014,23189,"stranieri"
"8720","Femmine",19,2015,21254,"stranieri"
"8721","Femmine",19,2016,20283,"stranieri"
"8722","Femmine",19,2017,19910,"stranieri"
"8723","Femmine",19,2018,19333,"stranieri"
"8724","Femmine",20,2002,7672,"stranieri"
"8725","Femmine",20,2003,7705,"stranieri"
"8726","Femmine",20,2004,8790,"stranieri"
"8727","Femmine",20,2005,10201,"stranieri"
"8728","Femmine",20,2006,10905,"stranieri"
"8729","Femmine",20,2007,12908,"stranieri"
"8730","Femmine",20,2008,18106,"stranieri"
"8731","Femmine",20,2009,21395,"stranieri"
"8732","Femmine",20,2010,23033,"stranieri"
"8733","Femmine",20,2011,24581,"stranieri"
"8734","Femmine",20,2012,24461,"stranieri"
"8735","Femmine",20,2013,25726,"stranieri"
"8736","Femmine",20,2014,25029,"stranieri"
"8737","Femmine",20,2015,24943,"stranieri"
"8738","Femmine",20,2016,22993,"stranieri"
"8739","Femmine",20,2017,21760,"stranieri"
"8740","Femmine",20,2018,21969,"stranieri"
"8741","Femmine",21,2002,9245,"stranieri"
"8742","Femmine",21,2003,8752,"stranieri"
"8743","Femmine",21,2004,11270,"stranieri"
"8744","Femmine",21,2005,11528,"stranieri"
"8745","Femmine",21,2006,12795,"stranieri"
"8746","Femmine",21,2007,13577,"stranieri"
"8747","Femmine",21,2008,19556,"stranieri"
"8748","Femmine",21,2009,24522,"stranieri"
"8749","Femmine",21,2010,26496,"stranieri"
"8750","Femmine",21,2011,27901,"stranieri"
"8751","Femmine",21,2012,28249,"stranieri"
"8752","Femmine",21,2013,28149,"stranieri"
"8753","Femmine",21,2014,28533,"stranieri"
"8754","Femmine",21,2015,26862,"stranieri"
"8755","Femmine",21,2016,26333,"stranieri"
"8756","Femmine",21,2017,24146,"stranieri"
"8757","Femmine",21,2018,23831,"stranieri"
"8758","Femmine",22,2002,11156,"stranieri"
"8759","Femmine",22,2003,10913,"stranieri"
"8760","Femmine",22,2004,13357,"stranieri"
"8761","Femmine",22,2005,15292,"stranieri"
"8762","Femmine",22,2006,14497,"stranieri"
"8763","Femmine",22,2007,16029,"stranieri"
"8764","Femmine",22,2008,21541,"stranieri"
"8765","Femmine",22,2009,26647,"stranieri"
"8766","Femmine",22,2010,30056,"stranieri"
"8767","Femmine",22,2011,32044,"stranieri"
"8768","Femmine",22,2012,32444,"stranieri"
"8769","Femmine",22,2013,32396,"stranieri"
"8770","Femmine",22,2014,31208,"stranieri"
"8771","Femmine",22,2015,30657,"stranieri"
"8772","Femmine",22,2016,28277,"stranieri"
"8773","Femmine",22,2017,27275,"stranieri"
"8774","Femmine",22,2018,26158,"stranieri"
"8775","Femmine",23,2002,12583,"stranieri"
"8776","Femmine",23,2003,13263,"stranieri"
"8777","Femmine",23,2004,16734,"stranieri"
"8778","Femmine",23,2005,18067,"stranieri"
"8779","Femmine",23,2006,18895,"stranieri"
"8780","Femmine",23,2007,18074,"stranieri"
"8781","Femmine",23,2008,24618,"stranieri"
"8782","Femmine",23,2009,29167,"stranieri"
"8783","Femmine",23,2010,32734,"stranieri"
"8784","Femmine",23,2011,36259,"stranieri"
"8785","Femmine",23,2012,37058,"stranieri"
"8786","Femmine",23,2013,37192,"stranieri"
"8787","Femmine",23,2014,35993,"stranieri"
"8788","Femmine",23,2015,33468,"stranieri"
"8789","Femmine",23,2016,32057,"stranieri"
"8790","Femmine",23,2017,29694,"stranieri"
"8791","Femmine",23,2018,29127,"stranieri"
"8792","Femmine",24,2002,14681,"stranieri"
"8793","Femmine",24,2003,15129,"stranieri"
"8794","Femmine",24,2004,20088,"stranieri"
"8795","Femmine",24,2005,22236,"stranieri"
"8796","Femmine",24,2006,21892,"stranieri"
"8797","Femmine",24,2007,22602,"stranieri"
"8798","Femmine",24,2008,26459,"stranieri"
"8799","Femmine",24,2009,32679,"stranieri"
"8800","Femmine",24,2010,35475,"stranieri"
"8801","Femmine",24,2011,39106,"stranieri"
"8802","Femmine",24,2012,41404,"stranieri"
"8803","Femmine",24,2013,42127,"stranieri"
"8804","Femmine",24,2014,41087,"stranieri"
"8805","Femmine",24,2015,38336,"stranieri"
"8806","Femmine",24,2016,34958,"stranieri"
"8807","Femmine",24,2017,33633,"stranieri"
"8808","Femmine",24,2018,31805,"stranieri"
"8809","Femmine",25,2002,16849,"stranieri"
"8810","Femmine",25,2003,17514,"stranieri"
"8811","Femmine",25,2004,22914,"stranieri"
"8812","Femmine",25,2005,26230,"stranieri"
"8813","Femmine",25,2006,26309,"stranieri"
"8814","Femmine",25,2007,25831,"stranieri"
"8815","Femmine",25,2008,31677,"stranieri"
"8816","Femmine",25,2009,34102,"stranieri"
"8817","Femmine",25,2010,38852,"stranieri"
"8818","Femmine",25,2011,41906,"stranieri"
"8819","Femmine",25,2012,44357,"stranieri"
"8820","Femmine",25,2013,46507,"stranieri"
"8821","Femmine",25,2014,46366,"stranieri"
"8822","Femmine",25,2015,43546,"stranieri"
"8823","Femmine",25,2016,39895,"stranieri"
"8824","Femmine",25,2017,36576,"stranieri"
"8825","Femmine",25,2018,35820,"stranieri"
"8826","Femmine",26,2002,18411,"stranieri"
"8827","Femmine",26,2003,20261,"stranieri"
"8828","Femmine",26,2004,26019,"stranieri"
"8829","Femmine",26,2005,29592,"stranieri"
"8830","Femmine",26,2006,30960,"stranieri"
"8831","Femmine",26,2007,30439,"stranieri"
"8832","Femmine",26,2008,34950,"stranieri"
"8833","Femmine",26,2009,39796,"stranieri"
"8834","Femmine",26,2010,39904,"stranieri"
"8835","Femmine",26,2011,45302,"stranieri"
"8836","Femmine",26,2012,47243,"stranieri"
"8837","Femmine",26,2013,49294,"stranieri"
"8838","Femmine",26,2014,50522,"stranieri"
"8839","Femmine",26,2015,48844,"stranieri"
"8840","Femmine",26,2016,45177,"stranieri"
"8841","Femmine",26,2017,41715,"stranieri"
"8842","Femmine",26,2018,38395,"stranieri"
"8843","Femmine",27,2002,19982,"stranieri"
"8844","Femmine",27,2003,22023,"stranieri"
"8845","Femmine",27,2004,29204,"stranieri"
"8846","Femmine",27,2005,32999,"stranieri"
"8847","Femmine",27,2006,34326,"stranieri"
"8848","Femmine",27,2007,34976,"stranieri"
"8849","Femmine",27,2008,39615,"stranieri"
"8850","Femmine",27,2009,42589,"stranieri"
"8851","Femmine",27,2010,45303,"stranieri"
"8852","Femmine",27,2011,45638,"stranieri"
"8853","Femmine",27,2012,50097,"stranieri"
"8854","Femmine",27,2013,51818,"stranieri"
"8855","Femmine",27,2014,52940,"stranieri"
"8856","Femmine",27,2015,52687,"stranieri"
"8857","Femmine",27,2016,50312,"stranieri"
"8858","Femmine",27,2017,46876,"stranieri"
"8859","Femmine",27,2018,43625,"stranieri"
"8860","Femmine",28,2002,20765,"stranieri"
"8861","Femmine",28,2003,24482,"stranieri"
"8862","Femmine",28,2004,32656,"stranieri"
"8863","Femmine",28,2005,38255,"stranieri"
"8864","Femmine",28,2006,39326,"stranieri"
"8865","Femmine",28,2007,39538,"stranieri"
"8866","Femmine",28,2008,45104,"stranieri"
"8867","Femmine",28,2009,48624,"stranieri"
"8868","Femmine",28,2010,48478,"stranieri"
"8869","Femmine",28,2011,51338,"stranieri"
"8870","Femmine",28,2012,51257,"stranieri"
"8871","Femmine",28,2013,54092,"stranieri"
"8872","Femmine",28,2014,54874,"stranieri"
"8873","Femmine",28,2015,54766,"stranieri"
"8874","Femmine",28,2016,53964,"stranieri"
"8875","Femmine",28,2017,51908,"stranieri"
"8876","Femmine",28,2018,48390,"stranieri"
"8877","Femmine",29,2002,21657,"stranieri"
"8878","Femmine",29,2003,24277,"stranieri"
"8879","Femmine",29,2004,33663,"stranieri"
"8880","Femmine",29,2005,39933,"stranieri"
"8881","Femmine",29,2006,43274,"stranieri"
"8882","Femmine",29,2007,43346,"stranieri"
"8883","Femmine",29,2008,47956,"stranieri"
"8884","Femmine",29,2009,51958,"stranieri"
"8885","Femmine",29,2010,53015,"stranieri"
"8886","Femmine",29,2011,52914,"stranieri"
"8887","Femmine",29,2012,55159,"stranieri"
"8888","Femmine",29,2013,54746,"stranieri"
"8889","Femmine",29,2014,56784,"stranieri"
"8890","Femmine",29,2015,56343,"stranieri"
"8891","Femmine",29,2016,55753,"stranieri"
"8892","Femmine",29,2017,55230,"stranieri"
"8893","Femmine",29,2018,53154,"stranieri"
"8894","Femmine",30,2002,21384,"stranieri"
"8895","Femmine",30,2003,25339,"stranieri"
"8896","Femmine",30,2004,33593,"stranieri"
"8897","Femmine",30,2005,41463,"stranieri"
"8898","Femmine",30,2006,45296,"stranieri"
"8899","Femmine",30,2007,47444,"stranieri"
"8900","Femmine",30,2008,51746,"stranieri"
"8901","Femmine",30,2009,54839,"stranieri"
"8902","Femmine",30,2010,56049,"stranieri"
"8903","Femmine",30,2011,57041,"stranieri"
"8904","Femmine",30,2012,56286,"stranieri"
"8905","Femmine",30,2013,58233,"stranieri"
"8906","Femmine",30,2014,57094,"stranieri"
"8907","Femmine",30,2015,57927,"stranieri"
"8908","Femmine",30,2016,57060,"stranieri"
"8909","Femmine",30,2017,56766,"stranieri"
"8910","Femmine",30,2018,55968,"stranieri"
"8911","Femmine",31,2002,21461,"stranieri"
"8912","Femmine",31,2003,24412,"stranieri"
"8913","Femmine",31,2004,33409,"stranieri"
"8914","Femmine",31,2005,39789,"stranieri"
"8915","Femmine",31,2006,45628,"stranieri"
"8916","Femmine",31,2007,48587,"stranieri"
"8917","Femmine",31,2008,54594,"stranieri"
"8918","Femmine",31,2009,56667,"stranieri"
"8919","Femmine",31,2010,57814,"stranieri"
"8920","Femmine",31,2011,58890,"stranieri"
"8921","Femmine",31,2012,59115,"stranieri"
"8922","Femmine",31,2013,58843,"stranieri"
"8923","Femmine",31,2014,60186,"stranieri"
"8924","Femmine",31,2015,58042,"stranieri"
"8925","Femmine",31,2016,58314,"stranieri"
"8926","Femmine",31,2017,57396,"stranieri"
"8927","Femmine",31,2018,57134,"stranieri"
"8928","Femmine",32,2002,21562,"stranieri"
"8929","Femmine",32,2003,23696,"stranieri"
"8930","Femmine",32,2004,31520,"stranieri"
"8931","Femmine",32,2005,38836,"stranieri"
"8932","Femmine",32,2006,42972,"stranieri"
"8933","Femmine",32,2007,48162,"stranieri"
"8934","Femmine",32,2008,54576,"stranieri"
"8935","Femmine",32,2009,58716,"stranieri"
"8936","Femmine",32,2010,58585,"stranieri"
"8937","Femmine",32,2011,59660,"stranieri"
"8938","Femmine",32,2012,59871,"stranieri"
"8939","Femmine",32,2013,61364,"stranieri"
"8940","Femmine",32,2014,60268,"stranieri"
"8941","Femmine",32,2015,60801,"stranieri"
"8942","Femmine",32,2016,58172,"stranieri"
"8943","Femmine",32,2017,58275,"stranieri"
"8944","Femmine",32,2018,57207,"stranieri"
"8945","Femmine",33,2002,21142,"stranieri"
"8946","Femmine",33,2003,22966,"stranieri"
"8947","Femmine",33,2004,29545,"stranieri"
"8948","Femmine",33,2005,35759,"stranieri"
"8949","Femmine",33,2006,41057,"stranieri"
"8950","Femmine",33,2007,44251,"stranieri"
"8951","Femmine",33,2008,52749,"stranieri"
"8952","Femmine",33,2009,57080,"stranieri"
"8953","Femmine",33,2010,59398,"stranieri"
"8954","Femmine",33,2011,59121,"stranieri"
"8955","Femmine",33,2012,59205,"stranieri"
"8956","Femmine",33,2013,61593,"stranieri"
"8957","Femmine",33,2014,62577,"stranieri"
"8958","Femmine",33,2015,60693,"stranieri"
"8959","Femmine",33,2016,60558,"stranieri"
"8960","Femmine",33,2017,57866,"stranieri"
"8961","Femmine",33,2018,57953,"stranieri"
"8962","Femmine",34,2002,19793,"stranieri"
"8963","Femmine",34,2003,22457,"stranieri"
"8964","Femmine",34,2004,28658,"stranieri"
"8965","Femmine",34,2005,33991,"stranieri"
"8966","Femmine",34,2006,38068,"stranieri"
"8967","Femmine",34,2007,42598,"stranieri"
"8968","Femmine",34,2008,48475,"stranieri"
"8969","Femmine",34,2009,55513,"stranieri"
"8970","Femmine",34,2010,58071,"stranieri"
"8971","Femmine",34,2011,60406,"stranieri"
"8972","Femmine",34,2012,58734,"stranieri"
"8973","Femmine",34,2013,60946,"stranieri"
"8974","Femmine",34,2014,62664,"stranieri"
"8975","Femmine",34,2015,62676,"stranieri"
"8976","Femmine",34,2016,60184,"stranieri"
"8977","Femmine",34,2017,59859,"stranieri"
"8978","Femmine",34,2018,57427,"stranieri"
"8979","Femmine",35,2002,17868,"stranieri"
"8980","Femmine",35,2003,19628,"stranieri"
"8981","Femmine",35,2004,26607,"stranieri"
"8982","Femmine",35,2005,31089,"stranieri"
"8983","Femmine",35,2006,34625,"stranieri"
"8984","Femmine",35,2007,37744,"stranieri"
"8985","Femmine",35,2008,45217,"stranieri"
"8986","Femmine",35,2009,49266,"stranieri"
"8987","Femmine",35,2010,54932,"stranieri"
"8988","Femmine",35,2011,57611,"stranieri"
"8989","Femmine",35,2012,58198,"stranieri"
"8990","Femmine",35,2013,60063,"stranieri"
"8991","Femmine",35,2014,61807,"stranieri"
"8992","Femmine",35,2015,62671,"stranieri"
"8993","Femmine",35,2016,61981,"stranieri"
"8994","Femmine",35,2017,59334,"stranieri"
"8995","Femmine",35,2018,59214,"stranieri"
"8996","Femmine",36,2002,17717,"stranieri"
"8997","Femmine",36,2003,18127,"stranieri"
"8998","Femmine",36,2004,24108,"stranieri"
"8999","Femmine",36,2005,29828,"stranieri"
"9000","Femmine",36,2006,32338,"stranieri"
"9001","Femmine",36,2007,35189,"stranieri"
"9002","Femmine",36,2008,41309,"stranieri"
"9003","Femmine",36,2009,47070,"stranieri"
"9004","Femmine",36,2010,49809,"stranieri"
"9005","Femmine",36,2011,55481,"stranieri"
"9006","Femmine",36,2012,56699,"stranieri"
"9007","Femmine",36,2013,59371,"stranieri"
"9008","Femmine",36,2014,60540,"stranieri"
"9009","Femmine",36,2015,61541,"stranieri"
"9010","Femmine",36,2016,61673,"stranieri"
"9011","Femmine",36,2017,60839,"stranieri"
"9012","Femmine",36,2018,58481,"stranieri"
"9013","Femmine",37,2002,17233,"stranieri"
"9014","Femmine",37,2003,18196,"stranieri"
"9015","Femmine",37,2004,22477,"stranieri"
"9016","Femmine",37,2005,27566,"stranieri"
"9017","Femmine",37,2006,31600,"stranieri"
"9018","Femmine",37,2007,33545,"stranieri"
"9019","Femmine",37,2008,39665,"stranieri"
"9020","Femmine",37,2009,44204,"stranieri"
"9021","Femmine",37,2010,48792,"stranieri"
"9022","Femmine",37,2011,51429,"stranieri"
"9023","Femmine",37,2012,55557,"stranieri"
"9024","Femmine",37,2013,57908,"stranieri"
"9025","Femmine",37,2014,59835,"stranieri"
"9026","Femmine",37,2015,60130,"stranieri"
"9027","Femmine",37,2016,60542,"stranieri"
"9028","Femmine",37,2017,60228,"stranieri"
"9029","Femmine",37,2018,59547,"stranieri"
"9030","Femmine",38,2002,16366,"stranieri"
"9031","Femmine",38,2003,17579,"stranieri"
"9032","Femmine",38,2004,22306,"stranieri"
"9033","Femmine",38,2005,25597,"stranieri"
"9034","Femmine",38,2006,29316,"stranieri"
"9035","Femmine",38,2007,32995,"stranieri"
"9036","Femmine",38,2008,38558,"stranieri"
"9037","Femmine",38,2009,43048,"stranieri"
"9038","Femmine",38,2010,46306,"stranieri"
"9039","Femmine",38,2011,51036,"stranieri"
"9040","Femmine",38,2012,52209,"stranieri"
"9041","Femmine",38,2013,56579,"stranieri"
"9042","Femmine",38,2014,58169,"stranieri"
"9043","Femmine",38,2015,59261,"stranieri"
"9044","Femmine",38,2016,58873,"stranieri"
"9045","Femmine",38,2017,58984,"stranieri"
"9046","Femmine",38,2018,59029,"stranieri"
"9047","Femmine",39,2002,15329,"stranieri"
"9048","Femmine",39,2003,16689,"stranieri"
"9049","Femmine",39,2004,21761,"stranieri"
"9050","Femmine",39,2005,25136,"stranieri"
"9051","Femmine",39,2006,26939,"stranieri"
"9052","Femmine",39,2007,30588,"stranieri"
"9053","Femmine",39,2008,38384,"stranieri"
"9054","Femmine",39,2009,42005,"stranieri"
"9055","Femmine",39,2010,45252,"stranieri"
"9056","Femmine",39,2011,48618,"stranieri"
"9057","Femmine",39,2012,51996,"stranieri"
"9058","Femmine",39,2013,53105,"stranieri"
"9059","Femmine",39,2014,56840,"stranieri"
"9060","Femmine",39,2015,57524,"stranieri"
"9061","Femmine",39,2016,57955,"stranieri"
"9062","Femmine",39,2017,57323,"stranieri"
"9063","Femmine",39,2018,57732,"stranieri"
"9064","Femmine",40,2002,13558,"stranieri"
"9065","Femmine",40,2003,15526,"stranieri"
"9066","Femmine",40,2004,20782,"stranieri"
"9067","Femmine",40,2005,24592,"stranieri"
"9068","Femmine",40,2006,26376,"stranieri"
"9069","Femmine",40,2007,27856,"stranieri"
"9070","Femmine",40,2008,35946,"stranieri"
"9071","Femmine",40,2009,42189,"stranieri"
"9072","Femmine",40,2010,44337,"stranieri"
"9073","Femmine",40,2011,47997,"stranieri"
"9074","Femmine",40,2012,49967,"stranieri"
"9075","Femmine",40,2013,53111,"stranieri"
"9076","Femmine",40,2014,53282,"stranieri"
"9077","Femmine",40,2015,56018,"stranieri"
"9078","Femmine",40,2016,56181,"stranieri"
"9079","Femmine",40,2017,56496,"stranieri"
"9080","Femmine",40,2018,56178,"stranieri"
"9081","Femmine",41,2002,13469,"stranieri"
"9082","Femmine",41,2003,13640,"stranieri"
"9083","Femmine",41,2004,19527,"stranieri"
"9084","Femmine",41,2005,23552,"stranieri"
"9085","Femmine",41,2006,25591,"stranieri"
"9086","Femmine",41,2007,27116,"stranieri"
"9087","Femmine",41,2008,31150,"stranieri"
"9088","Femmine",41,2009,39553,"stranieri"
"9089","Femmine",41,2010,44734,"stranieri"
"9090","Femmine",41,2011,47057,"stranieri"
"9091","Femmine",41,2012,49177,"stranieri"
"9092","Femmine",41,2013,51144,"stranieri"
"9093","Femmine",41,2014,53258,"stranieri"
"9094","Femmine",41,2015,52523,"stranieri"
"9095","Femmine",41,2016,54375,"stranieri"
"9096","Femmine",41,2017,54599,"stranieri"
"9097","Femmine",41,2018,55380,"stranieri"
"9098","Femmine",42,2002,11871,"stranieri"
"9099","Femmine",42,2003,13554,"stranieri"
"9100","Femmine",42,2004,17565,"stranieri"
"9101","Femmine",42,2005,22220,"stranieri"
"9102","Femmine",42,2006,24525,"stranieri"
"9103","Femmine",42,2007,26435,"stranieri"
"9104","Femmine",42,2008,30432,"stranieri"
"9105","Femmine",42,2009,33665,"stranieri"
"9106","Femmine",42,2010,42007,"stranieri"
"9107","Femmine",42,2011,47651,"stranieri"
"9108","Femmine",42,2012,48501,"stranieri"
"9109","Femmine",42,2013,50490,"stranieri"
"9110","Femmine",42,2014,51632,"stranieri"
"9111","Femmine",42,2015,52690,"stranieri"
"9112","Femmine",42,2016,51144,"stranieri"
"9113","Femmine",42,2017,52839,"stranieri"
"9114","Femmine",42,2018,53660,"stranieri"
"9115","Femmine",43,2002,10901,"stranieri"
"9116","Femmine",43,2003,11831,"stranieri"
"9117","Femmine",43,2004,17547,"stranieri"
"9118","Femmine",43,2005,20226,"stranieri"
"9119","Femmine",43,2006,23124,"stranieri"
"9120","Femmine",43,2007,25088,"stranieri"
"9121","Femmine",43,2008,29790,"stranieri"
"9122","Femmine",43,2009,32806,"stranieri"
"9123","Femmine",43,2010,35407,"stranieri"
"9124","Femmine",43,2011,44662,"stranieri"
"9125","Femmine",43,2012,49196,"stranieri"
"9126","Femmine",43,2013,49847,"stranieri"
"9127","Femmine",43,2014,50823,"stranieri"
"9128","Femmine",43,2015,51260,"stranieri"
"9129","Femmine",43,2016,51124,"stranieri"
"9130","Femmine",43,2017,49720,"stranieri"
"9131","Femmine",43,2018,51912,"stranieri"
"9132","Femmine",44,2002,9893,"stranieri"
"9133","Femmine",44,2003,10905,"stranieri"
"9134","Femmine",44,2004,15661,"stranieri"
"9135","Femmine",44,2005,20208,"stranieri"
"9136","Femmine",44,2006,21053,"stranieri"
"9137","Femmine",44,2007,23754,"stranieri"
"9138","Femmine",44,2008,28487,"stranieri"
"9139","Femmine",44,2009,32349,"stranieri"
"9140","Femmine",44,2010,34433,"stranieri"
"9141","Femmine",44,2011,37651,"stranieri"
"9142","Femmine",44,2012,46281,"stranieri"
"9143","Femmine",44,2013,50543,"stranieri"
"9144","Femmine",44,2014,50263,"stranieri"
"9145","Femmine",44,2015,50376,"stranieri"
"9146","Femmine",44,2016,49730,"stranieri"
"9147","Femmine",44,2017,49595,"stranieri"
"9148","Femmine",44,2018,48995,"stranieri"
"9149","Femmine",45,2002,9297,"stranieri"
"9150","Femmine",45,2003,9841,"stranieri"
"9151","Femmine",45,2004,14772,"stranieri"
"9152","Femmine",45,2005,18133,"stranieri"
"9153","Femmine",45,2006,20964,"stranieri"
"9154","Femmine",45,2007,21624,"stranieri"
"9155","Femmine",45,2008,27083,"stranieri"
"9156","Femmine",45,2009,31058,"stranieri"
"9157","Femmine",45,2010,34010,"stranieri"
"9158","Femmine",45,2011,36580,"stranieri"
"9159","Femmine",45,2012,38772,"stranieri"
"9160","Femmine",45,2013,47669,"stranieri"
"9161","Femmine",45,2014,51306,"stranieri"
"9162","Femmine",45,2015,49923,"stranieri"
"9163","Femmine",45,2016,49032,"stranieri"
"9164","Femmine",45,2017,48307,"stranieri"
"9165","Femmine",45,2018,48863,"stranieri"
"9166","Femmine",46,2002,8435,"stranieri"
"9167","Femmine",46,2003,9160,"stranieri"
"9168","Femmine",46,2004,13357,"stranieri"
"9169","Femmine",46,2005,17113,"stranieri"
"9170","Femmine",46,2006,18906,"stranieri"
"9171","Femmine",46,2007,21654,"stranieri"
"9172","Femmine",46,2008,25005,"stranieri"
"9173","Femmine",46,2009,29583,"stranieri"
"9174","Femmine",46,2010,32650,"stranieri"
"9175","Femmine",46,2011,36117,"stranieri"
"9176","Femmine",46,2012,37713,"stranieri"
"9177","Femmine",46,2013,39901,"stranieri"
"9178","Femmine",46,2014,48492,"stranieri"
"9179","Femmine",46,2015,50804,"stranieri"
"9180","Femmine",46,2016,48599,"stranieri"
"9181","Femmine",46,2017,47699,"stranieri"
"9182","Femmine",46,2018,47467,"stranieri"
"9183","Femmine",47,2002,7829,"stranieri"
"9184","Femmine",47,2003,8384,"stranieri"
"9185","Femmine",47,2004,12397,"stranieri"
"9186","Femmine",47,2005,15587,"stranieri"
"9187","Femmine",47,2006,17805,"stranieri"
"9188","Femmine",47,2007,19498,"stranieri"
"9189","Femmine",47,2008,24987,"stranieri"
"9190","Femmine",47,2009,27712,"stranieri"
"9191","Femmine",47,2010,31174,"stranieri"
"9192","Femmine",47,2011,34742,"stranieri"
"9193","Femmine",47,2012,37163,"stranieri"
"9194","Femmine",47,2013,38735,"stranieri"
"9195","Femmine",47,2014,40396,"stranieri"
"9196","Femmine",47,2015,48154,"stranieri"
"9197","Femmine",47,2016,49687,"stranieri"
"9198","Femmine",47,2017,47235,"stranieri"
"9199","Femmine",47,2018,46922,"stranieri"
"9200","Femmine",48,2002,7123,"stranieri"
"9201","Femmine",48,2003,7780,"stranieri"
"9202","Femmine",48,2004,11419,"stranieri"
"9203","Femmine",48,2005,14419,"stranieri"
"9204","Femmine",48,2006,16150,"stranieri"
"9205","Femmine",48,2007,18210,"stranieri"
"9206","Femmine",48,2008,22781,"stranieri"
"9207","Femmine",48,2009,27674,"stranieri"
"9208","Femmine",48,2010,29538,"stranieri"
"9209","Femmine",48,2011,33426,"stranieri"
"9210","Femmine",48,2012,35928,"stranieri"
"9211","Femmine",48,2013,38319,"stranieri"
"9212","Femmine",48,2014,39211,"stranieri"
"9213","Femmine",48,2015,40022,"stranieri"
"9214","Femmine",48,2016,47064,"stranieri"
"9215","Femmine",48,2017,48437,"stranieri"
"9216","Femmine",48,2018,46651,"stranieri"
"9217","Femmine",49,2002,6766,"stranieri"
"9218","Femmine",49,2003,7060,"stranieri"
"9219","Femmine",49,2004,10597,"stranieri"
"9220","Femmine",49,2005,13307,"stranieri"
"9221","Femmine",49,2006,15053,"stranieri"
"9222","Femmine",49,2007,16557,"stranieri"
"9223","Femmine",49,2008,21363,"stranieri"
"9224","Femmine",49,2009,25384,"stranieri"
"9225","Femmine",49,2010,29355,"stranieri"
"9226","Femmine",49,2011,31725,"stranieri"
"9227","Femmine",49,2012,34647,"stranieri"
"9228","Femmine",49,2013,36956,"stranieri"
"9229","Femmine",49,2014,38964,"stranieri"
"9230","Femmine",49,2015,38788,"stranieri"
"9231","Femmine",49,2016,38998,"stranieri"
"9232","Femmine",49,2017,46129,"stranieri"
"9233","Femmine",49,2018,47625,"stranieri"
"9234","Femmine",50,2002,5979,"stranieri"
"9235","Femmine",50,2003,6667,"stranieri"
"9236","Femmine",50,2004,9588,"stranieri"
"9237","Femmine",50,2005,12315,"stranieri"
"9238","Femmine",50,2006,13821,"stranieri"
"9239","Femmine",50,2007,15413,"stranieri"
"9240","Femmine",50,2008,19262,"stranieri"
"9241","Femmine",50,2009,23844,"stranieri"
"9242","Femmine",50,2010,26989,"stranieri"
"9243","Femmine",50,2011,31532,"stranieri"
"9244","Femmine",50,2012,32803,"stranieri"
"9245","Femmine",50,2013,35764,"stranieri"
"9246","Femmine",50,2014,37636,"stranieri"
"9247","Femmine",50,2015,38600,"stranieri"
"9248","Femmine",50,2016,37814,"stranieri"
"9249","Femmine",50,2017,38078,"stranieri"
"9250","Femmine",50,2018,45310,"stranieri"
"9251","Femmine",51,2002,5973,"stranieri"
"9252","Femmine",51,2003,5876,"stranieri"
"9253","Femmine",51,2004,9108,"stranieri"
"9254","Femmine",51,2005,11112,"stranieri"
"9255","Femmine",51,2006,12713,"stranieri"
"9256","Femmine",51,2007,14285,"stranieri"
"9257","Femmine",51,2008,17866,"stranieri"
"9258","Femmine",51,2009,21615,"stranieri"
"9259","Femmine",51,2010,25509,"stranieri"
"9260","Femmine",51,2011,28915,"stranieri"
"9261","Femmine",51,2012,32607,"stranieri"
"9262","Femmine",51,2013,33902,"stranieri"
"9263","Femmine",51,2014,36461,"stranieri"
"9264","Femmine",51,2015,37492,"stranieri"
"9265","Femmine",51,2016,37667,"stranieri"
"9266","Femmine",51,2017,36925,"stranieri"
"9267","Femmine",51,2018,37430,"stranieri"
"9268","Femmine",52,2002,5202,"stranieri"
"9269","Femmine",52,2003,5920,"stranieri"
"9270","Femmine",52,2004,7892,"stranieri"
"9271","Femmine",52,2005,10527,"stranieri"
"9272","Femmine",52,2006,11482,"stranieri"
"9273","Femmine",52,2007,12977,"stranieri"
"9274","Femmine",52,2008,16486,"stranieri"
"9275","Femmine",52,2009,19979,"stranieri"
"9276","Femmine",52,2010,23165,"stranieri"
"9277","Femmine",52,2011,27330,"stranieri"
"9278","Femmine",52,2012,29896,"stranieri"
"9279","Femmine",52,2013,33841,"stranieri"
"9280","Femmine",52,2014,34689,"stranieri"
"9281","Femmine",52,2015,36207,"stranieri"
"9282","Femmine",52,2016,36719,"stranieri"
"9283","Femmine",52,2017,36903,"stranieri"
"9284","Femmine",52,2018,36214,"stranieri"
"9285","Femmine",53,2002,4853,"stranieri"
"9286","Femmine",53,2003,5258,"stranieri"
"9287","Femmine",53,2004,7663,"stranieri"
"9288","Femmine",53,2005,9205,"stranieri"
"9289","Femmine",53,2006,10756,"stranieri"
"9290","Femmine",53,2007,11730,"stranieri"
"9291","Femmine",53,2008,14751,"stranieri"
"9292","Femmine",53,2009,18293,"stranieri"
"9293","Femmine",53,2010,21326,"stranieri"
"9294","Femmine",53,2011,24941,"stranieri"
"9295","Femmine",53,2012,28373,"stranieri"
"9296","Femmine",53,2013,31052,"stranieri"
"9297","Femmine",53,2014,34638,"stranieri"
"9298","Femmine",53,2015,34674,"stranieri"
"9299","Femmine",53,2016,35579,"stranieri"
"9300","Femmine",53,2017,35994,"stranieri"
"9301","Femmine",53,2018,36382,"stranieri"
"9302","Femmine",54,2002,4558,"stranieri"
"9303","Femmine",54,2003,4869,"stranieri"
"9304","Femmine",54,2004,6923,"stranieri"
"9305","Femmine",54,2005,8734,"stranieri"
"9306","Femmine",54,2006,9477,"stranieri"
"9307","Femmine",54,2007,10896,"stranieri"
"9308","Femmine",54,2008,13147,"stranieri"
"9309","Femmine",54,2009,16368,"stranieri"
"9310","Femmine",54,2010,19553,"stranieri"
"9311","Femmine",54,2011,22885,"stranieri"
"9312","Femmine",54,2012,25849,"stranieri"
"9313","Femmine",54,2013,29511,"stranieri"
"9314","Femmine",54,2014,31909,"stranieri"
"9315","Femmine",54,2015,34590,"stranieri"
"9316","Femmine",54,2016,34117,"stranieri"
"9317","Femmine",54,2017,34898,"stranieri"
"9318","Femmine",54,2018,35391,"stranieri"
"9319","Femmine",55,2002,3959,"stranieri"
"9320","Femmine",55,2003,4622,"stranieri"
"9321","Femmine",55,2004,6202,"stranieri"
"9322","Femmine",55,2005,7945,"stranieri"
"9323","Femmine",55,2006,8933,"stranieri"
"9324","Femmine",55,2007,9570,"stranieri"
"9325","Femmine",55,2008,12046,"stranieri"
"9326","Femmine",55,2009,14606,"stranieri"
"9327","Femmine",55,2010,17448,"stranieri"
"9328","Femmine",55,2011,20968,"stranieri"
"9329","Femmine",55,2012,23689,"stranieri"
"9330","Femmine",55,2013,27043,"stranieri"
"9331","Femmine",55,2014,30497,"stranieri"
"9332","Femmine",55,2015,31847,"stranieri"
"9333","Femmine",55,2016,34113,"stranieri"
"9334","Femmine",55,2017,33581,"stranieri"
"9335","Femmine",55,2018,34390,"stranieri"
"9336","Femmine",56,2002,3390,"stranieri"
"9337","Femmine",56,2003,3972,"stranieri"
"9338","Femmine",56,2004,5588,"stranieri"
"9339","Femmine",56,2005,7027,"stranieri"
"9340","Femmine",56,2006,8162,"stranieri"
"9341","Femmine",56,2007,9071,"stranieri"
"9342","Femmine",56,2008,10451,"stranieri"
"9343","Femmine",56,2009,13344,"stranieri"
"9344","Femmine",56,2010,15541,"stranieri"
"9345","Femmine",56,2011,18651,"stranieri"
"9346","Femmine",56,2012,21712,"stranieri"
"9347","Femmine",56,2013,24718,"stranieri"
"9348","Femmine",56,2014,27814,"stranieri"
"9349","Femmine",56,2015,30433,"stranieri"
"9350","Femmine",56,2016,31427,"stranieri"
"9351","Femmine",56,2017,33518,"stranieri"
"9352","Femmine",56,2018,33241,"stranieri"
"9353","Femmine",57,2002,3330,"stranieri"
"9354","Femmine",57,2003,3448,"stranieri"
"9355","Femmine",57,2004,4699,"stranieri"
"9356","Femmine",57,2005,6217,"stranieri"
"9357","Femmine",57,2006,7157,"stranieri"
"9358","Femmine",57,2007,8324,"stranieri"
"9359","Femmine",57,2008,9866,"stranieri"
"9360","Femmine",57,2009,11402,"stranieri"
"9361","Femmine",57,2010,14122,"stranieri"
"9362","Femmine",57,2011,16523,"stranieri"
"9363","Femmine",57,2012,19208,"stranieri"
"9364","Femmine",57,2013,22636,"stranieri"
"9365","Femmine",57,2014,25436,"stranieri"
"9366","Femmine",57,2015,27677,"stranieri"
"9367","Femmine",57,2016,30051,"stranieri"
"9368","Femmine",57,2017,31025,"stranieri"
"9369","Femmine",57,2018,33121,"stranieri"
"9370","Femmine",58,2002,3294,"stranieri"
"9371","Femmine",58,2003,3322,"stranieri"
"9372","Femmine",58,2004,3961,"stranieri"
"9373","Femmine",58,2005,5193,"stranieri"
"9374","Femmine",58,2006,6360,"stranieri"
"9375","Femmine",58,2007,7258,"stranieri"
"9376","Femmine",58,2008,8985,"stranieri"
"9377","Femmine",58,2009,10824,"stranieri"
"9378","Femmine",58,2010,12084,"stranieri"
"9379","Femmine",58,2011,14994,"stranieri"
"9380","Femmine",58,2012,16977,"stranieri"
"9381","Femmine",58,2013,20095,"stranieri"
"9382","Femmine",58,2014,23330,"stranieri"
"9383","Femmine",58,2015,25406,"stranieri"
"9384","Femmine",58,2016,27331,"stranieri"
"9385","Femmine",58,2017,29580,"stranieri"
"9386","Femmine",58,2018,30573,"stranieri"
"9387","Femmine",59,2002,3225,"stranieri"
"9388","Femmine",59,2003,3350,"stranieri"
"9389","Femmine",59,2004,3769,"stranieri"
"9390","Femmine",59,2005,4297,"stranieri"
"9391","Femmine",59,2006,5301,"stranieri"
"9392","Femmine",59,2007,6401,"stranieri"
"9393","Femmine",59,2008,7693,"stranieri"
"9394","Femmine",59,2009,9779,"stranieri"
"9395","Femmine",59,2010,11535,"stranieri"
"9396","Femmine",59,2011,12840,"stranieri"
"9397","Femmine",59,2012,15370,"stranieri"
"9398","Femmine",59,2013,17740,"stranieri"
"9399","Femmine",59,2014,20769,"stranieri"
"9400","Femmine",59,2015,23350,"stranieri"
"9401","Femmine",59,2016,25158,"stranieri"
"9402","Femmine",59,2017,27016,"stranieri"
"9403","Femmine",59,2018,29189,"stranieri"
"9404","Femmine",60,2002,2966,"stranieri"
"9405","Femmine",60,2003,3294,"stranieri"
"9406","Femmine",60,2004,3689,"stranieri"
"9407","Femmine",60,2005,4058,"stranieri"
"9408","Femmine",60,2006,4382,"stranieri"
"9409","Femmine",60,2007,5388,"stranieri"
"9410","Femmine",60,2008,6672,"stranieri"
"9411","Femmine",60,2009,8404,"stranieri"
"9412","Femmine",60,2010,10259,"stranieri"
"9413","Femmine",60,2011,12147,"stranieri"
"9414","Femmine",60,2012,13144,"stranieri"
"9415","Femmine",60,2013,16059,"stranieri"
"9416","Femmine",60,2014,18212,"stranieri"
"9417","Femmine",60,2015,20721,"stranieri"
"9418","Femmine",60,2016,22960,"stranieri"
"9419","Femmine",60,2017,24825,"stranieri"
"9420","Femmine",60,2018,26698,"stranieri"
"9421","Femmine",61,2002,3132,"stranieri"
"9422","Femmine",61,2003,3037,"stranieri"
"9423","Femmine",61,2004,3579,"stranieri"
"9424","Femmine",61,2005,3944,"stranieri"
"9425","Femmine",61,2006,4145,"stranieri"
"9426","Femmine",61,2007,4375,"stranieri"
"9427","Femmine",61,2008,5665,"stranieri"
"9428","Femmine",61,2009,7214,"stranieri"
"9429","Femmine",61,2010,8803,"stranieri"
"9430","Femmine",61,2011,10742,"stranieri"
"9431","Femmine",61,2012,12494,"stranieri"
"9432","Femmine",61,2013,13760,"stranieri"
"9433","Femmine",61,2014,16517,"stranieri"
"9434","Femmine",61,2015,18198,"stranieri"
"9435","Femmine",61,2016,20431,"stranieri"
"9436","Femmine",61,2017,22592,"stranieri"
"9437","Femmine",61,2018,24460,"stranieri"
"9438","Femmine",62,2002,2722,"stranieri"
"9439","Femmine",62,2003,3200,"stranieri"
"9440","Femmine",62,2004,3234,"stranieri"
"9441","Femmine",62,2005,3769,"stranieri"
"9442","Femmine",62,2006,3985,"stranieri"
"9443","Femmine",62,2007,4190,"stranieri"
"9444","Femmine",62,2008,4496,"stranieri"
"9445","Femmine",62,2009,6120,"stranieri"
"9446","Femmine",62,2010,7565,"stranieri"
"9447","Femmine",62,2011,9161,"stranieri"
"9448","Femmine",62,2012,11019,"stranieri"
"9449","Femmine",62,2013,12978,"stranieri"
"9450","Femmine",62,2014,14223,"stranieri"
"9451","Femmine",62,2015,16395,"stranieri"
"9452","Femmine",62,2016,17941,"stranieri"
"9453","Femmine",62,2017,20179,"stranieri"
"9454","Femmine",62,2018,22292,"stranieri"
"9455","Femmine",63,2002,2601,"stranieri"
"9456","Femmine",63,2003,2746,"stranieri"
"9457","Femmine",63,2004,3395,"stranieri"
"9458","Femmine",63,2005,3439,"stranieri"
"9459","Femmine",63,2006,3786,"stranieri"
"9460","Femmine",63,2007,3995,"stranieri"
"9461","Femmine",63,2008,4304,"stranieri"
"9462","Femmine",63,2009,4817,"stranieri"
"9463","Femmine",63,2010,6413,"stranieri"
"9464","Femmine",63,2011,7785,"stranieri"
"9465","Femmine",63,2012,9374,"stranieri"
"9466","Femmine",63,2013,11422,"stranieri"
"9467","Femmine",63,2014,13291,"stranieri"
"9468","Femmine",63,2015,14154,"stranieri"
"9469","Femmine",63,2016,16233,"stranieri"
"9470","Femmine",63,2017,17719,"stranieri"
"9471","Femmine",63,2018,19975,"stranieri"
"9472","Femmine",64,2002,2239,"stranieri"
"9473","Femmine",64,2003,2633,"stranieri"
"9474","Femmine",64,2004,2903,"stranieri"
"9475","Femmine",64,2005,3530,"stranieri"
"9476","Femmine",64,2006,3468,"stranieri"
"9477","Femmine",64,2007,3780,"stranieri"
"9478","Femmine",64,2008,4046,"stranieri"
"9479","Femmine",64,2009,4655,"stranieri"
"9480","Femmine",64,2010,5056,"stranieri"
"9481","Femmine",64,2011,6574,"stranieri"
"9482","Femmine",64,2012,7971,"stranieri"
"9483","Femmine",64,2013,9736,"stranieri"
"9484","Femmine",64,2014,11712,"stranieri"
"9485","Femmine",64,2015,13183,"stranieri"
"9486","Femmine",64,2016,13916,"stranieri"
"9487","Femmine",64,2017,16055,"stranieri"
"9488","Femmine",64,2018,17589,"stranieri"
"9489","Femmine",65,2002,2075,"stranieri"
"9490","Femmine",65,2003,2299,"stranieri"
"9491","Femmine",65,2004,2700,"stranieri"
"9492","Femmine",65,2005,3030,"stranieri"
"9493","Femmine",65,2006,3580,"stranieri"
"9494","Femmine",65,2007,3465,"stranieri"
"9495","Femmine",65,2008,3845,"stranieri"
"9496","Femmine",65,2009,4375,"stranieri"
"9497","Femmine",65,2010,4807,"stranieri"
"9498","Femmine",65,2011,5214,"stranieri"
"9499","Femmine",65,2012,6777,"stranieri"
"9500","Femmine",65,2013,8234,"stranieri"
"9501","Femmine",65,2014,10033,"stranieri"
"9502","Femmine",65,2015,11635,"stranieri"
"9503","Femmine",65,2016,13049,"stranieri"
"9504","Femmine",65,2017,13663,"stranieri"
"9505","Femmine",65,2018,15906,"stranieri"
"9506","Femmine",66,2002,1925,"stranieri"
"9507","Femmine",66,2003,2106,"stranieri"
"9508","Femmine",66,2004,2365,"stranieri"
"9509","Femmine",66,2005,2834,"stranieri"
"9510","Femmine",66,2006,3046,"stranieri"
"9511","Femmine",66,2007,3623,"stranieri"
"9512","Femmine",66,2008,3492,"stranieri"
"9513","Femmine",66,2009,4291,"stranieri"
"9514","Femmine",66,2010,4565,"stranieri"
"9515","Femmine",66,2011,4893,"stranieri"
"9516","Femmine",66,2012,5467,"stranieri"
"9517","Femmine",66,2013,7061,"stranieri"
"9518","Femmine",66,2014,8431,"stranieri"
"9519","Femmine",66,2015,10000,"stranieri"
"9520","Femmine",66,2016,11611,"stranieri"
"9521","Femmine",66,2017,13105,"stranieri"
"9522","Femmine",66,2018,13798,"stranieri"
"9523","Femmine",67,2002,1772,"stranieri"
"9524","Femmine",67,2003,1984,"stranieri"
"9525","Femmine",67,2004,2136,"stranieri"
"9526","Femmine",67,2005,2487,"stranieri"
"9527","Femmine",67,2006,2847,"stranieri"
"9528","Femmine",67,2007,3044,"stranieri"
"9529","Femmine",67,2008,3660,"stranieri"
"9530","Femmine",67,2009,3780,"stranieri"
"9531","Femmine",67,2010,4573,"stranieri"
"9532","Femmine",67,2011,4627,"stranieri"
"9533","Femmine",67,2012,5121,"stranieri"
"9534","Femmine",67,2013,5681,"stranieri"
"9535","Femmine",67,2014,7254,"stranieri"
"9536","Femmine",67,2015,8451,"stranieri"
"9537","Femmine",67,2016,9928,"stranieri"
"9538","Femmine",67,2017,11521,"stranieri"
"9539","Femmine",67,2018,13169,"stranieri"
"9540","Femmine",68,2002,1508,"stranieri"
"9541","Femmine",68,2003,1758,"stranieri"
"9542","Femmine",68,2004,1993,"stranieri"
"9543","Femmine",68,2005,2267,"stranieri"
"9544","Femmine",68,2006,2532,"stranieri"
"9545","Femmine",68,2007,2833,"stranieri"
"9546","Femmine",68,2008,3020,"stranieri"
"9547","Femmine",68,2009,3995,"stranieri"
"9548","Femmine",68,2010,3929,"stranieri"
"9549","Femmine",68,2011,4634,"stranieri"
"9550","Femmine",68,2012,4783,"stranieri"
"9551","Femmine",68,2013,5299,"stranieri"
"9552","Femmine",68,2014,5835,"stranieri"
"9553","Femmine",68,2015,7174,"stranieri"
"9554","Femmine",68,2016,8366,"stranieri"
"9555","Femmine",68,2017,9934,"stranieri"
"9556","Femmine",68,2018,11563,"stranieri"
"9557","Femmine",69,2002,1544,"stranieri"
"9558","Femmine",69,2003,1527,"stranieri"
"9559","Femmine",69,2004,1756,"stranieri"
"9560","Femmine",69,2005,2032,"stranieri"
"9561","Femmine",69,2006,2261,"stranieri"
"9562","Femmine",69,2007,2493,"stranieri"
"9563","Femmine",69,2008,2882,"stranieri"
"9564","Femmine",69,2009,3232,"stranieri"
"9565","Femmine",69,2010,4187,"stranieri"
"9566","Femmine",69,2011,3951,"stranieri"
"9567","Femmine",69,2012,4794,"stranieri"
"9568","Femmine",69,2013,4919,"stranieri"
"9569","Femmine",69,2014,5403,"stranieri"
"9570","Femmine",69,2015,5840,"stranieri"
"9571","Femmine",69,2016,7083,"stranieri"
"9572","Femmine",69,2017,8260,"stranieri"
"9573","Femmine",69,2018,9921,"stranieri"
"9574","Femmine",70,2002,1382,"stranieri"
"9575","Femmine",70,2003,1529,"stranieri"
"9576","Femmine",70,2004,1531,"stranieri"
"9577","Femmine",70,2005,1818,"stranieri"
"9578","Femmine",70,2006,2002,"stranieri"
"9579","Femmine",70,2007,2263,"stranieri"
"9580","Femmine",70,2008,2495,"stranieri"
"9581","Femmine",70,2009,3100,"stranieri"
"9582","Femmine",70,2010,3333,"stranieri"
"9583","Femmine",70,2011,4212,"stranieri"
"9584","Femmine",70,2012,4067,"stranieri"
"9585","Femmine",70,2013,4902,"stranieri"
"9586","Femmine",70,2014,4944,"stranieri"
"9587","Femmine",70,2015,5365,"stranieri"
"9588","Femmine",70,2016,5789,"stranieri"
"9589","Femmine",70,2017,6990,"stranieri"
"9590","Femmine",70,2018,8220,"stranieri"
"9591","Femmine",71,2002,1435,"stranieri"
"9592","Femmine",71,2003,1376,"stranieri"
"9593","Femmine",71,2004,1507,"stranieri"
"9594","Femmine",71,2005,1583,"stranieri"
"9595","Femmine",71,2006,1807,"stranieri"
"9596","Femmine",71,2007,1969,"stranieri"
"9597","Femmine",71,2008,2241,"stranieri"
"9598","Femmine",71,2009,2700,"stranieri"
"9599","Femmine",71,2010,3193,"stranieri"
"9600","Femmine",71,2011,3295,"stranieri"
"9601","Femmine",71,2012,4328,"stranieri"
"9602","Femmine",71,2013,4077,"stranieri"
"9603","Femmine",71,2014,4951,"stranieri"
"9604","Femmine",71,2015,4917,"stranieri"
"9605","Femmine",71,2016,5307,"stranieri"
"9606","Femmine",71,2017,5732,"stranieri"
"9607","Femmine",71,2018,6917,"stranieri"
"9608","Femmine",72,2002,1191,"stranieri"
"9609","Femmine",72,2003,1474,"stranieri"
"9610","Femmine",72,2004,1354,"stranieri"
"9611","Femmine",72,2005,1548,"stranieri"
"9612","Femmine",72,2006,1566,"stranieri"
"9613","Femmine",72,2007,1787,"stranieri"
"9614","Femmine",72,2008,1935,"stranieri"
"9615","Femmine",72,2009,2385,"stranieri"
"9616","Femmine",72,2010,2785,"stranieri"
"9617","Femmine",72,2011,3168,"stranieri"
"9618","Femmine",72,2012,3391,"stranieri"
"9619","Femmine",72,2013,4407,"stranieri"
"9620","Femmine",72,2014,4093,"stranieri"
"9621","Femmine",72,2015,4998,"stranieri"
"9622","Femmine",72,2016,4851,"stranieri"
"9623","Femmine",72,2017,5243,"stranieri"
"9624","Femmine",72,2018,5619,"stranieri"
"9625","Femmine",73,2002,1145,"stranieri"
"9626","Femmine",73,2003,1177,"stranieri"
"9627","Femmine",73,2004,1481,"stranieri"
"9628","Femmine",73,2005,1336,"stranieri"
"9629","Femmine",73,2006,1539,"stranieri"
"9630","Femmine",73,2007,1548,"stranieri"
"9631","Femmine",73,2008,1747,"stranieri"
"9632","Femmine",73,2009,2087,"stranieri"
"9633","Femmine",73,2010,2427,"stranieri"
"9634","Femmine",73,2011,2742,"stranieri"
"9635","Femmine",73,2012,3226,"stranieri"
"9636","Femmine",73,2013,3469,"stranieri"
"9637","Femmine",73,2014,4506,"stranieri"
"9638","Femmine",73,2015,4061,"stranieri"
"9639","Femmine",73,2016,4925,"stranieri"
"9640","Femmine",73,2017,4771,"stranieri"
"9641","Femmine",73,2018,5174,"stranieri"
"9642","Femmine",74,2002,1081,"stranieri"
"9643","Femmine",74,2003,1112,"stranieri"
"9644","Femmine",74,2004,1155,"stranieri"
"9645","Femmine",74,2005,1502,"stranieri"
"9646","Femmine",74,2006,1317,"stranieri"
"9647","Femmine",74,2007,1492,"stranieri"
"9648","Femmine",74,2008,1517,"stranieri"
"9649","Femmine",74,2009,1825,"stranieri"
"9650","Femmine",74,2010,2115,"stranieri"
"9651","Femmine",74,2011,2376,"stranieri"
"9652","Femmine",74,2012,2819,"stranieri"
"9653","Femmine",74,2013,3256,"stranieri"
"9654","Femmine",74,2014,3537,"stranieri"
"9655","Femmine",74,2015,4440,"stranieri"
"9656","Femmine",74,2016,3950,"stranieri"
"9657","Femmine",74,2017,4831,"stranieri"
"9658","Femmine",74,2018,4723,"stranieri"
"9659","Femmine",75,2002,1026,"stranieri"
"9660","Femmine",75,2003,1062,"stranieri"
"9661","Femmine",75,2004,1098,"stranieri"
"9662","Femmine",75,2005,1129,"stranieri"
"9663","Femmine",75,2006,1463,"stranieri"
"9664","Femmine",75,2007,1247,"stranieri"
"9665","Femmine",75,2008,1498,"stranieri"
"9666","Femmine",75,2009,1569,"stranieri"
"9667","Femmine",75,2010,1855,"stranieri"
"9668","Femmine",75,2011,2095,"stranieri"
"9669","Femmine",75,2012,2472,"stranieri"
"9670","Femmine",75,2013,2906,"stranieri"
"9671","Femmine",75,2014,3278,"stranieri"
"9672","Femmine",75,2015,3523,"stranieri"
"9673","Femmine",75,2016,4352,"stranieri"
"9674","Femmine",75,2017,3891,"stranieri"
"9675","Femmine",75,2018,4759,"stranieri"
"9676","Femmine",76,2002,1054,"stranieri"
"9677","Femmine",76,2003,1000,"stranieri"
"9678","Femmine",76,2004,1052,"stranieri"
"9679","Femmine",76,2005,1093,"stranieri"
"9680","Femmine",76,2006,1063,"stranieri"
"9681","Femmine",76,2007,1405,"stranieri"
"9682","Femmine",76,2008,1208,"stranieri"
"9683","Femmine",76,2009,1549,"stranieri"
"9684","Femmine",76,2010,1547,"stranieri"
"9685","Femmine",76,2011,1778,"stranieri"
"9686","Femmine",76,2012,2114,"stranieri"
"9687","Femmine",76,2013,2509,"stranieri"
"9688","Femmine",76,2014,2935,"stranieri"
"9689","Femmine",76,2015,3259,"stranieri"
"9690","Femmine",76,2016,3449,"stranieri"
"9691","Femmine",76,2017,4282,"stranieri"
"9692","Femmine",76,2018,3793,"stranieri"
"9693","Femmine",77,2002,915,"stranieri"
"9694","Femmine",77,2003,1000,"stranieri"
"9695","Femmine",77,2004,961,"stranieri"
"9696","Femmine",77,2005,1063,"stranieri"
"9697","Femmine",77,2006,1057,"stranieri"
"9698","Femmine",77,2007,1012,"stranieri"
"9699","Femmine",77,2008,1375,"stranieri"
"9700","Femmine",77,2009,1179,"stranieri"
"9701","Femmine",77,2010,1529,"stranieri"
"9702","Femmine",77,2011,1512,"stranieri"
"9703","Femmine",77,2012,1777,"stranieri"
"9704","Femmine",77,2013,2158,"stranieri"
"9705","Femmine",77,2014,2535,"stranieri"
"9706","Femmine",77,2015,2907,"stranieri"
"9707","Femmine",77,2016,3178,"stranieri"
"9708","Femmine",77,2017,3358,"stranieri"
"9709","Femmine",77,2018,4210,"stranieri"
"9710","Femmine",78,2002,873,"stranieri"
"9711","Femmine",78,2003,877,"stranieri"
"9712","Femmine",78,2004,973,"stranieri"
"9713","Femmine",78,2005,921,"stranieri"
"9714","Femmine",78,2006,1024,"stranieri"
"9715","Femmine",78,2007,999,"stranieri"
"9716","Femmine",78,2008,973,"stranieri"
"9717","Femmine",78,2009,1411,"stranieri"
"9718","Femmine",78,2010,1121,"stranieri"
"9719","Femmine",78,2011,1461,"stranieri"
"9720","Femmine",78,2012,1526,"stranieri"
"9721","Femmine",78,2013,1802,"stranieri"
"9722","Femmine",78,2014,2125,"stranieri"
"9723","Femmine",78,2015,2477,"stranieri"
"9724","Femmine",78,2016,2815,"stranieri"
"9725","Femmine",78,2017,3125,"stranieri"
"9726","Femmine",78,2018,3261,"stranieri"
"9727","Femmine",79,2002,789,"stranieri"
"9728","Femmine",79,2003,818,"stranieri"
"9729","Femmine",79,2004,822,"stranieri"
"9730","Femmine",79,2005,964,"stranieri"
"9731","Femmine",79,2006,886,"stranieri"
"9732","Femmine",79,2007,976,"stranieri"
"9733","Femmine",79,2008,938,"stranieri"
"9734","Femmine",79,2009,983,"stranieri"
"9735","Femmine",79,2010,1377,"stranieri"
"9736","Femmine",79,2011,1055,"stranieri"
"9737","Femmine",79,2012,1469,"stranieri"
"9738","Femmine",79,2013,1536,"stranieri"
"9739","Femmine",79,2014,1823,"stranieri"
"9740","Femmine",79,2015,2094,"stranieri"
"9741","Femmine",79,2016,2379,"stranieri"
"9742","Femmine",79,2017,2729,"stranieri"
"9743","Femmine",79,2018,3032,"stranieri"
"9744","Femmine",80,2002,729,"stranieri"
"9745","Femmine",80,2003,777,"stranieri"
"9746","Femmine",80,2004,808,"stranieri"
"9747","Femmine",80,2005,788,"stranieri"
"9748","Femmine",80,2006,881,"stranieri"
"9749","Femmine",80,2007,833,"stranieri"
"9750","Femmine",80,2008,939,"stranieri"
"9751","Femmine",80,2009,935,"stranieri"
"9752","Femmine",80,2010,933,"stranieri"
"9753","Femmine",80,2011,1290,"stranieri"
"9754","Femmine",80,2012,1053,"stranieri"
"9755","Femmine",80,2013,1465,"stranieri"
"9756","Femmine",80,2014,1502,"stranieri"
"9757","Femmine",80,2015,1764,"stranieri"
"9758","Femmine",80,2016,2025,"stranieri"
"9759","Femmine",80,2017,2275,"stranieri"
"9760","Femmine",80,2018,2601,"stranieri"
"9761","Femmine",81,2002,724,"stranieri"
"9762","Femmine",81,2003,717,"stranieri"
"9763","Femmine",81,2004,770,"stranieri"
"9764","Femmine",81,2005,774,"stranieri"
"9765","Femmine",81,2006,754,"stranieri"
"9766","Femmine",81,2007,828,"stranieri"
"9767","Femmine",81,2008,781,"stranieri"
"9768","Femmine",81,2009,898,"stranieri"
"9769","Femmine",81,2010,895,"stranieri"
"9770","Femmine",81,2011,861,"stranieri"
"9771","Femmine",81,2012,1296,"stranieri"
"9772","Femmine",81,2013,1037,"stranieri"
"9773","Femmine",81,2014,1443,"stranieri"
"9774","Femmine",81,2015,1450,"stranieri"
"9775","Femmine",81,2016,1700,"stranieri"
"9776","Femmine",81,2017,1957,"stranieri"
"9777","Femmine",81,2018,2235,"stranieri"
"9778","Femmine",82,2002,484,"stranieri"
"9779","Femmine",82,2003,741,"stranieri"
"9780","Femmine",82,2004,714,"stranieri"
"9781","Femmine",82,2005,763,"stranieri"
"9782","Femmine",82,2006,734,"stranieri"
"9783","Femmine",82,2007,696,"stranieri"
"9784","Femmine",82,2008,778,"stranieri"
"9785","Femmine",82,2009,735,"stranieri"
"9786","Femmine",82,2010,823,"stranieri"
"9787","Femmine",82,2011,809,"stranieri"
"9788","Femmine",82,2012,840,"stranieri"
"9789","Femmine",82,2013,1286,"stranieri"
"9790","Femmine",82,2014,1030,"stranieri"
"9791","Femmine",82,2015,1386,"stranieri"
"9792","Femmine",82,2016,1381,"stranieri"
"9793","Femmine",82,2017,1623,"stranieri"
"9794","Femmine",82,2018,1851,"stranieri"
"9795","Femmine",83,2002,358,"stranieri"
"9796","Femmine",83,2003,451,"stranieri"
"9797","Femmine",83,2004,744,"stranieri"
"9798","Femmine",83,2005,663,"stranieri"
"9799","Femmine",83,2006,717,"stranieri"
"9800","Femmine",83,2007,670,"stranieri"
"9801","Femmine",83,2008,658,"stranieri"
"9802","Femmine",83,2009,738,"stranieri"
"9803","Femmine",83,2010,684,"stranieri"
"9804","Femmine",83,2011,719,"stranieri"
"9805","Femmine",83,2012,776,"stranieri"
"9806","Femmine",83,2013,840,"stranieri"
"9807","Femmine",83,2014,1223,"stranieri"
"9808","Femmine",83,2015,982,"stranieri"
"9809","Femmine",83,2016,1311,"stranieri"
"9810","Femmine",83,2017,1311,"stranieri"
"9811","Femmine",83,2018,1559,"stranieri"
"9812","Femmine",84,2002,316,"stranieri"
"9813","Femmine",84,2003,347,"stranieri"
"9814","Femmine",84,2004,442,"stranieri"
"9815","Femmine",84,2005,707,"stranieri"
"9816","Femmine",84,2006,608,"stranieri"
"9817","Femmine",84,2007,661,"stranieri"
"9818","Femmine",84,2008,638,"stranieri"
"9819","Femmine",84,2009,617,"stranieri"
"9820","Femmine",84,2010,673,"stranieri"
"9821","Femmine",84,2011,641,"stranieri"
"9822","Femmine",84,2012,691,"stranieri"
"9823","Femmine",84,2013,763,"stranieri"
"9824","Femmine",84,2014,817,"stranieri"
"9825","Femmine",84,2015,1175,"stranieri"
"9826","Femmine",84,2016,921,"stranieri"
"9827","Femmine",84,2017,1245,"stranieri"
"9828","Femmine",84,2018,1252,"stranieri"
"9829","Femmine",85,2002,317,"stranieri"
"9830","Femmine",85,2003,314,"stranieri"
"9831","Femmine",85,2004,332,"stranieri"
"9832","Femmine",85,2005,425,"stranieri"
"9833","Femmine",85,2006,653,"stranieri"
"9834","Femmine",85,2007,583,"stranieri"
"9835","Femmine",85,2008,623,"stranieri"
"9836","Femmine",85,2009,580,"stranieri"
"9837","Femmine",85,2010,540,"stranieri"
"9838","Femmine",85,2011,604,"stranieri"
"9839","Femmine",85,2012,615,"stranieri"
"9840","Femmine",85,2013,683,"stranieri"
"9841","Femmine",85,2014,731,"stranieri"
"9842","Femmine",85,2015,789,"stranieri"
"9843","Femmine",85,2016,1105,"stranieri"
"9844","Femmine",85,2017,875,"stranieri"
"9845","Femmine",85,2018,1190,"stranieri"
"9846","Femmine",86,2002,359,"stranieri"
"9847","Femmine",86,2003,295,"stranieri"
"9848","Femmine",86,2004,287,"stranieri"
"9849","Femmine",86,2005,311,"stranieri"
"9850","Femmine",86,2006,393,"stranieri"
"9851","Femmine",86,2007,596,"stranieri"
"9852","Femmine",86,2008,530,"stranieri"
"9853","Femmine",86,2009,576,"stranieri"
"9854","Femmine",86,2010,519,"stranieri"
"9855","Femmine",86,2011,476,"stranieri"
"9856","Femmine",86,2012,567,"stranieri"
"9857","Femmine",86,2013,588,"stranieri"
"9858","Femmine",86,2014,638,"stranieri"
"9859","Femmine",86,2015,696,"stranieri"
"9860","Femmine",86,2016,750,"stranieri"
"9861","Femmine",86,2017,1038,"stranieri"
"9862","Femmine",86,2018,827,"stranieri"
"9863","Femmine",87,2002,329,"stranieri"
"9864","Femmine",87,2003,353,"stranieri"
"9865","Femmine",87,2004,277,"stranieri"
"9866","Femmine",87,2005,272,"stranieri"
"9867","Femmine",87,2006,262,"stranieri"
"9868","Femmine",87,2007,351,"stranieri"
"9869","Femmine",87,2008,500,"stranieri"
"9870","Femmine",87,2009,478,"stranieri"
"9871","Femmine",87,2010,496,"stranieri"
"9872","Femmine",87,2011,439,"stranieri"
"9873","Femmine",87,2012,444,"stranieri"
"9874","Femmine",87,2013,556,"stranieri"
"9875","Femmine",87,2014,553,"stranieri"
"9876","Femmine",87,2015,603,"stranieri"
"9877","Femmine",87,2016,651,"stranieri"
"9878","Femmine",87,2017,696,"stranieri"
"9879","Femmine",87,2018,967,"stranieri"
"9880","Femmine",88,2002,348,"stranieri"
"9881","Femmine",88,2003,295,"stranieri"
"9882","Femmine",88,2004,306,"stranieri"
"9883","Femmine",88,2005,263,"stranieri"
"9884","Femmine",88,2006,221,"stranieri"
"9885","Femmine",88,2007,245,"stranieri"
"9886","Femmine",88,2008,304,"stranieri"
"9887","Femmine",88,2009,410,"stranieri"
"9888","Femmine",88,2010,381,"stranieri"
"9889","Femmine",88,2011,377,"stranieri"
"9890","Femmine",88,2012,410,"stranieri"
"9891","Femmine",88,2013,413,"stranieri"
"9892","Femmine",88,2014,522,"stranieri"
"9893","Femmine",88,2015,512,"stranieri"
"9894","Femmine",88,2016,573,"stranieri"
"9895","Femmine",88,2017,610,"stranieri"
"9896","Femmine",88,2018,634,"stranieri"
"9897","Femmine",89,2002,259,"stranieri"
"9898","Femmine",89,2003,255,"stranieri"
"9899","Femmine",89,2004,233,"stranieri"
"9900","Femmine",89,2005,275,"stranieri"
"9901","Femmine",89,2006,215,"stranieri"
"9902","Femmine",89,2007,205,"stranieri"
"9903","Femmine",89,2008,211,"stranieri"
"9904","Femmine",89,2009,267,"stranieri"
"9905","Femmine",89,2010,365,"stranieri"
"9906","Femmine",89,2011,299,"stranieri"
"9907","Femmine",89,2012,316,"stranieri"
"9908","Femmine",89,2013,379,"stranieri"
"9909","Femmine",89,2014,363,"stranieri"
"9910","Femmine",89,2015,472,"stranieri"
"9911","Femmine",89,2016,471,"stranieri"
"9912","Femmine",89,2017,525,"stranieri"
"9913","Femmine",89,2018,549,"stranieri"
"9914","Femmine",90,2002,259,"stranieri"
"9915","Femmine",90,2003,225,"stranieri"
"9916","Femmine",90,2004,209,"stranieri"
"9917","Femmine",90,2005,205,"stranieri"
"9918","Femmine",90,2006,247,"stranieri"
"9919","Femmine",90,2007,181,"stranieri"
"9920","Femmine",90,2008,181,"stranieri"
"9921","Femmine",90,2009,183,"stranieri"
"9922","Femmine",90,2010,226,"stranieri"
"9923","Femmine",90,2011,294,"stranieri"
"9924","Femmine",90,2012,278,"stranieri"
"9925","Femmine",90,2013,299,"stranieri"
"9926","Femmine",90,2014,361,"stranieri"
"9927","Femmine",90,2015,336,"stranieri"
"9928","Femmine",90,2016,425,"stranieri"
"9929","Femmine",90,2017,408,"stranieri"
"9930","Femmine",90,2018,458,"stranieri"
"9931","Femmine",91,2002,186,"stranieri"
"9932","Femmine",91,2003,229,"stranieri"
"9933","Femmine",91,2004,198,"stranieri"
"9934","Femmine",91,2005,186,"stranieri"
"9935","Femmine",91,2006,182,"stranieri"
"9936","Femmine",91,2007,212,"stranieri"
"9937","Femmine",91,2008,155,"stranieri"
"9938","Femmine",91,2009,147,"stranieri"
"9939","Femmine",91,2010,157,"stranieri"
"9940","Femmine",91,2011,179,"stranieri"
"9941","Femmine",91,2012,267,"stranieri"
"9942","Femmine",91,2013,250,"stranieri"
"9943","Femmine",91,2014,260,"stranieri"
"9944","Femmine",91,2015,330,"stranieri"
"9945","Femmine",91,2016,302,"stranieri"
"9946","Femmine",91,2017,375,"stranieri"
"9947","Femmine",91,2018,361,"stranieri"
"9948","Femmine",92,2002,139,"stranieri"
"9949","Femmine",92,2003,180,"stranieri"
"9950","Femmine",92,2004,187,"stranieri"
"9951","Femmine",92,2005,183,"stranieri"
"9952","Femmine",92,2006,154,"stranieri"
"9953","Femmine",92,2007,156,"stranieri"
"9954","Femmine",92,2008,171,"stranieri"
"9955","Femmine",92,2009,128,"stranieri"
"9956","Femmine",92,2010,113,"stranieri"
"9957","Femmine",92,2011,113,"stranieri"
"9958","Femmine",92,2012,161,"stranieri"
"9959","Femmine",92,2013,240,"stranieri"
"9960","Femmine",92,2014,216,"stranieri"
"9961","Femmine",92,2015,235,"stranieri"
"9962","Femmine",92,2016,271,"stranieri"
"9963","Femmine",92,2017,273,"stranieri"
"9964","Femmine",92,2018,327,"stranieri"
"9965","Femmine",93,2002,109,"stranieri"
"9966","Femmine",93,2003,132,"stranieri"
"9967","Femmine",93,2004,138,"stranieri"
"9968","Femmine",93,2005,168,"stranieri"
"9969","Femmine",93,2006,163,"stranieri"
"9970","Femmine",93,2007,130,"stranieri"
"9971","Femmine",93,2008,138,"stranieri"
"9972","Femmine",93,2009,149,"stranieri"
"9973","Femmine",93,2010,96,"stranieri"
"9974","Femmine",93,2011,85,"stranieri"
"9975","Femmine",93,2012,99,"stranieri"
"9976","Femmine",93,2013,143,"stranieri"
"9977","Femmine",93,2014,212,"stranieri"
"9978","Femmine",93,2015,189,"stranieri"
"9979","Femmine",93,2016,201,"stranieri"
"9980","Femmine",93,2017,247,"stranieri"
"9981","Femmine",93,2018,235,"stranieri"
"9982","Femmine",94,2002,67,"stranieri"
"9983","Femmine",94,2003,92,"stranieri"
"9984","Femmine",94,2004,108,"stranieri"
"9985","Femmine",94,2005,135,"stranieri"
"9986","Femmine",94,2006,135,"stranieri"
"9987","Femmine",94,2007,136,"stranieri"
"9988","Femmine",94,2008,102,"stranieri"
"9989","Femmine",94,2009,109,"stranieri"
"9990","Femmine",94,2010,110,"stranieri"
"9991","Femmine",94,2011,77,"stranieri"
"9992","Femmine",94,2012,72,"stranieri"
"9993","Femmine",94,2013,85,"stranieri"
"9994","Femmine",94,2014,128,"stranieri"
"9995","Femmine",94,2015,185,"stranieri"
"9996","Femmine",94,2016,167,"stranieri"
"9997","Femmine",94,2017,169,"stranieri"
"9998","Femmine",94,2018,216,"stranieri"
"9999","Femmine",95,2002,68,"stranieri"
"10000","Femmine",95,2003,59,"stranieri"
"10001","Femmine",95,2004,79,"stranieri"
"10002","Femmine",95,2005,90,"stranieri"
"10003","Femmine",95,2006,112,"stranieri"
"10004","Femmine",95,2007,109,"stranieri"
"10005","Femmine",95,2008,109,"stranieri"
"10006","Femmine",95,2009,77,"stranieri"
"10007","Femmine",95,2010,87,"stranieri"
"10008","Femmine",95,2011,73,"stranieri"
"10009","Femmine",95,2012,62,"stranieri"
"10010","Femmine",95,2013,67,"stranieri"
"10011","Femmine",95,2014,65,"stranieri"
"10012","Femmine",95,2015,111,"stranieri"
"10013","Femmine",95,2016,165,"stranieri"
"10014","Femmine",95,2017,142,"stranieri"
"10015","Femmine",95,2018,146,"stranieri"
"10016","Femmine",96,2002,42,"stranieri"
"10017","Femmine",96,2003,69,"stranieri"
"10018","Femmine",96,2004,46,"stranieri"
"10019","Femmine",96,2005,58,"stranieri"
"10020","Femmine",96,2006,73,"stranieri"
"10021","Femmine",96,2007,97,"stranieri"
"10022","Femmine",96,2008,85,"stranieri"
"10023","Femmine",96,2009,86,"stranieri"
"10024","Femmine",96,2010,60,"stranieri"
"10025","Femmine",96,2011,65,"stranieri"
"10026","Femmine",96,2012,60,"stranieri"
"10027","Femmine",96,2013,46,"stranieri"
"10028","Femmine",96,2014,48,"stranieri"
"10029","Femmine",96,2015,55,"stranieri"
"10030","Femmine",96,2016,94,"stranieri"
"10031","Femmine",96,2017,143,"stranieri"
"10032","Femmine",96,2018,106,"stranieri"
"10033","Femmine",97,2002,26,"stranieri"
"10034","Femmine",97,2003,39,"stranieri"
"10035","Femmine",97,2004,58,"stranieri"
"10036","Femmine",97,2005,40,"stranieri"
"10037","Femmine",97,2006,40,"stranieri"
"10038","Femmine",97,2007,62,"stranieri"
"10039","Femmine",97,2008,80,"stranieri"
"10040","Femmine",97,2009,56,"stranieri"
"10041","Femmine",97,2010,69,"stranieri"
"10042","Femmine",97,2011,38,"stranieri"
"10043","Femmine",97,2012,51,"stranieri"
"10044","Femmine",97,2013,48,"stranieri"
"10045","Femmine",97,2014,36,"stranieri"
"10046","Femmine",97,2015,46,"stranieri"
"10047","Femmine",97,2016,39,"stranieri"
"10048","Femmine",97,2017,73,"stranieri"
"10049","Femmine",97,2018,121,"stranieri"
"10050","Femmine",98,2002,13,"stranieri"
"10051","Femmine",98,2003,27,"stranieri"
"10052","Femmine",98,2004,33,"stranieri"
"10053","Femmine",98,2005,50,"stranieri"
"10054","Femmine",98,2006,31,"stranieri"
"10055","Femmine",98,2007,28,"stranieri"
"10056","Femmine",98,2008,48,"stranieri"
"10057","Femmine",98,2009,61,"stranieri"
"10058","Femmine",98,2010,42,"stranieri"
"10059","Femmine",98,2011,32,"stranieri"
"10060","Femmine",98,2012,29,"stranieri"
"10061","Femmine",98,2013,41,"stranieri"
"10062","Femmine",98,2014,37,"stranieri"
"10063","Femmine",98,2015,26,"stranieri"
"10064","Femmine",98,2016,35,"stranieri"
"10065","Femmine",98,2017,32,"stranieri"
"10066","Femmine",98,2018,58,"stranieri"
"10067","Femmine",99,2002,12,"stranieri"
"10068","Femmine",99,2003,11,"stranieri"
"10069","Femmine",99,2004,23,"stranieri"
"10070","Femmine",99,2005,29,"stranieri"
"10071","Femmine",99,2006,39,"stranieri"
"10072","Femmine",99,2007,25,"stranieri"
"10073","Femmine",99,2008,22,"stranieri"
"10074","Femmine",99,2009,33,"stranieri"
"10075","Femmine",99,2010,46,"stranieri"
"10076","Femmine",99,2011,23,"stranieri"
"10077","Femmine",99,2012,22,"stranieri"
"10078","Femmine",99,2013,22,"stranieri"
"10079","Femmine",99,2014,31,"stranieri"
"10080","Femmine",99,2015,30,"stranieri"
"10081","Femmine",99,2016,23,"stranieri"
"10082","Femmine",99,2017,26,"stranieri"
"10083","Femmine",99,2018,27,"stranieri"
"10084","Femmine",100,2002,19,"stranieri"
"10085","Femmine",100,2003,32,"stranieri"
"10086","Femmine",100,2004,50,"stranieri"
"10087","Femmine",100,2005,61,"stranieri"
"10088","Femmine",100,2006,74,"stranieri"
"10089","Femmine",100,2007,96,"stranieri"
"10090","Femmine",100,2008,97,"stranieri"
"10091","Femmine",100,2009,93,"stranieri"
"10092","Femmine",100,2010,73,"stranieri"
"10093","Femmine",100,2011,51,"stranieri"
"10094","Femmine",100,2012,45,"stranieri"
"10095","Femmine",100,2013,45,"stranieri"
"10096","Femmine",100,2014,57,"stranieri"
"10097","Femmine",100,2015,61,"stranieri"
"10098","Femmine",100,2016,66,"stranieri"
"10099","Femmine",100,2017,72,"stranieri"
"10100","Femmine",100,2018,73,"stranieri"
