"","sex","age","year","population","citizenship"
"1","Maschi",0,2019,31553,"stranieri"
"2","Maschi",0,2020,30882,"stranieri"
"3","Maschi",0,2021,30943,"stranieri"
"4","Maschi",0,2022,27466,"stranieri"
"5","Maschi",0,2023,26991,"stranieri"
"6","Maschi",0,2024,25955,"stranieri"
"7","Maschi",0,2025,25221,"stranieri"
"8","Maschi",0,2026,25636,"stranieri"
"9","Maschi",1,2019,33498,"stranieri"
"10","Maschi",1,2020,31605,"stranieri"
"11","Maschi",1,2021,31297,"stranieri"
"12","Maschi",1,2022,29814,"stranieri"
"13","Maschi",1,2023,27015,"stranieri"
"14","Maschi",1,2024,26364,"stranieri"
"15","Maschi",1,2025,25464,"stranieri"
"16","Maschi",1,2026,25978,"stranieri"
"17","Maschi",2,2019,33814,"stranieri"
"18","Maschi",2,2020,33289,"stranieri"
"19","Maschi",2,2021,32613,"stranieri"
"20","Maschi",2,2022,31360,"stranieri"
"21","Maschi",2,2023,29607,"stranieri"
"22","Maschi",2,2024,26852,"stranieri"
"23","Maschi",2,2025,26102,"stranieri"
"24","Maschi",2,2026,26235,"stranieri"
"25","Maschi",3,2019,33307,"stranieri"
"26","Maschi",3,2020,33589,"stranieri"
"27","Maschi",3,2021,34473,"stranieri"
"28","Maschi",3,2022,32481,"stranieri"
"29","Maschi",3,2023,31172,"stranieri"
"30","Maschi",3,2024,29491,"stranieri"
"31","Maschi",3,2025,26539,"stranieri"
"32","Maschi",3,2026,27224,"stranieri"
"33","Maschi",4,2019,33717,"stranieri"
"34","Maschi",4,2020,33106,"stranieri"
"35","Maschi",4,2021,35141,"stranieri"
"36","Maschi",4,2022,34147,"stranieri"
"37","Maschi",4,2023,31922,"stranieri"
"38","Maschi",4,2024,30847,"stranieri"
"39","Maschi",4,2025,29015,"stranieri"
"40","Maschi",4,2026,27660,"stranieri"
"41","Maschi",5,2019,33130,"stranieri"
"42","Maschi",5,2020,33495,"stranieri"
"43","Maschi",5,2021,34794,"stranieri"
"44","Maschi",5,2022,33887,"stranieri"
"45","Maschi",5,2023,33504,"stranieri"
"46","Maschi",5,2024,31631,"stranieri"
"47","Maschi",5,2025,30300,"stranieri"
"48","Maschi",5,2026,30036,"stranieri"
"49","Maschi",6,2019,33656,"stranieri"
"50","Maschi",6,2020,32722,"stranieri"
"51","Maschi",6,2021,33117,"stranieri"
"52","Maschi",6,2022,33194,"stranieri"
"53","Maschi",6,2023,33203,"stranieri"
"54","Maschi",6,2024,32797,"stranieri"
"55","Maschi",6,2025,30953,"stranieri"
"56","Maschi",6,2026,31239,"stranieri"
"57","Maschi",7,2019,31805,"stranieri"
"58","Maschi",7,2020,33073,"stranieri"
"59","Maschi",7,2021,32268,"stranieri"
"60","Maschi",7,2022,33229,"stranieri"
"61","Maschi",7,2023,32449,"stranieri"
"62","Maschi",7,2024,32573,"stranieri"
"63","Maschi",7,2025,32087,"stranieri"
"64","Maschi",7,2026,31777,"stranieri"
"65","Maschi",8,2019,30975,"stranieri"
"66","Maschi",8,2020,31328,"stranieri"
"67","Maschi",8,2021,32477,"stranieri"
"68","Maschi",8,2022,32137,"stranieri"
"69","Maschi",8,2023,32386,"stranieri"
"70","Maschi",8,2024,31972,"stranieri"
"71","Maschi",8,2025,31987,"stranieri"
"72","Maschi",8,2026,32962,"stranieri"
"73","Maschi",9,2019,30475,"stranieri"
"74","Maschi",9,2020,30549,"stranieri"
"75","Maschi",9,2021,30651,"stranieri"
"76","Maschi",9,2022,32502,"stranieri"
"77","Maschi",9,2023,31340,"stranieri"
"78","Maschi",9,2024,31847,"stranieri"
"79","Maschi",9,2025,31309,"stranieri"
"80","Maschi",9,2026,32823,"stranieri"
"81","Maschi",10,2019,28939,"stranieri"
"82","Maschi",10,2020,29892,"stranieri"
"83","Maschi",10,2021,30048,"stranieri"
"84","Maschi",10,2022,30463,"stranieri"
"85","Maschi",10,2023,31654,"stranieri"
"86","Maschi",10,2024,30867,"stranieri"
"87","Maschi",10,2025,31228,"stranieri"
"88","Maschi",10,2026,32065,"stranieri"
"89","Maschi",11,2019,27409,"stranieri"
"90","Maschi",11,2020,28533,"stranieri"
"91","Maschi",11,2021,29480,"stranieri"
"92","Maschi",11,2022,29875,"stranieri"
"93","Maschi",11,2023,29700,"stranieri"
"94","Maschi",11,2024,31302,"stranieri"
"95","Maschi",11,2025,30368,"stranieri"
"96","Maschi",11,2026,31998,"stranieri"
"97","Maschi",12,2019,26247,"stranieri"
"98","Maschi",12,2020,27205,"stranieri"
"99","Maschi",12,2021,28446,"stranieri"
"100","Maschi",12,2022,29204,"stranieri"
"101","Maschi",12,2023,29142,"stranieri"
"102","Maschi",12,2024,29420,"stranieri"
"103","Maschi",12,2025,30971,"stranieri"
"104","Maschi",12,2026,31289,"stranieri"
"105","Maschi",13,2019,24445,"stranieri"
"106","Maschi",13,2020,26209,"stranieri"
"107","Maschi",13,2021,27393,"stranieri"
"108","Maschi",13,2022,28298,"stranieri"
"109","Maschi",13,2023,28576,"stranieri"
"110","Maschi",13,2024,29092,"stranieri"
"111","Maschi",13,2025,29299,"stranieri"
"112","Maschi",13,2026,32062,"stranieri"
"113","Maschi",14,2019,23554,"stranieri"
"114","Maschi",14,2020,24568,"stranieri"
"115","Maschi",14,2021,26508,"stranieri"
"116","Maschi",14,2022,27400,"stranieri"
"117","Maschi",14,2023,28020,"stranieri"
"118","Maschi",14,2024,28831,"stranieri"
"119","Maschi",14,2025,29204,"stranieri"
"120","Maschi",14,2026,30463,"stranieri"
"121","Maschi",15,2019,22096,"stranieri"
"122","Maschi",15,2020,23888,"stranieri"
"123","Maschi",15,2021,25257,"stranieri"
"124","Maschi",15,2022,26629,"stranieri"
"125","Maschi",15,2023,27156,"stranieri"
"126","Maschi",15,2024,28434,"stranieri"
"127","Maschi",15,2025,29296,"stranieri"
"128","Maschi",15,2026,30518,"stranieri"
"129","Maschi",16,2019,22550,"stranieri"
"130","Maschi",16,2020,22625,"stranieri"
"131","Maschi",16,2021,24644,"stranieri"
"132","Maschi",16,2022,25489,"stranieri"
"133","Maschi",16,2023,26947,"stranieri"
"134","Maschi",16,2024,28233,"stranieri"
"135","Maschi",16,2025,29739,"stranieri"
"136","Maschi",16,2026,31013,"stranieri"
"137","Maschi",17,2019,24220,"stranieri"
"138","Maschi",17,2020,23487,"stranieri"
"139","Maschi",17,2021,23681,"stranieri"
"140","Maschi",17,2022,25783,"stranieri"
"141","Maschi",17,2023,26892,"stranieri"
"142","Maschi",17,2024,29129,"stranieri"
"143","Maschi",17,2025,31601,"stranieri"
"144","Maschi",17,2026,31928,"stranieri"
"145","Maschi",18,2019,27545,"stranieri"
"146","Maschi",18,2020,23693,"stranieri"
"147","Maschi",18,2021,22414,"stranieri"
"148","Maschi",18,2022,22016,"stranieri"
"149","Maschi",18,2023,26224,"stranieri"
"150","Maschi",18,2024,26835,"stranieri"
"151","Maschi",18,2025,29956,"stranieri"
"152","Maschi",18,2026,34277,"stranieri"
"153","Maschi",19,2019,33681,"stranieri"
"154","Maschi",19,2020,28197,"stranieri"
"155","Maschi",19,2021,25603,"stranieri"
"156","Maschi",19,2022,22307,"stranieri"
"157","Maschi",19,2023,23741,"stranieri"
"158","Maschi",19,2024,29066,"stranieri"
"159","Maschi",19,2025,30382,"stranieri"
"160","Maschi",19,2026,33063,"stranieri"
"161","Maschi",20,2019,40047,"stranieri"
"162","Maschi",20,2020,34679,"stranieri"
"163","Maschi",20,2021,32498,"stranieri"
"164","Maschi",20,2022,25818,"stranieri"
"165","Maschi",20,2023,25515,"stranieri"
"166","Maschi",20,2024,28456,"stranieri"
"167","Maschi",20,2025,35153,"stranieri"
"168","Maschi",20,2026,33926,"stranieri"
"169","Maschi",21,2019,39578,"stranieri"
"170","Maschi",21,2020,39905,"stranieri"
"171","Maschi",21,2021,39409,"stranieri"
"172","Maschi",21,2022,31723,"stranieri"
"173","Maschi",21,2023,28703,"stranieri"
"174","Maschi",21,2024,29777,"stranieri"
"175","Maschi",21,2025,34063,"stranieri"
"176","Maschi",21,2026,38873,"stranieri"
"177","Maschi",22,2019,39297,"stranieri"
"178","Maschi",22,2020,39215,"stranieri"
"179","Maschi",22,2021,44880,"stranieri"
"180","Maschi",22,2022,37142,"stranieri"
"181","Maschi",22,2023,34336,"stranieri"
"182","Maschi",22,2024,32532,"stranieri"
"183","Maschi",22,2025,34995,"stranieri"
"184","Maschi",22,2026,38527,"stranieri"
"185","Maschi",23,2019,39063,"stranieri"
"186","Maschi",23,2020,39036,"stranieri"
"187","Maschi",23,2021,44050,"stranieri"
"188","Maschi",23,2022,41630,"stranieri"
"189","Maschi",23,2023,39656,"stranieri"
"190","Maschi",23,2024,38494,"stranieri"
"191","Maschi",23,2025,37215,"stranieri"
"192","Maschi",23,2026,39979,"stranieri"
"193","Maschi",24,2019,39197,"stranieri"
"194","Maschi",24,2020,39212,"stranieri"
"195","Maschi",24,2021,43992,"stranieri"
"196","Maschi",24,2022,41099,"stranieri"
"197","Maschi",24,2023,44382,"stranieri"
"198","Maschi",24,2024,43996,"stranieri"
"199","Maschi",24,2025,44320,"stranieri"
"200","Maschi",24,2026,42653,"stranieri"
"201","Maschi",25,2019,38788,"stranieri"
"202","Maschi",25,2020,39545,"stranieri"
"203","Maschi",25,2021,44080,"stranieri"
"204","Maschi",25,2022,41531,"stranieri"
"205","Maschi",25,2023,44008,"stranieri"
"206","Maschi",25,2024,49224,"stranieri"
"207","Maschi",25,2025,49648,"stranieri"
"208","Maschi",25,2026,50119,"stranieri"
"209","Maschi",26,2019,42366,"stranieri"
"210","Maschi",26,2020,39437,"stranieri"
"211","Maschi",26,2021,44143,"stranieri"
"212","Maschi",26,2022,41827,"stranieri"
"213","Maschi",26,2023,44817,"stranieri"
"214","Maschi",26,2024,48390,"stranieri"
"215","Maschi",26,2025,54913,"stranieri"
"216","Maschi",26,2026,55855,"stranieri"
"217","Maschi",27,2019,42166,"stranieri"
"218","Maschi",27,2020,43021,"stranieri"
"219","Maschi",27,2021,43478,"stranieri"
"220","Maschi",27,2022,42177,"stranieri"
"221","Maschi",27,2023,45018,"stranieri"
"222","Maschi",27,2024,49225,"stranieri"
"223","Maschi",27,2025,53672,"stranieri"
"224","Maschi",27,2026,61106,"stranieri"
"225","Maschi",28,2019,47695,"stranieri"
"226","Maschi",28,2020,42944,"stranieri"
"227","Maschi",28,2021,47164,"stranieri"
"228","Maschi",28,2022,41738,"stranieri"
"229","Maschi",28,2023,45298,"stranieri"
"230","Maschi",28,2024,49108,"stranieri"
"231","Maschi",28,2025,54160,"stranieri"
"232","Maschi",28,2026,59927,"stranieri"
"233","Maschi",29,2019,49138,"stranieri"
"234","Maschi",29,2020,48218,"stranieri"
"235","Maschi",29,2021,46016,"stranieri"
"236","Maschi",29,2022,45217,"stranieri"
"237","Maschi",29,2023,44638,"stranieri"
"238","Maschi",29,2024,49269,"stranieri"
"239","Maschi",29,2025,53576,"stranieri"
"240","Maschi",29,2026,60317,"stranieri"
"241","Maschi",30,2019,52836,"stranieri"
"242","Maschi",30,2020,49555,"stranieri"
"243","Maschi",30,2021,51287,"stranieri"
"244","Maschi",30,2022,44138,"stranieri"
"245","Maschi",30,2023,48034,"stranieri"
"246","Maschi",30,2024,48291,"stranieri"
"247","Maschi",30,2025,53182,"stranieri"
"248","Maschi",30,2026,59454,"stranieri"
"249","Maschi",31,2019,54533,"stranieri"
"250","Maschi",31,2020,53155,"stranieri"
"251","Maschi",31,2021,51872,"stranieri"
"252","Maschi",31,2022,49308,"stranieri"
"253","Maschi",31,2023,46685,"stranieri"
"254","Maschi",31,2024,51515,"stranieri"
"255","Maschi",31,2025,51909,"stranieri"
"256","Maschi",31,2026,58754,"stranieri"
"257","Maschi",32,2019,55666,"stranieri"
"258","Maschi",32,2020,54765,"stranieri"
"259","Maschi",32,2021,55403,"stranieri"
"260","Maschi",32,2022,50044,"stranieri"
"261","Maschi",32,2023,51678,"stranieri"
"262","Maschi",32,2024,49458,"stranieri"
"263","Maschi",32,2025,54841,"stranieri"
"264","Maschi",32,2026,57162,"stranieri"
"265","Maschi",33,2019,55646,"stranieri"
"266","Maschi",33,2020,55794,"stranieri"
"267","Maschi",33,2021,56936,"stranieri"
"268","Maschi",33,2022,53998,"stranieri"
"269","Maschi",33,2023,52101,"stranieri"
"270","Maschi",33,2024,54556,"stranieri"
"271","Maschi",33,2025,52288,"stranieri"
"272","Maschi",33,2026,59502,"stranieri"
"273","Maschi",34,2019,56769,"stranieri"
"274","Maschi",34,2020,55704,"stranieri"
"275","Maschi",34,2021,57539,"stranieri"
"276","Maschi",34,2022,55283,"stranieri"
"277","Maschi",34,2023,55740,"stranieri"
"278","Maschi",34,2024,54636,"stranieri"
"279","Maschi",34,2025,57320,"stranieri"
"280","Maschi",34,2026,56586,"stranieri"
"281","Maschi",35,2019,55382,"stranieri"
"282","Maschi",35,2020,56742,"stranieri"
"283","Maschi",35,2021,57270,"stranieri"
"284","Maschi",35,2022,56005,"stranieri"
"285","Maschi",35,2023,56809,"stranieri"
"286","Maschi",35,2024,58211,"stranieri"
"287","Maschi",35,2025,56859,"stranieri"
"288","Maschi",35,2026,60819,"stranieri"
"289","Maschi",36,2019,58100,"stranieri"
"290","Maschi",36,2020,55271,"stranieri"
"291","Maschi",36,2021,58041,"stranieri"
"292","Maschi",36,2022,55880,"stranieri"
"293","Maschi",36,2023,57087,"stranieri"
"294","Maschi",36,2024,58753,"stranieri"
"295","Maschi",36,2025,60267,"stranieri"
"296","Maschi",36,2026,59888,"stranieri"
"297","Maschi",37,2019,56890,"stranieri"
"298","Maschi",37,2020,57867,"stranieri"
"299","Maschi",37,2021,56816,"stranieri"
"300","Maschi",37,2022,56478,"stranieri"
"301","Maschi",37,2023,56786,"stranieri"
"302","Maschi",37,2024,58642,"stranieri"
"303","Maschi",37,2025,60132,"stranieri"
"304","Maschi",37,2026,62780,"stranieri"
"305","Maschi",38,2019,59848,"stranieri"
"306","Maschi",38,2020,56606,"stranieri"
"307","Maschi",38,2021,59216,"stranieri"
"308","Maschi",38,2022,55065,"stranieri"
"309","Maschi",38,2023,56884,"stranieri"
"310","Maschi",38,2024,57952,"stranieri"
"311","Maschi",38,2025,59528,"stranieri"
"312","Maschi",38,2026,62376,"stranieri"
"313","Maschi",39,2019,57217,"stranieri"
"314","Maschi",39,2020,59397,"stranieri"
"315","Maschi",39,2021,57764,"stranieri"
"316","Maschi",39,2022,57551,"stranieri"
"317","Maschi",39,2023,55378,"stranieri"
"318","Maschi",39,2024,57745,"stranieri"
"319","Maschi",39,2025,58677,"stranieri"
"320","Maschi",39,2026,61147,"stranieri"
"321","Maschi",40,2019,56845,"stranieri"
"322","Maschi",40,2020,56558,"stranieri"
"323","Maschi",40,2021,60224,"stranieri"
"324","Maschi",40,2022,55875,"stranieri"
"325","Maschi",40,2023,57527,"stranieri"
"326","Maschi",40,2024,55869,"stranieri"
"327","Maschi",40,2025,57973,"stranieri"
"328","Maschi",40,2026,60013,"stranieri"
"329","Maschi",41,2019,54377,"stranieri"
"330","Maschi",41,2020,56135,"stranieri"
"331","Maschi",41,2021,57033,"stranieri"
"332","Maschi",41,2022,58351,"stranieri"
"333","Maschi",41,2023,55637,"stranieri"
"334","Maschi",41,2024,57751,"stranieri"
"335","Maschi",41,2025,55636,"stranieri"
"336","Maschi",41,2026,58880,"stranieri"
"337","Maschi",42,2019,52279,"stranieri"
"338","Maschi",42,2020,53622,"stranieri"
"339","Maschi",42,2021,56498,"stranieri"
"340","Maschi",42,2022,55222,"stranieri"
"341","Maschi",42,2023,57821,"stranieri"
"342","Maschi",42,2024,55603,"stranieri"
"343","Maschi",42,2025,57435,"stranieri"
"344","Maschi",42,2026,56495,"stranieri"
"345","Maschi",43,2019,50311,"stranieri"
"346","Maschi",43,2020,51604,"stranieri"
"347","Maschi",43,2021,54049,"stranieri"
"348","Maschi",43,2022,54588,"stranieri"
"349","Maschi",43,2023,54340,"stranieri"
"350","Maschi",43,2024,57637,"stranieri"
"351","Maschi",43,2025,54914,"stranieri"
"352","Maschi",43,2026,57948,"stranieri"
"353","Maschi",44,2019,47545,"stranieri"
"354","Maschi",44,2020,49731,"stranieri"
"355","Maschi",44,2021,51839,"stranieri"
"356","Maschi",44,2022,52292,"stranieri"
"357","Maschi",44,2023,53556,"stranieri"
"358","Maschi",44,2024,53892,"stranieri"
"359","Maschi",44,2025,56808,"stranieri"
"360","Maschi",44,2026,55167,"stranieri"
"361","Maschi",45,2019,43445,"stranieri"
"362","Maschi",45,2020,46711,"stranieri"
"363","Maschi",45,2021,50319,"stranieri"
"364","Maschi",45,2022,50145,"stranieri"
"365","Maschi",45,2023,51139,"stranieri"
"366","Maschi",45,2024,53120,"stranieri"
"367","Maschi",45,2025,53033,"stranieri"
"368","Maschi",45,2026,56752,"stranieri"
"369","Maschi",46,2019,42929,"stranieri"
"370","Maschi",46,2020,42627,"stranieri"
"371","Maschi",46,2021,47139,"stranieri"
"372","Maschi",46,2022,48407,"stranieri"
"373","Maschi",46,2023,49097,"stranieri"
"374","Maschi",46,2024,50638,"stranieri"
"375","Maschi",46,2025,52186,"stranieri"
"376","Maschi",46,2026,52914,"stranieri"
"377","Maschi",47,2019,39397,"stranieri"
"378","Maschi",47,2020,42220,"stranieri"
"379","Maschi",47,2021,43044,"stranieri"
"380","Maschi",47,2022,45459,"stranieri"
"381","Maschi",47,2023,47314,"stranieri"
"382","Maschi",47,2024,48461,"stranieri"
"383","Maschi",47,2025,49611,"stranieri"
"384","Maschi",47,2026,51888,"stranieri"
"385","Maschi",48,2019,39512,"stranieri"
"386","Maschi",48,2020,38833,"stranieri"
"387","Maschi",48,2021,42733,"stranieri"
"388","Maschi",48,2022,41467,"stranieri"
"389","Maschi",48,2023,44168,"stranieri"
"390","Maschi",48,2024,46864,"stranieri"
"391","Maschi",48,2025,47411,"stranieri"
"392","Maschi",48,2026,49294,"stranieri"
"393","Maschi",49,2019,37455,"stranieri"
"394","Maschi",49,2020,38755,"stranieri"
"395","Maschi",49,2021,39214,"stranieri"
"396","Maschi",49,2022,40910,"stranieri"
"397","Maschi",49,2023,40478,"stranieri"
"398","Maschi",49,2024,43840,"stranieri"
"399","Maschi",49,2025,45881,"stranieri"
"400","Maschi",49,2026,46776,"stranieri"
"401","Maschi",50,2019,37064,"stranieri"
"402","Maschi",50,2020,36751,"stranieri"
"403","Maschi",50,2021,39128,"stranieri"
"404","Maschi",50,2022,37445,"stranieri"
"405","Maschi",50,2023,39939,"stranieri"
"406","Maschi",50,2024,40097,"stranieri"
"407","Maschi",50,2025,42985,"stranieri"
"408","Maschi",50,2026,45120,"stranieri"
"409","Maschi",51,2019,33251,"stranieri"
"410","Maschi",51,2020,36299,"stranieri"
"411","Maschi",51,2021,37061,"stranieri"
"412","Maschi",51,2022,37536,"stranieri"
"413","Maschi",51,2023,36581,"stranieri"
"414","Maschi",51,2024,39602,"stranieri"
"415","Maschi",51,2025,39073,"stranieri"
"416","Maschi",51,2026,42328,"stranieri"
"417","Maschi",52,2019,28119,"stranieri"
"418","Maschi",52,2020,32686,"stranieri"
"419","Maschi",52,2021,36312,"stranieri"
"420","Maschi",52,2022,35569,"stranieri"
"421","Maschi",52,2023,36503,"stranieri"
"422","Maschi",52,2024,36263,"stranieri"
"423","Maschi",52,2025,38818,"stranieri"
"424","Maschi",52,2026,38565,"stranieri"
"425","Maschi",53,2019,26487,"stranieri"
"426","Maschi",53,2020,27608,"stranieri"
"427","Maschi",53,2021,32684,"stranieri"
"428","Maschi",53,2022,34916,"stranieri"
"429","Maschi",53,2023,34806,"stranieri"
"430","Maschi",53,2024,36110,"stranieri"
"431","Maschi",53,2025,35461,"stranieri"
"432","Maschi",53,2026,38149,"stranieri"
"433","Maschi",54,2019,24838,"stranieri"
"434","Maschi",54,2020,26007,"stranieri"
"435","Maschi",54,2021,27748,"stranieri"
"436","Maschi",54,2022,31385,"stranieri"
"437","Maschi",54,2023,33971,"stranieri"
"438","Maschi",54,2024,34439,"stranieri"
"439","Maschi",54,2025,35299,"stranieri"
"440","Maschi",54,2026,34752,"stranieri"
"441","Maschi",55,2019,22732,"stranieri"
"442","Maschi",55,2020,24336,"stranieri"
"443","Maschi",55,2021,26067,"stranieri"
"444","Maschi",55,2022,26606,"stranieri"
"445","Maschi",55,2023,30591,"stranieri"
"446","Maschi",55,2024,33763,"stranieri"
"447","Maschi",55,2025,33702,"stranieri"
"448","Maschi",55,2026,34586,"stranieri"
"449","Maschi",56,2019,21439,"stranieri"
"450","Maschi",56,2020,22403,"stranieri"
"451","Maschi",56,2021,24403,"stranieri"
"452","Maschi",56,2022,25003,"stranieri"
"453","Maschi",56,2023,25957,"stranieri"
"454","Maschi",56,2024,30284,"stranieri"
"455","Maschi",56,2025,32990,"stranieri"
"456","Maschi",56,2026,32893,"stranieri"
"457","Maschi",57,2019,18670,"stranieri"
"458","Maschi",57,2020,21030,"stranieri"
"459","Maschi",57,2021,22186,"stranieri"
"460","Maschi",57,2022,23442,"stranieri"
"461","Maschi",57,2023,24324,"stranieri"
"462","Maschi",57,2024,25769,"stranieri"
"463","Maschi",57,2025,29594,"stranieri"
"464","Maschi",57,2026,32162,"stranieri"
"465","Maschi",58,2019,18547,"stranieri"
"466","Maschi",58,2020,18328,"stranieri"
"467","Maschi",58,2021,20715,"stranieri"
"468","Maschi",58,2022,21356,"stranieri"
"469","Maschi",58,2023,22830,"stranieri"
"470","Maschi",58,2024,24162,"stranieri"
"471","Maschi",58,2025,25222,"stranieri"
"472","Maschi",58,2026,28864,"stranieri"
"473","Maschi",59,2019,15997,"stranieri"
"474","Maschi",59,2020,18251,"stranieri"
"475","Maschi",59,2021,17950,"stranieri"
"476","Maschi",59,2022,19893,"stranieri"
"477","Maschi",59,2023,20780,"stranieri"
"478","Maschi",59,2024,22604,"stranieri"
"479","Maschi",59,2025,23615,"stranieri"
"480","Maschi",59,2026,24568,"stranieri"
"481","Maschi",60,2019,14966,"stranieri"
"482","Maschi",60,2020,15690,"stranieri"
"483","Maschi",60,2021,17731,"stranieri"
"484","Maschi",60,2022,17126,"stranieri"
"485","Maschi",60,2023,19495,"stranieri"
"486","Maschi",60,2024,20559,"stranieri"
"487","Maschi",60,2025,22061,"stranieri"
"488","Maschi",60,2026,22988,"stranieri"
"489","Maschi",61,2019,13376,"stranieri"
"490","Maschi",61,2020,14718,"stranieri"
"491","Maschi",61,2021,15194,"stranieri"
"492","Maschi",61,2022,16849,"stranieri"
"493","Maschi",61,2023,16735,"stranieri"
"494","Maschi",61,2024,19253,"stranieri"
"495","Maschi",61,2025,20074,"stranieri"
"496","Maschi",61,2026,21521,"stranieri"
"497","Maschi",62,2019,12125,"stranieri"
"498","Maschi",62,2020,13115,"stranieri"
"499","Maschi",62,2021,14046,"stranieri"
"500","Maschi",62,2022,14475,"stranieri"
"501","Maschi",62,2023,16550,"stranieri"
"502","Maschi",62,2024,16573,"stranieri"
"503","Maschi",62,2025,18858,"stranieri"
"504","Maschi",62,2026,19543,"stranieri"
"505","Maschi",63,2019,10923,"stranieri"
"506","Maschi",63,2020,11857,"stranieri"
"507","Maschi",63,2021,12261,"stranieri"
"508","Maschi",63,2022,13335,"stranieri"
"509","Maschi",63,2023,14217,"stranieri"
"510","Maschi",63,2024,16412,"stranieri"
"511","Maschi",63,2025,16228,"stranieri"
"512","Maschi",63,2026,18321,"stranieri"
"513","Maschi",64,2019,9521,"stranieri"
"514","Maschi",64,2020,10728,"stranieri"
"515","Maschi",64,2021,11200,"stranieri"
"516","Maschi",64,2022,11645,"stranieri"
"517","Maschi",64,2023,13119,"stranieri"
"518","Maschi",64,2024,14044,"stranieri"
"519","Maschi",64,2025,16046,"stranieri"
"520","Maschi",64,2026,15816,"stranieri"
"521","Maschi",65,2019,8181,"stranieri"
"522","Maschi",65,2020,9365,"stranieri"
"523","Maschi",65,2021,10169,"stranieri"
"524","Maschi",65,2022,10551,"stranieri"
"525","Maschi",65,2023,11479,"stranieri"
"526","Maschi",65,2024,12869,"stranieri"
"527","Maschi",65,2025,13857,"stranieri"
"528","Maschi",65,2026,15607,"stranieri"
"529","Maschi",66,2019,7424,"stranieri"
"530","Maschi",66,2020,8095,"stranieri"
"531","Maschi",66,2021,8786,"stranieri"
"532","Maschi",66,2022,9585,"stranieri"
"533","Maschi",66,2023,10553,"stranieri"
"534","Maschi",66,2024,11375,"stranieri"
"535","Maschi",66,2025,12676,"stranieri"
"536","Maschi",66,2026,13490,"stranieri"
"537","Maschi",67,2019,6292,"stranieri"
"538","Maschi",67,2020,7368,"stranieri"
"539","Maschi",67,2021,7463,"stranieri"
"540","Maschi",67,2022,8138,"stranieri"
"541","Maschi",67,2023,9578,"stranieri"
"542","Maschi",67,2024,10429,"stranieri"
"543","Maschi",67,2025,11144,"stranieri"
"544","Maschi",67,2026,12331,"stranieri"
"545","Maschi",68,2019,6263,"stranieri"
"546","Maschi",68,2020,6254,"stranieri"
"547","Maschi",68,2021,6750,"stranieri"
"548","Maschi",68,2022,6899,"stranieri"
"549","Maschi",68,2023,8193,"stranieri"
"550","Maschi",68,2024,9355,"stranieri"
"551","Maschi",68,2025,10245,"stranieri"
"552","Maschi",68,2026,10788,"stranieri"
"553","Maschi",69,2019,5407,"stranieri"
"554","Maschi",69,2020,6234,"stranieri"
"555","Maschi",69,2021,5705,"stranieri"
"556","Maschi",69,2022,6343,"stranieri"
"557","Maschi",69,2023,6952,"stranieri"
"558","Maschi",69,2024,8082,"stranieri"
"559","Maschi",69,2025,9285,"stranieri"
"560","Maschi",69,2026,9895,"stranieri"
"561","Maschi",70,2019,4849,"stranieri"
"562","Maschi",70,2020,5398,"stranieri"
"563","Maschi",70,2021,5741,"stranieri"
"564","Maschi",70,2022,5341,"stranieri"
"565","Maschi",70,2023,6344,"stranieri"
"566","Maschi",70,2024,6858,"stranieri"
"567","Maschi",70,2025,7998,"stranieri"
"568","Maschi",70,2026,9028,"stranieri"
"569","Maschi",71,2019,4224,"stranieri"
"570","Maschi",71,2020,4816,"stranieri"
"571","Maschi",71,2021,4947,"stranieri"
"572","Maschi",71,2022,5350,"stranieri"
"573","Maschi",71,2023,5402,"stranieri"
"574","Maschi",71,2024,6274,"stranieri"
"575","Maschi",71,2025,6792,"stranieri"
"576","Maschi",71,2026,7778,"stranieri"
"577","Maschi",72,2019,3723,"stranieri"
"578","Maschi",72,2020,4197,"stranieri"
"579","Maschi",72,2021,4472,"stranieri"
"580","Maschi",72,2022,4593,"stranieri"
"581","Maschi",72,2023,5404,"stranieri"
"582","Maschi",72,2024,5365,"stranieri"
"583","Maschi",72,2025,6212,"stranieri"
"584","Maschi",72,2026,6600,"stranieri"
"585","Maschi",73,2019,3163,"stranieri"
"586","Maschi",73,2020,3642,"stranieri"
"587","Maschi",73,2021,3810,"stranieri"
"588","Maschi",73,2022,4058,"stranieri"
"589","Maschi",73,2023,4641,"stranieri"
"590","Maschi",73,2024,5284,"stranieri"
"591","Maschi",73,2025,5365,"stranieri"
"592","Maschi",73,2026,6036,"stranieri"
"593","Maschi",74,2019,3018,"stranieri"
"594","Maschi",74,2020,3109,"stranieri"
"595","Maschi",74,2021,3285,"stranieri"
"596","Maschi",74,2022,3521,"stranieri"
"597","Maschi",74,2023,4107,"stranieri"
"598","Maschi",74,2024,4593,"stranieri"
"599","Maschi",74,2025,5185,"stranieri"
"600","Maschi",74,2026,5144,"stranieri"
"601","Maschi",75,2019,2765,"stranieri"
"602","Maschi",75,2020,2958,"stranieri"
"603","Maschi",75,2021,2862,"stranieri"
"604","Maschi",75,2022,2974,"stranieri"
"605","Maschi",75,2023,3573,"stranieri"
"606","Maschi",75,2024,4045,"stranieri"
"607","Maschi",75,2025,4502,"stranieri"
"608","Maschi",75,2026,4971,"stranieri"
"609","Maschi",76,2019,2794,"stranieri"
"610","Maschi",76,2020,2706,"stranieri"
"611","Maschi",76,2021,2670,"stranieri"
"612","Maschi",76,2022,2565,"stranieri"
"613","Maschi",76,2023,2992,"stranieri"
"614","Maschi",76,2024,3502,"stranieri"
"615","Maschi",76,2025,4006,"stranieri"
"616","Maschi",76,2026,4321,"stranieri"
"617","Maschi",77,2019,2214,"stranieri"
"618","Maschi",77,2020,2729,"stranieri"
"619","Maschi",77,2021,2386,"stranieri"
"620","Maschi",77,2022,2374,"stranieri"
"621","Maschi",77,2023,2550,"stranieri"
"622","Maschi",77,2024,2915,"stranieri"
"623","Maschi",77,2025,3488,"stranieri"
"624","Maschi",77,2026,3836,"stranieri"
"625","Maschi",78,2019,2362,"stranieri"
"626","Maschi",78,2020,2164,"stranieri"
"627","Maschi",78,2021,2426,"stranieri"
"628","Maschi",78,2022,2111,"stranieri"
"629","Maschi",78,2023,2384,"stranieri"
"630","Maschi",78,2024,2496,"stranieri"
"631","Maschi",78,2025,2872,"stranieri"
"632","Maschi",78,2026,3322,"stranieri"
"633","Maschi",79,2019,1907,"stranieri"
"634","Maschi",79,2020,2273,"stranieri"
"635","Maschi",79,2021,1868,"stranieri"
"636","Maschi",79,2022,2101,"stranieri"
"637","Maschi",79,2023,2144,"stranieri"
"638","Maschi",79,2024,2322,"stranieri"
"639","Maschi",79,2025,2411,"stranieri"
"640","Maschi",79,2026,2730,"stranieri"
"641","Maschi",80,2019,1786,"stranieri"
"642","Maschi",80,2020,1838,"stranieri"
"643","Maschi",80,2021,1985,"stranieri"
"644","Maschi",80,2022,1614,"stranieri"
"645","Maschi",80,2023,2107,"stranieri"
"646","Maschi",80,2024,2032,"stranieri"
"647","Maschi",80,2025,2229,"stranieri"
"648","Maschi",80,2026,2294,"stranieri"
"649","Maschi",81,2019,1534,"stranieri"
"650","Maschi",81,2020,1712,"stranieri"
"651","Maschi",81,2021,1565,"stranieri"
"652","Maschi",81,2022,1736,"stranieri"
"653","Maschi",81,2023,1581,"stranieri"
"654","Maschi",81,2024,1977,"stranieri"
"655","Maschi",81,2025,1944,"stranieri"
"656","Maschi",81,2026,2137,"stranieri"
"657","Maschi",82,2019,1371,"stranieri"
"658","Maschi",82,2020,1459,"stranieri"
"659","Maschi",82,2021,1454,"stranieri"
"660","Maschi",82,2022,1317,"stranieri"
"661","Maschi",82,2023,1681,"stranieri"
"662","Maschi",82,2024,1472,"stranieri"
"663","Maschi",82,2025,1918,"stranieri"
"664","Maschi",82,2026,1831,"stranieri"
"665","Maschi",83,2019,1184,"stranieri"
"666","Maschi",83,2020,1302,"stranieri"
"667","Maschi",83,2021,1217,"stranieri"
"668","Maschi",83,2022,1196,"stranieri"
"669","Maschi",83,2023,1253,"stranieri"
"670","Maschi",83,2024,1559,"stranieri"
"671","Maschi",83,2025,1449,"stranieri"
"672","Maschi",83,2026,1788,"stranieri"
"673","Maschi",84,2019,949,"stranieri"
"674","Maschi",84,2020,1104,"stranieri"
"675","Maschi",84,2021,1059,"stranieri"
"676","Maschi",84,2022,1034,"stranieri"
"677","Maschi",84,2023,1150,"stranieri"
"678","Maschi",84,2024,1161,"stranieri"
"679","Maschi",84,2025,1490,"stranieri"
"680","Maschi",84,2026,1346,"stranieri"
"681","Maschi",85,2019,764,"stranieri"
"682","Maschi",85,2020,890,"stranieri"
"683","Maschi",85,2021,903,"stranieri"
"684","Maschi",85,2022,854,"stranieri"
"685","Maschi",85,2023,986,"stranieri"
"686","Maschi",85,2024,1060,"stranieri"
"687","Maschi",85,2025,1102,"stranieri"
"688","Maschi",85,2026,1369,"stranieri"
"689","Maschi",86,2019,682,"stranieri"
"690","Maschi",86,2020,711,"stranieri"
"691","Maschi",86,2021,705,"stranieri"
"692","Maschi",86,2022,753,"stranieri"
"693","Maschi",86,2023,816,"stranieri"
"694","Maschi",86,2024,906,"stranieri"
"695","Maschi",86,2025,1004,"stranieri"
"696","Maschi",86,2026,1013,"stranieri"
"697","Maschi",87,2019,467,"stranieri"
"698","Maschi",87,2020,622,"stranieri"
"699","Maschi",87,2021,558,"stranieri"
"700","Maschi",87,2022,563,"stranieri"
"701","Maschi",87,2023,709,"stranieri"
"702","Maschi",87,2024,735,"stranieri"
"703","Maschi",87,2025,820,"stranieri"
"704","Maschi",87,2026,903,"stranieri"
"705","Maschi",88,2019,500,"stranieri"
"706","Maschi",88,2020,428,"stranieri"
"707","Maschi",88,2021,474,"stranieri"
"708","Maschi",88,2022,456,"stranieri"
"709","Maschi",88,2023,524,"stranieri"
"710","Maschi",88,2024,630,"stranieri"
"711","Maschi",88,2025,657,"stranieri"
"712","Maschi",88,2026,741,"stranieri"
"713","Maschi",89,2019,313,"stranieri"
"714","Maschi",89,2020,446,"stranieri"
"715","Maschi",89,2021,301,"stranieri"
"716","Maschi",89,2022,380,"stranieri"
"717","Maschi",89,2023,406,"stranieri"
"718","Maschi",89,2024,473,"stranieri"
"719","Maschi",89,2025,552,"stranieri"
"720","Maschi",89,2026,585,"stranieri"
"721","Maschi",90,2019,269,"stranieri"
"722","Maschi",90,2020,265,"stranieri"
"723","Maschi",90,2021,342,"stranieri"
"724","Maschi",90,2022,242,"stranieri"
"725","Maschi",90,2023,357,"stranieri"
"726","Maschi",90,2024,364,"stranieri"
"727","Maschi",90,2025,398,"stranieri"
"728","Maschi",90,2026,487,"stranieri"
"729","Maschi",91,2019,220,"stranieri"
"730","Maschi",91,2020,236,"stranieri"
"731","Maschi",91,2021,193,"stranieri"
"732","Maschi",91,2022,266,"stranieri"
"733","Maschi",91,2023,217,"stranieri"
"734","Maschi",91,2024,293,"stranieri"
"735","Maschi",91,2025,324,"stranieri"
"736","Maschi",91,2026,343,"stranieri"
"737","Maschi",92,2019,162,"stranieri"
"738","Maschi",92,2020,191,"stranieri"
"739","Maschi",92,2021,160,"stranieri"
"740","Maschi",92,2022,142,"stranieri"
"741","Maschi",92,2023,231,"stranieri"
"742","Maschi",92,2024,186,"stranieri"
"743","Maschi",92,2025,257,"stranieri"
"744","Maschi",92,2026,269,"stranieri"
"745","Maschi",93,2019,139,"stranieri"
"746","Maschi",93,2020,143,"stranieri"
"747","Maschi",93,2021,135,"stranieri"
"748","Maschi",93,2022,112,"stranieri"
"749","Maschi",93,2023,124,"stranieri"
"750","Maschi",93,2024,185,"stranieri"
"751","Maschi",93,2025,162,"stranieri"
"752","Maschi",93,2026,213,"stranieri"
"753","Maschi",94,2019,94,"stranieri"
"754","Maschi",94,2020,114,"stranieri"
"755","Maschi",94,2021,90,"stranieri"
"756","Maschi",94,2022,99,"stranieri"
"757","Maschi",94,2023,95,"stranieri"
"758","Maschi",94,2024,117,"stranieri"
"759","Maschi",94,2025,147,"stranieri"
"760","Maschi",94,2026,128,"stranieri"
"761","Maschi",95,2019,82,"stranieri"
"762","Maschi",95,2020,78,"stranieri"
"763","Maschi",95,2021,71,"stranieri"
"764","Maschi",95,2022,79,"stranieri"
"765","Maschi",95,2023,79,"stranieri"
"766","Maschi",95,2024,70,"stranieri"
"767","Maschi",95,2025,103,"stranieri"
"768","Maschi",95,2026,116,"stranieri"
"769","Maschi",96,2019,58,"stranieri"
"770","Maschi",96,2020,69,"stranieri"
"771","Maschi",96,2021,45,"stranieri"
"772","Maschi",96,2022,46,"stranieri"
"773","Maschi",96,2023,62,"stranieri"
"774","Maschi",96,2024,52,"stranieri"
"775","Maschi",96,2025,51,"stranieri"
"776","Maschi",96,2026,81,"stranieri"
"777","Maschi",97,2019,46,"stranieri"
"778","Maschi",97,2020,46,"stranieri"
"779","Maschi",97,2021,45,"stranieri"
"780","Maschi",97,2022,28,"stranieri"
"781","Maschi",97,2023,40,"stranieri"
"782","Maschi",97,2024,50,"stranieri"
"783","Maschi",97,2025,45,"stranieri"
"784","Maschi",97,2026,32,"stranieri"
"785","Maschi",98,2019,33,"stranieri"
"786","Maschi",98,2020,37,"stranieri"
"787","Maschi",98,2021,38,"stranieri"
"788","Maschi",98,2022,54,"stranieri"
"789","Maschi",98,2023,24,"stranieri"
"790","Maschi",98,2024,57,"stranieri"
"791","Maschi",98,2025,70,"stranieri"
"792","Maschi",98,2026,37,"stranieri"
"793","Maschi",99,2019,22,"stranieri"
"794","Maschi",99,2020,28,"stranieri"
"795","Maschi",99,2021,30,"stranieri"
"796","Maschi",99,2022,33,"stranieri"
"797","Maschi",99,2023,39,"stranieri"
"798","Maschi",99,2024,35,"stranieri"
"799","Maschi",99,2025,49,"stranieri"
"800","Maschi",99,2026,52,"stranieri"
"801","Maschi",100,2019,36,"stranieri"
"802","Maschi",100,2020,45,"stranieri"
"803","Maschi",100,2021,54,"stranieri"
"804","Maschi",100,2022,64,"stranieri"
"805","Maschi",100,2023,93,"stranieri"
"806","Maschi",100,2024,95,"stranieri"
"807","Maschi",100,2025,160,"stranieri"
"808","Maschi",100,2026,154,"stranieri"
"809","Femmine",0,2019,29873,"stranieri"
"810","Femmine",0,2020,29402,"stranieri"
"811","Femmine",0,2021,29217,"stranieri"
"812","Femmine",0,2022,26316,"stranieri"
"813","Femmine",0,2023,25445,"stranieri"
"814","Femmine",0,2024,24645,"stranieri"
"815","Femmine",0,2025,23715,"stranieri"
"816","Femmine",0,2026,23511,"stranieri"
"817","Femmine",1,2019,31727,"stranieri"
"818","Femmine",1,2020,29889,"stranieri"
"819","Femmine",1,2021,29661,"stranieri"
"820","Femmine",1,2022,27998,"stranieri"
"821","Femmine",1,2023,25863,"stranieri"
"822","Femmine",1,2024,24887,"stranieri"
"823","Femmine",1,2025,24066,"stranieri"
"824","Femmine",1,2026,23775,"stranieri"
"825","Femmine",2,2019,31358,"stranieri"
"826","Femmine",2,2020,31538,"stranieri"
"827","Femmine",2,2021,30840,"stranieri"
"828","Femmine",2,2022,29640,"stranieri"
"829","Femmine",2,2023,27748,"stranieri"
"830","Femmine",2,2024,25697,"stranieri"
"831","Femmine",2,2025,24744,"stranieri"
"832","Femmine",2,2026,24296,"stranieri"
"833","Femmine",3,2019,31485,"stranieri"
"834","Femmine",3,2020,31225,"stranieri"
"835","Femmine",3,2021,32540,"stranieri"
"836","Femmine",3,2022,30582,"stranieri"
"837","Femmine",3,2023,29376,"stranieri"
"838","Femmine",3,2024,27707,"stranieri"
"839","Femmine",3,2025,25392,"stranieri"
"840","Femmine",3,2026,24980,"stranieri"
"841","Femmine",4,2019,31816,"stranieri"
"842","Femmine",4,2020,31289,"stranieri"
"843","Femmine",4,2021,32649,"stranieri"
"844","Femmine",4,2022,31994,"stranieri"
"845","Femmine",4,2023,30206,"stranieri"
"846","Femmine",4,2024,29069,"stranieri"
"847","Femmine",4,2025,27213,"stranieri"
"848","Femmine",4,2026,25670,"stranieri"
"849","Femmine",5,2019,31346,"stranieri"
"850","Femmine",5,2020,31567,"stranieri"
"851","Femmine",5,2021,32782,"stranieri"
"852","Femmine",5,2022,31446,"stranieri"
"853","Femmine",5,2023,31402,"stranieri"
"854","Femmine",5,2024,29698,"stranieri"
"855","Femmine",5,2025,28499,"stranieri"
"856","Femmine",5,2026,27357,"stranieri"
"857","Femmine",6,2019,31319,"stranieri"
"858","Femmine",6,2020,30883,"stranieri"
"859","Femmine",6,2021,31339,"stranieri"
"860","Femmine",6,2022,31273,"stranieri"
"861","Femmine",6,2023,30800,"stranieri"
"862","Femmine",6,2024,30741,"stranieri"
"863","Femmine",6,2025,29012,"stranieri"
"864","Femmine",6,2026,28616,"stranieri"
"865","Femmine",7,2019,29686,"stranieri"
"866","Femmine",7,2020,30808,"stranieri"
"867","Femmine",7,2021,30620,"stranieri"
"868","Femmine",7,2022,31347,"stranieri"
"869","Femmine",7,2023,30495,"stranieri"
"870","Femmine",7,2024,30153,"stranieri"
"871","Femmine",7,2025,29922,"stranieri"
"872","Femmine",7,2026,28985,"stranieri"
"873","Femmine",8,2019,28877,"stranieri"
"874","Femmine",8,2020,29118,"stranieri"
"875","Femmine",8,2021,30166,"stranieri"
"876","Femmine",8,2022,30269,"stranieri"
"877","Femmine",8,2023,30506,"stranieri"
"878","Femmine",8,2024,29841,"stranieri"
"879","Femmine",8,2025,29428,"stranieri"
"880","Femmine",8,2026,29903,"stranieri"
"881","Femmine",9,2019,28578,"stranieri"
"882","Femmine",9,2020,28468,"stranieri"
"883","Femmine",9,2021,28394,"stranieri"
"884","Femmine",9,2022,30067,"stranieri"
"885","Femmine",9,2023,29384,"stranieri"
"886","Femmine",9,2024,29953,"stranieri"
"887","Femmine",9,2025,29085,"stranieri"
"888","Femmine",9,2026,29548,"stranieri"
"889","Femmine",10,2019,27002,"stranieri"
"890","Femmine",10,2020,27964,"stranieri"
"891","Femmine",10,2021,27769,"stranieri"
"892","Femmine",10,2022,28204,"stranieri"
"893","Femmine",10,2023,29220,"stranieri"
"894","Femmine",10,2024,28927,"stranieri"
"895","Femmine",10,2025,29322,"stranieri"
"896","Femmine",10,2026,29126,"stranieri"
"897","Femmine",11,2019,25380,"stranieri"
"898","Femmine",11,2020,26600,"stranieri"
"899","Femmine",11,2021,27507,"stranieri"
"900","Femmine",11,2022,27616,"stranieri"
"901","Femmine",11,2023,27279,"stranieri"
"902","Femmine",11,2024,28942,"stranieri"
"903","Femmine",11,2025,28393,"stranieri"
"904","Femmine",11,2026,29297,"stranieri"
"905","Femmine",12,2019,24233,"stranieri"
"906","Femmine",12,2020,25103,"stranieri"
"907","Femmine",12,2021,26483,"stranieri"
"908","Femmine",12,2022,27270,"stranieri"
"909","Femmine",12,2023,26762,"stranieri"
"910","Femmine",12,2024,27058,"stranieri"
"911","Femmine",12,2025,28558,"stranieri"
"912","Femmine",12,2026,28517,"stranieri"
"913","Femmine",13,2019,22534,"stranieri"
"914","Femmine",13,2020,23982,"stranieri"
"915","Femmine",13,2021,25100,"stranieri"
"916","Femmine",13,2022,26381,"stranieri"
"917","Femmine",13,2023,26591,"stranieri"
"918","Femmine",13,2024,26543,"stranieri"
"919","Femmine",13,2025,26913,"stranieri"
"920","Femmine",13,2026,28649,"stranieri"
"921","Femmine",14,2019,21917,"stranieri"
"922","Femmine",14,2020,22497,"stranieri"
"923","Femmine",14,2021,24175,"stranieri"
"924","Femmine",14,2022,25042,"stranieri"
"925","Femmine",14,2023,25874,"stranieri"
"926","Femmine",14,2024,26505,"stranieri"
"927","Femmine",14,2025,26376,"stranieri"
"928","Femmine",14,2026,27075,"stranieri"
"929","Femmine",15,2019,20125,"stranieri"
"930","Femmine",15,2020,21964,"stranieri"
"931","Femmine",15,2021,22777,"stranieri"
"932","Femmine",15,2022,24166,"stranieri"
"933","Femmine",15,2023,24667,"stranieri"
"934","Femmine",15,2024,25981,"stranieri"
"935","Femmine",15,2025,26380,"stranieri"
"936","Femmine",15,2026,26637,"stranieri"
"937","Femmine",16,2019,19720,"stranieri"
"938","Femmine",16,2020,20285,"stranieri"
"939","Femmine",16,2021,22240,"stranieri"
"940","Femmine",16,2022,22789,"stranieri"
"941","Femmine",16,2023,23768,"stranieri"
"942","Femmine",16,2024,24652,"stranieri"
"943","Femmine",16,2025,25957,"stranieri"
"944","Femmine",16,2026,26766,"stranieri"
"945","Femmine",17,2019,19942,"stranieri"
"946","Femmine",17,2020,19844,"stranieri"
"947","Femmine",17,2021,20383,"stranieri"
"948","Femmine",17,2022,22391,"stranieri"
"949","Femmine",17,2023,22504,"stranieri"
"950","Femmine",17,2024,23781,"stranieri"
"951","Femmine",17,2025,24809,"stranieri"
"952","Femmine",17,2026,26710,"stranieri"
"953","Femmine",18,2019,18974,"stranieri"
"954","Femmine",18,2020,17951,"stranieri"
"955","Femmine",18,2021,17676,"stranieri"
"956","Femmine",18,2022,16801,"stranieri"
"957","Femmine",18,2023,19352,"stranieri"
"958","Femmine",18,2024,18882,"stranieri"
"959","Femmine",18,2025,19955,"stranieri"
"960","Femmine",18,2026,25902,"stranieri"
"961","Femmine",19,2019,19108,"stranieri"
"962","Femmine",19,2020,18943,"stranieri"
"963","Femmine",19,2021,18597,"stranieri"
"964","Femmine",19,2022,15982,"stranieri"
"965","Femmine",19,2023,16479,"stranieri"
"966","Femmine",19,2024,18123,"stranieri"
"967","Femmine",19,2025,18292,"stranieri"
"968","Femmine",19,2026,21827,"stranieri"
"969","Femmine",20,2019,21569,"stranieri"
"970","Femmine",20,2020,20623,"stranieri"
"971","Femmine",20,2021,21766,"stranieri"
"972","Femmine",20,2022,18156,"stranieri"
"973","Femmine",20,2023,17888,"stranieri"
"974","Femmine",20,2024,18151,"stranieri"
"975","Femmine",20,2025,19890,"stranieri"
"976","Femmine",20,2026,20845,"stranieri"
"977","Femmine",21,2019,24039,"stranieri"
"978","Femmine",21,2020,23031,"stranieri"
"979","Femmine",21,2021,25210,"stranieri"
"980","Femmine",21,2022,20887,"stranieri"
"981","Femmine",21,2023,20238,"stranieri"
"982","Femmine",21,2024,19678,"stranieri"
"983","Femmine",21,2025,20176,"stranieri"
"984","Femmine",21,2026,22960,"stranieri"
"985","Femmine",22,2019,25947,"stranieri"
"986","Femmine",22,2020,25456,"stranieri"
"987","Femmine",22,2021,28074,"stranieri"
"988","Femmine",22,2022,22435,"stranieri"
"989","Femmine",22,2023,22949,"stranieri"
"990","Femmine",22,2024,22035,"stranieri"
"991","Femmine",22,2025,21616,"stranieri"
"992","Femmine",22,2026,23794,"stranieri"
"993","Femmine",23,2019,28483,"stranieri"
"994","Femmine",23,2020,27583,"stranieri"
"995","Femmine",23,2021,30232,"stranieri"
"996","Femmine",23,2022,24778,"stranieri"
"997","Femmine",23,2023,24589,"stranieri"
"998","Femmine",23,2024,24907,"stranieri"
"999","Femmine",23,2025,24082,"stranieri"
"1000","Femmine",23,2026,25538,"stranieri"
"1001","Femmine",24,2019,31462,"stranieri"
"1002","Femmine",24,2020,30322,"stranieri"
"1003","Femmine",24,2021,32058,"stranieri"
"1004","Femmine",24,2022,27722,"stranieri"
"1005","Femmine",24,2023,27196,"stranieri"
"1006","Femmine",24,2024,26918,"stranieri"
"1007","Femmine",24,2025,27571,"stranieri"
"1008","Femmine",24,2026,28276,"stranieri"
"1009","Femmine",25,2019,33926,"stranieri"
"1010","Femmine",25,2020,33392,"stranieri"
"1011","Femmine",25,2021,34494,"stranieri"
"1012","Femmine",25,2022,30119,"stranieri"
"1013","Femmine",25,2023,30526,"stranieri"
"1014","Femmine",25,2024,29830,"stranieri"
"1015","Femmine",25,2025,29842,"stranieri"
"1016","Femmine",25,2026,31870,"stranieri"
"1017","Femmine",26,2019,37894,"stranieri"
"1018","Femmine",26,2020,35798,"stranieri"
"1019","Femmine",26,2021,36909,"stranieri"
"1020","Femmine",26,2022,33123,"stranieri"
"1021","Femmine",26,2023,32948,"stranieri"
"1022","Femmine",26,2024,32910,"stranieri"
"1023","Femmine",26,2025,32806,"stranieri"
"1024","Femmine",26,2026,34172,"stranieri"
"1025","Femmine",27,2019,40040,"stranieri"
"1026","Femmine",27,2020,39825,"stranieri"
"1027","Femmine",27,2021,38767,"stranieri"
"1028","Femmine",27,2022,35793,"stranieri"
"1029","Femmine",27,2023,35994,"stranieri"
"1030","Femmine",27,2024,35396,"stranieri"
"1031","Femmine",27,2025,35838,"stranieri"
"1032","Femmine",27,2026,36790,"stranieri"
"1033","Femmine",28,2019,44871,"stranieri"
"1034","Femmine",28,2020,41711,"stranieri"
"1035","Femmine",28,2021,42052,"stranieri"
"1036","Femmine",28,2022,37902,"stranieri"
"1037","Femmine",28,2023,38656,"stranieri"
"1038","Femmine",28,2024,38282,"stranieri"
"1039","Femmine",28,2025,38140,"stranieri"
"1040","Femmine",28,2026,39260,"stranieri"
"1041","Femmine",29,2019,49471,"stranieri"
"1042","Femmine",29,2020,46237,"stranieri"
"1043","Femmine",29,2021,43617,"stranieri"
"1044","Femmine",29,2022,41179,"stranieri"
"1045","Femmine",29,2023,40459,"stranieri"
"1046","Femmine",29,2024,40765,"stranieri"
"1047","Femmine",29,2025,40663,"stranieri"
"1048","Femmine",29,2026,41343,"stranieri"
"1049","Femmine",30,2019,53783,"stranieri"
"1050","Femmine",30,2020,50649,"stranieri"
"1051","Femmine",30,2021,47227,"stranieri"
"1052","Femmine",30,2022,42717,"stranieri"
"1053","Femmine",30,2023,43774,"stranieri"
"1054","Femmine",30,2024,42131,"stranieri"
"1055","Femmine",30,2025,42874,"stranieri"
"1056","Femmine",30,2026,43491,"stranieri"
"1057","Femmine",31,2019,56510,"stranieri"
"1058","Femmine",31,2020,54623,"stranieri"
"1059","Femmine",31,2021,51226,"stranieri"
"1060","Femmine",31,2022,46247,"stranieri"
"1061","Femmine",31,2023,44899,"stranieri"
"1062","Femmine",31,2024,45447,"stranieri"
"1063","Femmine",31,2025,43884,"stranieri"
"1064","Femmine",31,2026,45015,"stranieri"
"1065","Femmine",32,2019,57240,"stranieri"
"1066","Femmine",32,2020,57041,"stranieri"
"1067","Femmine",32,2021,54802,"stranieri"
"1068","Femmine",32,2022,49984,"stranieri"
"1069","Femmine",32,2023,48263,"stranieri"
"1070","Femmine",32,2024,46087,"stranieri"
"1071","Femmine",32,2025,46950,"stranieri"
"1072","Femmine",32,2026,45923,"stranieri"
"1073","Femmine",33,2019,56820,"stranieri"
"1074","Femmine",33,2020,57396,"stranieri"
"1075","Femmine",33,2021,56726,"stranieri"
"1076","Femmine",33,2022,53465,"stranieri"
"1077","Femmine",33,2023,51761,"stranieri"
"1078","Femmine",33,2024,49376,"stranieri"
"1079","Femmine",33,2025,47350,"stranieri"
"1080","Femmine",33,2026,48604,"stranieri"
"1081","Femmine",34,2019,57534,"stranieri"
"1082","Femmine",34,2020,56819,"stranieri"
"1083","Femmine",34,2021,56877,"stranieri"
"1084","Femmine",34,2022,55263,"stranieri"
"1085","Femmine",34,2023,54992,"stranieri"
"1086","Femmine",34,2024,52423,"stranieri"
"1087","Femmine",34,2025,50425,"stranieri"
"1088","Femmine",34,2026,48943,"stranieri"
"1089","Femmine",35,2019,56846,"stranieri"
"1090","Femmine",35,2020,57244,"stranieri"
"1091","Femmine",35,2021,56131,"stranieri"
"1092","Femmine",35,2022,55372,"stranieri"
"1093","Femmine",35,2023,56515,"stranieri"
"1094","Femmine",35,2024,55520,"stranieri"
"1095","Femmine",35,2025,53193,"stranieri"
"1096","Femmine",35,2026,51623,"stranieri"
"1097","Femmine",36,2019,58463,"stranieri"
"1098","Femmine",36,2020,56501,"stranieri"
"1099","Femmine",36,2021,56705,"stranieri"
"1100","Femmine",36,2022,54570,"stranieri"
"1101","Femmine",36,2023,56660,"stranieri"
"1102","Femmine",36,2024,57067,"stranieri"
"1103","Femmine",36,2025,56001,"stranieri"
"1104","Femmine",36,2026,54100,"stranieri"
"1105","Femmine",37,2019,57836,"stranieri"
"1106","Femmine",37,2020,58057,"stranieri"
"1107","Femmine",37,2021,55857,"stranieri"
"1108","Femmine",37,2022,55133,"stranieri"
"1109","Femmine",37,2023,55614,"stranieri"
"1110","Femmine",37,2024,56982,"stranieri"
"1111","Femmine",37,2025,57419,"stranieri"
"1112","Femmine",37,2026,56445,"stranieri"
"1113","Femmine",38,2019,58767,"stranieri"
"1114","Femmine",38,2020,57204,"stranieri"
"1115","Femmine",38,2021,57478,"stranieri"
"1116","Femmine",38,2022,54097,"stranieri"
"1117","Femmine",38,2023,55906,"stranieri"
"1118","Femmine",38,2024,55835,"stranieri"
"1119","Femmine",38,2025,57182,"stranieri"
"1120","Femmine",38,2026,57829,"stranieri"
"1121","Femmine",39,2019,58324,"stranieri"
"1122","Femmine",39,2020,58084,"stranieri"
"1123","Femmine",39,2021,56587,"stranieri"
"1124","Femmine",39,2022,55495,"stranieri"
"1125","Femmine",39,2023,54760,"stranieri"
"1126","Femmine",39,2024,55905,"stranieri"
"1127","Femmine",39,2025,56006,"stranieri"
"1128","Femmine",39,2026,57695,"stranieri"
"1129","Femmine",40,2019,57101,"stranieri"
"1130","Femmine",40,2020,57609,"stranieri"
"1131","Femmine",40,2021,57338,"stranieri"
"1132","Femmine",40,2022,54586,"stranieri"
"1133","Femmine",40,2023,56046,"stranieri"
"1134","Femmine",40,2024,54694,"stranieri"
"1135","Femmine",40,2025,55800,"stranieri"
"1136","Femmine",40,2026,56285,"stranieri"
"1137","Femmine",41,2019,55590,"stranieri"
"1138","Femmine",41,2020,56315,"stranieri"
"1139","Femmine",41,2021,57080,"stranieri"
"1140","Femmine",41,2022,55379,"stranieri"
"1141","Femmine",41,2023,54955,"stranieri"
"1142","Femmine",41,2024,55970,"stranieri"
"1143","Femmine",41,2025,54531,"stranieri"
"1144","Femmine",41,2026,56079,"stranieri"
"1145","Femmine",42,2019,54876,"stranieri"
"1146","Femmine",42,2020,54918,"stranieri"
"1147","Femmine",42,2021,55908,"stranieri"
"1148","Femmine",42,2022,55128,"stranieri"
"1149","Femmine",42,2023,55598,"stranieri"
"1150","Femmine",42,2024,54754,"stranieri"
"1151","Femmine",42,2025,55842,"stranieri"
"1152","Femmine",42,2026,54889,"stranieri"
"1153","Femmine",43,2019,53358,"stranieri"
"1154","Femmine",43,2020,54121,"stranieri"
"1155","Femmine",43,2021,54753,"stranieri"
"1156","Femmine",43,2022,54008,"stranieri"
"1157","Femmine",43,2023,55487,"stranieri"
"1158","Femmine",43,2024,55402,"stranieri"
"1159","Femmine",43,2025,54527,"stranieri"
"1160","Femmine",43,2026,56049,"stranieri"
"1161","Femmine",44,2019,51927,"stranieri"
"1162","Femmine",44,2020,52749,"stranieri"
"1163","Femmine",44,2021,54000,"stranieri"
"1164","Femmine",44,2022,53000,"stranieri"
"1165","Femmine",44,2023,54252,"stranieri"
"1166","Femmine",44,2024,55079,"stranieri"
"1167","Femmine",44,2025,55009,"stranieri"
"1168","Femmine",44,2026,54672,"stranieri"
"1169","Femmine",45,2019,48755,"stranieri"
"1170","Femmine",45,2020,51279,"stranieri"
"1171","Femmine",45,2021,52778,"stranieri"
"1172","Femmine",45,2022,52000,"stranieri"
"1173","Femmine",45,2023,53240,"stranieri"
"1174","Femmine",45,2024,53935,"stranieri"
"1175","Femmine",45,2025,54761,"stranieri"
"1176","Femmine",45,2026,54980,"stranieri"
"1177","Femmine",46,2019,48660,"stranieri"
"1178","Femmine",46,2020,48230,"stranieri"
"1179","Femmine",46,2021,51382,"stranieri"
"1180","Femmine",46,2022,50926,"stranieri"
"1181","Femmine",46,2023,52071,"stranieri"
"1182","Femmine",46,2024,52930,"stranieri"
"1183","Femmine",46,2025,53742,"stranieri"
"1184","Femmine",46,2026,54536,"stranieri"
"1185","Femmine",47,2019,47256,"stranieri"
"1186","Femmine",47,2020,47960,"stranieri"
"1187","Femmine",47,2021,48525,"stranieri"
"1188","Femmine",47,2022,49427,"stranieri"
"1189","Femmine",47,2023,50996,"stranieri"
"1190","Femmine",47,2024,51906,"stranieri"
"1191","Femmine",47,2025,52663,"stranieri"
"1192","Femmine",47,2026,53479,"stranieri"
"1193","Femmine",48,2019,46868,"stranieri"
"1194","Femmine",48,2020,46680,"stranieri"
"1195","Femmine",48,2021,48352,"stranieri"
"1196","Femmine",48,2022,46776,"stranieri"
"1197","Femmine",48,2023,49528,"stranieri"
"1198","Femmine",48,2024,50828,"stranieri"
"1199","Femmine",48,2025,51618,"stranieri"
"1200","Femmine",48,2026,52278,"stranieri"
"1201","Femmine",49,2019,46515,"stranieri"
"1202","Femmine",49,2020,46443,"stranieri"
"1203","Femmine",49,2021,46924,"stranieri"
"1204","Femmine",49,2022,46563,"stranieri"
"1205","Femmine",49,2023,46997,"stranieri"
"1206","Femmine",49,2024,49210,"stranieri"
"1207","Femmine",49,2025,50377,"stranieri"
"1208","Femmine",49,2026,51165,"stranieri"
"1209","Femmine",50,2019,47371,"stranieri"
"1210","Femmine",50,2020,45951,"stranieri"
"1211","Femmine",50,2021,46643,"stranieri"
"1212","Femmine",50,2022,45107,"stranieri"
"1213","Femmine",50,2023,46716,"stranieri"
"1214","Femmine",50,2024,46630,"stranieri"
"1215","Femmine",50,2025,48861,"stranieri"
"1216","Femmine",50,2026,50043,"stranieri"
"1217","Femmine",51,2019,45276,"stranieri"
"1218","Femmine",51,2020,46863,"stranieri"
"1219","Femmine",51,2021,45994,"stranieri"
"1220","Femmine",51,2022,44956,"stranieri"
"1221","Femmine",51,2023,45220,"stranieri"
"1222","Femmine",51,2024,46417,"stranieri"
"1223","Femmine",51,2025,46311,"stranieri"
"1224","Femmine",51,2026,48601,"stranieri"
"1225","Femmine",52,2019,37219,"stranieri"
"1226","Femmine",52,2020,44708,"stranieri"
"1227","Femmine",52,2021,46618,"stranieri"
"1228","Femmine",52,2022,44250,"stranieri"
"1229","Femmine",52,2023,45137,"stranieri"
"1230","Femmine",52,2024,45062,"stranieri"
"1231","Femmine",52,2025,45955,"stranieri"
"1232","Femmine",52,2026,45959,"stranieri"
"1233","Femmine",53,2019,36103,"stranieri"
"1234","Femmine",53,2020,36862,"stranieri"
"1235","Femmine",53,2021,44396,"stranieri"
"1236","Femmine",53,2022,44860,"stranieri"
"1237","Femmine",53,2023,44407,"stranieri"
"1238","Femmine",53,2024,44589,"stranieri"
"1239","Femmine",53,2025,44554,"stranieri"
"1240","Femmine",53,2026,45678,"stranieri"
"1241","Femmine",54,2019,36135,"stranieri"
"1242","Femmine",54,2020,35730,"stranieri"
"1243","Femmine",54,2021,36892,"stranieri"
"1244","Femmine",54,2022,42635,"stranieri"
"1245","Femmine",54,2023,45075,"stranieri"
"1246","Femmine",54,2024,43995,"stranieri"
"1247","Femmine",54,2025,44235,"stranieri"
"1248","Femmine",54,2026,44177,"stranieri"
"1249","Femmine",55,2019,35275,"stranieri"
"1250","Femmine",55,2020,35921,"stranieri"
"1251","Femmine",55,2021,35699,"stranieri"
"1252","Femmine",55,2022,35352,"stranieri"
"1253","Femmine",55,2023,42973,"stranieri"
"1254","Femmine",55,2024,44531,"stranieri"
"1255","Femmine",55,2025,43394,"stranieri"
"1256","Femmine",55,2026,43721,"stranieri"
"1257","Femmine",56,2019,34233,"stranieri"
"1258","Femmine",56,2020,34946,"stranieri"
"1259","Femmine",56,2021,35703,"stranieri"
"1260","Femmine",56,2022,34145,"stranieri"
"1261","Femmine",56,2023,35631,"stranieri"
"1262","Femmine",56,2024,42308,"stranieri"
"1263","Femmine",56,2025,44008,"stranieri"
"1264","Femmine",56,2026,42771,"stranieri"
"1265","Femmine",57,2019,33125,"stranieri"
"1266","Femmine",57,2020,33983,"stranieri"
"1267","Femmine",57,2021,34825,"stranieri"
"1268","Femmine",57,2022,34177,"stranieri"
"1269","Femmine",57,2023,34375,"stranieri"
"1270","Femmine",57,2024,35288,"stranieri"
"1271","Femmine",57,2025,41663,"stranieri"
"1272","Femmine",57,2026,43246,"stranieri"
"1273","Femmine",58,2019,33037,"stranieri"
"1274","Femmine",58,2020,32855,"stranieri"
"1275","Femmine",58,2021,33659,"stranieri"
"1276","Femmine",58,2022,33136,"stranieri"
"1277","Femmine",58,2023,34468,"stranieri"
"1278","Femmine",58,2024,33990,"stranieri"
"1279","Femmine",58,2025,34922,"stranieri"
"1280","Femmine",58,2026,40930,"stranieri"
"1281","Femmine",59,2019,30481,"stranieri"
"1282","Femmine",59,2020,32731,"stranieri"
"1283","Femmine",59,2021,32325,"stranieri"
"1284","Femmine",59,2022,31893,"stranieri"
"1285","Femmine",59,2023,33456,"stranieri"
"1286","Femmine",59,2024,33999,"stranieri"
"1287","Femmine",59,2025,33582,"stranieri"
"1288","Femmine",59,2026,34415,"stranieri"
"1289","Femmine",60,2019,29079,"stranieri"
"1290","Femmine",60,2020,30158,"stranieri"
"1291","Femmine",60,2021,32012,"stranieri"
"1292","Femmine",60,2022,30364,"stranieri"
"1293","Femmine",60,2023,32268,"stranieri"
"1294","Femmine",60,2024,32950,"stranieri"
"1295","Femmine",60,2025,33499,"stranieri"
"1296","Femmine",60,2026,32993,"stranieri"
"1297","Femmine",61,2019,26519,"stranieri"
"1298","Femmine",61,2020,28875,"stranieri"
"1299","Femmine",61,2021,29279,"stranieri"
"1300","Femmine",61,2022,29903,"stranieri"
"1301","Femmine",61,2023,30644,"stranieri"
"1302","Femmine",61,2024,31758,"stranieri"
"1303","Femmine",61,2025,32399,"stranieri"
"1304","Femmine",61,2026,32781,"stranieri"
"1305","Femmine",62,2019,24315,"stranieri"
"1306","Femmine",62,2020,26212,"stranieri"
"1307","Femmine",62,2021,27596,"stranieri"
"1308","Femmine",62,2022,27017,"stranieri"
"1309","Femmine",62,2023,30247,"stranieri"
"1310","Femmine",62,2024,30007,"stranieri"
"1311","Femmine",62,2025,31188,"stranieri"
"1312","Femmine",62,2026,31662,"stranieri"
"1313","Femmine",63,2019,22204,"stranieri"
"1314","Femmine",63,2020,24078,"stranieri"
"1315","Femmine",63,2021,25017,"stranieri"
"1316","Femmine",63,2022,25361,"stranieri"
"1317","Femmine",63,2023,27237,"stranieri"
"1318","Femmine",63,2024,29549,"stranieri"
"1319","Femmine",63,2025,29442,"stranieri"
"1320","Femmine",63,2026,30326,"stranieri"
"1321","Femmine",64,2019,20001,"stranieri"
"1322","Femmine",64,2020,22075,"stranieri"
"1323","Femmine",64,2021,22894,"stranieri"
"1324","Femmine",64,2022,22938,"stranieri"
"1325","Femmine",64,2023,25835,"stranieri"
"1326","Femmine",64,2024,26621,"stranieri"
"1327","Femmine",64,2025,28973,"stranieri"
"1328","Femmine",64,2026,28641,"stranieri"
"1329","Femmine",65,2019,17552,"stranieri"
"1330","Femmine",65,2020,19854,"stranieri"
"1331","Femmine",65,2021,20822,"stranieri"
"1332","Femmine",65,2022,20763,"stranieri"
"1333","Femmine",65,2023,23422,"stranieri"
"1334","Femmine",65,2024,25136,"stranieri"
"1335","Femmine",65,2025,26074,"stranieri"
"1336","Femmine",65,2026,27992,"stranieri"
"1337","Femmine",66,2019,16106,"stranieri"
"1338","Femmine",66,2020,17421,"stranieri"
"1339","Femmine",66,2021,18597,"stranieri"
"1340","Femmine",66,2022,18804,"stranieri"
"1341","Femmine",66,2023,21208,"stranieri"
"1342","Femmine",66,2024,22730,"stranieri"
"1343","Femmine",66,2025,24550,"stranieri"
"1344","Femmine",66,2026,25199,"stranieri"
"1345","Femmine",67,2019,13859,"stranieri"
"1346","Femmine",67,2020,15819,"stranieri"
"1347","Femmine",67,2021,16057,"stranieri"
"1348","Femmine",67,2022,16424,"stranieri"
"1349","Femmine",67,2023,18988,"stranieri"
"1350","Femmine",67,2024,20488,"stranieri"
"1351","Femmine",67,2025,21910,"stranieri"
"1352","Femmine",67,2026,23643,"stranieri"
"1353","Femmine",68,2019,13224,"stranieri"
"1354","Femmine",68,2020,13660,"stranieri"
"1355","Femmine",68,2021,14462,"stranieri"
"1356","Femmine",68,2022,14172,"stranieri"
"1357","Femmine",68,2023,16816,"stranieri"
"1358","Femmine",68,2024,18396,"stranieri"
"1359","Femmine",68,2025,19802,"stranieri"
"1360","Femmine",68,2026,21136,"stranieri"
"1361","Femmine",69,2019,11536,"stranieri"
"1362","Femmine",69,2020,13013,"stranieri"
"1363","Femmine",69,2021,12409,"stranieri"
"1364","Femmine",69,2022,12808,"stranieri"
"1365","Femmine",69,2023,14434,"stranieri"
"1366","Femmine",69,2024,16289,"stranieri"
"1367","Femmine",69,2025,18001,"stranieri"
"1368","Femmine",69,2026,19016,"stranieri"
"1369","Femmine",70,2019,9893,"stranieri"
"1370","Femmine",70,2020,11333,"stranieri"
"1371","Femmine",70,2021,11885,"stranieri"
"1372","Femmine",70,2022,10921,"stranieri"
"1373","Femmine",70,2023,13143,"stranieri"
"1374","Femmine",70,2024,14023,"stranieri"
"1375","Femmine",70,2025,15908,"stranieri"
"1376","Femmine",70,2026,17236,"stranieri"
"1377","Femmine",71,2019,8168,"stranieri"
"1378","Femmine",71,2020,9751,"stranieri"
"1379","Femmine",71,2021,10221,"stranieri"
"1380","Femmine",71,2022,10425,"stranieri"
"1381","Femmine",71,2023,11075,"stranieri"
"1382","Femmine",71,2024,12759,"stranieri"
"1383","Femmine",71,2025,13678,"stranieri"
"1384","Femmine",71,2026,15268,"stranieri"
"1385","Femmine",72,2019,6857,"stranieri"
"1386","Femmine",72,2020,8108,"stranieri"
"1387","Femmine",72,2021,8704,"stranieri"
"1388","Femmine",72,2022,8891,"stranieri"
"1389","Femmine",72,2023,10631,"stranieri"
"1390","Femmine",72,2024,10808,"stranieri"
"1391","Femmine",72,2025,12400,"stranieri"
"1392","Femmine",72,2026,13119,"stranieri"
"1393","Femmine",73,2019,5547,"stranieri"
"1394","Femmine",73,2020,6769,"stranieri"
"1395","Femmine",73,2021,7311,"stranieri"
"1396","Femmine",73,2022,7613,"stranieri"
"1397","Femmine",73,2023,9062,"stranieri"
"1398","Femmine",73,2024,10276,"stranieri"
"1399","Femmine",73,2025,10567,"stranieri"
"1400","Femmine",73,2026,11911,"stranieri"
"1401","Femmine",74,2019,5119,"stranieri"
"1402","Femmine",74,2020,5467,"stranieri"
"1403","Femmine",74,2021,6072,"stranieri"
"1404","Femmine",74,2022,6385,"stranieri"
"1405","Femmine",74,2023,7783,"stranieri"
"1406","Femmine",74,2024,8813,"stranieri"
"1407","Femmine",74,2025,10075,"stranieri"
"1408","Femmine",74,2026,10125,"stranieri"
"1409","Femmine",75,2019,4666,"stranieri"
"1410","Femmine",75,2020,5038,"stranieri"
"1411","Femmine",75,2021,4864,"stranieri"
"1412","Femmine",75,2022,5249,"stranieri"
"1413","Femmine",75,2023,6523,"stranieri"
"1414","Femmine",75,2024,7607,"stranieri"
"1415","Femmine",75,2025,8638,"stranieri"
"1416","Femmine",75,2026,9636,"stranieri"
"1417","Femmine",76,2019,4703,"stranieri"
"1418","Femmine",76,2020,4616,"stranieri"
"1419","Femmine",76,2021,4482,"stranieri"
"1420","Femmine",76,2022,4208,"stranieri"
"1421","Femmine",76,2023,5404,"stranieri"
"1422","Femmine",76,2024,6359,"stranieri"
"1423","Femmine",76,2025,7522,"stranieri"
"1424","Femmine",76,2026,8268,"stranieri"
"1425","Femmine",77,2019,3700,"stranieri"
"1426","Femmine",77,2020,4582,"stranieri"
"1427","Femmine",77,2021,4080,"stranieri"
"1428","Femmine",77,2022,3898,"stranieri"
"1429","Femmine",77,2023,4324,"stranieri"
"1430","Femmine",77,2024,5249,"stranieri"
"1431","Femmine",77,2025,6284,"stranieri"
"1432","Femmine",77,2026,7204,"stranieri"
"1433","Femmine",78,2019,4077,"stranieri"
"1434","Femmine",78,2020,3606,"stranieri"
"1435","Femmine",78,2021,4070,"stranieri"
"1436","Femmine",78,2022,3576,"stranieri"
"1437","Femmine",78,2023,3999,"stranieri"
"1438","Femmine",78,2024,4160,"stranieri"
"1439","Femmine",78,2025,5216,"stranieri"
"1440","Femmine",78,2026,5941,"stranieri"
"1441","Femmine",79,2019,3162,"stranieri"
"1442","Femmine",79,2020,3991,"stranieri"
"1443","Femmine",79,2021,3164,"stranieri"
"1444","Femmine",79,2022,3527,"stranieri"
"1445","Femmine",79,2023,3669,"stranieri"
"1446","Femmine",79,2024,3851,"stranieri"
"1447","Femmine",79,2025,4138,"stranieri"
"1448","Femmine",79,2026,4935,"stranieri"
"1449","Femmine",80,2019,2905,"stranieri"
"1450","Femmine",80,2020,3096,"stranieri"
"1451","Femmine",80,2021,3483,"stranieri"
"1452","Femmine",80,2022,2714,"stranieri"
"1453","Femmine",80,2023,3662,"stranieri"
"1454","Femmine",80,2024,3564,"stranieri"
"1455","Femmine",80,2025,3805,"stranieri"
"1456","Femmine",80,2026,3927,"stranieri"
"1457","Femmine",81,2019,2517,"stranieri"
"1458","Femmine",81,2020,2853,"stranieri"
"1459","Femmine",81,2021,2651,"stranieri"
"1460","Femmine",81,2022,2946,"stranieri"
"1461","Femmine",81,2023,2786,"stranieri"
"1462","Femmine",81,2024,3490,"stranieri"
"1463","Femmine",81,2025,3462,"stranieri"
"1464","Femmine",81,2026,3609,"stranieri"
"1465","Femmine",82,2019,2138,"stranieri"
"1466","Femmine",82,2020,2431,"stranieri"
"1467","Femmine",82,2021,2493,"stranieri"
"1468","Femmine",82,2022,2257,"stranieri"
"1469","Femmine",82,2023,2953,"stranieri"
"1470","Femmine",82,2024,2673,"stranieri"
"1471","Femmine",82,2025,3381,"stranieri"
"1472","Femmine",82,2026,3255,"stranieri"
"1473","Femmine",83,2019,1746,"stranieri"
"1474","Femmine",83,2020,2069,"stranieri"
"1475","Femmine",83,2021,2066,"stranieri"
"1476","Femmine",83,2022,2065,"stranieri"
"1477","Femmine",83,2023,2246,"stranieri"
"1478","Femmine",83,2024,2801,"stranieri"
"1479","Femmine",83,2025,2649,"stranieri"
"1480","Femmine",83,2026,3167,"stranieri"
"1481","Femmine",84,2019,1483,"stranieri"
"1482","Femmine",84,2020,1663,"stranieri"
"1483","Femmine",84,2021,1760,"stranieri"
"1484","Femmine",84,2022,1702,"stranieri"
"1485","Femmine",84,2023,2055,"stranieri"
"1486","Femmine",84,2024,2161,"stranieri"
"1487","Femmine",84,2025,2740,"stranieri"
"1488","Femmine",84,2026,2454,"stranieri"
"1489","Femmine",85,2019,1184,"stranieri"
"1490","Femmine",85,2020,1428,"stranieri"
"1491","Femmine",85,2021,1409,"stranieri"
"1492","Femmine",85,2022,1442,"stranieri"
"1493","Femmine",85,2023,1685,"stranieri"
"1494","Femmine",85,2024,1955,"stranieri"
"1495","Femmine",85,2025,2102,"stranieri"
"1496","Femmine",85,2026,2542,"stranieri"
"1497","Femmine",86,2019,1105,"stranieri"
"1498","Femmine",86,2020,1165,"stranieri"
"1499","Femmine",86,2021,1168,"stranieri"
"1500","Femmine",86,2022,1125,"stranieri"
"1501","Femmine",86,2023,1388,"stranieri"
"1502","Femmine",86,2024,1579,"stranieri"
"1503","Femmine",86,2025,1863,"stranieri"
"1504","Femmine",86,2026,1959,"stranieri"
"1505","Femmine",87,2019,772,"stranieri"
"1506","Femmine",87,2020,1045,"stranieri"
"1507","Femmine",87,2021,929,"stranieri"
"1508","Femmine",87,2022,957,"stranieri"
"1509","Femmine",87,2023,1072,"stranieri"
"1510","Femmine",87,2024,1275,"stranieri"
"1511","Femmine",87,2025,1502,"stranieri"
"1512","Femmine",87,2026,1692,"stranieri"
"1513","Femmine",88,2019,898,"stranieri"
"1514","Femmine",88,2020,697,"stranieri"
"1515","Femmine",88,2021,842,"stranieri"
"1516","Femmine",88,2022,750,"stranieri"
"1517","Femmine",88,2023,896,"stranieri"
"1518","Femmine",88,2024,1006,"stranieri"
"1519","Femmine",88,2025,1214,"stranieri"
"1520","Femmine",88,2026,1362,"stranieri"
"1521","Femmine",89,2019,565,"stranieri"
"1522","Femmine",89,2020,808,"stranieri"
"1523","Femmine",89,2021,536,"stranieri"
"1524","Femmine",89,2022,682,"stranieri"
"1525","Femmine",89,2023,718,"stranieri"
"1526","Femmine",89,2024,802,"stranieri"
"1527","Femmine",89,2025,939,"stranieri"
"1528","Femmine",89,2026,1107,"stranieri"
"1529","Femmine",90,2019,490,"stranieri"
"1530","Femmine",90,2020,536,"stranieri"
"1531","Femmine",90,2021,624,"stranieri"
"1532","Femmine",90,2022,420,"stranieri"
"1533","Femmine",90,2023,636,"stranieri"
"1534","Femmine",90,2024,648,"stranieri"
"1535","Femmine",90,2025,754,"stranieri"
"1536","Femmine",90,2026,833,"stranieri"
"1537","Femmine",91,2019,410,"stranieri"
"1538","Femmine",91,2020,440,"stranieri"
"1539","Femmine",91,2021,382,"stranieri"
"1540","Femmine",91,2022,477,"stranieri"
"1541","Femmine",91,2023,387,"stranieri"
"1542","Femmine",91,2024,548,"stranieri"
"1543","Femmine",91,2025,590,"stranieri"
"1544","Femmine",91,2026,678,"stranieri"
"1545","Femmine",92,2019,313,"stranieri"
"1546","Femmine",92,2020,375,"stranieri"
"1547","Femmine",92,2021,325,"stranieri"
"1548","Femmine",92,2022,318,"stranieri"
"1549","Femmine",92,2023,449,"stranieri"
"1550","Femmine",92,2024,334,"stranieri"
"1551","Femmine",92,2025,507,"stranieri"
"1552","Femmine",92,2026,527,"stranieri"
"1553","Femmine",93,2019,283,"stranieri"
"1554","Femmine",93,2020,280,"stranieri"
"1555","Femmine",93,2021,278,"stranieri"
"1556","Femmine",93,2022,234,"stranieri"
"1557","Femmine",93,2023,286,"stranieri"
"1558","Femmine",93,2024,351,"stranieri"
"1559","Femmine",93,2025,291,"stranieri"
"1560","Femmine",93,2026,433,"stranieri"
"1561","Femmine",94,2019,190,"stranieri"
"1562","Femmine",94,2020,237,"stranieri"
"1563","Femmine",94,2021,190,"stranieri"
"1564","Femmine",94,2022,217,"stranieri"
"1565","Femmine",94,2023,202,"stranieri"
"1566","Femmine",94,2024,232,"stranieri"
"1567","Femmine",94,2025,308,"stranieri"
"1568","Femmine",94,2026,242,"stranieri"
"1569","Femmine",95,2019,178,"stranieri"
"1570","Femmine",95,2020,162,"stranieri"
"1571","Femmine",95,2021,159,"stranieri"
"1572","Femmine",95,2022,146,"stranieri"
"1573","Femmine",95,2023,188,"stranieri"
"1574","Femmine",95,2024,165,"stranieri"
"1575","Femmine",95,2025,199,"stranieri"
"1576","Femmine",95,2026,266,"stranieri"
"1577","Femmine",96,2019,123,"stranieri"
"1578","Femmine",96,2020,152,"stranieri"
"1579","Femmine",96,2021,114,"stranieri"
"1580","Femmine",96,2022,114,"stranieri"
"1581","Femmine",96,2023,130,"stranieri"
"1582","Femmine",96,2024,149,"stranieri"
"1583","Femmine",96,2025,141,"stranieri"
"1584","Femmine",96,2026,156,"stranieri"
"1585","Femmine",97,2019,79,"stranieri"
"1586","Femmine",97,2020,99,"stranieri"
"1587","Femmine",97,2021,92,"stranieri"
"1588","Femmine",97,2022,93,"stranieri"
"1589","Femmine",97,2023,92,"stranieri"
"1590","Femmine",97,2024,106,"stranieri"
"1591","Femmine",97,2025,121,"stranieri"
"1592","Femmine",97,2026,108,"stranieri"
"1593","Femmine",98,2019,95,"stranieri"
"1594","Femmine",98,2020,63,"stranieri"
"1595","Femmine",98,2021,75,"stranieri"
"1596","Femmine",98,2022,100,"stranieri"
"1597","Femmine",98,2023,76,"stranieri"
"1598","Femmine",98,2024,131,"stranieri"
"1599","Femmine",98,2025,124,"stranieri"
"1600","Femmine",98,2026,90,"stranieri"
"1601","Femmine",99,2019,42,"stranieri"
"1602","Femmine",99,2020,71,"stranieri"
"1603","Femmine",99,2021,51,"stranieri"
"1604","Femmine",99,2022,63,"stranieri"
"1605","Femmine",99,2023,87,"stranieri"
"1606","Femmine",99,2024,78,"stranieri"
"1607","Femmine",99,2025,114,"stranieri"
"1608","Femmine",99,2026,97,"stranieri"
"1609","Femmine",100,2019,84,"stranieri"
"1610","Femmine",100,2020,93,"stranieri"
"1611","Femmine",100,2021,121,"stranieri"
"1612","Femmine",100,2022,130,"stranieri"
"1613","Femmine",100,2023,160,"stranieri"
"1614","Femmine",100,2024,184,"stranieri"
"1615","Femmine",100,2025,265,"stranieri"
"1616","Femmine",100,2026,280,"stranieri"
"1617","Maschi",0,2002,13401,"stranieri"
"1618","Maschi",0,2003,16990,"stranieri"
"1619","Maschi",0,2004,17525,"stranieri"
"1620","Maschi",0,2005,24284,"stranieri"
"1621","Maschi",0,2006,26353,"stranieri"
"1622","Maschi",0,2007,29122,"stranieri"
"1623","Maschi",0,2008,32666,"stranieri"
"1624","Maschi",0,2009,36513,"stranieri"
"1625","Maschi",0,2010,38725,"stranieri"
"1626","Maschi",0,2011,38610,"stranieri"
"1627","Maschi",0,2012,38888,"stranieri"
"1628","Maschi",0,2013,41930,"stranieri"
"1629","Maschi",0,2014,40335,"stranieri"
"1630","Maschi",0,2015,38795,"stranieri"
"1631","Maschi",0,2016,37067,"stranieri"
"1632","Maschi",0,2017,35456,"stranieri"
"1633","Maschi",0,2018,34528,"stranieri"
"1634","Maschi",1,2002,12536,"stranieri"
"1635","Maschi",1,2003,14099,"stranieri"
"1636","Maschi",1,2004,17741,"stranieri"
"1637","Maschi",1,2005,18749,"stranieri"
"1638","Maschi",1,2006,24504,"stranieri"
"1639","Maschi",1,2007,26731,"stranieri"
"1640","Maschi",1,2008,30326,"stranieri"
"1641","Maschi",1,2009,33471,"stranieri"
"1642","Maschi",1,2010,36712,"stranieri"
"1643","Maschi",1,2011,38613,"stranieri"
"1644","Maschi",1,2012,38340,"stranieri"
"1645","Maschi",1,2013,40089,"stranieri"
"1646","Maschi",1,2014,41863,"stranieri"
"1647","Maschi",1,2015,39706,"stranieri"
"1648","Maschi",1,2016,37507,"stranieri"
"1649","Maschi",1,2017,35145,"stranieri"
"1650","Maschi",1,2018,34244,"stranieri"
"1651","Maschi",2,2002,11188,"stranieri"
"1652","Maschi",2,2003,13385,"stranieri"
"1653","Maschi",2,2004,15234,"stranieri"
"1654","Maschi",2,2005,18647,"stranieri"
"1655","Maschi",2,2006,19930,"stranieri"
"1656","Maschi",2,2007,24957,"stranieri"
"1657","Maschi",2,2008,28039,"stranieri"
"1658","Maschi",2,2009,31518,"stranieri"
"1659","Maschi",2,2010,33950,"stranieri"
"1660","Maschi",2,2011,36779,"stranieri"
"1661","Maschi",2,2012,38547,"stranieri"
"1662","Maschi",2,2013,39882,"stranieri"
"1663","Maschi",2,2014,40182,"stranieri"
"1664","Maschi",2,2015,40782,"stranieri"
"1665","Maschi",2,2016,37657,"stranieri"
"1666","Maschi",2,2017,35333,"stranieri"
"1667","Maschi",2,2018,33736,"stranieri"
"1668","Maschi",3,2002,9771,"stranieri"
"1669","Maschi",3,2003,11953,"stranieri"
"1670","Maschi",3,2004,14375,"stranieri"
"1671","Maschi",3,2005,16526,"stranieri"
"1672","Maschi",3,2006,19685,"stranieri"
"1673","Maschi",3,2007,20742,"stranieri"
"1674","Maschi",3,2008,26265,"stranieri"
"1675","Maschi",3,2009,29386,"stranieri"
"1676","Maschi",3,2010,32189,"stranieri"
"1677","Maschi",3,2011,34293,"stranieri"
"1678","Maschi",3,2012,36977,"stranieri"
"1679","Maschi",3,2013,40068,"stranieri"
"1680","Maschi",3,2014,40012,"stranieri"
"1681","Maschi",3,2015,39089,"stranieri"
"1682","Maschi",3,2016,38673,"stranieri"
"1683","Maschi",3,2017,35111,"stranieri"
"1684","Maschi",3,2018,34204,"stranieri"
"1685","Maschi",4,2002,9198,"stranieri"
"1686","Maschi",4,2003,10653,"stranieri"
"1687","Maschi",4,2004,12906,"stranieri"
"1688","Maschi",4,2005,15695,"stranieri"
"1689","Maschi",4,2006,17937,"stranieri"
"1690","Maschi",4,2007,20376,"stranieri"
"1691","Maschi",4,2008,22447,"stranieri"
"1692","Maschi",4,2009,27460,"stranieri"
"1693","Maschi",4,2010,30140,"stranieri"
"1694","Maschi",4,2011,32593,"stranieri"
"1695","Maschi",4,2012,34594,"stranieri"
"1696","Maschi",4,2013,38226,"stranieri"
"1697","Maschi",4,2014,40197,"stranieri"
"1698","Maschi",4,2015,38867,"stranieri"
"1699","Maschi",4,2016,36936,"stranieri"
"1700","Maschi",4,2017,35924,"stranieri"
"1701","Maschi",4,2018,33480,"stranieri"
"1702","Maschi",5,2002,8479,"stranieri"
"1703","Maschi",5,2003,10187,"stranieri"
"1704","Maschi",5,2004,11683,"stranieri"
"1705","Maschi",5,2005,14209,"stranieri"
"1706","Maschi",5,2006,17232,"stranieri"
"1707","Maschi",5,2007,18933,"stranieri"
"1708","Maschi",5,2008,22116,"stranieri"
"1709","Maschi",5,2009,23885,"stranieri"
"1710","Maschi",5,2010,28019,"stranieri"
"1711","Maschi",5,2011,30384,"stranieri"
"1712","Maschi",5,2012,33103,"stranieri"
"1713","Maschi",5,2013,35716,"stranieri"
"1714","Maschi",5,2014,38098,"stranieri"
"1715","Maschi",5,2015,38898,"stranieri"
"1716","Maschi",5,2016,36858,"stranieri"
"1717","Maschi",5,2017,34060,"stranieri"
"1718","Maschi",5,2018,34179,"stranieri"
"1719","Maschi",6,2002,8354,"stranieri"
"1720","Maschi",6,2003,9445,"stranieri"
"1721","Maschi",6,2004,11389,"stranieri"
"1722","Maschi",6,2005,13185,"stranieri"
"1723","Maschi",6,2006,15651,"stranieri"
"1724","Maschi",6,2007,18363,"stranieri"
"1725","Maschi",6,2008,20982,"stranieri"
"1726","Maschi",6,2009,23558,"stranieri"
"1727","Maschi",6,2010,24666,"stranieri"
"1728","Maschi",6,2011,28234,"stranieri"
"1729","Maschi",6,2012,30864,"stranieri"
"1730","Maschi",6,2013,34193,"stranieri"
"1731","Maschi",6,2014,35142,"stranieri"
"1732","Maschi",6,2015,36540,"stranieri"
"1733","Maschi",6,2016,36554,"stranieri"
"1734","Maschi",6,2017,33695,"stranieri"
"1735","Maschi",6,2018,32326,"stranieri"
"1736","Maschi",7,2002,8108,"stranieri"
"1737","Maschi",7,2003,9378,"stranieri"
"1738","Maschi",7,2004,10518,"stranieri"
"1739","Maschi",7,2005,12745,"stranieri"
"1740","Maschi",7,2006,14795,"stranieri"
"1741","Maschi",7,2007,16736,"stranieri"
"1742","Maschi",7,2008,20523,"stranieri"
"1743","Maschi",7,2009,22743,"stranieri"
"1744","Maschi",7,2010,24367,"stranieri"
"1745","Maschi",7,2011,25244,"stranieri"
"1746","Maschi",7,2012,28802,"stranieri"
"1747","Maschi",7,2013,31543,"stranieri"
"1748","Maschi",7,2014,33580,"stranieri"
"1749","Maschi",7,2015,33548,"stranieri"
"1750","Maschi",7,2016,34078,"stranieri"
"1751","Maschi",7,2017,33050,"stranieri"
"1752","Maschi",7,2018,31674,"stranieri"
"1753","Maschi",8,2002,7838,"stranieri"
"1754","Maschi",8,2003,9123,"stranieri"
"1755","Maschi",8,2004,10453,"stranieri"
"1756","Maschi",8,2005,11851,"stranieri"
"1757","Maschi",8,2006,14497,"stranieri"
"1758","Maschi",8,2007,16057,"stranieri"
"1759","Maschi",8,2008,18816,"stranieri"
"1760","Maschi",8,2009,22153,"stranieri"
"1761","Maschi",8,2010,23862,"stranieri"
"1762","Maschi",8,2011,24784,"stranieri"
"1763","Maschi",8,2012,25916,"stranieri"
"1764","Maschi",8,2013,29343,"stranieri"
"1765","Maschi",8,2014,30651,"stranieri"
"1766","Maschi",8,2015,31847,"stranieri"
"1767","Maschi",8,2016,31398,"stranieri"
"1768","Maschi",8,2017,31056,"stranieri"
"1769","Maschi",8,2018,30976,"stranieri"
"1770","Maschi",9,2002,7363,"stranieri"
"1771","Maschi",9,2003,8826,"stranieri"
"1772","Maschi",9,2004,10186,"stranieri"
"1773","Maschi",9,2005,11855,"stranieri"
"1774","Maschi",9,2006,13535,"stranieri"
"1775","Maschi",9,2007,15772,"stranieri"
"1776","Maschi",9,2008,18148,"stranieri"
"1777","Maschi",9,2009,20681,"stranieri"
"1778","Maschi",9,2010,23493,"stranieri"
"1779","Maschi",9,2011,24632,"stranieri"
"1780","Maschi",9,2012,25601,"stranieri"
"1781","Maschi",9,2013,26478,"stranieri"
"1782","Maschi",9,2014,28531,"stranieri"
"1783","Maschi",9,2015,28990,"stranieri"
"1784","Maschi",9,2016,29692,"stranieri"
"1785","Maschi",9,2017,28665,"stranieri"
"1786","Maschi",9,2018,29225,"stranieri"
"1787","Maschi",10,2002,7249,"stranieri"
"1788","Maschi",10,2003,8289,"stranieri"
"1789","Maschi",10,2004,9949,"stranieri"
"1790","Maschi",10,2005,11985,"stranieri"
"1791","Maschi",10,2006,13583,"stranieri"
"1792","Maschi",10,2007,14819,"stranieri"
"1793","Maschi",10,2008,17929,"stranieri"
"1794","Maschi",10,2009,20135,"stranieri"
"1795","Maschi",10,2010,21946,"stranieri"
"1796","Maschi",10,2011,24572,"stranieri"
"1797","Maschi",10,2012,25637,"stranieri"
"1798","Maschi",10,2013,26110,"stranieri"
"1799","Maschi",10,2014,25693,"stranieri"
"1800","Maschi",10,2015,26996,"stranieri"
"1801","Maschi",10,2016,26887,"stranieri"
"1802","Maschi",10,2017,27152,"stranieri"
"1803","Maschi",10,2018,27408,"stranieri"
"1804","Maschi",11,2002,6968,"stranieri"
"1805","Maschi",11,2003,8142,"stranieri"
"1806","Maschi",11,2004,9457,"stranieri"
"1807","Maschi",11,2005,11586,"stranieri"
"1808","Maschi",11,2006,13660,"stranieri"
"1809","Maschi",11,2007,14936,"stranieri"
"1810","Maschi",11,2008,16994,"stranieri"
"1811","Maschi",11,2009,19878,"stranieri"
"1812","Maschi",11,2010,21680,"stranieri"
"1813","Maschi",11,2011,23077,"stranieri"
"1814","Maschi",11,2012,25762,"stranieri"
"1815","Maschi",11,2013,26120,"stranieri"
"1816","Maschi",11,2014,25348,"stranieri"
"1817","Maschi",11,2015,24328,"stranieri"
"1818","Maschi",11,2016,25059,"stranieri"
"1819","Maschi",11,2017,24824,"stranieri"
"1820","Maschi",11,2018,26115,"stranieri"
"1821","Maschi",12,2002,7089,"stranieri"
"1822","Maschi",12,2003,7787,"stranieri"
"1823","Maschi",12,2004,9158,"stranieri"
"1824","Maschi",12,2005,11035,"stranieri"
"1825","Maschi",12,2006,13358,"stranieri"
"1826","Maschi",12,2007,15033,"stranieri"
"1827","Maschi",12,2008,17105,"stranieri"
"1828","Maschi",12,2009,19149,"stranieri"
"1829","Maschi",12,2010,21474,"stranieri"
"1830","Maschi",12,2011,22818,"stranieri"
"1831","Maschi",12,2012,24291,"stranieri"
"1832","Maschi",12,2013,26752,"stranieri"
"1833","Maschi",12,2014,25614,"stranieri"
"1834","Maschi",12,2015,24042,"stranieri"
"1835","Maschi",12,2016,22767,"stranieri"
"1836","Maschi",12,2017,23415,"stranieri"
"1837","Maschi",12,2018,24056,"stranieri"
"1838","Maschi",13,2002,6616,"stranieri"
"1839","Maschi",13,2003,7752,"stranieri"
"1840","Maschi",13,2004,8806,"stranieri"
"1841","Maschi",13,2005,10851,"stranieri"
"1842","Maschi",13,2006,12947,"stranieri"
"1843","Maschi",13,2007,14738,"stranieri"
"1844","Maschi",13,2008,17238,"stranieri"
"1845","Maschi",13,2009,19294,"stranieri"
"1846","Maschi",13,2010,20675,"stranieri"
"1847","Maschi",13,2011,22694,"stranieri"
"1848","Maschi",13,2012,24013,"stranieri"
"1849","Maschi",13,2013,25214,"stranieri"
"1850","Maschi",13,2014,26612,"stranieri"
"1851","Maschi",13,2015,24491,"stranieri"
"1852","Maschi",13,2016,22696,"stranieri"
"1853","Maschi",13,2017,21158,"stranieri"
"1854","Maschi",13,2018,22964,"stranieri"
"1855","Maschi",14,2002,6455,"stranieri"
"1856","Maschi",14,2003,7233,"stranieri"
"1857","Maschi",14,2004,8621,"stranieri"
"1858","Maschi",14,2005,10183,"stranieri"
"1859","Maschi",14,2006,12543,"stranieri"
"1860","Maschi",14,2007,14308,"stranieri"
"1861","Maschi",14,2008,16889,"stranieri"
"1862","Maschi",14,2009,19468,"stranieri"
"1863","Maschi",14,2010,21046,"stranieri"
"1864","Maschi",14,2011,21961,"stranieri"
"1865","Maschi",14,2012,23922,"stranieri"
"1866","Maschi",14,2013,24774,"stranieri"
"1867","Maschi",14,2014,25151,"stranieri"
"1868","Maschi",14,2015,26173,"stranieri"
"1869","Maschi",14,2016,23168,"stranieri"
"1870","Maschi",14,2017,21367,"stranieri"
"1871","Maschi",14,2018,21253,"stranieri"
"1872","Maschi",15,2002,6413,"stranieri"
"1873","Maschi",15,2003,6950,"stranieri"
"1874","Maschi",15,2004,8088,"stranieri"
"1875","Maschi",15,2005,10004,"stranieri"
"1876","Maschi",15,2006,12043,"stranieri"
"1877","Maschi",15,2007,13963,"stranieri"
"1878","Maschi",15,2008,16437,"stranieri"
"1879","Maschi",15,2009,19188,"stranieri"
"1880","Maschi",15,2010,21309,"stranieri"
"1881","Maschi",15,2011,22458,"stranieri"
"1882","Maschi",15,2012,23376,"stranieri"
"1883","Maschi",15,2013,24751,"stranieri"
"1884","Maschi",15,2014,24787,"stranieri"
"1885","Maschi",15,2015,25047,"stranieri"
"1886","Maschi",15,2016,25641,"stranieri"
"1887","Maschi",15,2017,22156,"stranieri"
"1888","Maschi",15,2018,21476,"stranieri"
"1889","Maschi",16,2002,6507,"stranieri"
"1890","Maschi",16,2003,7053,"stranieri"
"1891","Maschi",16,2004,7837,"stranieri"
"1892","Maschi",16,2005,9632,"stranieri"
"1893","Maschi",16,2006,11969,"stranieri"
"1894","Maschi",16,2007,13642,"stranieri"
"1895","Maschi",16,2008,16125,"stranieri"
"1896","Maschi",16,2009,18904,"stranieri"
"1897","Maschi",16,2010,21300,"stranieri"
"1898","Maschi",16,2011,22954,"stranieri"
"1899","Maschi",16,2012,23922,"stranieri"
"1900","Maschi",16,2013,24593,"stranieri"
"1901","Maschi",16,2014,24860,"stranieri"
"1902","Maschi",16,2015,24647,"stranieri"
"1903","Maschi",16,2016,24804,"stranieri"
"1904","Maschi",16,2017,25109,"stranieri"
"1905","Maschi",16,2018,22524,"stranieri"
"1906","Maschi",17,2002,7067,"stranieri"
"1907","Maschi",17,2003,7285,"stranieri"
"1908","Maschi",17,2004,8025,"stranieri"
"1909","Maschi",17,2005,9646,"stranieri"
"1910","Maschi",17,2006,11850,"stranieri"
"1911","Maschi",17,2007,13945,"stranieri"
"1912","Maschi",17,2008,16174,"stranieri"
"1913","Maschi",17,2009,18922,"stranieri"
"1914","Maschi",17,2010,21439,"stranieri"
"1915","Maschi",17,2011,23250,"stranieri"
"1916","Maschi",17,2012,24844,"stranieri"
"1917","Maschi",17,2013,25489,"stranieri"
"1918","Maschi",17,2014,25187,"stranieri"
"1919","Maschi",17,2015,24990,"stranieri"
"1920","Maschi",17,2016,24605,"stranieri"
"1921","Maschi",17,2017,25089,"stranieri"
"1922","Maschi",17,2018,27004,"stranieri"
"1923","Maschi",18,2002,7458,"stranieri"
"1924","Maschi",18,2003,8189,"stranieri"
"1925","Maschi",18,2004,8821,"stranieri"
"1926","Maschi",18,2005,10564,"stranieri"
"1927","Maschi",18,2006,12383,"stranieri"
"1928","Maschi",18,2007,14541,"stranieri"
"1929","Maschi",18,2008,17436,"stranieri"
"1930","Maschi",18,2009,19718,"stranieri"
"1931","Maschi",18,2010,22091,"stranieri"
"1932","Maschi",18,2011,23640,"stranieri"
"1933","Maschi",18,2012,24542,"stranieri"
"1934","Maschi",18,2013,25679,"stranieri"
"1935","Maschi",18,2014,25185,"stranieri"
"1936","Maschi",18,2015,24293,"stranieri"
"1937","Maschi",18,2016,24631,"stranieri"
"1938","Maschi",18,2017,26735,"stranieri"
"1939","Maschi",18,2018,30407,"stranieri"
"1940","Maschi",19,2002,7402,"stranieri"
"1941","Maschi",19,2003,7889,"stranieri"
"1942","Maschi",19,2004,10281,"stranieri"
"1943","Maschi",19,2005,10455,"stranieri"
"1944","Maschi",19,2006,12226,"stranieri"
"1945","Maschi",19,2007,14292,"stranieri"
"1946","Maschi",19,2008,18746,"stranieri"
"1947","Maschi",19,2009,21621,"stranieri"
"1948","Maschi",19,2010,23177,"stranieri"
"1949","Maschi",19,2011,24703,"stranieri"
"1950","Maschi",19,2012,25829,"stranieri"
"1951","Maschi",19,2013,25857,"stranieri"
"1952","Maschi",19,2014,26820,"stranieri"
"1953","Maschi",19,2015,26060,"stranieri"
"1954","Maschi",19,2016,26460,"stranieri"
"1955","Maschi",19,2017,29767,"stranieri"
"1956","Maschi",19,2018,36098,"stranieri"
"1957","Maschi",20,2002,7185,"stranieri"
"1958","Maschi",20,2003,7528,"stranieri"
"1959","Maschi",20,2004,10567,"stranieri"
"1960","Maschi",20,2005,12218,"stranieri"
"1961","Maschi",20,2006,10994,"stranieri"
"1962","Maschi",20,2007,13044,"stranieri"
"1963","Maschi",20,2008,19059,"stranieri"
"1964","Maschi",20,2009,22990,"stranieri"
"1965","Maschi",20,2010,24963,"stranieri"
"1966","Maschi",20,2011,25722,"stranieri"
"1967","Maschi",20,2012,26938,"stranieri"
"1968","Maschi",20,2013,28436,"stranieri"
"1969","Maschi",20,2014,27483,"stranieri"
"1970","Maschi",20,2015,28229,"stranieri"
"1971","Maschi",20,2016,28427,"stranieri"
"1972","Maschi",20,2017,31288,"stranieri"
"1973","Maschi",20,2018,36403,"stranieri"
"1974","Maschi",21,2002,7598,"stranieri"
"1975","Maschi",21,2003,7223,"stranieri"
"1976","Maschi",21,2004,11273,"stranieri"
"1977","Maschi",21,2005,12962,"stranieri"
"1978","Maschi",21,2006,12751,"stranieri"
"1979","Maschi",21,2007,11661,"stranieri"
"1980","Maschi",21,2008,18430,"stranieri"
"1981","Maschi",21,2009,23953,"stranieri"
"1982","Maschi",21,2010,26152,"stranieri"
"1983","Maschi",21,2011,27878,"stranieri"
"1984","Maschi",21,2012,28177,"stranieri"
"1985","Maschi",21,2013,29681,"stranieri"
"1986","Maschi",21,2014,30080,"stranieri"
"1987","Maschi",21,2015,28513,"stranieri"
"1988","Maschi",21,2016,30063,"stranieri"
"1989","Maschi",21,2017,32365,"stranieri"
"1990","Maschi",21,2018,36773,"stranieri"
"1991","Maschi",22,2002,8442,"stranieri"
"1992","Maschi",22,2003,7969,"stranieri"
"1993","Maschi",22,2004,12081,"stranieri"
"1994","Maschi",22,2005,14876,"stranieri"
"1995","Maschi",22,2006,13687,"stranieri"
"1996","Maschi",22,2007,13716,"stranieri"
"1997","Maschi",22,2008,17653,"stranieri"
"1998","Maschi",22,2009,24035,"stranieri"
"1999","Maschi",22,2010,27380,"stranieri"
"2000","Maschi",22,2011,29513,"stranieri"
"2001","Maschi",22,2012,30741,"stranieri"
"2002","Maschi",22,2013,31375,"stranieri"
"2003","Maschi",22,2014,31563,"stranieri"
"2004","Maschi",22,2015,31350,"stranieri"
"2005","Maschi",22,2016,30004,"stranieri"
"2006","Maschi",22,2017,32731,"stranieri"
"2007","Maschi",22,2018,36367,"stranieri"
"2008","Maschi",23,2002,9623,"stranieri"
"2009","Maschi",23,2003,9182,"stranieri"
"2010","Maschi",23,2004,14466,"stranieri"
"2011","Maschi",23,2005,16824,"stranieri"
"2012","Maschi",23,2006,16237,"stranieri"
"2013","Maschi",23,2007,14913,"stranieri"
"2014","Maschi",23,2008,20304,"stranieri"
"2015","Maschi",23,2009,23834,"stranieri"
"2016","Maschi",23,2010,28208,"stranieri"
"2017","Maschi",23,2011,31439,"stranieri"
"2018","Maschi",23,2012,32891,"stranieri"
"2019","Maschi",23,2013,34367,"stranieri"
"2020","Maschi",23,2014,33786,"stranieri"
"2021","Maschi",23,2015,32679,"stranieri"
"2022","Maschi",23,2016,32897,"stranieri"
"2023","Maschi",23,2017,32638,"stranieri"
"2024","Maschi",23,2018,36549,"stranieri"
"2025","Maschi",24,2002,10811,"stranieri"
"2026","Maschi",24,2003,10703,"stranieri"
"2027","Maschi",24,2004,16607,"stranieri"
"2028","Maschi",24,2005,20106,"stranieri"
"2029","Maschi",24,2006,18332,"stranieri"
"2030","Maschi",24,2007,17639,"stranieri"
"2031","Maschi",24,2008,21483,"stranieri"
"2032","Maschi",24,2009,26859,"stranieri"
"2033","Maschi",24,2010,28171,"stranieri"
"2034","Maschi",24,2011,32576,"stranieri"
"2035","Maschi",24,2012,35027,"stranieri"
"2036","Maschi",24,2013,37223,"stranieri"
"2037","Maschi",24,2014,37475,"stranieri"
"2038","Maschi",24,2015,35526,"stranieri"
"2039","Maschi",24,2016,34156,"stranieri"
"2040","Maschi",24,2017,35628,"stranieri"
"2041","Maschi",24,2018,35958,"stranieri"
"2042","Maschi",25,2002,12186,"stranieri"
"2043","Maschi",25,2003,12187,"stranieri"
"2044","Maschi",25,2004,19051,"stranieri"
"2045","Maschi",25,2005,23569,"stranieri"
"2046","Maschi",25,2006,22208,"stranieri"
"2047","Maschi",25,2007,19881,"stranieri"
"2048","Maschi",25,2008,24709,"stranieri"
"2049","Maschi",25,2009,27978,"stranieri"
"2050","Maschi",25,2010,31330,"stranieri"
"2051","Maschi",25,2011,33267,"stranieri"
"2052","Maschi",25,2012,36477,"stranieri"
"2053","Maschi",25,2013,39644,"stranieri"
"2054","Maschi",25,2014,40603,"stranieri"
"2055","Maschi",25,2015,39203,"stranieri"
"2056","Maschi",25,2016,37617,"stranieri"
"2057","Maschi",25,2017,36655,"stranieri"
"2058","Maschi",25,2018,39500,"stranieri"
"2059","Maschi",26,2002,13825,"stranieri"
"2060","Maschi",26,2003,13902,"stranieri"
"2061","Maschi",26,2004,21088,"stranieri"
"2062","Maschi",26,2005,26602,"stranieri"
"2063","Maschi",26,2006,25912,"stranieri"
"2064","Maschi",26,2007,23997,"stranieri"
"2065","Maschi",26,2008,27139,"stranieri"
"2066","Maschi",26,2009,31253,"stranieri"
"2067","Maschi",26,2010,32574,"stranieri"
"2068","Maschi",26,2011,36332,"stranieri"
"2069","Maschi",26,2012,37509,"stranieri"
"2070","Maschi",26,2013,41333,"stranieri"
"2071","Maschi",26,2014,43417,"stranieri"
"2072","Maschi",26,2015,42692,"stranieri"
"2073","Maschi",26,2016,41444,"stranieri"
"2074","Maschi",26,2017,41390,"stranieri"
"2075","Maschi",26,2018,39574,"stranieri"
"2076","Maschi",27,2002,15349,"stranieri"
"2077","Maschi",27,2003,15721,"stranieri"
"2078","Maschi",27,2004,23431,"stranieri"
"2079","Maschi",27,2005,29072,"stranieri"
"2080","Maschi",27,2006,29182,"stranieri"
"2081","Maschi",27,2007,27641,"stranieri"
"2082","Maschi",27,2008,31704,"stranieri"
"2083","Maschi",27,2009,33646,"stranieri"
"2084","Maschi",27,2010,35789,"stranieri"
"2085","Maschi",27,2011,37546,"stranieri"
"2086","Maschi",27,2012,40739,"stranieri"
"2087","Maschi",27,2013,42561,"stranieri"
"2088","Maschi",27,2014,45249,"stranieri"
"2089","Maschi",27,2015,45466,"stranieri"
"2090","Maschi",27,2016,44935,"stranieri"
"2091","Maschi",27,2017,44192,"stranieri"
"2092","Maschi",27,2018,45043,"stranieri"
"2093","Maschi",28,2002,16455,"stranieri"
"2094","Maschi",28,2003,17373,"stranieri"
"2095","Maschi",28,2004,25306,"stranieri"
"2096","Maschi",28,2005,31763,"stranieri"
"2097","Maschi",28,2006,32132,"stranieri"
"2098","Maschi",28,2007,31194,"stranieri"
"2099","Maschi",28,2008,35060,"stranieri"
"2100","Maschi",28,2009,38426,"stranieri"
"2101","Maschi",28,2010,37590,"stranieri"
"2102","Maschi",28,2011,40767,"stranieri"
"2103","Maschi",28,2012,42140,"stranieri"
"2104","Maschi",28,2013,45777,"stranieri"
"2105","Maschi",28,2014,46431,"stranieri"
"2106","Maschi",28,2015,47205,"stranieri"
"2107","Maschi",28,2016,47839,"stranieri"
"2108","Maschi",28,2017,47867,"stranieri"
"2109","Maschi",28,2018,46831,"stranieri"
"2110","Maschi",29,2002,18387,"stranieri"
"2111","Maschi",29,2003,19010,"stranieri"
"2112","Maschi",29,2004,27595,"stranieri"
"2113","Maschi",29,2005,34155,"stranieri"
"2114","Maschi",29,2006,35312,"stranieri"
"2115","Maschi",29,2007,34603,"stranieri"
"2116","Maschi",29,2008,38820,"stranieri"
"2117","Maschi",29,2009,41522,"stranieri"
"2118","Maschi",29,2010,42763,"stranieri"
"2119","Maschi",29,2011,42017,"stranieri"
"2120","Maschi",29,2012,45250,"stranieri"
"2121","Maschi",29,2013,46952,"stranieri"
"2122","Maschi",29,2014,49408,"stranieri"
"2123","Maschi",29,2015,48245,"stranieri"
"2124","Maschi",29,2016,49540,"stranieri"
"2125","Maschi",29,2017,50366,"stranieri"
"2126","Maschi",29,2018,50547,"stranieri"
"2127","Maschi",30,2002,19276,"stranieri"
"2128","Maschi",30,2003,21722,"stranieri"
"2129","Maschi",30,2004,29236,"stranieri"
"2130","Maschi",30,2005,36969,"stranieri"
"2131","Maschi",30,2006,38341,"stranieri"
"2132","Maschi",30,2007,38360,"stranieri"
"2133","Maschi",30,2008,42571,"stranieri"
"2134","Maschi",30,2009,45961,"stranieri"
"2135","Maschi",30,2010,45469,"stranieri"
"2136","Maschi",30,2011,47583,"stranieri"
"2137","Maschi",30,2012,46931,"stranieri"
"2138","Maschi",30,2013,50006,"stranieri"
"2139","Maschi",30,2014,50347,"stranieri"
"2140","Maschi",30,2015,51064,"stranieri"
"2141","Maschi",30,2016,50320,"stranieri"
"2142","Maschi",30,2017,51764,"stranieri"
"2143","Maschi",30,2018,52350,"stranieri"
"2144","Maschi",31,2002,20891,"stranieri"
"2145","Maschi",31,2003,21577,"stranieri"
"2146","Maschi",31,2004,30343,"stranieri"
"2147","Maschi",31,2005,36532,"stranieri"
"2148","Maschi",31,2006,40028,"stranieri"
"2149","Maschi",31,2007,40171,"stranieri"
"2150","Maschi",31,2008,45057,"stranieri"
"2151","Maschi",31,2009,48153,"stranieri"
"2152","Maschi",31,2010,48802,"stranieri"
"2153","Maschi",31,2011,48801,"stranieri"
"2154","Maschi",31,2012,50660,"stranieri"
"2155","Maschi",31,2013,51368,"stranieri"
"2156","Maschi",31,2014,53520,"stranieri"
"2157","Maschi",31,2015,51782,"stranieri"
"2158","Maschi",31,2016,52817,"stranieri"
"2159","Maschi",31,2017,52223,"stranieri"
"2160","Maschi",31,2018,53717,"stranieri"
"2161","Maschi",32,2002,22302,"stranieri"
"2162","Maschi",32,2003,23065,"stranieri"
"2163","Maschi",32,2004,29049,"stranieri"
"2164","Maschi",32,2005,36843,"stranieri"
"2165","Maschi",32,2006,38638,"stranieri"
"2166","Maschi",32,2007,41461,"stranieri"
"2167","Maschi",32,2008,45964,"stranieri"
"2168","Maschi",32,2009,49519,"stranieri"
"2169","Maschi",32,2010,50057,"stranieri"
"2170","Maschi",32,2011,51361,"stranieri"
"2171","Maschi",32,2012,50949,"stranieri"
"2172","Maschi",32,2013,55058,"stranieri"
"2173","Maschi",32,2014,54375,"stranieri"
"2174","Maschi",32,2015,54787,"stranieri"
"2175","Maschi",32,2016,53062,"stranieri"
"2176","Maschi",32,2017,54193,"stranieri"
"2177","Maschi",32,2018,53787,"stranieri"
"2178","Maschi",33,2002,23194,"stranieri"
"2179","Maschi",33,2003,24203,"stranieri"
"2180","Maschi",33,2004,30278,"stranieri"
"2181","Maschi",33,2005,34989,"stranieri"
"2182","Maschi",33,2006,38923,"stranieri"
"2183","Maschi",33,2007,39656,"stranieri"
"2184","Maschi",33,2008,46452,"stranieri"
"2185","Maschi",33,2009,49681,"stranieri"
"2186","Maschi",33,2010,50767,"stranieri"
"2187","Maschi",33,2011,51681,"stranieri"
"2188","Maschi",33,2012,52758,"stranieri"
"2189","Maschi",33,2013,55067,"stranieri"
"2190","Maschi",33,2014,58070,"stranieri"
"2191","Maschi",33,2015,55490,"stranieri"
"2192","Maschi",33,2016,56056,"stranieri"
"2193","Maschi",33,2017,53866,"stranieri"
"2194","Maschi",33,2018,55297,"stranieri"
"2195","Maschi",34,2002,22325,"stranieri"
"2196","Maschi",34,2003,24844,"stranieri"
"2197","Maschi",34,2004,30511,"stranieri"
"2198","Maschi",34,2005,35006,"stranieri"
"2199","Maschi",34,2006,36135,"stranieri"
"2200","Maschi",34,2007,39340,"stranieri"
"2201","Maschi",34,2008,42919,"stranieri"
"2202","Maschi",34,2009,48753,"stranieri"
"2203","Maschi",34,2010,50023,"stranieri"
"2204","Maschi",34,2011,51650,"stranieri"
"2205","Maschi",34,2012,52164,"stranieri"
"2206","Maschi",34,2013,56503,"stranieri"
"2207","Maschi",34,2014,57878,"stranieri"
"2208","Maschi",34,2015,59027,"stranieri"
"2209","Maschi",34,2016,56370,"stranieri"
"2210","Maschi",34,2017,56578,"stranieri"
"2211","Maschi",34,2018,54274,"stranieri"
"2212","Maschi",35,2002,21692,"stranieri"
"2213","Maschi",35,2003,24055,"stranieri"
"2214","Maschi",35,2004,31076,"stranieri"
"2215","Maschi",35,2005,35550,"stranieri"
"2216","Maschi",35,2006,36707,"stranieri"
"2217","Maschi",35,2007,36877,"stranieri"
"2218","Maschi",35,2008,43080,"stranieri"
"2219","Maschi",35,2009,45154,"stranieri"
"2220","Maschi",35,2010,49119,"stranieri"
"2221","Maschi",35,2011,50783,"stranieri"
"2222","Maschi",35,2012,52183,"stranieri"
"2223","Maschi",35,2013,55531,"stranieri"
"2224","Maschi",35,2014,59115,"stranieri"
"2225","Maschi",35,2015,58541,"stranieri"
"2226","Maschi",35,2016,60001,"stranieri"
"2227","Maschi",35,2017,56305,"stranieri"
"2228","Maschi",35,2018,57016,"stranieri"
"2229","Maschi",36,2002,21356,"stranieri"
"2230","Maschi",36,2003,23564,"stranieri"
"2231","Maschi",36,2004,29883,"stranieri"
"2232","Maschi",36,2005,36369,"stranieri"
"2233","Maschi",36,2006,37486,"stranieri"
"2234","Maschi",36,2007,37916,"stranieri"
"2235","Maschi",36,2008,40750,"stranieri"
"2236","Maschi",36,2009,45804,"stranieri"
"2237","Maschi",36,2010,45824,"stranieri"
"2238","Maschi",36,2011,49758,"stranieri"
"2239","Maschi",36,2012,51454,"stranieri"
"2240","Maschi",36,2013,55433,"stranieri"
"2241","Maschi",36,2014,57790,"stranieri"
"2242","Maschi",36,2015,59562,"stranieri"
"2243","Maschi",36,2016,58846,"stranieri"
"2244","Maschi",36,2017,59652,"stranieri"
"2245","Maschi",36,2018,56033,"stranieri"
"2246","Maschi",37,2002,20838,"stranieri"
"2247","Maschi",37,2003,23220,"stranieri"
"2248","Maschi",37,2004,28552,"stranieri"
"2249","Maschi",37,2005,34732,"stranieri"
"2250","Maschi",37,2006,38512,"stranieri"
"2251","Maschi",37,2007,38754,"stranieri"
"2252","Maschi",37,2008,42069,"stranieri"
"2253","Maschi",37,2009,43323,"stranieri"
"2254","Maschi",37,2010,46437,"stranieri"
"2255","Maschi",37,2011,46435,"stranieri"
"2256","Maschi",37,2012,50191,"stranieri"
"2257","Maschi",37,2013,54161,"stranieri"
"2258","Maschi",37,2014,57315,"stranieri"
"2259","Maschi",37,2015,57916,"stranieri"
"2260","Maschi",37,2016,59338,"stranieri"
"2261","Maschi",37,2017,57725,"stranieri"
"2262","Maschi",37,2018,59286,"stranieri"
"2263","Maschi",38,2002,19191,"stranieri"
"2264","Maschi",38,2003,22580,"stranieri"
"2265","Maschi",38,2004,27859,"stranieri"
"2266","Maschi",38,2005,32797,"stranieri"
"2267","Maschi",38,2006,36624,"stranieri"
"2268","Maschi",38,2007,40008,"stranieri"
"2269","Maschi",38,2008,42772,"stranieri"
"2270","Maschi",38,2009,44721,"stranieri"
"2271","Maschi",38,2010,43845,"stranieri"
"2272","Maschi",38,2011,46740,"stranieri"
"2273","Maschi",38,2012,46749,"stranieri"
"2274","Maschi",38,2013,52579,"stranieri"
"2275","Maschi",38,2014,55800,"stranieri"
"2276","Maschi",38,2015,57191,"stranieri"
"2277","Maschi",38,2016,57483,"stranieri"
"2278","Maschi",38,2017,57720,"stranieri"
"2279","Maschi",38,2018,56672,"stranieri"
"2280","Maschi",39,2002,18223,"stranieri"
"2281","Maschi",39,2003,20857,"stranieri"
"2282","Maschi",39,2004,26965,"stranieri"
"2283","Maschi",39,2005,31938,"stranieri"
"2284","Maschi",39,2006,34502,"stranieri"
"2285","Maschi",39,2007,37965,"stranieri"
"2286","Maschi",39,2008,44368,"stranieri"
"2287","Maschi",39,2009,45346,"stranieri"
"2288","Maschi",39,2010,45429,"stranieri"
"2289","Maschi",39,2011,44051,"stranieri"
"2290","Maschi",39,2012,46846,"stranieri"
"2291","Maschi",39,2013,48573,"stranieri"
"2292","Maschi",39,2014,53695,"stranieri"
"2293","Maschi",39,2015,55293,"stranieri"
"2294","Maschi",39,2016,56243,"stranieri"
"2295","Maschi",39,2017,55565,"stranieri"
"2296","Maschi",39,2018,56479,"stranieri"
"2297","Maschi",40,2002,15937,"stranieri"
"2298","Maschi",40,2003,19591,"stranieri"
"2299","Maschi",40,2004,24717,"stranieri"
"2300","Maschi",40,2005,30701,"stranieri"
"2301","Maschi",40,2006,33537,"stranieri"
"2302","Maschi",40,2007,35725,"stranieri"
"2303","Maschi",40,2008,42006,"stranieri"
"2304","Maschi",40,2009,46821,"stranieri"
"2305","Maschi",40,2010,45613,"stranieri"
"2306","Maschi",40,2011,45352,"stranieri"
"2307","Maschi",40,2012,43742,"stranieri"
"2308","Maschi",40,2013,48623,"stranieri"
"2309","Maschi",40,2014,49179,"stranieri"
"2310","Maschi",40,2015,52809,"stranieri"
"2311","Maschi",40,2016,54128,"stranieri"
"2312","Maschi",40,2017,54027,"stranieri"
"2313","Maschi",40,2018,54231,"stranieri"
"2314","Maschi",41,2002,16162,"stranieri"
"2315","Maschi",41,2003,17103,"stranieri"
"2316","Maschi",41,2004,23032,"stranieri"
"2317","Maschi",41,2005,28010,"stranieri"
"2318","Maschi",41,2006,32067,"stranieri"
"2319","Maschi",41,2007,34440,"stranieri"
"2320","Maschi",41,2008,38239,"stranieri"
"2321","Maschi",41,2009,44104,"stranieri"
"2322","Maschi",41,2010,47105,"stranieri"
"2323","Maschi",41,2011,45074,"stranieri"
"2324","Maschi",41,2012,44632,"stranieri"
"2325","Maschi",41,2013,45118,"stranieri"
"2326","Maschi",41,2014,49067,"stranieri"
"2327","Maschi",41,2015,48289,"stranieri"
"2328","Maschi",41,2016,51434,"stranieri"
"2329","Maschi",41,2017,51951,"stranieri"
"2330","Maschi",41,2018,52172,"stranieri"
"2331","Maschi",42,2002,13573,"stranieri"
"2332","Maschi",42,2003,16963,"stranieri"
"2333","Maschi",42,2004,19761,"stranieri"
"2334","Maschi",42,2005,25660,"stranieri"
"2335","Maschi",42,2006,28568,"stranieri"
"2336","Maschi",42,2007,32342,"stranieri"
"2337","Maschi",42,2008,36170,"stranieri"
"2338","Maschi",42,2009,39105,"stranieri"
"2339","Maschi",42,2010,43548,"stranieri"
"2340","Maschi",42,2011,46033,"stranieri"
"2341","Maschi",42,2012,43337,"stranieri"
"2342","Maschi",42,2013,45686,"stranieri"
"2343","Maschi",42,2014,45208,"stranieri"
"2344","Maschi",42,2015,48053,"stranieri"
"2345","Maschi",42,2016,46887,"stranieri"
"2346","Maschi",42,2017,48958,"stranieri"
"2347","Maschi",42,2018,50248,"stranieri"
"2348","Maschi",43,2002,12594,"stranieri"
"2349","Maschi",43,2003,13501,"stranieri"
"2350","Maschi",43,2004,18649,"stranieri"
"2351","Maschi",43,2005,21181,"stranieri"
"2352","Maschi",43,2006,25119,"stranieri"
"2353","Maschi",43,2007,27755,"stranieri"
"2354","Maschi",43,2008,32705,"stranieri"
"2355","Maschi",43,2009,35580,"stranieri"
"2356","Maschi",43,2010,37181,"stranieri"
"2357","Maschi",43,2011,41110,"stranieri"
"2358","Maschi",43,2012,43076,"stranieri"
"2359","Maschi",43,2013,44066,"stranieri"
"2360","Maschi",43,2014,45562,"stranieri"
"2361","Maschi",43,2015,44009,"stranieri"
"2362","Maschi",43,2016,46542,"stranieri"
"2363","Maschi",43,2017,44713,"stranieri"
"2364","Maschi",43,2018,47348,"stranieri"
"2365","Maschi",44,2002,11252,"stranieri"
"2366","Maschi",44,2003,12863,"stranieri"
"2367","Maschi",44,2004,15202,"stranieri"
"2368","Maschi",44,2005,20375,"stranieri"
"2369","Maschi",44,2006,21041,"stranieri"
"2370","Maschi",44,2007,24865,"stranieri"
"2371","Maschi",44,2008,28669,"stranieri"
"2372","Maschi",44,2009,32755,"stranieri"
"2373","Maschi",44,2010,34326,"stranieri"
"2374","Maschi",44,2011,35371,"stranieri"
"2375","Maschi",44,2012,38894,"stranieri"
"2376","Maschi",44,2013,43664,"stranieri"
"2377","Maschi",44,2014,43755,"stranieri"
"2378","Maschi",44,2015,44148,"stranieri"
"2379","Maschi",44,2016,42360,"stranieri"
"2380","Maschi",44,2017,44358,"stranieri"
"2381","Maschi",44,2018,43318,"stranieri"
"2382","Maschi",45,2002,10571,"stranieri"
"2383","Maschi",45,2003,11627,"stranieri"
"2384","Maschi",45,2004,14620,"stranieri"
"2385","Maschi",45,2005,16905,"stranieri"
"2386","Maschi",45,2006,20684,"stranieri"
"2387","Maschi",45,2007,21112,"stranieri"
"2388","Maschi",45,2008,26303,"stranieri"
"2389","Maschi",45,2009,29393,"stranieri"
"2390","Maschi",45,2010,32158,"stranieri"
"2391","Maschi",45,2011,33392,"stranieri"
"2392","Maschi",45,2012,33936,"stranieri"
"2393","Maschi",45,2013,39593,"stranieri"
"2394","Maschi",45,2014,43052,"stranieri"
"2395","Maschi",45,2015,42180,"stranieri"
"2396","Maschi",45,2016,42340,"stranieri"
"2397","Maschi",45,2017,40336,"stranieri"
"2398","Maschi",45,2018,42950,"stranieri"
"2399","Maschi",46,2002,9439,"stranieri"
"2400","Maschi",46,2003,10926,"stranieri"
"2401","Maschi",46,2004,13103,"stranieri"
"2402","Maschi",46,2005,16118,"stranieri"
"2403","Maschi",46,2006,17251,"stranieri"
"2404","Maschi",46,2007,20870,"stranieri"
"2405","Maschi",46,2008,22543,"stranieri"
"2406","Maschi",46,2009,27054,"stranieri"
"2407","Maschi",46,2010,28946,"stranieri"
"2408","Maschi",46,2011,31353,"stranieri"
"2409","Maschi",46,2012,32265,"stranieri"
"2410","Maschi",46,2013,34244,"stranieri"
"2411","Maschi",46,2014,39078,"stranieri"
"2412","Maschi",46,2015,41263,"stranieri"
"2413","Maschi",46,2016,40321,"stranieri"
"2414","Maschi",46,2017,40538,"stranieri"
"2415","Maschi",46,2018,39275,"stranieri"
"2416","Maschi",47,2002,8400,"stranieri"
"2417","Maschi",47,2003,9813,"stranieri"
"2418","Maschi",47,2004,12397,"stranieri"
"2419","Maschi",47,2005,14463,"stranieri"
"2420","Maschi",47,2006,16396,"stranieri"
"2421","Maschi",47,2007,17483,"stranieri"
"2422","Maschi",47,2008,22400,"stranieri"
"2423","Maschi",47,2009,23378,"stranieri"
"2424","Maschi",47,2010,26956,"stranieri"
"2425","Maschi",47,2011,28498,"stranieri"
"2426","Maschi",47,2012,30446,"stranieri"
"2427","Maschi",47,2013,32441,"stranieri"
"2428","Maschi",47,2014,33650,"stranieri"
"2429","Maschi",47,2015,37545,"stranieri"
"2430","Maschi",47,2016,39301,"stranieri"
"2431","Maschi",47,2017,38419,"stranieri"
"2432","Maschi",47,2018,39320,"stranieri"
"2433","Maschi",48,2002,7225,"stranieri"
"2434","Maschi",48,2003,8749,"stranieri"
"2435","Maschi",48,2004,10948,"stranieri"
"2436","Maschi",48,2005,13516,"stranieri"
"2437","Maschi",48,2006,14708,"stranieri"
"2438","Maschi",48,2007,16616,"stranieri"
"2439","Maschi",48,2008,18980,"stranieri"
"2440","Maschi",48,2009,23312,"stranieri"
"2441","Maschi",48,2010,23347,"stranieri"
"2442","Maschi",48,2011,26577,"stranieri"
"2443","Maschi",48,2012,27892,"stranieri"
"2444","Maschi",48,2013,30611,"stranieri"
"2445","Maschi",48,2014,31818,"stranieri"
"2446","Maschi",48,2015,31987,"stranieri"
"2447","Maschi",48,2016,35676,"stranieri"
"2448","Maschi",48,2017,37587,"stranieri"
"2449","Maschi",48,2018,37383,"stranieri"
"2450","Maschi",49,2002,6700,"stranieri"
"2451","Maschi",49,2003,7467,"stranieri"
"2452","Maschi",49,2004,9698,"stranieri"
"2453","Maschi",49,2005,11795,"stranieri"
"2454","Maschi",49,2006,13750,"stranieri"
"2455","Maschi",49,2007,14840,"stranieri"
"2456","Maschi",49,2008,17787,"stranieri"
"2457","Maschi",49,2009,19764,"stranieri"
"2458","Maschi",49,2010,23242,"stranieri"
"2459","Maschi",49,2011,23021,"stranieri"
"2460","Maschi",49,2012,26029,"stranieri"
"2461","Maschi",49,2013,28052,"stranieri"
"2462","Maschi",49,2014,29906,"stranieri"
"2463","Maschi",49,2015,30067,"stranieri"
"2464","Maschi",49,2016,30135,"stranieri"
"2465","Maschi",49,2017,34068,"stranieri"
"2466","Maschi",49,2018,36725,"stranieri"
"2467","Maschi",50,2002,5358,"stranieri"
"2468","Maschi",50,2003,6887,"stranieri"
"2469","Maschi",50,2004,8313,"stranieri"
"2470","Maschi",50,2005,10444,"stranieri"
"2471","Maschi",50,2006,12056,"stranieri"
"2472","Maschi",50,2007,13873,"stranieri"
"2473","Maschi",50,2008,15863,"stranieri"
"2474","Maschi",50,2009,18475,"stranieri"
"2475","Maschi",50,2010,19899,"stranieri"
"2476","Maschi",50,2011,23138,"stranieri"
"2477","Maschi",50,2012,22789,"stranieri"
"2478","Maschi",50,2013,26122,"stranieri"
"2479","Maschi",50,2014,27572,"stranieri"
"2480","Maschi",50,2015,28317,"stranieri"
"2481","Maschi",50,2016,28524,"stranieri"
"2482","Maschi",50,2017,28683,"stranieri"
"2483","Maschi",50,2018,33170,"stranieri"
"2484","Maschi",51,2002,5512,"stranieri"
"2485","Maschi",51,2003,5566,"stranieri"
"2486","Maschi",51,2004,7520,"stranieri"
"2487","Maschi",51,2005,8993,"stranieri"
"2488","Maschi",51,2006,10582,"stranieri"
"2489","Maschi",51,2007,12195,"stranieri"
"2490","Maschi",51,2008,14685,"stranieri"
"2491","Maschi",51,2009,16351,"stranieri"
"2492","Maschi",51,2010,18473,"stranieri"
"2493","Maschi",51,2011,19679,"stranieri"
"2494","Maschi",51,2012,22890,"stranieri"
"2495","Maschi",51,2013,22979,"stranieri"
"2496","Maschi",51,2014,25535,"stranieri"
"2497","Maschi",51,2015,26152,"stranieri"
"2498","Maschi",51,2016,26750,"stranieri"
"2499","Maschi",51,2017,27150,"stranieri"
"2500","Maschi",51,2018,28007,"stranieri"
"2501","Maschi",52,2002,4360,"stranieri"
"2502","Maschi",52,2003,5646,"stranieri"
"2503","Maschi",52,2004,6077,"stranieri"
"2504","Maschi",52,2005,8012,"stranieri"
"2505","Maschi",52,2006,9109,"stranieri"
"2506","Maschi",52,2007,10542,"stranieri"
"2507","Maschi",52,2008,12895,"stranieri"
"2508","Maschi",52,2009,15157,"stranieri"
"2509","Maschi",52,2010,16270,"stranieri"
"2510","Maschi",52,2011,18213,"stranieri"
"2511","Maschi",52,2012,19482,"stranieri"
"2512","Maschi",52,2013,22979,"stranieri"
"2513","Maschi",52,2014,22604,"stranieri"
"2514","Maschi",52,2015,24268,"stranieri"
"2515","Maschi",52,2016,24646,"stranieri"
"2516","Maschi",52,2017,25587,"stranieri"
"2517","Maschi",52,2018,26493,"stranieri"
"2518","Maschi",53,2002,3880,"stranieri"
"2519","Maschi",53,2003,4539,"stranieri"
"2520","Maschi",53,2004,6097,"stranieri"
"2521","Maschi",53,2005,6462,"stranieri"
"2522","Maschi",53,2006,8087,"stranieri"
"2523","Maschi",53,2007,9108,"stranieri"
"2524","Maschi",53,2008,11009,"stranieri"
"2525","Maschi",53,2009,13320,"stranieri"
"2526","Maschi",53,2010,15037,"stranieri"
"2527","Maschi",53,2011,15953,"stranieri"
"2528","Maschi",53,2012,18008,"stranieri"
"2529","Maschi",53,2013,19585,"stranieri"
"2530","Maschi",53,2014,22393,"stranieri"
"2531","Maschi",53,2015,21505,"stranieri"
"2532","Maschi",53,2016,23045,"stranieri"
"2533","Maschi",53,2017,23505,"stranieri"
"2534","Maschi",53,2018,24884,"stranieri"
"2535","Maschi",54,2002,3360,"stranieri"
"2536","Maschi",54,2003,4019,"stranieri"
"2537","Maschi",54,2004,4900,"stranieri"
"2538","Maschi",54,2005,6436,"stranieri"
"2539","Maschi",54,2006,6565,"stranieri"
"2540","Maschi",54,2007,8094,"stranieri"
"2541","Maschi",54,2008,9407,"stranieri"
"2542","Maschi",54,2009,11219,"stranieri"
"2543","Maschi",54,2010,13180,"stranieri"
"2544","Maschi",54,2011,14634,"stranieri"
"2545","Maschi",54,2012,15771,"stranieri"
"2546","Maschi",54,2013,18135,"stranieri"
"2547","Maschi",54,2014,19137,"stranieri"
"2548","Maschi",54,2015,21338,"stranieri"
"2549","Maschi",54,2016,20211,"stranieri"
"2550","Maschi",54,2017,22051,"stranieri"
"2551","Maschi",54,2018,22824,"stranieri"
"2552","Maschi",55,2002,2940,"stranieri"
"2553","Maschi",55,2003,3554,"stranieri"
"2554","Maschi",55,2004,4334,"stranieri"
"2555","Maschi",55,2005,5211,"stranieri"
"2556","Maschi",55,2006,6465,"stranieri"
"2557","Maschi",55,2007,6587,"stranieri"
"2558","Maschi",55,2008,8412,"stranieri"
"2559","Maschi",55,2009,9674,"stranieri"
"2560","Maschi",55,2010,11132,"stranieri"
"2561","Maschi",55,2011,12914,"stranieri"
"2562","Maschi",55,2012,14533,"stranieri"
"2563","Maschi",55,2013,15830,"stranieri"
"2564","Maschi",55,2014,17886,"stranieri"
"2565","Maschi",55,2015,18206,"stranieri"
"2566","Maschi",55,2016,20028,"stranieri"
"2567","Maschi",55,2017,19364,"stranieri"
"2568","Maschi",55,2018,21489,"stranieri"
"2569","Maschi",56,2002,2404,"stranieri"
"2570","Maschi",56,2003,3104,"stranieri"
"2571","Maschi",56,2004,3874,"stranieri"
"2572","Maschi",56,2005,4611,"stranieri"
"2573","Maschi",56,2006,5324,"stranieri"
"2574","Maschi",56,2007,6486,"stranieri"
"2575","Maschi",56,2008,6824,"stranieri"
"2576","Maschi",56,2009,8621,"stranieri"
"2577","Maschi",56,2010,9609,"stranieri"
"2578","Maschi",56,2011,10915,"stranieri"
"2579","Maschi",56,2012,12818,"stranieri"
"2580","Maschi",56,2013,14592,"stranieri"
"2581","Maschi",56,2014,15696,"stranieri"
"2582","Maschi",56,2015,17158,"stranieri"
"2583","Maschi",56,2016,17310,"stranieri"
"2584","Maschi",56,2017,19255,"stranieri"
"2585","Maschi",56,2018,18833,"stranieri"
"2586","Maschi",57,2002,2360,"stranieri"
"2587","Maschi",57,2003,2554,"stranieri"
"2588","Maschi",57,2004,3321,"stranieri"
"2589","Maschi",57,2005,4090,"stranieri"
"2590","Maschi",57,2006,4695,"stranieri"
"2591","Maschi",57,2007,5359,"stranieri"
"2592","Maschi",57,2008,6631,"stranieri"
"2593","Maschi",57,2009,6951,"stranieri"
"2594","Maschi",57,2010,8496,"stranieri"
"2595","Maschi",57,2011,9349,"stranieri"
"2596","Maschi",57,2012,10823,"stranieri"
"2597","Maschi",57,2013,12878,"stranieri"
"2598","Maschi",57,2014,14469,"stranieri"
"2599","Maschi",57,2015,15064,"stranieri"
"2600","Maschi",57,2016,16300,"stranieri"
"2601","Maschi",57,2017,16648,"stranieri"
"2602","Maschi",57,2018,18753,"stranieri"
"2603","Maschi",58,2002,2279,"stranieri"
"2604","Maschi",58,2003,2575,"stranieri"
"2605","Maschi",58,2004,2748,"stranieri"
"2606","Maschi",58,2005,3483,"stranieri"
"2607","Maschi",58,2006,4218,"stranieri"
"2608","Maschi",58,2007,4715,"stranieri"
"2609","Maschi",58,2008,5514,"stranieri"
"2610","Maschi",58,2009,6901,"stranieri"
"2611","Maschi",58,2010,6945,"stranieri"
"2612","Maschi",58,2011,8284,"stranieri"
"2613","Maschi",58,2012,9220,"stranieri"
"2614","Maschi",58,2013,10900,"stranieri"
"2615","Maschi",58,2014,12700,"stranieri"
"2616","Maschi",58,2015,13861,"stranieri"
"2617","Maschi",58,2016,14451,"stranieri"
"2618","Maschi",58,2017,15551,"stranieri"
"2619","Maschi",58,2018,16182,"stranieri"
"2620","Maschi",59,2002,2166,"stranieri"
"2621","Maschi",59,2003,2420,"stranieri"
"2622","Maschi",59,2004,2747,"stranieri"
"2623","Maschi",59,2005,2875,"stranieri"
"2624","Maschi",59,2006,3559,"stranieri"
"2625","Maschi",59,2007,4237,"stranieri"
"2626","Maschi",59,2008,4811,"stranieri"
"2627","Maschi",59,2009,5691,"stranieri"
"2628","Maschi",59,2010,6884,"stranieri"
"2629","Maschi",59,2011,6810,"stranieri"
"2630","Maschi",59,2012,8254,"stranieri"
"2631","Maschi",59,2013,9306,"stranieri"
"2632","Maschi",59,2014,10765,"stranieri"
"2633","Maschi",59,2015,12211,"stranieri"
"2634","Maschi",59,2016,13106,"stranieri"
"2635","Maschi",59,2017,13897,"stranieri"
"2636","Maschi",59,2018,15130,"stranieri"
"2637","Maschi",60,2002,1861,"stranieri"
"2638","Maschi",60,2003,2307,"stranieri"
"2639","Maschi",60,2004,2583,"stranieri"
"2640","Maschi",60,2005,2865,"stranieri"
"2641","Maschi",60,2006,2957,"stranieri"
"2642","Maschi",60,2007,3560,"stranieri"
"2643","Maschi",60,2008,4291,"stranieri"
"2644","Maschi",60,2009,4987,"stranieri"
"2645","Maschi",60,2010,5733,"stranieri"
"2646","Maschi",60,2011,6693,"stranieri"
"2647","Maschi",60,2012,6776,"stranieri"
"2648","Maschi",60,2013,8317,"stranieri"
"2649","Maschi",60,2014,9204,"stranieri"
"2650","Maschi",60,2015,10408,"stranieri"
"2651","Maschi",60,2016,11646,"stranieri"
"2652","Maschi",60,2017,12595,"stranieri"
"2653","Maschi",60,2018,13534,"stranieri"
"2654","Maschi",61,2002,2054,"stranieri"
"2655","Maschi",61,2003,1984,"stranieri"
"2656","Maschi",61,2004,2465,"stranieri"
"2657","Maschi",61,2005,2677,"stranieri"
"2658","Maschi",61,2006,2940,"stranieri"
"2659","Maschi",61,2007,2971,"stranieri"
"2660","Maschi",61,2008,3647,"stranieri"
"2661","Maschi",61,2009,4444,"stranieri"
"2662","Maschi",61,2010,5020,"stranieri"
"2663","Maschi",61,2011,5573,"stranieri"
"2664","Maschi",61,2012,6640,"stranieri"
"2665","Maschi",61,2013,6824,"stranieri"
"2666","Maschi",61,2014,8237,"stranieri"
"2667","Maschi",61,2015,8913,"stranieri"
"2668","Maschi",61,2016,9994,"stranieri"
"2669","Maschi",61,2017,11267,"stranieri"
"2670","Maschi",61,2018,12207,"stranieri"
"2671","Maschi",62,2002,1741,"stranieri"
"2672","Maschi",62,2003,2209,"stranieri"
"2673","Maschi",62,2004,2080,"stranieri"
"2674","Maschi",62,2005,2581,"stranieri"
"2675","Maschi",62,2006,2710,"stranieri"
"2676","Maschi",62,2007,2936,"stranieri"
"2677","Maschi",62,2008,3009,"stranieri"
"2678","Maschi",62,2009,3819,"stranieri"
"2679","Maschi",62,2010,4464,"stranieri"
"2680","Maschi",62,2011,4950,"stranieri"
"2681","Maschi",62,2012,5607,"stranieri"
"2682","Maschi",62,2013,6745,"stranieri"
"2683","Maschi",62,2014,6822,"stranieri"
"2684","Maschi",62,2015,7970,"stranieri"
"2685","Maschi",62,2016,8624,"stranieri"
"2686","Maschi",62,2017,9755,"stranieri"
"2687","Maschi",62,2018,10975,"stranieri"
"2688","Maschi",63,2002,1721,"stranieri"
"2689","Maschi",63,2003,1899,"stranieri"
"2690","Maschi",63,2004,2313,"stranieri"
"2691","Maschi",63,2005,2193,"stranieri"
"2692","Maschi",63,2006,2647,"stranieri"
"2693","Maschi",63,2007,2724,"stranieri"
"2694","Maschi",63,2008,2976,"stranieri"
"2695","Maschi",63,2009,3150,"stranieri"
"2696","Maschi",63,2010,3874,"stranieri"
"2697","Maschi",63,2011,4426,"stranieri"
"2698","Maschi",63,2012,4984,"stranieri"
"2699","Maschi",63,2013,5724,"stranieri"
"2700","Maschi",63,2014,6716,"stranieri"
"2701","Maschi",63,2015,6686,"stranieri"
"2702","Maschi",63,2016,7738,"stranieri"
"2703","Maschi",63,2017,8401,"stranieri"
"2704","Maschi",63,2018,9568,"stranieri"
"2705","Maschi",64,2002,1506,"stranieri"
"2706","Maschi",64,2003,1847,"stranieri"
"2707","Maschi",64,2004,1980,"stranieri"
"2708","Maschi",64,2005,2380,"stranieri"
"2709","Maschi",64,2006,2199,"stranieri"
"2710","Maschi",64,2007,2674,"stranieri"
"2711","Maschi",64,2008,2737,"stranieri"
"2712","Maschi",64,2009,3112,"stranieri"
"2713","Maschi",64,2010,3223,"stranieri"
"2714","Maschi",64,2011,3815,"stranieri"
"2715","Maschi",64,2012,4436,"stranieri"
"2716","Maschi",64,2013,5065,"stranieri"
"2717","Maschi",64,2014,5726,"stranieri"
"2718","Maschi",64,2015,6552,"stranieri"
"2719","Maschi",64,2016,6469,"stranieri"
"2720","Maschi",64,2017,7530,"stranieri"
"2721","Maschi",64,2018,8233,"stranieri"
"2722","Maschi",65,2002,1436,"stranieri"
"2723","Maschi",65,2003,1637,"stranieri"
"2724","Maschi",65,2004,1917,"stranieri"
"2725","Maschi",65,2005,2009,"stranieri"
"2726","Maschi",65,2006,2422,"stranieri"
"2727","Maschi",65,2007,2205,"stranieri"
"2728","Maschi",65,2008,2738,"stranieri"
"2729","Maschi",65,2009,2909,"stranieri"
"2730","Maschi",65,2010,3172,"stranieri"
"2731","Maschi",65,2011,3212,"stranieri"
"2732","Maschi",65,2012,3856,"stranieri"
"2733","Maschi",65,2013,4556,"stranieri"
"2734","Maschi",65,2014,5058,"stranieri"
"2735","Maschi",65,2015,5610,"stranieri"
"2736","Maschi",65,2016,6340,"stranieri"
"2737","Maschi",65,2017,6307,"stranieri"
"2738","Maschi",65,2018,7368,"stranieri"
"2739","Maschi",66,2002,1335,"stranieri"
"2740","Maschi",66,2003,1552,"stranieri"
"2741","Maschi",66,2004,1718,"stranieri"
"2742","Maschi",66,2005,2028,"stranieri"
"2743","Maschi",66,2006,2076,"stranieri"
"2744","Maschi",66,2007,2421,"stranieri"
"2745","Maschi",66,2008,2296,"stranieri"
"2746","Maschi",66,2009,2957,"stranieri"
"2747","Maschi",66,2010,3009,"stranieri"
"2748","Maschi",66,2011,3161,"stranieri"
"2749","Maschi",66,2012,3332,"stranieri"
"2750","Maschi",66,2013,3972,"stranieri"
"2751","Maschi",66,2014,4599,"stranieri"
"2752","Maschi",66,2015,5022,"stranieri"
"2753","Maschi",66,2016,5530,"stranieri"
"2754","Maschi",66,2017,6300,"stranieri"
"2755","Maschi",66,2018,6272,"stranieri"
"2756","Maschi",67,2002,1199,"stranieri"
"2757","Maschi",67,2003,1429,"stranieri"
"2758","Maschi",67,2004,1605,"stranieri"
"2759","Maschi",67,2005,1829,"stranieri"
"2760","Maschi",67,2006,2052,"stranieri"
"2761","Maschi",67,2007,2082,"stranieri"
"2762","Maschi",67,2008,2477,"stranieri"
"2763","Maschi",67,2009,2431,"stranieri"
"2764","Maschi",67,2010,3055,"stranieri"
"2765","Maschi",67,2011,3011,"stranieri"
"2766","Maschi",67,2012,3280,"stranieri"
"2767","Maschi",67,2013,3394,"stranieri"
"2768","Maschi",67,2014,3985,"stranieri"
"2769","Maschi",67,2015,4520,"stranieri"
"2770","Maschi",67,2016,4953,"stranieri"
"2771","Maschi",67,2017,5439,"stranieri"
"2772","Maschi",67,2018,6297,"stranieri"
"2773","Maschi",68,2002,1099,"stranieri"
"2774","Maschi",68,2003,1277,"stranieri"
"2775","Maschi",68,2004,1481,"stranieri"
"2776","Maschi",68,2005,1707,"stranieri"
"2777","Maschi",68,2006,1898,"stranieri"
"2778","Maschi",68,2007,2042,"stranieri"
"2779","Maschi",68,2008,2103,"stranieri"
"2780","Maschi",68,2009,2677,"stranieri"
"2781","Maschi",68,2010,2518,"stranieri"
"2782","Maschi",68,2011,3045,"stranieri"
"2783","Maschi",68,2012,3082,"stranieri"
"2784","Maschi",68,2013,3337,"stranieri"
"2785","Maschi",68,2014,3358,"stranieri"
"2786","Maschi",68,2015,3975,"stranieri"
"2787","Maschi",68,2016,4431,"stranieri"
"2788","Maschi",68,2017,4863,"stranieri"
"2789","Maschi",68,2018,5423,"stranieri"
"2790","Maschi",69,2002,1020,"stranieri"
"2791","Maschi",69,2003,1174,"stranieri"
"2792","Maschi",69,2004,1332,"stranieri"
"2793","Maschi",69,2005,1561,"stranieri"
"2794","Maschi",69,2006,1751,"stranieri"
"2795","Maschi",69,2007,1910,"stranieri"
"2796","Maschi",69,2008,2046,"stranieri"
"2797","Maschi",69,2009,2248,"stranieri"
"2798","Maschi",69,2010,2736,"stranieri"
"2799","Maschi",69,2011,2480,"stranieri"
"2800","Maschi",69,2012,3124,"stranieri"
"2801","Maschi",69,2013,3135,"stranieri"
"2802","Maschi",69,2014,3364,"stranieri"
"2803","Maschi",69,2015,3368,"stranieri"
"2804","Maschi",69,2016,3899,"stranieri"
"2805","Maschi",69,2017,4355,"stranieri"
"2806","Maschi",69,2018,4816,"stranieri"
"2807","Maschi",70,2002,917,"stranieri"
"2808","Maschi",70,2003,1068,"stranieri"
"2809","Maschi",70,2004,1203,"stranieri"
"2810","Maschi",70,2005,1434,"stranieri"
"2811","Maschi",70,2006,1573,"stranieri"
"2812","Maschi",70,2007,1731,"stranieri"
"2813","Maschi",70,2008,1931,"stranieri"
"2814","Maschi",70,2009,2233,"stranieri"
"2815","Maschi",70,2010,2292,"stranieri"
"2816","Maschi",70,2011,2708,"stranieri"
"2817","Maschi",70,2012,2535,"stranieri"
"2818","Maschi",70,2013,3137,"stranieri"
"2819","Maschi",70,2014,3142,"stranieri"
"2820","Maschi",70,2015,3362,"stranieri"
"2821","Maschi",70,2016,3304,"stranieri"
"2822","Maschi",70,2017,3837,"stranieri"
"2823","Maschi",70,2018,4264,"stranieri"
"2824","Maschi",71,2002,1020,"stranieri"
"2825","Maschi",71,2003,970,"stranieri"
"2826","Maschi",71,2004,1087,"stranieri"
"2827","Maschi",71,2005,1262,"stranieri"
"2828","Maschi",71,2006,1432,"stranieri"
"2829","Maschi",71,2007,1581,"stranieri"
"2830","Maschi",71,2008,1733,"stranieri"
"2831","Maschi",71,2009,2027,"stranieri"
"2832","Maschi",71,2010,2296,"stranieri"
"2833","Maschi",71,2011,2268,"stranieri"
"2834","Maschi",71,2012,2745,"stranieri"
"2835","Maschi",71,2013,2559,"stranieri"
"2836","Maschi",71,2014,3071,"stranieri"
"2837","Maschi",71,2015,3069,"stranieri"
"2838","Maschi",71,2016,3287,"stranieri"
"2839","Maschi",71,2017,3242,"stranieri"
"2840","Maschi",71,2018,3788,"stranieri"
"2841","Maschi",72,2002,795,"stranieri"
"2842","Maschi",72,2003,1070,"stranieri"
"2843","Maschi",72,2004,983,"stranieri"
"2844","Maschi",72,2005,1128,"stranieri"
"2845","Maschi",72,2006,1295,"stranieri"
"2846","Maschi",72,2007,1407,"stranieri"
"2847","Maschi",72,2008,1564,"stranieri"
"2848","Maschi",72,2009,1841,"stranieri"
"2849","Maschi",72,2010,2055,"stranieri"
"2850","Maschi",72,2011,2256,"stranieri"
"2851","Maschi",72,2012,2322,"stranieri"
"2852","Maschi",72,2013,2776,"stranieri"
"2853","Maschi",72,2014,2566,"stranieri"
"2854","Maschi",72,2015,3010,"stranieri"
"2855","Maschi",72,2016,2978,"stranieri"
"2856","Maschi",72,2017,3201,"stranieri"
"2857","Maschi",72,2018,3190,"stranieri"
"2858","Maschi",73,2002,775,"stranieri"
"2859","Maschi",73,2003,824,"stranieri"
"2860","Maschi",73,2004,1099,"stranieri"
"2861","Maschi",73,2005,1018,"stranieri"
"2862","Maschi",73,2006,1140,"stranieri"
"2863","Maschi",73,2007,1239,"stranieri"
"2864","Maschi",73,2008,1405,"stranieri"
"2865","Maschi",73,2009,1684,"stranieri"
"2866","Maschi",73,2010,1859,"stranieri"
"2867","Maschi",73,2011,2006,"stranieri"
"2868","Maschi",73,2012,2269,"stranieri"
"2869","Maschi",73,2013,2348,"stranieri"
"2870","Maschi",73,2014,2763,"stranieri"
"2871","Maschi",73,2015,2517,"stranieri"
"2872","Maschi",73,2016,2948,"stranieri"
"2873","Maschi",73,2017,2886,"stranieri"
"2874","Maschi",73,2018,3106,"stranieri"
"2875","Maschi",74,2002,686,"stranieri"
"2876","Maschi",74,2003,809,"stranieri"
"2877","Maschi",74,2004,819,"stranieri"
"2878","Maschi",74,2005,1106,"stranieri"
"2879","Maschi",74,2006,1014,"stranieri"
"2880","Maschi",74,2007,1102,"stranieri"
"2881","Maschi",74,2008,1190,"stranieri"
"2882","Maschi",74,2009,1481,"stranieri"
"2883","Maschi",74,2010,1684,"stranieri"
"2884","Maschi",74,2011,1811,"stranieri"
"2885","Maschi",74,2012,2010,"stranieri"
"2886","Maschi",74,2013,2286,"stranieri"
"2887","Maschi",74,2014,2317,"stranieri"
"2888","Maschi",74,2015,2710,"stranieri"
"2889","Maschi",74,2016,2464,"stranieri"
"2890","Maschi",74,2017,2882,"stranieri"
"2891","Maschi",74,2018,2820,"stranieri"
"2892","Maschi",75,2002,624,"stranieri"
"2893","Maschi",75,2003,726,"stranieri"
"2894","Maschi",75,2004,820,"stranieri"
"2895","Maschi",75,2005,836,"stranieri"
"2896","Maschi",75,2006,1091,"stranieri"
"2897","Maschi",75,2007,980,"stranieri"
"2898","Maschi",75,2008,1085,"stranieri"
"2899","Maschi",75,2009,1232,"stranieri"
"2900","Maschi",75,2010,1456,"stranieri"
"2901","Maschi",75,2011,1630,"stranieri"
"2902","Maschi",75,2012,1834,"stranieri"
"2903","Maschi",75,2013,2006,"stranieri"
"2904","Maschi",75,2014,2231,"stranieri"
"2905","Maschi",75,2015,2251,"stranieri"
"2906","Maschi",75,2016,2634,"stranieri"
"2907","Maschi",75,2017,2392,"stranieri"
"2908","Maschi",75,2018,2840,"stranieri"
"2909","Maschi",76,2002,567,"stranieri"
"2910","Maschi",76,2003,669,"stranieri"
"2911","Maschi",76,2004,751,"stranieri"
"2912","Maschi",76,2005,837,"stranieri"
"2913","Maschi",76,2006,814,"stranieri"
"2914","Maschi",76,2007,1051,"stranieri"
"2915","Maschi",76,2008,938,"stranieri"
"2916","Maschi",76,2009,1098,"stranieri"
"2917","Maschi",76,2010,1229,"stranieri"
"2918","Maschi",76,2011,1412,"stranieri"
"2919","Maschi",76,2012,1654,"stranieri"
"2920","Maschi",76,2013,1823,"stranieri"
"2921","Maschi",76,2014,1998,"stranieri"
"2922","Maschi",76,2015,2166,"stranieri"
"2923","Maschi",76,2016,2144,"stranieri"
"2924","Maschi",76,2017,2537,"stranieri"
"2925","Maschi",76,2018,2276,"stranieri"
"2926","Maschi",77,2002,524,"stranieri"
"2927","Maschi",77,2003,590,"stranieri"
"2928","Maschi",77,2004,654,"stranieri"
"2929","Maschi",77,2005,769,"stranieri"
"2930","Maschi",77,2006,800,"stranieri"
"2931","Maschi",77,2007,787,"stranieri"
"2932","Maschi",77,2008,1029,"stranieri"
"2933","Maschi",77,2009,934,"stranieri"
"2934","Maschi",77,2010,1076,"stranieri"
"2935","Maschi",77,2011,1173,"stranieri"
"2936","Maschi",77,2012,1420,"stranieri"
"2937","Maschi",77,2013,1649,"stranieri"
"2938","Maschi",77,2014,1801,"stranieri"
"2939","Maschi",77,2015,1926,"stranieri"
"2940","Maschi",77,2016,2070,"stranieri"
"2941","Maschi",77,2017,2070,"stranieri"
"2942","Maschi",77,2018,2436,"stranieri"
"2943","Maschi",78,2002,501,"stranieri"
"2944","Maschi",78,2003,536,"stranieri"
"2945","Maschi",78,2004,596,"stranieri"
"2946","Maschi",78,2005,669,"stranieri"
"2947","Maschi",78,2006,774,"stranieri"
"2948","Maschi",78,2007,766,"stranieri"
"2949","Maschi",78,2008,764,"stranieri"
"2950","Maschi",78,2009,1047,"stranieri"
"2951","Maschi",78,2010,884,"stranieri"
"2952","Maschi",78,2011,1030,"stranieri"
"2953","Maschi",78,2012,1168,"stranieri"
"2954","Maschi",78,2013,1392,"stranieri"
"2955","Maschi",78,2014,1596,"stranieri"
"2956","Maschi",78,2015,1724,"stranieri"
"2957","Maschi",78,2016,1847,"stranieri"
"2958","Maschi",78,2017,1984,"stranieri"
"2959","Maschi",78,2018,1975,"stranieri"
"2960","Maschi",79,2002,471,"stranieri"
"2961","Maschi",79,2003,501,"stranieri"
"2962","Maschi",79,2004,542,"stranieri"
"2963","Maschi",79,2005,623,"stranieri"
"2964","Maschi",79,2006,680,"stranieri"
"2965","Maschi",79,2007,752,"stranieri"
"2966","Maschi",79,2008,738,"stranieri"
"2967","Maschi",79,2009,736,"stranieri"
"2968","Maschi",79,2010,992,"stranieri"
"2969","Maschi",79,2011,805,"stranieri"
"2970","Maschi",79,2012,1022,"stranieri"
"2971","Maschi",79,2013,1154,"stranieri"
"2972","Maschi",79,2014,1318,"stranieri"
"2973","Maschi",79,2015,1551,"stranieri"
"2974","Maschi",79,2016,1645,"stranieri"
"2975","Maschi",79,2017,1738,"stranieri"
"2976","Maschi",79,2018,1891,"stranieri"
"2977","Maschi",80,2002,421,"stranieri"
"2978","Maschi",80,2003,467,"stranieri"
"2979","Maschi",80,2004,467,"stranieri"
"2980","Maschi",80,2005,552,"stranieri"
"2981","Maschi",80,2006,612,"stranieri"
"2982","Maschi",80,2007,648,"stranieri"
"2983","Maschi",80,2008,751,"stranieri"
"2984","Maschi",80,2009,716,"stranieri"
"2985","Maschi",80,2010,682,"stranieri"
"2986","Maschi",80,2011,909,"stranieri"
"2987","Maschi",80,2012,806,"stranieri"
"2988","Maschi",80,2013,1012,"stranieri"
"2989","Maschi",80,2014,1094,"stranieri"
"2990","Maschi",80,2015,1264,"stranieri"
"2991","Maschi",80,2016,1462,"stranieri"
"2992","Maschi",80,2017,1569,"stranieri"
"2993","Maschi",80,2018,1647,"stranieri"
"2994","Maschi",81,2002,430,"stranieri"
"2995","Maschi",81,2003,388,"stranieri"
"2996","Maschi",81,2004,421,"stranieri"
"2997","Maschi",81,2005,449,"stranieri"
"2998","Maschi",81,2006,530,"stranieri"
"2999","Maschi",81,2007,595,"stranieri"
"3000","Maschi",81,2008,637,"stranieri"
"3001","Maschi",81,2009,749,"stranieri"
"3002","Maschi",81,2010,685,"stranieri"
"3003","Maschi",81,2011,622,"stranieri"
"3004","Maschi",81,2012,883,"stranieri"
"3005","Maschi",81,2013,777,"stranieri"
"3006","Maschi",81,2014,974,"stranieri"
"3007","Maschi",81,2015,1038,"stranieri"
"3008","Maschi",81,2016,1207,"stranieri"
"3009","Maschi",81,2017,1365,"stranieri"
"3010","Maschi",81,2018,1478,"stranieri"
"3011","Maschi",82,2002,276,"stranieri"
"3012","Maschi",82,2003,367,"stranieri"
"3013","Maschi",82,2004,365,"stranieri"
"3014","Maschi",82,2005,438,"stranieri"
"3015","Maschi",82,2006,387,"stranieri"
"3016","Maschi",82,2007,450,"stranieri"
"3017","Maschi",82,2008,569,"stranieri"
"3018","Maschi",82,2009,601,"stranieri"
"3019","Maschi",82,2010,710,"stranieri"
"3020","Maschi",82,2011,584,"stranieri"
"3021","Maschi",82,2012,614,"stranieri"
"3022","Maschi",82,2013,855,"stranieri"
"3023","Maschi",82,2014,732,"stranieri"
"3024","Maschi",82,2015,935,"stranieri"
"3025","Maschi",82,2016,979,"stranieri"
"3026","Maschi",82,2017,1101,"stranieri"
"3027","Maschi",82,2018,1244,"stranieri"
"3028","Maschi",83,2002,231,"stranieri"
"3029","Maschi",83,2003,276,"stranieri"
"3030","Maschi",83,2004,295,"stranieri"
"3031","Maschi",83,2005,367,"stranieri"
"3032","Maschi",83,2006,412,"stranieri"
"3033","Maschi",83,2007,368,"stranieri"
"3034","Maschi",83,2008,386,"stranieri"
"3035","Maschi",83,2009,468,"stranieri"
"3036","Maschi",83,2010,482,"stranieri"
"3037","Maschi",83,2011,560,"stranieri"
"3038","Maschi",83,2012,571,"stranieri"
"3039","Maschi",83,2013,591,"stranieri"
"3040","Maschi",83,2014,795,"stranieri"
"3041","Maschi",83,2015,706,"stranieri"
"3042","Maschi",83,2016,860,"stranieri"
"3043","Maschi",83,2017,927,"stranieri"
"3044","Maschi",83,2018,1038,"stranieri"
"3045","Maschi",84,2002,198,"stranieri"
"3046","Maschi",84,2003,220,"stranieri"
"3047","Maschi",84,2004,259,"stranieri"
"3048","Maschi",84,2005,301,"stranieri"
"3049","Maschi",84,2006,329,"stranieri"
"3050","Maschi",84,2007,355,"stranieri"
"3051","Maschi",84,2008,341,"stranieri"
"3052","Maschi",84,2009,354,"stranieri"
"3053","Maschi",84,2010,399,"stranieri"
"3054","Maschi",84,2011,396,"stranieri"
"3055","Maschi",84,2012,495,"stranieri"
"3056","Maschi",84,2013,550,"stranieri"
"3057","Maschi",84,2014,562,"stranieri"
"3058","Maschi",84,2015,737,"stranieri"
"3059","Maschi",84,2016,656,"stranieri"
"3060","Maschi",84,2017,797,"stranieri"
"3061","Maschi",84,2018,841,"stranieri"
"3062","Maschi",85,2002,171,"stranieri"
"3063","Maschi",85,2003,180,"stranieri"
"3064","Maschi",85,2004,200,"stranieri"
"3065","Maschi",85,2005,239,"stranieri"
"3066","Maschi",85,2006,288,"stranieri"
"3067","Maschi",85,2007,306,"stranieri"
"3068","Maschi",85,2008,321,"stranieri"
"3069","Maschi",85,2009,328,"stranieri"
"3070","Maschi",85,2010,325,"stranieri"
"3071","Maschi",85,2011,340,"stranieri"
"3072","Maschi",85,2012,369,"stranieri"
"3073","Maschi",85,2013,477,"stranieri"
"3074","Maschi",85,2014,509,"stranieri"
"3075","Maschi",85,2015,511,"stranieri"
"3076","Maschi",85,2016,687,"stranieri"
"3077","Maschi",85,2017,595,"stranieri"
"3078","Maschi",85,2018,751,"stranieri"
"3079","Maschi",86,2002,183,"stranieri"
"3080","Maschi",86,2003,172,"stranieri"
"3081","Maschi",86,2004,158,"stranieri"
"3082","Maschi",86,2005,186,"stranieri"
"3083","Maschi",86,2006,210,"stranieri"
"3084","Maschi",86,2007,254,"stranieri"
"3085","Maschi",86,2008,270,"stranieri"
"3086","Maschi",86,2009,277,"stranieri"
"3087","Maschi",86,2010,299,"stranieri"
"3088","Maschi",86,2011,292,"stranieri"
"3089","Maschi",86,2012,323,"stranieri"
"3090","Maschi",86,2013,355,"stranieri"
"3091","Maschi",86,2014,444,"stranieri"
"3092","Maschi",86,2015,449,"stranieri"
"3093","Maschi",86,2016,465,"stranieri"
"3094","Maschi",86,2017,626,"stranieri"
"3095","Maschi",86,2018,527,"stranieri"
"3096","Maschi",87,2002,161,"stranieri"
"3097","Maschi",87,2003,161,"stranieri"
"3098","Maschi",87,2004,143,"stranieri"
"3099","Maschi",87,2005,141,"stranieri"
"3100","Maschi",87,2006,167,"stranieri"
"3101","Maschi",87,2007,184,"stranieri"
"3102","Maschi",87,2008,237,"stranieri"
"3103","Maschi",87,2009,237,"stranieri"
"3104","Maschi",87,2010,243,"stranieri"
"3105","Maschi",87,2011,262,"stranieri"
"3106","Maschi",87,2012,266,"stranieri"
"3107","Maschi",87,2013,302,"stranieri"
"3108","Maschi",87,2014,326,"stranieri"
"3109","Maschi",87,2015,392,"stranieri"
"3110","Maschi",87,2016,392,"stranieri"
"3111","Maschi",87,2017,413,"stranieri"
"3112","Maschi",87,2018,551,"stranieri"
"3113","Maschi",88,2002,155,"stranieri"
"3114","Maschi",88,2003,148,"stranieri"
"3115","Maschi",88,2004,137,"stranieri"
"3116","Maschi",88,2005,130,"stranieri"
"3117","Maschi",88,2006,125,"stranieri"
"3118","Maschi",88,2007,148,"stranieri"
"3119","Maschi",88,2008,167,"stranieri"
"3120","Maschi",88,2009,218,"stranieri"
"3121","Maschi",88,2010,205,"stranieri"
"3122","Maschi",88,2011,201,"stranieri"
"3123","Maschi",88,2012,242,"stranieri"
"3124","Maschi",88,2013,252,"stranieri"
"3125","Maschi",88,2014,269,"stranieri"
"3126","Maschi",88,2015,304,"stranieri"
"3127","Maschi",88,2016,359,"stranieri"
"3128","Maschi",88,2017,339,"stranieri"
"3129","Maschi",88,2018,366,"stranieri"
"3130","Maschi",89,2002,139,"stranieri"
"3131","Maschi",89,2003,147,"stranieri"
"3132","Maschi",89,2004,120,"stranieri"
"3133","Maschi",89,2005,122,"stranieri"
"3134","Maschi",89,2006,111,"stranieri"
"3135","Maschi",89,2007,111,"stranieri"
"3136","Maschi",89,2008,137,"stranieri"
"3137","Maschi",89,2009,143,"stranieri"
"3138","Maschi",89,2010,185,"stranieri"
"3139","Maschi",89,2011,168,"stranieri"
"3140","Maschi",89,2012,180,"stranieri"
"3141","Maschi",89,2013,214,"stranieri"
"3142","Maschi",89,2014,221,"stranieri"
"3143","Maschi",89,2015,243,"stranieri"
"3144","Maschi",89,2016,265,"stranieri"
"3145","Maschi",89,2017,315,"stranieri"
"3146","Maschi",89,2018,305,"stranieri"
"3147","Maschi",90,2002,112,"stranieri"
"3148","Maschi",90,2003,130,"stranieri"
"3149","Maschi",90,2004,123,"stranieri"
"3150","Maschi",90,2005,117,"stranieri"
"3151","Maschi",90,2006,106,"stranieri"
"3152","Maschi",90,2007,92,"stranieri"
"3153","Maschi",90,2008,90,"stranieri"
"3154","Maschi",90,2009,112,"stranieri"
"3155","Maschi",90,2010,115,"stranieri"
"3156","Maschi",90,2011,153,"stranieri"
"3157","Maschi",90,2012,155,"stranieri"
"3158","Maschi",90,2013,155,"stranieri"
"3159","Maschi",90,2014,182,"stranieri"
"3160","Maschi",90,2015,199,"stranieri"
"3161","Maschi",90,2016,214,"stranieri"
"3162","Maschi",90,2017,241,"stranieri"
"3163","Maschi",90,2018,256,"stranieri"
"3164","Maschi",91,2002,84,"stranieri"
"3165","Maschi",91,2003,95,"stranieri"
"3166","Maschi",91,2004,107,"stranieri"
"3167","Maschi",91,2005,112,"stranieri"
"3168","Maschi",91,2006,97,"stranieri"
"3169","Maschi",91,2007,90,"stranieri"
"3170","Maschi",91,2008,77,"stranieri"
"3171","Maschi",91,2009,67,"stranieri"
"3172","Maschi",91,2010,86,"stranieri"
"3173","Maschi",91,2011,95,"stranieri"
"3174","Maschi",91,2012,137,"stranieri"
"3175","Maschi",91,2013,133,"stranieri"
"3176","Maschi",91,2014,124,"stranieri"
"3177","Maschi",91,2015,166,"stranieri"
"3178","Maschi",91,2016,170,"stranieri"
"3179","Maschi",91,2017,183,"stranieri"
"3180","Maschi",91,2018,203,"stranieri"
"3181","Maschi",92,2002,57,"stranieri"
"3182","Maschi",92,2003,84,"stranieri"
"3183","Maschi",92,2004,75,"stranieri"
"3184","Maschi",92,2005,94,"stranieri"
"3185","Maschi",92,2006,90,"stranieri"
"3186","Maschi",92,2007,75,"stranieri"
"3187","Maschi",92,2008,76,"stranieri"
"3188","Maschi",92,2009,62,"stranieri"
"3189","Maschi",92,2010,53,"stranieri"
"3190","Maschi",92,2011,64,"stranieri"
"3191","Maschi",92,2012,83,"stranieri"
"3192","Maschi",92,2013,112,"stranieri"
"3193","Maschi",92,2014,111,"stranieri"
"3194","Maschi",92,2015,106,"stranieri"
"3195","Maschi",92,2016,145,"stranieri"
"3196","Maschi",92,2017,150,"stranieri"
"3197","Maschi",92,2018,159,"stranieri"
"3198","Maschi",93,2002,27,"stranieri"
"3199","Maschi",93,2003,53,"stranieri"
"3200","Maschi",93,2004,70,"stranieri"
"3201","Maschi",93,2005,67,"stranieri"
"3202","Maschi",93,2006,77,"stranieri"
"3203","Maschi",93,2007,72,"stranieri"
"3204","Maschi",93,2008,69,"stranieri"
"3205","Maschi",93,2009,59,"stranieri"
"3206","Maschi",93,2010,44,"stranieri"
"3207","Maschi",93,2011,39,"stranieri"
"3208","Maschi",93,2012,54,"stranieri"
"3209","Maschi",93,2013,63,"stranieri"
"3210","Maschi",93,2014,80,"stranieri"
"3211","Maschi",93,2015,83,"stranieri"
"3212","Maschi",93,2016,85,"stranieri"
"3213","Maschi",93,2017,121,"stranieri"
"3214","Maschi",93,2018,114,"stranieri"
"3215","Maschi",94,2002,25,"stranieri"
"3216","Maschi",94,2003,23,"stranieri"
"3217","Maschi",94,2004,45,"stranieri"
"3218","Maschi",94,2005,57,"stranieri"
"3219","Maschi",94,2006,43,"stranieri"
"3220","Maschi",94,2007,61,"stranieri"
"3221","Maschi",94,2008,56,"stranieri"
"3222","Maschi",94,2009,54,"stranieri"
"3223","Maschi",94,2010,46,"stranieri"
"3224","Maschi",94,2011,21,"stranieri"
"3225","Maschi",94,2012,35,"stranieri"
"3226","Maschi",94,2013,43,"stranieri"
"3227","Maschi",94,2014,46,"stranieri"
"3228","Maschi",94,2015,61,"stranieri"
"3229","Maschi",94,2016,67,"stranieri"
"3230","Maschi",94,2017,79,"stranieri"
"3231","Maschi",94,2018,105,"stranieri"
"3232","Maschi",95,2002,20,"stranieri"
"3233","Maschi",95,2003,21,"stranieri"
"3234","Maschi",95,2004,19,"stranieri"
"3235","Maschi",95,2005,43,"stranieri"
"3236","Maschi",95,2006,40,"stranieri"
"3237","Maschi",95,2007,36,"stranieri"
"3238","Maschi",95,2008,45,"stranieri"
"3239","Maschi",95,2009,38,"stranieri"
"3240","Maschi",95,2010,37,"stranieri"
"3241","Maschi",95,2011,28,"stranieri"
"3242","Maschi",95,2012,21,"stranieri"
"3243","Maschi",95,2013,30,"stranieri"
"3244","Maschi",95,2014,34,"stranieri"
"3245","Maschi",95,2015,39,"stranieri"
"3246","Maschi",95,2016,56,"stranieri"
"3247","Maschi",95,2017,56,"stranieri"
"3248","Maschi",95,2018,70,"stranieri"
"3249","Maschi",96,2002,13,"stranieri"
"3250","Maschi",96,2003,19,"stranieri"
"3251","Maschi",96,2004,17,"stranieri"
"3252","Maschi",96,2005,16,"stranieri"
"3253","Maschi",96,2006,35,"stranieri"
"3254","Maschi",96,2007,28,"stranieri"
"3255","Maschi",96,2008,25,"stranieri"
"3256","Maschi",96,2009,28,"stranieri"
"3257","Maschi",96,2010,32,"stranieri"
"3258","Maschi",96,2011,23,"stranieri"
"3259","Maschi",96,2012,23,"stranieri"
"3260","Maschi",96,2013,18,"stranieri"
"3261","Maschi",96,2014,22,"stranieri"
"3262","Maschi",96,2015,28,"stranieri"
"3263","Maschi",96,2016,36,"stranieri"
"3264","Maschi",96,2017,40,"stranieri"
"3265","Maschi",96,2018,50,"stranieri"
"3266","Maschi",97,2002,10,"stranieri"
"3267","Maschi",97,2003,12,"stranieri"
"3268","Maschi",97,2004,16,"stranieri"
"3269","Maschi",97,2005,16,"stranieri"
"3270","Maschi",97,2006,13,"stranieri"
"3271","Maschi",97,2007,25,"stranieri"
"3272","Maschi",97,2008,26,"stranieri"
"3273","Maschi",97,2009,20,"stranieri"
"3274","Maschi",97,2010,21,"stranieri"
"3275","Maschi",97,2011,17,"stranieri"
"3276","Maschi",97,2012,18,"stranieri"
"3277","Maschi",97,2013,17,"stranieri"
"3278","Maschi",97,2014,16,"stranieri"
"3279","Maschi",97,2015,16,"stranieri"
"3280","Maschi",97,2016,27,"stranieri"
"3281","Maschi",97,2017,31,"stranieri"
"3282","Maschi",97,2018,38,"stranieri"
"3283","Maschi",98,2002,6,"stranieri"
"3284","Maschi",98,2003,12,"stranieri"
"3285","Maschi",98,2004,13,"stranieri"
"3286","Maschi",98,2005,14,"stranieri"
"3287","Maschi",98,2006,12,"stranieri"
"3288","Maschi",98,2007,11,"stranieri"
"3289","Maschi",98,2008,18,"stranieri"
"3290","Maschi",98,2009,23,"stranieri"
"3291","Maschi",98,2010,16,"stranieri"
"3292","Maschi",98,2011,12,"stranieri"
"3293","Maschi",98,2012,14,"stranieri"
"3294","Maschi",98,2013,16,"stranieri"
"3295","Maschi",98,2014,14,"stranieri"
"3296","Maschi",98,2015,13,"stranieri"
"3297","Maschi",98,2016,15,"stranieri"
"3298","Maschi",98,2017,23,"stranieri"
"3299","Maschi",98,2018,23,"stranieri"
"3300","Maschi",99,2002,8,"stranieri"
"3301","Maschi",99,2003,6,"stranieri"
"3302","Maschi",99,2004,9,"stranieri"
"3303","Maschi",99,2005,15,"stranieri"
"3304","Maschi",99,2006,15,"stranieri"
"3305","Maschi",99,2007,11,"stranieri"
"3306","Maschi",99,2008,11,"stranieri"
"3307","Maschi",99,2009,16,"stranieri"
"3308","Maschi",99,2010,15,"stranieri"
"3309","Maschi",99,2011,9,"stranieri"
"3310","Maschi",99,2012,10,"stranieri"
"3311","Maschi",99,2013,9,"stranieri"
"3312","Maschi",99,2014,11,"stranieri"
"3313","Maschi",99,2015,10,"stranieri"
"3314","Maschi",99,2016,10,"stranieri"
"3315","Maschi",99,2017,13,"stranieri"
"3316","Maschi",99,2018,20,"stranieri"
"3317","Maschi",100,2002,3,"stranieri"
"3318","Maschi",100,2003,25,"stranieri"
"3319","Maschi",100,2004,44,"stranieri"
"3320","Maschi",100,2005,63,"stranieri"
"3321","Maschi",100,2006,65,"stranieri"
"3322","Maschi",100,2007,64,"stranieri"
"3323","Maschi",100,2008,53,"stranieri"
"3324","Maschi",100,2009,43,"stranieri"
"3325","Maschi",100,2010,35,"stranieri"
"3326","Maschi",100,2011,17,"stranieri"
"3327","Maschi",100,2012,21,"stranieri"
"3328","Maschi",100,2013,18,"stranieri"
"3329","Maschi",100,2014,25,"stranieri"
"3330","Maschi",100,2015,24,"stranieri"
"3331","Maschi",100,2016,24,"stranieri"
"3332","Maschi",100,2017,29,"stranieri"
"3333","Maschi",100,2018,29,"stranieri"
"3334","Femmine",0,2002,12860,"stranieri"
"3335","Femmine",0,2003,15967,"stranieri"
"3336","Femmine",0,2004,16323,"stranieri"
"3337","Femmine",0,2005,23012,"stranieri"
"3338","Femmine",0,2006,24594,"stranieri"
"3339","Femmine",0,2007,27520,"stranieri"
"3340","Femmine",0,2008,30440,"stranieri"
"3341","Femmine",0,2009,34093,"stranieri"
"3342","Femmine",0,2010,35757,"stranieri"
"3343","Femmine",0,2011,36120,"stranieri"
"3344","Femmine",0,2012,36345,"stranieri"
"3345","Femmine",0,2013,39420,"stranieri"
"3346","Femmine",0,2014,37952,"stranieri"
"3347","Femmine",0,2015,36498,"stranieri"
"3348","Femmine",0,2016,34810,"stranieri"
"3349","Femmine",0,2017,33018,"stranieri"
"3350","Femmine",0,2018,32455,"stranieri"
"3351","Femmine",1,2002,11850,"stranieri"
"3352","Femmine",1,2003,13517,"stranieri"
"3353","Femmine",1,2004,16603,"stranieri"
"3354","Femmine",1,2005,17494,"stranieri"
"3355","Femmine",1,2006,23168,"stranieri"
"3356","Femmine",1,2007,24917,"stranieri"
"3357","Femmine",1,2008,28383,"stranieri"
"3358","Femmine",1,2009,31205,"stranieri"
"3359","Femmine",1,2010,34304,"stranieri"
"3360","Femmine",1,2011,35722,"stranieri"
"3361","Femmine",1,2012,35856,"stranieri"
"3362","Femmine",1,2013,37519,"stranieri"
"3363","Femmine",1,2014,39423,"stranieri"
"3364","Femmine",1,2015,37378,"stranieri"
"3365","Femmine",1,2016,35135,"stranieri"
"3366","Femmine",1,2017,32940,"stranieri"
"3367","Femmine",1,2018,31925,"stranieri"
"3368","Femmine",2,2002,10528,"stranieri"
"3369","Femmine",2,2003,12546,"stranieri"
"3370","Femmine",2,2004,14429,"stranieri"
"3371","Femmine",2,2005,17447,"stranieri"
"3372","Femmine",2,2006,18540,"stranieri"
"3373","Femmine",2,2007,23595,"stranieri"
"3374","Femmine",2,2008,26067,"stranieri"
"3375","Femmine",2,2009,29321,"stranieri"
"3376","Femmine",2,2010,31558,"stranieri"
"3377","Femmine",2,2011,34276,"stranieri"
"3378","Femmine",2,2012,35512,"stranieri"
"3379","Femmine",2,2013,37212,"stranieri"
"3380","Femmine",2,2014,37899,"stranieri"
"3381","Femmine",2,2015,38470,"stranieri"
"3382","Femmine",2,2016,35472,"stranieri"
"3383","Femmine",2,2017,33224,"stranieri"
"3384","Femmine",2,2018,31676,"stranieri"
"3385","Femmine",3,2002,9364,"stranieri"
"3386","Femmine",3,2003,11142,"stranieri"
"3387","Femmine",3,2004,13405,"stranieri"
"3388","Femmine",3,2005,15575,"stranieri"
"3389","Femmine",3,2006,18409,"stranieri"
"3390","Femmine",3,2007,19275,"stranieri"
"3391","Femmine",3,2008,24652,"stranieri"
"3392","Femmine",3,2009,27170,"stranieri"
"3393","Femmine",3,2010,30014,"stranieri"
"3394","Femmine",3,2011,31786,"stranieri"
"3395","Femmine",3,2012,34328,"stranieri"
"3396","Femmine",3,2013,36997,"stranieri"
"3397","Femmine",3,2014,37440,"stranieri"
"3398","Femmine",3,2015,36714,"stranieri"
"3399","Femmine",3,2016,36170,"stranieri"
"3400","Femmine",3,2017,33030,"stranieri"
"3401","Femmine",3,2018,32178,"stranieri"
"3402","Femmine",4,2002,8530,"stranieri"
"3403","Femmine",4,2003,10194,"stranieri"
"3404","Femmine",4,2004,11925,"stranieri"
"3405","Femmine",4,2005,14568,"stranieri"
"3406","Femmine",4,2006,16838,"stranieri"
"3407","Femmine",4,2007,18990,"stranieri"
"3408","Femmine",4,2008,20802,"stranieri"
"3409","Femmine",4,2009,25614,"stranieri"
"3410","Femmine",4,2010,27662,"stranieri"
"3411","Femmine",4,2011,30312,"stranieri"
"3412","Femmine",4,2012,32022,"stranieri"
"3413","Femmine",4,2013,35710,"stranieri"
"3414","Femmine",4,2014,37115,"stranieri"
"3415","Femmine",4,2015,36286,"stranieri"
"3416","Femmine",4,2016,34523,"stranieri"
"3417","Femmine",4,2017,33423,"stranieri"
"3418","Femmine",4,2018,31554,"stranieri"
"3419","Femmine",5,2002,7894,"stranieri"
"3420","Femmine",5,2003,9421,"stranieri"
"3421","Femmine",5,2004,11123,"stranieri"
"3422","Femmine",5,2005,13050,"stranieri"
"3423","Femmine",5,2006,15953,"stranieri"
"3424","Femmine",5,2007,17818,"stranieri"
"3425","Femmine",5,2008,20509,"stranieri"
"3426","Femmine",5,2009,22077,"stranieri"
"3427","Femmine",5,2010,26231,"stranieri"
"3428","Femmine",5,2011,27975,"stranieri"
"3429","Femmine",5,2012,30711,"stranieri"
"3430","Femmine",5,2013,33293,"stranieri"
"3431","Femmine",5,2014,35483,"stranieri"
"3432","Femmine",5,2015,35909,"stranieri"
"3433","Femmine",5,2016,33988,"stranieri"
"3434","Femmine",5,2017,31821,"stranieri"
"3435","Femmine",5,2018,31826,"stranieri"
"3436","Femmine",6,2002,7988,"stranieri"
"3437","Femmine",6,2003,8765,"stranieri"
"3438","Femmine",6,2004,10335,"stranieri"
"3439","Femmine",6,2005,12391,"stranieri"
"3440","Femmine",6,2006,14368,"stranieri"
"3441","Femmine",6,2007,17005,"stranieri"
"3442","Femmine",6,2008,19576,"stranieri"
"3443","Femmine",6,2009,21756,"stranieri"
"3444","Femmine",6,2010,22883,"stranieri"
"3445","Femmine",6,2011,26454,"stranieri"
"3446","Femmine",6,2012,28514,"stranieri"
"3447","Femmine",6,2013,31864,"stranieri"
"3448","Femmine",6,2014,33007,"stranieri"
"3449","Femmine",6,2015,33943,"stranieri"
"3450","Femmine",6,2016,33594,"stranieri"
"3451","Femmine",6,2017,31119,"stranieri"
"3452","Femmine",6,2018,30141,"stranieri"
"3453","Femmine",7,2002,7524,"stranieri"
"3454","Femmine",7,2003,8793,"stranieri"
"3455","Femmine",7,2004,9750,"stranieri"
"3456","Femmine",7,2005,11462,"stranieri"
"3457","Femmine",7,2006,13779,"stranieri"
"3458","Femmine",7,2007,15339,"stranieri"
"3459","Femmine",7,2008,19013,"stranieri"
"3460","Femmine",7,2009,21117,"stranieri"
"3461","Femmine",7,2010,22458,"stranieri"
"3462","Femmine",7,2011,23382,"stranieri"
"3463","Femmine",7,2012,26912,"stranieri"
"3464","Femmine",7,2013,29514,"stranieri"
"3465","Femmine",7,2014,31357,"stranieri"
"3466","Femmine",7,2015,31346,"stranieri"
"3467","Femmine",7,2016,31440,"stranieri"
"3468","Femmine",7,2017,30701,"stranieri"
"3469","Femmine",7,2018,29361,"stranieri"
"3470","Femmine",8,2002,7294,"stranieri"
"3471","Femmine",8,2003,8448,"stranieri"
"3472","Femmine",8,2004,9651,"stranieri"
"3473","Femmine",8,2005,10942,"stranieri"
"3474","Femmine",8,2006,12971,"stranieri"
"3475","Femmine",8,2007,14832,"stranieri"
"3476","Femmine",8,2008,17346,"stranieri"
"3477","Femmine",8,2009,20590,"stranieri"
"3478","Femmine",8,2010,22141,"stranieri"
"3479","Femmine",8,2011,22948,"stranieri"
"3480","Femmine",8,2012,24054,"stranieri"
"3481","Femmine",8,2013,27742,"stranieri"
"3482","Femmine",8,2014,28964,"stranieri"
"3483","Femmine",8,2015,29647,"stranieri"
"3484","Femmine",8,2016,29001,"stranieri"
"3485","Femmine",8,2017,28458,"stranieri"
"3486","Femmine",8,2018,28777,"stranieri"
"3487","Femmine",9,2002,7035,"stranieri"
"3488","Femmine",9,2003,8179,"stranieri"
"3489","Femmine",9,2004,9429,"stranieri"
"3490","Femmine",9,2005,10864,"stranieri"
"3491","Femmine",9,2006,12493,"stranieri"
"3492","Femmine",9,2007,14136,"stranieri"
"3493","Femmine",9,2008,16780,"stranieri"
"3494","Femmine",9,2009,18938,"stranieri"
"3495","Femmine",9,2010,21728,"stranieri"
"3496","Femmine",9,2011,22847,"stranieri"
"3497","Femmine",9,2012,23688,"stranieri"
"3498","Femmine",9,2013,25032,"stranieri"
"3499","Femmine",9,2014,26954,"stranieri"
"3500","Femmine",9,2015,27183,"stranieri"
"3501","Femmine",9,2016,27390,"stranieri"
"3502","Femmine",9,2017,26537,"stranieri"
"3503","Femmine",9,2018,27092,"stranieri"
"3504","Femmine",10,2002,6673,"stranieri"
"3505","Femmine",10,2003,7948,"stranieri"
"3506","Femmine",10,2004,8994,"stranieri"
"3507","Femmine",10,2005,10972,"stranieri"
"3508","Femmine",10,2006,12381,"stranieri"
"3509","Femmine",10,2007,13694,"stranieri"
"3510","Femmine",10,2008,16081,"stranieri"
"3511","Femmine",10,2009,18564,"stranieri"
"3512","Femmine",10,2010,20177,"stranieri"
"3513","Femmine",10,2011,22652,"stranieri"
"3514","Femmine",10,2012,23722,"stranieri"
"3515","Femmine",10,2013,24557,"stranieri"
"3516","Femmine",10,2014,24138,"stranieri"
"3517","Femmine",10,2015,25537,"stranieri"
"3518","Femmine",10,2016,24911,"stranieri"
"3519","Femmine",10,2017,25147,"stranieri"
"3520","Femmine",10,2018,25318,"stranieri"
"3521","Femmine",11,2002,6549,"stranieri"
"3522","Femmine",11,2003,7521,"stranieri"
"3523","Femmine",11,2004,8922,"stranieri"
"3524","Femmine",11,2005,10355,"stranieri"
"3525","Femmine",11,2006,12503,"stranieri"
"3526","Femmine",11,2007,13507,"stranieri"
"3527","Femmine",11,2008,15508,"stranieri"
"3528","Femmine",11,2009,18031,"stranieri"
"3529","Femmine",11,2010,19905,"stranieri"
"3530","Femmine",11,2011,21100,"stranieri"
"3531","Femmine",11,2012,23617,"stranieri"
"3532","Femmine",11,2013,24416,"stranieri"
"3533","Femmine",11,2014,23805,"stranieri"
"3534","Femmine",11,2015,22693,"stranieri"
"3535","Femmine",11,2016,23540,"stranieri"
"3536","Femmine",11,2017,22807,"stranieri"
"3537","Femmine",11,2018,24251,"stranieri"
"3538","Femmine",12,2002,6207,"stranieri"
"3539","Femmine",12,2003,7376,"stranieri"
"3540","Femmine",12,2004,8435,"stranieri"
"3541","Femmine",12,2005,10262,"stranieri"
"3542","Femmine",12,2006,11995,"stranieri"
"3543","Femmine",12,2007,13710,"stranieri"
"3544","Femmine",12,2008,15404,"stranieri"
"3545","Femmine",12,2009,17236,"stranieri"
"3546","Femmine",12,2010,19317,"stranieri"
"3547","Femmine",12,2011,20882,"stranieri"
"3548","Femmine",12,2012,22159,"stranieri"
"3549","Femmine",12,2013,24567,"stranieri"
"3550","Femmine",12,2014,23555,"stranieri"
"3551","Femmine",12,2015,22522,"stranieri"
"3552","Femmine",12,2016,21050,"stranieri"
"3553","Femmine",12,2017,21869,"stranieri"
"3554","Femmine",12,2018,22158,"stranieri"
"3555","Femmine",13,2002,5959,"stranieri"
"3556","Femmine",13,2003,6955,"stranieri"
"3557","Femmine",13,2004,8186,"stranieri"
"3558","Femmine",13,2005,9802,"stranieri"
"3559","Femmine",13,2006,11829,"stranieri"
"3560","Femmine",13,2007,13220,"stranieri"
"3561","Femmine",13,2008,15673,"stranieri"
"3562","Femmine",13,2009,17198,"stranieri"
"3563","Femmine",13,2010,18479,"stranieri"
"3564","Femmine",13,2011,20348,"stranieri"
"3565","Femmine",13,2012,21941,"stranieri"
"3566","Femmine",13,2013,22996,"stranieri"
"3567","Femmine",13,2014,24347,"stranieri"
"3568","Femmine",13,2015,22282,"stranieri"
"3569","Femmine",13,2016,21022,"stranieri"
"3570","Femmine",13,2017,19607,"stranieri"
"3571","Femmine",13,2018,21509,"stranieri"
"3572","Femmine",14,2002,5807,"stranieri"
"3573","Femmine",14,2003,6654,"stranieri"
"3574","Femmine",14,2004,7695,"stranieri"
"3575","Femmine",14,2005,9505,"stranieri"
"3576","Femmine",14,2006,11261,"stranieri"
"3577","Femmine",14,2007,13068,"stranieri"
"3578","Femmine",14,2008,15086,"stranieri"
"3579","Femmine",14,2009,17520,"stranieri"
"3580","Femmine",14,2010,18595,"stranieri"
"3581","Femmine",14,2011,19520,"stranieri"
"3582","Femmine",14,2012,21419,"stranieri"
"3583","Femmine",14,2013,22824,"stranieri"
"3584","Femmine",14,2014,22720,"stranieri"
"3585","Femmine",14,2015,23517,"stranieri"
"3586","Femmine",14,2016,20700,"stranieri"
"3587","Femmine",14,2017,19417,"stranieri"
"3588","Femmine",14,2018,19629,"stranieri"
"3589","Femmine",15,2002,5561,"stranieri"
"3590","Femmine",15,2003,6251,"stranieri"
"3591","Femmine",15,2004,7315,"stranieri"
"3592","Femmine",15,2005,8971,"stranieri"
"3593","Femmine",15,2006,11107,"stranieri"
"3594","Femmine",15,2007,12462,"stranieri"
"3595","Femmine",15,2008,14921,"stranieri"
"3596","Femmine",15,2009,16931,"stranieri"
"3597","Femmine",15,2010,18917,"stranieri"
"3598","Femmine",15,2011,19808,"stranieri"
"3599","Femmine",15,2012,20634,"stranieri"
"3600","Femmine",15,2013,22276,"stranieri"
"3601","Femmine",15,2014,22676,"stranieri"
"3602","Femmine",15,2015,22078,"stranieri"
"3603","Femmine",15,2016,22368,"stranieri"
"3604","Femmine",15,2017,19563,"stranieri"
"3605","Femmine",15,2018,19243,"stranieri"
"3606","Femmine",16,2002,5446,"stranieri"
"3607","Femmine",16,2003,6016,"stranieri"
"3608","Femmine",16,2004,6859,"stranieri"
"3609","Femmine",16,2005,8564,"stranieri"
"3610","Femmine",16,2006,10562,"stranieri"
"3611","Femmine",16,2007,12461,"stranieri"
"3612","Femmine",16,2008,14262,"stranieri"
"3613","Femmine",16,2009,16802,"stranieri"
"3614","Femmine",16,2010,18386,"stranieri"
"3615","Femmine",16,2011,20093,"stranieri"
"3616","Femmine",16,2012,20903,"stranieri"
"3617","Femmine",16,2013,21557,"stranieri"
"3618","Femmine",16,2014,22111,"stranieri"
"3619","Femmine",16,2015,22126,"stranieri"
"3620","Femmine",16,2016,21230,"stranieri"
"3621","Femmine",16,2017,21480,"stranieri"
"3622","Femmine",16,2018,19510,"stranieri"
"3623","Femmine",17,2002,5632,"stranieri"
"3624","Femmine",17,2003,5919,"stranieri"
"3625","Femmine",17,2004,6736,"stranieri"
"3626","Femmine",17,2005,8161,"stranieri"
"3627","Femmine",17,2006,10245,"stranieri"
"3628","Femmine",17,2007,12048,"stranieri"
"3629","Femmine",17,2008,14427,"stranieri"
"3630","Femmine",17,2009,16222,"stranieri"
"3631","Femmine",17,2010,18420,"stranieri"
"3632","Femmine",17,2011,19589,"stranieri"
"3633","Femmine",17,2012,21303,"stranieri"
"3634","Femmine",17,2013,21927,"stranieri"
"3635","Femmine",17,2014,21632,"stranieri"
"3636","Femmine",17,2015,21537,"stranieri"
"3637","Femmine",17,2016,21464,"stranieri"
"3638","Femmine",17,2017,20301,"stranieri"
"3639","Femmine",17,2018,21034,"stranieri"
"3640","Femmine",18,2002,5969,"stranieri"
"3641","Femmine",18,2003,6396,"stranieri"
"3642","Femmine",18,2004,6959,"stranieri"
"3643","Femmine",18,2005,8731,"stranieri"
"3644","Femmine",18,2006,10355,"stranieri"
"3645","Femmine",18,2007,12069,"stranieri"
"3646","Femmine",18,2008,14388,"stranieri"
"3647","Femmine",18,2009,17079,"stranieri"
"3648","Femmine",18,2010,18118,"stranieri"
"3649","Femmine",18,2011,19857,"stranieri"
"3650","Femmine",18,2012,20590,"stranieri"
"3651","Femmine",18,2013,21912,"stranieri"
"3652","Femmine",18,2014,20623,"stranieri"
"3653","Femmine",18,2015,19594,"stranieri"
"3654","Femmine",18,2016,19604,"stranieri"
"3655","Femmine",18,2017,18866,"stranieri"
"3656","Femmine",18,2018,18587,"stranieri"
"3657","Femmine",19,2002,6782,"stranieri"
"3658","Femmine",19,2003,6583,"stranieri"
"3659","Femmine",19,2004,7972,"stranieri"
"3660","Femmine",19,2005,8830,"stranieri"
"3661","Femmine",19,2006,10755,"stranieri"
"3662","Femmine",19,2007,12480,"stranieri"
"3663","Femmine",19,2008,15968,"stranieri"
"3664","Femmine",19,2009,18606,"stranieri"
"3665","Femmine",19,2010,20560,"stranieri"
"3666","Femmine",19,2011,21088,"stranieri"
"3667","Femmine",19,2012,22459,"stranieri"
"3668","Femmine",19,2013,22585,"stranieri"
"3669","Femmine",19,2014,23189,"stranieri"
"3670","Femmine",19,2015,21254,"stranieri"
"3671","Femmine",19,2016,20283,"stranieri"
"3672","Femmine",19,2017,19910,"stranieri"
"3673","Femmine",19,2018,19333,"stranieri"
"3674","Femmine",20,2002,7672,"stranieri"
"3675","Femmine",20,2003,7705,"stranieri"
"3676","Femmine",20,2004,8790,"stranieri"
"3677","Femmine",20,2005,10201,"stranieri"
"3678","Femmine",20,2006,10905,"stranieri"
"3679","Femmine",20,2007,12908,"stranieri"
"3680","Femmine",20,2008,18106,"stranieri"
"3681","Femmine",20,2009,21395,"stranieri"
"3682","Femmine",20,2010,23033,"stranieri"
"3683","Femmine",20,2011,24581,"stranieri"
"3684","Femmine",20,2012,24461,"stranieri"
"3685","Femmine",20,2013,25726,"stranieri"
"3686","Femmine",20,2014,25029,"stranieri"
"3687","Femmine",20,2015,24943,"stranieri"
"3688","Femmine",20,2016,22993,"stranieri"
"3689","Femmine",20,2017,21760,"stranieri"
"3690","Femmine",20,2018,21969,"stranieri"
"3691","Femmine",21,2002,9245,"stranieri"
"3692","Femmine",21,2003,8752,"stranieri"
"3693","Femmine",21,2004,11270,"stranieri"
"3694","Femmine",21,2005,11528,"stranieri"
"3695","Femmine",21,2006,12795,"stranieri"
"3696","Femmine",21,2007,13577,"stranieri"
"3697","Femmine",21,2008,19556,"stranieri"
"3698","Femmine",21,2009,24522,"stranieri"
"3699","Femmine",21,2010,26496,"stranieri"
"3700","Femmine",21,2011,27901,"stranieri"
"3701","Femmine",21,2012,28249,"stranieri"
"3702","Femmine",21,2013,28149,"stranieri"
"3703","Femmine",21,2014,28533,"stranieri"
"3704","Femmine",21,2015,26862,"stranieri"
"3705","Femmine",21,2016,26333,"stranieri"
"3706","Femmine",21,2017,24146,"stranieri"
"3707","Femmine",21,2018,23831,"stranieri"
"3708","Femmine",22,2002,11156,"stranieri"
"3709","Femmine",22,2003,10913,"stranieri"
"3710","Femmine",22,2004,13357,"stranieri"
"3711","Femmine",22,2005,15292,"stranieri"
"3712","Femmine",22,2006,14497,"stranieri"
"3713","Femmine",22,2007,16029,"stranieri"
"3714","Femmine",22,2008,21541,"stranieri"
"3715","Femmine",22,2009,26647,"stranieri"
"3716","Femmine",22,2010,30056,"stranieri"
"3717","Femmine",22,2011,32044,"stranieri"
"3718","Femmine",22,2012,32444,"stranieri"
"3719","Femmine",22,2013,32396,"stranieri"
"3720","Femmine",22,2014,31208,"stranieri"
"3721","Femmine",22,2015,30657,"stranieri"
"3722","Femmine",22,2016,28277,"stranieri"
"3723","Femmine",22,2017,27275,"stranieri"
"3724","Femmine",22,2018,26158,"stranieri"
"3725","Femmine",23,2002,12583,"stranieri"
"3726","Femmine",23,2003,13263,"stranieri"
"3727","Femmine",23,2004,16734,"stranieri"
"3728","Femmine",23,2005,18067,"stranieri"
"3729","Femmine",23,2006,18895,"stranieri"
"3730","Femmine",23,2007,18074,"stranieri"
"3731","Femmine",23,2008,24618,"stranieri"
"3732","Femmine",23,2009,29167,"stranieri"
"3733","Femmine",23,2010,32734,"stranieri"
"3734","Femmine",23,2011,36259,"stranieri"
"3735","Femmine",23,2012,37058,"stranieri"
"3736","Femmine",23,2013,37192,"stranieri"
"3737","Femmine",23,2014,35993,"stranieri"
"3738","Femmine",23,2015,33468,"stranieri"
"3739","Femmine",23,2016,32057,"stranieri"
"3740","Femmine",23,2017,29694,"stranieri"
"3741","Femmine",23,2018,29127,"stranieri"
"3742","Femmine",24,2002,14681,"stranieri"
"3743","Femmine",24,2003,15129,"stranieri"
"3744","Femmine",24,2004,20088,"stranieri"
"3745","Femmine",24,2005,22236,"stranieri"
"3746","Femmine",24,2006,21892,"stranieri"
"3747","Femmine",24,2007,22602,"stranieri"
"3748","Femmine",24,2008,26459,"stranieri"
"3749","Femmine",24,2009,32679,"stranieri"
"3750","Femmine",24,2010,35475,"stranieri"
"3751","Femmine",24,2011,39106,"stranieri"
"3752","Femmine",24,2012,41404,"stranieri"
"3753","Femmine",24,2013,42127,"stranieri"
"3754","Femmine",24,2014,41087,"stranieri"
"3755","Femmine",24,2015,38336,"stranieri"
"3756","Femmine",24,2016,34958,"stranieri"
"3757","Femmine",24,2017,33633,"stranieri"
"3758","Femmine",24,2018,31805,"stranieri"
"3759","Femmine",25,2002,16849,"stranieri"
"3760","Femmine",25,2003,17514,"stranieri"
"3761","Femmine",25,2004,22914,"stranieri"
"3762","Femmine",25,2005,26230,"stranieri"
"3763","Femmine",25,2006,26309,"stranieri"
"3764","Femmine",25,2007,25831,"stranieri"
"3765","Femmine",25,2008,31677,"stranieri"
"3766","Femmine",25,2009,34102,"stranieri"
"3767","Femmine",25,2010,38852,"stranieri"
"3768","Femmine",25,2011,41906,"stranieri"
"3769","Femmine",25,2012,44357,"stranieri"
"3770","Femmine",25,2013,46507,"stranieri"
"3771","Femmine",25,2014,46366,"stranieri"
"3772","Femmine",25,2015,43546,"stranieri"
"3773","Femmine",25,2016,39895,"stranieri"
"3774","Femmine",25,2017,36576,"stranieri"
"3775","Femmine",25,2018,35820,"stranieri"
"3776","Femmine",26,2002,18411,"stranieri"
"3777","Femmine",26,2003,20261,"stranieri"
"3778","Femmine",26,2004,26019,"stranieri"
"3779","Femmine",26,2005,29592,"stranieri"
"3780","Femmine",26,2006,30960,"stranieri"
"3781","Femmine",26,2007,30439,"stranieri"
"3782","Femmine",26,2008,34950,"stranieri"
"3783","Femmine",26,2009,39796,"stranieri"
"3784","Femmine",26,2010,39904,"stranieri"
"3785","Femmine",26,2011,45302,"stranieri"
"3786","Femmine",26,2012,47243,"stranieri"
"3787","Femmine",26,2013,49294,"stranieri"
"3788","Femmine",26,2014,50522,"stranieri"
"3789","Femmine",26,2015,48844,"stranieri"
"3790","Femmine",26,2016,45177,"stranieri"
"3791","Femmine",26,2017,41715,"stranieri"
"3792","Femmine",26,2018,38395,"stranieri"
"3793","Femmine",27,2002,19982,"stranieri"
"3794","Femmine",27,2003,22023,"stranieri"
"3795","Femmine",27,2004,29204,"stranieri"
"3796","Femmine",27,2005,32999,"stranieri"
"3797","Femmine",27,2006,34326,"stranieri"
"3798","Femmine",27,2007,34976,"stranieri"
"3799","Femmine",27,2008,39615,"stranieri"
"3800","Femmine",27,2009,42589,"stranieri"
"3801","Femmine",27,2010,45303,"stranieri"
"3802","Femmine",27,2011,45638,"stranieri"
"3803","Femmine",27,2012,50097,"stranieri"
"3804","Femmine",27,2013,51818,"stranieri"
"3805","Femmine",27,2014,52940,"stranieri"
"3806","Femmine",27,2015,52687,"stranieri"
"3807","Femmine",27,2016,50312,"stranieri"
"3808","Femmine",27,2017,46876,"stranieri"
"3809","Femmine",27,2018,43625,"stranieri"
"3810","Femmine",28,2002,20765,"stranieri"
"3811","Femmine",28,2003,24482,"stranieri"
"3812","Femmine",28,2004,32656,"stranieri"
"3813","Femmine",28,2005,38255,"stranieri"
"3814","Femmine",28,2006,39326,"stranieri"
"3815","Femmine",28,2007,39538,"stranieri"
"3816","Femmine",28,2008,45104,"stranieri"
"3817","Femmine",28,2009,48624,"stranieri"
"3818","Femmine",28,2010,48478,"stranieri"
"3819","Femmine",28,2011,51338,"stranieri"
"3820","Femmine",28,2012,51257,"stranieri"
"3821","Femmine",28,2013,54092,"stranieri"
"3822","Femmine",28,2014,54874,"stranieri"
"3823","Femmine",28,2015,54766,"stranieri"
"3824","Femmine",28,2016,53964,"stranieri"
"3825","Femmine",28,2017,51908,"stranieri"
"3826","Femmine",28,2018,48390,"stranieri"
"3827","Femmine",29,2002,21657,"stranieri"
"3828","Femmine",29,2003,24277,"stranieri"
"3829","Femmine",29,2004,33663,"stranieri"
"3830","Femmine",29,2005,39933,"stranieri"
"3831","Femmine",29,2006,43274,"stranieri"
"3832","Femmine",29,2007,43346,"stranieri"
"3833","Femmine",29,2008,47956,"stranieri"
"3834","Femmine",29,2009,51958,"stranieri"
"3835","Femmine",29,2010,53015,"stranieri"
"3836","Femmine",29,2011,52914,"stranieri"
"3837","Femmine",29,2012,55159,"stranieri"
"3838","Femmine",29,2013,54746,"stranieri"
"3839","Femmine",29,2014,56784,"stranieri"
"3840","Femmine",29,2015,56343,"stranieri"
"3841","Femmine",29,2016,55753,"stranieri"
"3842","Femmine",29,2017,55230,"stranieri"
"3843","Femmine",29,2018,53154,"stranieri"
"3844","Femmine",30,2002,21384,"stranieri"
"3845","Femmine",30,2003,25339,"stranieri"
"3846","Femmine",30,2004,33593,"stranieri"
"3847","Femmine",30,2005,41463,"stranieri"
"3848","Femmine",30,2006,45296,"stranieri"
"3849","Femmine",30,2007,47444,"stranieri"
"3850","Femmine",30,2008,51746,"stranieri"
"3851","Femmine",30,2009,54839,"stranieri"
"3852","Femmine",30,2010,56049,"stranieri"
"3853","Femmine",30,2011,57041,"stranieri"
"3854","Femmine",30,2012,56286,"stranieri"
"3855","Femmine",30,2013,58233,"stranieri"
"3856","Femmine",30,2014,57094,"stranieri"
"3857","Femmine",30,2015,57927,"stranieri"
"3858","Femmine",30,2016,57060,"stranieri"
"3859","Femmine",30,2017,56766,"stranieri"
"3860","Femmine",30,2018,55968,"stranieri"
"3861","Femmine",31,2002,21461,"stranieri"
"3862","Femmine",31,2003,24412,"stranieri"
"3863","Femmine",31,2004,33409,"stranieri"
"3864","Femmine",31,2005,39789,"stranieri"
"3865","Femmine",31,2006,45628,"stranieri"
"3866","Femmine",31,2007,48587,"stranieri"
"3867","Femmine",31,2008,54594,"stranieri"
"3868","Femmine",31,2009,56667,"stranieri"
"3869","Femmine",31,2010,57814,"stranieri"
"3870","Femmine",31,2011,58890,"stranieri"
"3871","Femmine",31,2012,59115,"stranieri"
"3872","Femmine",31,2013,58843,"stranieri"
"3873","Femmine",31,2014,60186,"stranieri"
"3874","Femmine",31,2015,58042,"stranieri"
"3875","Femmine",31,2016,58314,"stranieri"
"3876","Femmine",31,2017,57396,"stranieri"
"3877","Femmine",31,2018,57134,"stranieri"
"3878","Femmine",32,2002,21562,"stranieri"
"3879","Femmine",32,2003,23696,"stranieri"
"3880","Femmine",32,2004,31520,"stranieri"
"3881","Femmine",32,2005,38836,"stranieri"
"3882","Femmine",32,2006,42972,"stranieri"
"3883","Femmine",32,2007,48162,"stranieri"
"3884","Femmine",32,2008,54576,"stranieri"
"3885","Femmine",32,2009,58716,"stranieri"
"3886","Femmine",32,2010,58585,"stranieri"
"3887","Femmine",32,2011,59660,"stranieri"
"3888","Femmine",32,2012,59871,"stranieri"
"3889","Femmine",32,2013,61364,"stranieri"
"3890","Femmine",32,2014,60268,"stranieri"
"3891","Femmine",32,2015,60801,"stranieri"
"3892","Femmine",32,2016,58172,"stranieri"
"3893","Femmine",32,2017,58275,"stranieri"
"3894","Femmine",32,2018,57207,"stranieri"
"3895","Femmine",33,2002,21142,"stranieri"
"3896","Femmine",33,2003,22966,"stranieri"
"3897","Femmine",33,2004,29545,"stranieri"
"3898","Femmine",33,2005,35759,"stranieri"
"3899","Femmine",33,2006,41057,"stranieri"
"3900","Femmine",33,2007,44251,"stranieri"
"3901","Femmine",33,2008,52749,"stranieri"
"3902","Femmine",33,2009,57080,"stranieri"
"3903","Femmine",33,2010,59398,"stranieri"
"3904","Femmine",33,2011,59121,"stranieri"
"3905","Femmine",33,2012,59205,"stranieri"
"3906","Femmine",33,2013,61593,"stranieri"
"3907","Femmine",33,2014,62577,"stranieri"
"3908","Femmine",33,2015,60693,"stranieri"
"3909","Femmine",33,2016,60558,"stranieri"
"3910","Femmine",33,2017,57866,"stranieri"
"3911","Femmine",33,2018,57953,"stranieri"
"3912","Femmine",34,2002,19793,"stranieri"
"3913","Femmine",34,2003,22457,"stranieri"
"3914","Femmine",34,2004,28658,"stranieri"
"3915","Femmine",34,2005,33991,"stranieri"
"3916","Femmine",34,2006,38068,"stranieri"
"3917","Femmine",34,2007,42598,"stranieri"
"3918","Femmine",34,2008,48475,"stranieri"
"3919","Femmine",34,2009,55513,"stranieri"
"3920","Femmine",34,2010,58071,"stranieri"
"3921","Femmine",34,2011,60406,"stranieri"
"3922","Femmine",34,2012,58734,"stranieri"
"3923","Femmine",34,2013,60946,"stranieri"
"3924","Femmine",34,2014,62664,"stranieri"
"3925","Femmine",34,2015,62676,"stranieri"
"3926","Femmine",34,2016,60184,"stranieri"
"3927","Femmine",34,2017,59859,"stranieri"
"3928","Femmine",34,2018,57427,"stranieri"
"3929","Femmine",35,2002,17868,"stranieri"
"3930","Femmine",35,2003,19628,"stranieri"
"3931","Femmine",35,2004,26607,"stranieri"
"3932","Femmine",35,2005,31089,"stranieri"
"3933","Femmine",35,2006,34625,"stranieri"
"3934","Femmine",35,2007,37744,"stranieri"
"3935","Femmine",35,2008,45217,"stranieri"
"3936","Femmine",35,2009,49266,"stranieri"
"3937","Femmine",35,2010,54932,"stranieri"
"3938","Femmine",35,2011,57611,"stranieri"
"3939","Femmine",35,2012,58198,"stranieri"
"3940","Femmine",35,2013,60063,"stranieri"
"3941","Femmine",35,2014,61807,"stranieri"
"3942","Femmine",35,2015,62671,"stranieri"
"3943","Femmine",35,2016,61981,"stranieri"
"3944","Femmine",35,2017,59334,"stranieri"
"3945","Femmine",35,2018,59214,"stranieri"
"3946","Femmine",36,2002,17717,"stranieri"
"3947","Femmine",36,2003,18127,"stranieri"
"3948","Femmine",36,2004,24108,"stranieri"
"3949","Femmine",36,2005,29828,"stranieri"
"3950","Femmine",36,2006,32338,"stranieri"
"3951","Femmine",36,2007,35189,"stranieri"
"3952","Femmine",36,2008,41309,"stranieri"
"3953","Femmine",36,2009,47070,"stranieri"
"3954","Femmine",36,2010,49809,"stranieri"
"3955","Femmine",36,2011,55481,"stranieri"
"3956","Femmine",36,2012,56699,"stranieri"
"3957","Femmine",36,2013,59371,"stranieri"
"3958","Femmine",36,2014,60540,"stranieri"
"3959","Femmine",36,2015,61541,"stranieri"
"3960","Femmine",36,2016,61673,"stranieri"
"3961","Femmine",36,2017,60839,"stranieri"
"3962","Femmine",36,2018,58481,"stranieri"
"3963","Femmine",37,2002,17233,"stranieri"
"3964","Femmine",37,2003,18196,"stranieri"
"3965","Femmine",37,2004,22477,"stranieri"
"3966","Femmine",37,2005,27566,"stranieri"
"3967","Femmine",37,2006,31600,"stranieri"
"3968","Femmine",37,2007,33545,"stranieri"
"3969","Femmine",37,2008,39665,"stranieri"
"3970","Femmine",37,2009,44204,"stranieri"
"3971","Femmine",37,2010,48792,"stranieri"
"3972","Femmine",37,2011,51429,"stranieri"
"3973","Femmine",37,2012,55557,"stranieri"
"3974","Femmine",37,2013,57908,"stranieri"
"3975","Femmine",37,2014,59835,"stranieri"
"3976","Femmine",37,2015,60130,"stranieri"
"3977","Femmine",37,2016,60542,"stranieri"
"3978","Femmine",37,2017,60228,"stranieri"
"3979","Femmine",37,2018,59547,"stranieri"
"3980","Femmine",38,2002,16366,"stranieri"
"3981","Femmine",38,2003,17579,"stranieri"
"3982","Femmine",38,2004,22306,"stranieri"
"3983","Femmine",38,2005,25597,"stranieri"
"3984","Femmine",38,2006,29316,"stranieri"
"3985","Femmine",38,2007,32995,"stranieri"
"3986","Femmine",38,2008,38558,"stranieri"
"3987","Femmine",38,2009,43048,"stranieri"
"3988","Femmine",38,2010,46306,"stranieri"
"3989","Femmine",38,2011,51036,"stranieri"
"3990","Femmine",38,2012,52209,"stranieri"
"3991","Femmine",38,2013,56579,"stranieri"
"3992","Femmine",38,2014,58169,"stranieri"
"3993","Femmine",38,2015,59261,"stranieri"
"3994","Femmine",38,2016,58873,"stranieri"
"3995","Femmine",38,2017,58984,"stranieri"
"3996","Femmine",38,2018,59029,"stranieri"
"3997","Femmine",39,2002,15329,"stranieri"
"3998","Femmine",39,2003,16689,"stranieri"
"3999","Femmine",39,2004,21761,"stranieri"
"4000","Femmine",39,2005,25136,"stranieri"
"4001","Femmine",39,2006,26939,"stranieri"
"4002","Femmine",39,2007,30588,"stranieri"
"4003","Femmine",39,2008,38384,"stranieri"
"4004","Femmine",39,2009,42005,"stranieri"
"4005","Femmine",39,2010,45252,"stranieri"
"4006","Femmine",39,2011,48618,"stranieri"
"4007","Femmine",39,2012,51996,"stranieri"
"4008","Femmine",39,2013,53105,"stranieri"
"4009","Femmine",39,2014,56840,"stranieri"
"4010","Femmine",39,2015,57524,"stranieri"
"4011","Femmine",39,2016,57955,"stranieri"
"4012","Femmine",39,2017,57323,"stranieri"
"4013","Femmine",39,2018,57732,"stranieri"
"4014","Femmine",40,2002,13558,"stranieri"
"4015","Femmine",40,2003,15526,"stranieri"
"4016","Femmine",40,2004,20782,"stranieri"
"4017","Femmine",40,2005,24592,"stranieri"
"4018","Femmine",40,2006,26376,"stranieri"
"4019","Femmine",40,2007,27856,"stranieri"
"4020","Femmine",40,2008,35946,"stranieri"
"4021","Femmine",40,2009,42189,"stranieri"
"4022","Femmine",40,2010,44337,"stranieri"
"4023","Femmine",40,2011,47997,"stranieri"
"4024","Femmine",40,2012,49967,"stranieri"
"4025","Femmine",40,2013,53111,"stranieri"
"4026","Femmine",40,2014,53282,"stranieri"
"4027","Femmine",40,2015,56018,"stranieri"
"4028","Femmine",40,2016,56181,"stranieri"
"4029","Femmine",40,2017,56496,"stranieri"
"4030","Femmine",40,2018,56178,"stranieri"
"4031","Femmine",41,2002,13469,"stranieri"
"4032","Femmine",41,2003,13640,"stranieri"
"4033","Femmine",41,2004,19527,"stranieri"
"4034","Femmine",41,2005,23552,"stranieri"
"4035","Femmine",41,2006,25591,"stranieri"
"4036","Femmine",41,2007,27116,"stranieri"
"4037","Femmine",41,2008,31150,"stranieri"
"4038","Femmine",41,2009,39553,"stranieri"
"4039","Femmine",41,2010,44734,"stranieri"
"4040","Femmine",41,2011,47057,"stranieri"
"4041","Femmine",41,2012,49177,"stranieri"
"4042","Femmine",41,2013,51144,"stranieri"
"4043","Femmine",41,2014,53258,"stranieri"
"4044","Femmine",41,2015,52523,"stranieri"
"4045","Femmine",41,2016,54375,"stranieri"
"4046","Femmine",41,2017,54599,"stranieri"
"4047","Femmine",41,2018,55380,"stranieri"
"4048","Femmine",42,2002,11871,"stranieri"
"4049","Femmine",42,2003,13554,"stranieri"
"4050","Femmine",42,2004,17565,"stranieri"
"4051","Femmine",42,2005,22220,"stranieri"
"4052","Femmine",42,2006,24525,"stranieri"
"4053","Femmine",42,2007,26435,"stranieri"
"4054","Femmine",42,2008,30432,"stranieri"
"4055","Femmine",42,2009,33665,"stranieri"
"4056","Femmine",42,2010,42007,"stranieri"
"4057","Femmine",42,2011,47651,"stranieri"
"4058","Femmine",42,2012,48501,"stranieri"
"4059","Femmine",42,2013,50490,"stranieri"
"4060","Femmine",42,2014,51632,"stranieri"
"4061","Femmine",42,2015,52690,"stranieri"
"4062","Femmine",42,2016,51144,"stranieri"
"4063","Femmine",42,2017,52839,"stranieri"
"4064","Femmine",42,2018,53660,"stranieri"
"4065","Femmine",43,2002,10901,"stranieri"
"4066","Femmine",43,2003,11831,"stranieri"
"4067","Femmine",43,2004,17547,"stranieri"
"4068","Femmine",43,2005,20226,"stranieri"
"4069","Femmine",43,2006,23124,"stranieri"
"4070","Femmine",43,2007,25088,"stranieri"
"4071","Femmine",43,2008,29790,"stranieri"
"4072","Femmine",43,2009,32806,"stranieri"
"4073","Femmine",43,2010,35407,"stranieri"
"4074","Femmine",43,2011,44662,"stranieri"
"4075","Femmine",43,2012,49196,"stranieri"
"4076","Femmine",43,2013,49847,"stranieri"
"4077","Femmine",43,2014,50823,"stranieri"
"4078","Femmine",43,2015,51260,"stranieri"
"4079","Femmine",43,2016,51124,"stranieri"
"4080","Femmine",43,2017,49720,"stranieri"
"4081","Femmine",43,2018,51912,"stranieri"
"4082","Femmine",44,2002,9893,"stranieri"
"4083","Femmine",44,2003,10905,"stranieri"
"4084","Femmine",44,2004,15661,"stranieri"
"4085","Femmine",44,2005,20208,"stranieri"
"4086","Femmine",44,2006,21053,"stranieri"
"4087","Femmine",44,2007,23754,"stranieri"
"4088","Femmine",44,2008,28487,"stranieri"
"4089","Femmine",44,2009,32349,"stranieri"
"4090","Femmine",44,2010,34433,"stranieri"
"4091","Femmine",44,2011,37651,"stranieri"
"4092","Femmine",44,2012,46281,"stranieri"
"4093","Femmine",44,2013,50543,"stranieri"
"4094","Femmine",44,2014,50263,"stranieri"
"4095","Femmine",44,2015,50376,"stranieri"
"4096","Femmine",44,2016,49730,"stranieri"
"4097","Femmine",44,2017,49595,"stranieri"
"4098","Femmine",44,2018,48995,"stranieri"
"4099","Femmine",45,2002,9297,"stranieri"
"4100","Femmine",45,2003,9841,"stranieri"
"4101","Femmine",45,2004,14772,"stranieri"
"4102","Femmine",45,2005,18133,"stranieri"
"4103","Femmine",45,2006,20964,"stranieri"
"4104","Femmine",45,2007,21624,"stranieri"
"4105","Femmine",45,2008,27083,"stranieri"
"4106","Femmine",45,2009,31058,"stranieri"
"4107","Femmine",45,2010,34010,"stranieri"
"4108","Femmine",45,2011,36580,"stranieri"
"4109","Femmine",45,2012,38772,"stranieri"
"4110","Femmine",45,2013,47669,"stranieri"
"4111","Femmine",45,2014,51306,"stranieri"
"4112","Femmine",45,2015,49923,"stranieri"
"4113","Femmine",45,2016,49032,"stranieri"
"4114","Femmine",45,2017,48307,"stranieri"
"4115","Femmine",45,2018,48863,"stranieri"
"4116","Femmine",46,2002,8435,"stranieri"
"4117","Femmine",46,2003,9160,"stranieri"
"4118","Femmine",46,2004,13357,"stranieri"
"4119","Femmine",46,2005,17113,"stranieri"
"4120","Femmine",46,2006,18906,"stranieri"
"4121","Femmine",46,2007,21654,"stranieri"
"4122","Femmine",46,2008,25005,"stranieri"
"4123","Femmine",46,2009,29583,"stranieri"
"4124","Femmine",46,2010,32650,"stranieri"
"4125","Femmine",46,2011,36117,"stranieri"
"4126","Femmine",46,2012,37713,"stranieri"
"4127","Femmine",46,2013,39901,"stranieri"
"4128","Femmine",46,2014,48492,"stranieri"
"4129","Femmine",46,2015,50804,"stranieri"
"4130","Femmine",46,2016,48599,"stranieri"
"4131","Femmine",46,2017,47699,"stranieri"
"4132","Femmine",46,2018,47467,"stranieri"
"4133","Femmine",47,2002,7829,"stranieri"
"4134","Femmine",47,2003,8384,"stranieri"
"4135","Femmine",47,2004,12397,"stranieri"
"4136","Femmine",47,2005,15587,"stranieri"
"4137","Femmine",47,2006,17805,"stranieri"
"4138","Femmine",47,2007,19498,"stranieri"
"4139","Femmine",47,2008,24987,"stranieri"
"4140","Femmine",47,2009,27712,"stranieri"
"4141","Femmine",47,2010,31174,"stranieri"
"4142","Femmine",47,2011,34742,"stranieri"
"4143","Femmine",47,2012,37163,"stranieri"
"4144","Femmine",47,2013,38735,"stranieri"
"4145","Femmine",47,2014,40396,"stranieri"
"4146","Femmine",47,2015,48154,"stranieri"
"4147","Femmine",47,2016,49687,"stranieri"
"4148","Femmine",47,2017,47235,"stranieri"
"4149","Femmine",47,2018,46922,"stranieri"
"4150","Femmine",48,2002,7123,"stranieri"
"4151","Femmine",48,2003,7780,"stranieri"
"4152","Femmine",48,2004,11419,"stranieri"
"4153","Femmine",48,2005,14419,"stranieri"
"4154","Femmine",48,2006,16150,"stranieri"
"4155","Femmine",48,2007,18210,"stranieri"
"4156","Femmine",48,2008,22781,"stranieri"
"4157","Femmine",48,2009,27674,"stranieri"
"4158","Femmine",48,2010,29538,"stranieri"
"4159","Femmine",48,2011,33426,"stranieri"
"4160","Femmine",48,2012,35928,"stranieri"
"4161","Femmine",48,2013,38319,"stranieri"
"4162","Femmine",48,2014,39211,"stranieri"
"4163","Femmine",48,2015,40022,"stranieri"
"4164","Femmine",48,2016,47064,"stranieri"
"4165","Femmine",48,2017,48437,"stranieri"
"4166","Femmine",48,2018,46651,"stranieri"
"4167","Femmine",49,2002,6766,"stranieri"
"4168","Femmine",49,2003,7060,"stranieri"
"4169","Femmine",49,2004,10597,"stranieri"
"4170","Femmine",49,2005,13307,"stranieri"
"4171","Femmine",49,2006,15053,"stranieri"
"4172","Femmine",49,2007,16557,"stranieri"
"4173","Femmine",49,2008,21363,"stranieri"
"4174","Femmine",49,2009,25384,"stranieri"
"4175","Femmine",49,2010,29355,"stranieri"
"4176","Femmine",49,2011,31725,"stranieri"
"4177","Femmine",49,2012,34647,"stranieri"
"4178","Femmine",49,2013,36956,"stranieri"
"4179","Femmine",49,2014,38964,"stranieri"
"4180","Femmine",49,2015,38788,"stranieri"
"4181","Femmine",49,2016,38998,"stranieri"
"4182","Femmine",49,2017,46129,"stranieri"
"4183","Femmine",49,2018,47625,"stranieri"
"4184","Femmine",50,2002,5979,"stranieri"
"4185","Femmine",50,2003,6667,"stranieri"
"4186","Femmine",50,2004,9588,"stranieri"
"4187","Femmine",50,2005,12315,"stranieri"
"4188","Femmine",50,2006,13821,"stranieri"
"4189","Femmine",50,2007,15413,"stranieri"
"4190","Femmine",50,2008,19262,"stranieri"
"4191","Femmine",50,2009,23844,"stranieri"
"4192","Femmine",50,2010,26989,"stranieri"
"4193","Femmine",50,2011,31532,"stranieri"
"4194","Femmine",50,2012,32803,"stranieri"
"4195","Femmine",50,2013,35764,"stranieri"
"4196","Femmine",50,2014,37636,"stranieri"
"4197","Femmine",50,2015,38600,"stranieri"
"4198","Femmine",50,2016,37814,"stranieri"
"4199","Femmine",50,2017,38078,"stranieri"
"4200","Femmine",50,2018,45310,"stranieri"
"4201","Femmine",51,2002,5973,"stranieri"
"4202","Femmine",51,2003,5876,"stranieri"
"4203","Femmine",51,2004,9108,"stranieri"
"4204","Femmine",51,2005,11112,"stranieri"
"4205","Femmine",51,2006,12713,"stranieri"
"4206","Femmine",51,2007,14285,"stranieri"
"4207","Femmine",51,2008,17866,"stranieri"
"4208","Femmine",51,2009,21615,"stranieri"
"4209","Femmine",51,2010,25509,"stranieri"
"4210","Femmine",51,2011,28915,"stranieri"
"4211","Femmine",51,2012,32607,"stranieri"
"4212","Femmine",51,2013,33902,"stranieri"
"4213","Femmine",51,2014,36461,"stranieri"
"4214","Femmine",51,2015,37492,"stranieri"
"4215","Femmine",51,2016,37667,"stranieri"
"4216","Femmine",51,2017,36925,"stranieri"
"4217","Femmine",51,2018,37430,"stranieri"
"4218","Femmine",52,2002,5202,"stranieri"
"4219","Femmine",52,2003,5920,"stranieri"
"4220","Femmine",52,2004,7892,"stranieri"
"4221","Femmine",52,2005,10527,"stranieri"
"4222","Femmine",52,2006,11482,"stranieri"
"4223","Femmine",52,2007,12977,"stranieri"
"4224","Femmine",52,2008,16486,"stranieri"
"4225","Femmine",52,2009,19979,"stranieri"
"4226","Femmine",52,2010,23165,"stranieri"
"4227","Femmine",52,2011,27330,"stranieri"
"4228","Femmine",52,2012,29896,"stranieri"
"4229","Femmine",52,2013,33841,"stranieri"
"4230","Femmine",52,2014,34689,"stranieri"
"4231","Femmine",52,2015,36207,"stranieri"
"4232","Femmine",52,2016,36719,"stranieri"
"4233","Femmine",52,2017,36903,"stranieri"
"4234","Femmine",52,2018,36214,"stranieri"
"4235","Femmine",53,2002,4853,"stranieri"
"4236","Femmine",53,2003,5258,"stranieri"
"4237","Femmine",53,2004,7663,"stranieri"
"4238","Femmine",53,2005,9205,"stranieri"
"4239","Femmine",53,2006,10756,"stranieri"
"4240","Femmine",53,2007,11730,"stranieri"
"4241","Femmine",53,2008,14751,"stranieri"
"4242","Femmine",53,2009,18293,"stranieri"
"4243","Femmine",53,2010,21326,"stranieri"
"4244","Femmine",53,2011,24941,"stranieri"
"4245","Femmine",53,2012,28373,"stranieri"
"4246","Femmine",53,2013,31052,"stranieri"
"4247","Femmine",53,2014,34638,"stranieri"
"4248","Femmine",53,2015,34674,"stranieri"
"4249","Femmine",53,2016,35579,"stranieri"
"4250","Femmine",53,2017,35994,"stranieri"
"4251","Femmine",53,2018,36382,"stranieri"
"4252","Femmine",54,2002,4558,"stranieri"
"4253","Femmine",54,2003,4869,"stranieri"
"4254","Femmine",54,2004,6923,"stranieri"
"4255","Femmine",54,2005,8734,"stranieri"
"4256","Femmine",54,2006,9477,"stranieri"
"4257","Femmine",54,2007,10896,"stranieri"
"4258","Femmine",54,2008,13147,"stranieri"
"4259","Femmine",54,2009,16368,"stranieri"
"4260","Femmine",54,2010,19553,"stranieri"
"4261","Femmine",54,2011,22885,"stranieri"
"4262","Femmine",54,2012,25849,"stranieri"
"4263","Femmine",54,2013,29511,"stranieri"
"4264","Femmine",54,2014,31909,"stranieri"
"4265","Femmine",54,2015,34590,"stranieri"
"4266","Femmine",54,2016,34117,"stranieri"
"4267","Femmine",54,2017,34898,"stranieri"
"4268","Femmine",54,2018,35391,"stranieri"
"4269","Femmine",55,2002,3959,"stranieri"
"4270","Femmine",55,2003,4622,"stranieri"
"4271","Femmine",55,2004,6202,"stranieri"
"4272","Femmine",55,2005,7945,"stranieri"
"4273","Femmine",55,2006,8933,"stranieri"
"4274","Femmine",55,2007,9570,"stranieri"
"4275","Femmine",55,2008,12046,"stranieri"
"4276","Femmine",55,2009,14606,"stranieri"
"4277","Femmine",55,2010,17448,"stranieri"
"4278","Femmine",55,2011,20968,"stranieri"
"4279","Femmine",55,2012,23689,"stranieri"
"4280","Femmine",55,2013,27043,"stranieri"
"4281","Femmine",55,2014,30497,"stranieri"
"4282","Femmine",55,2015,31847,"stranieri"
"4283","Femmine",55,2016,34113,"stranieri"
"4284","Femmine",55,2017,33581,"stranieri"
"4285","Femmine",55,2018,34390,"stranieri"
"4286","Femmine",56,2002,3390,"stranieri"
"4287","Femmine",56,2003,3972,"stranieri"
"4288","Femmine",56,2004,5588,"stranieri"
"4289","Femmine",56,2005,7027,"stranieri"
"4290","Femmine",56,2006,8162,"stranieri"
"4291","Femmine",56,2007,9071,"stranieri"
"4292","Femmine",56,2008,10451,"stranieri"
"4293","Femmine",56,2009,13344,"stranieri"
"4294","Femmine",56,2010,15541,"stranieri"
"4295","Femmine",56,2011,18651,"stranieri"
"4296","Femmine",56,2012,21712,"stranieri"
"4297","Femmine",56,2013,24718,"stranieri"
"4298","Femmine",56,2014,27814,"stranieri"
"4299","Femmine",56,2015,30433,"stranieri"
"4300","Femmine",56,2016,31427,"stranieri"
"4301","Femmine",56,2017,33518,"stranieri"
"4302","Femmine",56,2018,33241,"stranieri"
"4303","Femmine",57,2002,3330,"stranieri"
"4304","Femmine",57,2003,3448,"stranieri"
"4305","Femmine",57,2004,4699,"stranieri"
"4306","Femmine",57,2005,6217,"stranieri"
"4307","Femmine",57,2006,7157,"stranieri"
"4308","Femmine",57,2007,8324,"stranieri"
"4309","Femmine",57,2008,9866,"stranieri"
"4310","Femmine",57,2009,11402,"stranieri"
"4311","Femmine",57,2010,14122,"stranieri"
"4312","Femmine",57,2011,16523,"stranieri"
"4313","Femmine",57,2012,19208,"stranieri"
"4314","Femmine",57,2013,22636,"stranieri"
"4315","Femmine",57,2014,25436,"stranieri"
"4316","Femmine",57,2015,27677,"stranieri"
"4317","Femmine",57,2016,30051,"stranieri"
"4318","Femmine",57,2017,31025,"stranieri"
"4319","Femmine",57,2018,33121,"stranieri"
"4320","Femmine",58,2002,3294,"stranieri"
"4321","Femmine",58,2003,3322,"stranieri"
"4322","Femmine",58,2004,3961,"stranieri"
"4323","Femmine",58,2005,5193,"stranieri"
"4324","Femmine",58,2006,6360,"stranieri"
"4325","Femmine",58,2007,7258,"stranieri"
"4326","Femmine",58,2008,8985,"stranieri"
"4327","Femmine",58,2009,10824,"stranieri"
"4328","Femmine",58,2010,12084,"stranieri"
"4329","Femmine",58,2011,14994,"stranieri"
"4330","Femmine",58,2012,16977,"stranieri"
"4331","Femmine",58,2013,20095,"stranieri"
"4332","Femmine",58,2014,23330,"stranieri"
"4333","Femmine",58,2015,25406,"stranieri"
"4334","Femmine",58,2016,27331,"stranieri"
"4335","Femmine",58,2017,29580,"stranieri"
"4336","Femmine",58,2018,30573,"stranieri"
"4337","Femmine",59,2002,3225,"stranieri"
"4338","Femmine",59,2003,3350,"stranieri"
"4339","Femmine",59,2004,3769,"stranieri"
"4340","Femmine",59,2005,4297,"stranieri"
"4341","Femmine",59,2006,5301,"stranieri"
"4342","Femmine",59,2007,6401,"stranieri"
"4343","Femmine",59,2008,7693,"stranieri"
"4344","Femmine",59,2009,9779,"stranieri"
"4345","Femmine",59,2010,11535,"stranieri"
"4346","Femmine",59,2011,12840,"stranieri"
"4347","Femmine",59,2012,15370,"stranieri"
"4348","Femmine",59,2013,17740,"stranieri"
"4349","Femmine",59,2014,20769,"stranieri"
"4350","Femmine",59,2015,23350,"stranieri"
"4351","Femmine",59,2016,25158,"stranieri"
"4352","Femmine",59,2017,27016,"stranieri"
"4353","Femmine",59,2018,29189,"stranieri"
"4354","Femmine",60,2002,2966,"stranieri"
"4355","Femmine",60,2003,3294,"stranieri"
"4356","Femmine",60,2004,3689,"stranieri"
"4357","Femmine",60,2005,4058,"stranieri"
"4358","Femmine",60,2006,4382,"stranieri"
"4359","Femmine",60,2007,5388,"stranieri"
"4360","Femmine",60,2008,6672,"stranieri"
"4361","Femmine",60,2009,8404,"stranieri"
"4362","Femmine",60,2010,10259,"stranieri"
"4363","Femmine",60,2011,12147,"stranieri"
"4364","Femmine",60,2012,13144,"stranieri"
"4365","Femmine",60,2013,16059,"stranieri"
"4366","Femmine",60,2014,18212,"stranieri"
"4367","Femmine",60,2015,20721,"stranieri"
"4368","Femmine",60,2016,22960,"stranieri"
"4369","Femmine",60,2017,24825,"stranieri"
"4370","Femmine",60,2018,26698,"stranieri"
"4371","Femmine",61,2002,3132,"stranieri"
"4372","Femmine",61,2003,3037,"stranieri"
"4373","Femmine",61,2004,3579,"stranieri"
"4374","Femmine",61,2005,3944,"stranieri"
"4375","Femmine",61,2006,4145,"stranieri"
"4376","Femmine",61,2007,4375,"stranieri"
"4377","Femmine",61,2008,5665,"stranieri"
"4378","Femmine",61,2009,7214,"stranieri"
"4379","Femmine",61,2010,8803,"stranieri"
"4380","Femmine",61,2011,10742,"stranieri"
"4381","Femmine",61,2012,12494,"stranieri"
"4382","Femmine",61,2013,13760,"stranieri"
"4383","Femmine",61,2014,16517,"stranieri"
"4384","Femmine",61,2015,18198,"stranieri"
"4385","Femmine",61,2016,20431,"stranieri"
"4386","Femmine",61,2017,22592,"stranieri"
"4387","Femmine",61,2018,24460,"stranieri"
"4388","Femmine",62,2002,2722,"stranieri"
"4389","Femmine",62,2003,3200,"stranieri"
"4390","Femmine",62,2004,3234,"stranieri"
"4391","Femmine",62,2005,3769,"stranieri"
"4392","Femmine",62,2006,3985,"stranieri"
"4393","Femmine",62,2007,4190,"stranieri"
"4394","Femmine",62,2008,4496,"stranieri"
"4395","Femmine",62,2009,6120,"stranieri"
"4396","Femmine",62,2010,7565,"stranieri"
"4397","Femmine",62,2011,9161,"stranieri"
"4398","Femmine",62,2012,11019,"stranieri"
"4399","Femmine",62,2013,12978,"stranieri"
"4400","Femmine",62,2014,14223,"stranieri"
"4401","Femmine",62,2015,16395,"stranieri"
"4402","Femmine",62,2016,17941,"stranieri"
"4403","Femmine",62,2017,20179,"stranieri"
"4404","Femmine",62,2018,22292,"stranieri"
"4405","Femmine",63,2002,2601,"stranieri"
"4406","Femmine",63,2003,2746,"stranieri"
"4407","Femmine",63,2004,3395,"stranieri"
"4408","Femmine",63,2005,3439,"stranieri"
"4409","Femmine",63,2006,3786,"stranieri"
"4410","Femmine",63,2007,3995,"stranieri"
"4411","Femmine",63,2008,4304,"stranieri"
"4412","Femmine",63,2009,4817,"stranieri"
"4413","Femmine",63,2010,6413,"stranieri"
"4414","Femmine",63,2011,7785,"stranieri"
"4415","Femmine",63,2012,9374,"stranieri"
"4416","Femmine",63,2013,11422,"stranieri"
"4417","Femmine",63,2014,13291,"stranieri"
"4418","Femmine",63,2015,14154,"stranieri"
"4419","Femmine",63,2016,16233,"stranieri"
"4420","Femmine",63,2017,17719,"stranieri"
"4421","Femmine",63,2018,19975,"stranieri"
"4422","Femmine",64,2002,2239,"stranieri"
"4423","Femmine",64,2003,2633,"stranieri"
"4424","Femmine",64,2004,2903,"stranieri"
"4425","Femmine",64,2005,3530,"stranieri"
"4426","Femmine",64,2006,3468,"stranieri"
"4427","Femmine",64,2007,3780,"stranieri"
"4428","Femmine",64,2008,4046,"stranieri"
"4429","Femmine",64,2009,4655,"stranieri"
"4430","Femmine",64,2010,5056,"stranieri"
"4431","Femmine",64,2011,6574,"stranieri"
"4432","Femmine",64,2012,7971,"stranieri"
"4433","Femmine",64,2013,9736,"stranieri"
"4434","Femmine",64,2014,11712,"stranieri"
"4435","Femmine",64,2015,13183,"stranieri"
"4436","Femmine",64,2016,13916,"stranieri"
"4437","Femmine",64,2017,16055,"stranieri"
"4438","Femmine",64,2018,17589,"stranieri"
"4439","Femmine",65,2002,2075,"stranieri"
"4440","Femmine",65,2003,2299,"stranieri"
"4441","Femmine",65,2004,2700,"stranieri"
"4442","Femmine",65,2005,3030,"stranieri"
"4443","Femmine",65,2006,3580,"stranieri"
"4444","Femmine",65,2007,3465,"stranieri"
"4445","Femmine",65,2008,3845,"stranieri"
"4446","Femmine",65,2009,4375,"stranieri"
"4447","Femmine",65,2010,4807,"stranieri"
"4448","Femmine",65,2011,5214,"stranieri"
"4449","Femmine",65,2012,6777,"stranieri"
"4450","Femmine",65,2013,8234,"stranieri"
"4451","Femmine",65,2014,10033,"stranieri"
"4452","Femmine",65,2015,11635,"stranieri"
"4453","Femmine",65,2016,13049,"stranieri"
"4454","Femmine",65,2017,13663,"stranieri"
"4455","Femmine",65,2018,15906,"stranieri"
"4456","Femmine",66,2002,1925,"stranieri"
"4457","Femmine",66,2003,2106,"stranieri"
"4458","Femmine",66,2004,2365,"stranieri"
"4459","Femmine",66,2005,2834,"stranieri"
"4460","Femmine",66,2006,3046,"stranieri"
"4461","Femmine",66,2007,3623,"stranieri"
"4462","Femmine",66,2008,3492,"stranieri"
"4463","Femmine",66,2009,4291,"stranieri"
"4464","Femmine",66,2010,4565,"stranieri"
"4465","Femmine",66,2011,4893,"stranieri"
"4466","Femmine",66,2012,5467,"stranieri"
"4467","Femmine",66,2013,7061,"stranieri"
"4468","Femmine",66,2014,8431,"stranieri"
"4469","Femmine",66,2015,10000,"stranieri"
"4470","Femmine",66,2016,11611,"stranieri"
"4471","Femmine",66,2017,13105,"stranieri"
"4472","Femmine",66,2018,13798,"stranieri"
"4473","Femmine",67,2002,1772,"stranieri"
"4474","Femmine",67,2003,1984,"stranieri"
"4475","Femmine",67,2004,2136,"stranieri"
"4476","Femmine",67,2005,2487,"stranieri"
"4477","Femmine",67,2006,2847,"stranieri"
"4478","Femmine",67,2007,3044,"stranieri"
"4479","Femmine",67,2008,3660,"stranieri"
"4480","Femmine",67,2009,3780,"stranieri"
"4481","Femmine",67,2010,4573,"stranieri"
"4482","Femmine",67,2011,4627,"stranieri"
"4483","Femmine",67,2012,5121,"stranieri"
"4484","Femmine",67,2013,5681,"stranieri"
"4485","Femmine",67,2014,7254,"stranieri"
"4486","Femmine",67,2015,8451,"stranieri"
"4487","Femmine",67,2016,9928,"stranieri"
"4488","Femmine",67,2017,11521,"stranieri"
"4489","Femmine",67,2018,13169,"stranieri"
"4490","Femmine",68,2002,1508,"stranieri"
"4491","Femmine",68,2003,1758,"stranieri"
"4492","Femmine",68,2004,1993,"stranieri"
"4493","Femmine",68,2005,2267,"stranieri"
"4494","Femmine",68,2006,2532,"stranieri"
"4495","Femmine",68,2007,2833,"stranieri"
"4496","Femmine",68,2008,3020,"stranieri"
"4497","Femmine",68,2009,3995,"stranieri"
"4498","Femmine",68,2010,3929,"stranieri"
"4499","Femmine",68,2011,4634,"stranieri"
"4500","Femmine",68,2012,4783,"stranieri"
"4501","Femmine",68,2013,5299,"stranieri"
"4502","Femmine",68,2014,5835,"stranieri"
"4503","Femmine",68,2015,7174,"stranieri"
"4504","Femmine",68,2016,8366,"stranieri"
"4505","Femmine",68,2017,9934,"stranieri"
"4506","Femmine",68,2018,11563,"stranieri"
"4507","Femmine",69,2002,1544,"stranieri"
"4508","Femmine",69,2003,1527,"stranieri"
"4509","Femmine",69,2004,1756,"stranieri"
"4510","Femmine",69,2005,2032,"stranieri"
"4511","Femmine",69,2006,2261,"stranieri"
"4512","Femmine",69,2007,2493,"stranieri"
"4513","Femmine",69,2008,2882,"stranieri"
"4514","Femmine",69,2009,3232,"stranieri"
"4515","Femmine",69,2010,4187,"stranieri"
"4516","Femmine",69,2011,3951,"stranieri"
"4517","Femmine",69,2012,4794,"stranieri"
"4518","Femmine",69,2013,4919,"stranieri"
"4519","Femmine",69,2014,5403,"stranieri"
"4520","Femmine",69,2015,5840,"stranieri"
"4521","Femmine",69,2016,7083,"stranieri"
"4522","Femmine",69,2017,8260,"stranieri"
"4523","Femmine",69,2018,9921,"stranieri"
"4524","Femmine",70,2002,1382,"stranieri"
"4525","Femmine",70,2003,1529,"stranieri"
"4526","Femmine",70,2004,1531,"stranieri"
"4527","Femmine",70,2005,1818,"stranieri"
"4528","Femmine",70,2006,2002,"stranieri"
"4529","Femmine",70,2007,2263,"stranieri"
"4530","Femmine",70,2008,2495,"stranieri"
"4531","Femmine",70,2009,3100,"stranieri"
"4532","Femmine",70,2010,3333,"stranieri"
"4533","Femmine",70,2011,4212,"stranieri"
"4534","Femmine",70,2012,4067,"stranieri"
"4535","Femmine",70,2013,4902,"stranieri"
"4536","Femmine",70,2014,4944,"stranieri"
"4537","Femmine",70,2015,5365,"stranieri"
"4538","Femmine",70,2016,5789,"stranieri"
"4539","Femmine",70,2017,6990,"stranieri"
"4540","Femmine",70,2018,8220,"stranieri"
"4541","Femmine",71,2002,1435,"stranieri"
"4542","Femmine",71,2003,1376,"stranieri"
"4543","Femmine",71,2004,1507,"stranieri"
"4544","Femmine",71,2005,1583,"stranieri"
"4545","Femmine",71,2006,1807,"stranieri"
"4546","Femmine",71,2007,1969,"stranieri"
"4547","Femmine",71,2008,2241,"stranieri"
"4548","Femmine",71,2009,2700,"stranieri"
"4549","Femmine",71,2010,3193,"stranieri"
"4550","Femmine",71,2011,3295,"stranieri"
"4551","Femmine",71,2012,4328,"stranieri"
"4552","Femmine",71,2013,4077,"stranieri"
"4553","Femmine",71,2014,4951,"stranieri"
"4554","Femmine",71,2015,4917,"stranieri"
"4555","Femmine",71,2016,5307,"stranieri"
"4556","Femmine",71,2017,5732,"stranieri"
"4557","Femmine",71,2018,6917,"stranieri"
"4558","Femmine",72,2002,1191,"stranieri"
"4559","Femmine",72,2003,1474,"stranieri"
"4560","Femmine",72,2004,1354,"stranieri"
"4561","Femmine",72,2005,1548,"stranieri"
"4562","Femmine",72,2006,1566,"stranieri"
"4563","Femmine",72,2007,1787,"stranieri"
"4564","Femmine",72,2008,1935,"stranieri"
"4565","Femmine",72,2009,2385,"stranieri"
"4566","Femmine",72,2010,2785,"stranieri"
"4567","Femmine",72,2011,3168,"stranieri"
"4568","Femmine",72,2012,3391,"stranieri"
"4569","Femmine",72,2013,4407,"stranieri"
"4570","Femmine",72,2014,4093,"stranieri"
"4571","Femmine",72,2015,4998,"stranieri"
"4572","Femmine",72,2016,4851,"stranieri"
"4573","Femmine",72,2017,5243,"stranieri"
"4574","Femmine",72,2018,5619,"stranieri"
"4575","Femmine",73,2002,1145,"stranieri"
"4576","Femmine",73,2003,1177,"stranieri"
"4577","Femmine",73,2004,1481,"stranieri"
"4578","Femmine",73,2005,1336,"stranieri"
"4579","Femmine",73,2006,1539,"stranieri"
"4580","Femmine",73,2007,1548,"stranieri"
"4581","Femmine",73,2008,1747,"stranieri"
"4582","Femmine",73,2009,2087,"stranieri"
"4583","Femmine",73,2010,2427,"stranieri"
"4584","Femmine",73,2011,2742,"stranieri"
"4585","Femmine",73,2012,3226,"stranieri"
"4586","Femmine",73,2013,3469,"stranieri"
"4587","Femmine",73,2014,4506,"stranieri"
"4588","Femmine",73,2015,4061,"stranieri"
"4589","Femmine",73,2016,4925,"stranieri"
"4590","Femmine",73,2017,4771,"stranieri"
"4591","Femmine",73,2018,5174,"stranieri"
"4592","Femmine",74,2002,1081,"stranieri"
"4593","Femmine",74,2003,1112,"stranieri"
"4594","Femmine",74,2004,1155,"stranieri"
"4595","Femmine",74,2005,1502,"stranieri"
"4596","Femmine",74,2006,1317,"stranieri"
"4597","Femmine",74,2007,1492,"stranieri"
"4598","Femmine",74,2008,1517,"stranieri"
"4599","Femmine",74,2009,1825,"stranieri"
"4600","Femmine",74,2010,2115,"stranieri"
"4601","Femmine",74,2011,2376,"stranieri"
"4602","Femmine",74,2012,2819,"stranieri"
"4603","Femmine",74,2013,3256,"stranieri"
"4604","Femmine",74,2014,3537,"stranieri"
"4605","Femmine",74,2015,4440,"stranieri"
"4606","Femmine",74,2016,3950,"stranieri"
"4607","Femmine",74,2017,4831,"stranieri"
"4608","Femmine",74,2018,4723,"stranieri"
"4609","Femmine",75,2002,1026,"stranieri"
"4610","Femmine",75,2003,1062,"stranieri"
"4611","Femmine",75,2004,1098,"stranieri"
"4612","Femmine",75,2005,1129,"stranieri"
"4613","Femmine",75,2006,1463,"stranieri"
"4614","Femmine",75,2007,1247,"stranieri"
"4615","Femmine",75,2008,1498,"stranieri"
"4616","Femmine",75,2009,1569,"stranieri"
"4617","Femmine",75,2010,1855,"stranieri"
"4618","Femmine",75,2011,2095,"stranieri"
"4619","Femmine",75,2012,2472,"stranieri"
"4620","Femmine",75,2013,2906,"stranieri"
"4621","Femmine",75,2014,3278,"stranieri"
"4622","Femmine",75,2015,3523,"stranieri"
"4623","Femmine",75,2016,4352,"stranieri"
"4624","Femmine",75,2017,3891,"stranieri"
"4625","Femmine",75,2018,4759,"stranieri"
"4626","Femmine",76,2002,1054,"stranieri"
"4627","Femmine",76,2003,1000,"stranieri"
"4628","Femmine",76,2004,1052,"stranieri"
"4629","Femmine",76,2005,1093,"stranieri"
"4630","Femmine",76,2006,1063,"stranieri"
"4631","Femmine",76,2007,1405,"stranieri"
"4632","Femmine",76,2008,1208,"stranieri"
"4633","Femmine",76,2009,1549,"stranieri"
"4634","Femmine",76,2010,1547,"stranieri"
"4635","Femmine",76,2011,1778,"stranieri"
"4636","Femmine",76,2012,2114,"stranieri"
"4637","Femmine",76,2013,2509,"stranieri"
"4638","Femmine",76,2014,2935,"stranieri"
"4639","Femmine",76,2015,3259,"stranieri"
"4640","Femmine",76,2016,3449,"stranieri"
"4641","Femmine",76,2017,4282,"stranieri"
"4642","Femmine",76,2018,3793,"stranieri"
"4643","Femmine",77,2002,915,"stranieri"
"4644","Femmine",77,2003,1000,"stranieri"
"4645","Femmine",77,2004,961,"stranieri"
"4646","Femmine",77,2005,1063,"stranieri"
"4647","Femmine",77,2006,1057,"stranieri"
"4648","Femmine",77,2007,1012,"stranieri"
"4649","Femmine",77,2008,1375,"stranieri"
"4650","Femmine",77,2009,1179,"stranieri"
"4651","Femmine",77,2010,1529,"stranieri"
"4652","Femmine",77,2011,1512,"stranieri"
"4653","Femmine",77,2012,1777,"stranieri"
"4654","Femmine",77,2013,2158,"stranieri"
"4655","Femmine",77,2014,2535,"stranieri"
"4656","Femmine",77,2015,2907,"stranieri"
"4657","Femmine",77,2016,3178,"stranieri"
"4658","Femmine",77,2017,3358,"stranieri"
"4659","Femmine",77,2018,4210,"stranieri"
"4660","Femmine",78,2002,873,"stranieri"
"4661","Femmine",78,2003,877,"stranieri"
"4662","Femmine",78,2004,973,"stranieri"
"4663","Femmine",78,2005,921,"stranieri"
"4664","Femmine",78,2006,1024,"stranieri"
"4665","Femmine",78,2007,999,"stranieri"
"4666","Femmine",78,2008,973,"stranieri"
"4667","Femmine",78,2009,1411,"stranieri"
"4668","Femmine",78,2010,1121,"stranieri"
"4669","Femmine",78,2011,1461,"stranieri"
"4670","Femmine",78,2012,1526,"stranieri"
"4671","Femmine",78,2013,1802,"stranieri"
"4672","Femmine",78,2014,2125,"stranieri"
"4673","Femmine",78,2015,2477,"stranieri"
"4674","Femmine",78,2016,2815,"stranieri"
"4675","Femmine",78,2017,3125,"stranieri"
"4676","Femmine",78,2018,3261,"stranieri"
"4677","Femmine",79,2002,789,"stranieri"
"4678","Femmine",79,2003,818,"stranieri"
"4679","Femmine",79,2004,822,"stranieri"
"4680","Femmine",79,2005,964,"stranieri"
"4681","Femmine",79,2006,886,"stranieri"
"4682","Femmine",79,2007,976,"stranieri"
"4683","Femmine",79,2008,938,"stranieri"
"4684","Femmine",79,2009,983,"stranieri"
"4685","Femmine",79,2010,1377,"stranieri"
"4686","Femmine",79,2011,1055,"stranieri"
"4687","Femmine",79,2012,1469,"stranieri"
"4688","Femmine",79,2013,1536,"stranieri"
"4689","Femmine",79,2014,1823,"stranieri"
"4690","Femmine",79,2015,2094,"stranieri"
"4691","Femmine",79,2016,2379,"stranieri"
"4692","Femmine",79,2017,2729,"stranieri"
"4693","Femmine",79,2018,3032,"stranieri"
"4694","Femmine",80,2002,729,"stranieri"
"4695","Femmine",80,2003,777,"stranieri"
"4696","Femmine",80,2004,808,"stranieri"
"4697","Femmine",80,2005,788,"stranieri"
"4698","Femmine",80,2006,881,"stranieri"
"4699","Femmine",80,2007,833,"stranieri"
"4700","Femmine",80,2008,939,"stranieri"
"4701","Femmine",80,2009,935,"stranieri"
"4702","Femmine",80,2010,933,"stranieri"
"4703","Femmine",80,2011,1290,"stranieri"
"4704","Femmine",80,2012,1053,"stranieri"
"4705","Femmine",80,2013,1465,"stranieri"
"4706","Femmine",80,2014,1502,"stranieri"
"4707","Femmine",80,2015,1764,"stranieri"
"4708","Femmine",80,2016,2025,"stranieri"
"4709","Femmine",80,2017,2275,"stranieri"
"4710","Femmine",80,2018,2601,"stranieri"
"4711","Femmine",81,2002,724,"stranieri"
"4712","Femmine",81,2003,717,"stranieri"
"4713","Femmine",81,2004,770,"stranieri"
"4714","Femmine",81,2005,774,"stranieri"
"4715","Femmine",81,2006,754,"stranieri"
"4716","Femmine",81,2007,828,"stranieri"
"4717","Femmine",81,2008,781,"stranieri"
"4718","Femmine",81,2009,898,"stranieri"
"4719","Femmine",81,2010,895,"stranieri"
"4720","Femmine",81,2011,861,"stranieri"
"4721","Femmine",81,2012,1296,"stranieri"
"4722","Femmine",81,2013,1037,"stranieri"
"4723","Femmine",81,2014,1443,"stranieri"
"4724","Femmine",81,2015,1450,"stranieri"
"4725","Femmine",81,2016,1700,"stranieri"
"4726","Femmine",81,2017,1957,"stranieri"
"4727","Femmine",81,2018,2235,"stranieri"
"4728","Femmine",82,2002,484,"stranieri"
"4729","Femmine",82,2003,741,"stranieri"
"4730","Femmine",82,2004,714,"stranieri"
"4731","Femmine",82,2005,763,"stranieri"
"4732","Femmine",82,2006,734,"stranieri"
"4733","Femmine",82,2007,696,"stranieri"
"4734","Femmine",82,2008,778,"stranieri"
"4735","Femmine",82,2009,735,"stranieri"
"4736","Femmine",82,2010,823,"stranieri"
"4737","Femmine",82,2011,809,"stranieri"
"4738","Femmine",82,2012,840,"stranieri"
"4739","Femmine",82,2013,1286,"stranieri"
"4740","Femmine",82,2014,1030,"stranieri"
"4741","Femmine",82,2015,1386,"stranieri"
"4742","Femmine",82,2016,1381,"stranieri"
"4743","Femmine",82,2017,1623,"stranieri"
"4744","Femmine",82,2018,1851,"stranieri"
"4745","Femmine",83,2002,358,"stranieri"
"4746","Femmine",83,2003,451,"stranieri"
"4747","Femmine",83,2004,744,"stranieri"
"4748","Femmine",83,2005,663,"stranieri"
"4749","Femmine",83,2006,717,"stranieri"
"4750","Femmine",83,2007,670,"stranieri"
"4751","Femmine",83,2008,658,"stranieri"
"4752","Femmine",83,2009,738,"stranieri"
"4753","Femmine",83,2010,684,"stranieri"
"4754","Femmine",83,2011,719,"stranieri"
"4755","Femmine",83,2012,776,"stranieri"
"4756","Femmine",83,2013,840,"stranieri"
"4757","Femmine",83,2014,1223,"stranieri"
"4758","Femmine",83,2015,982,"stranieri"
"4759","Femmine",83,2016,1311,"stranieri"
"4760","Femmine",83,2017,1311,"stranieri"
"4761","Femmine",83,2018,1559,"stranieri"
"4762","Femmine",84,2002,316,"stranieri"
"4763","Femmine",84,2003,347,"stranieri"
"4764","Femmine",84,2004,442,"stranieri"
"4765","Femmine",84,2005,707,"stranieri"
"4766","Femmine",84,2006,608,"stranieri"
"4767","Femmine",84,2007,661,"stranieri"
"4768","Femmine",84,2008,638,"stranieri"
"4769","Femmine",84,2009,617,"stranieri"
"4770","Femmine",84,2010,673,"stranieri"
"4771","Femmine",84,2011,641,"stranieri"
"4772","Femmine",84,2012,691,"stranieri"
"4773","Femmine",84,2013,763,"stranieri"
"4774","Femmine",84,2014,817,"stranieri"
"4775","Femmine",84,2015,1175,"stranieri"
"4776","Femmine",84,2016,921,"stranieri"
"4777","Femmine",84,2017,1245,"stranieri"
"4778","Femmine",84,2018,1252,"stranieri"
"4779","Femmine",85,2002,317,"stranieri"
"4780","Femmine",85,2003,314,"stranieri"
"4781","Femmine",85,2004,332,"stranieri"
"4782","Femmine",85,2005,425,"stranieri"
"4783","Femmine",85,2006,653,"stranieri"
"4784","Femmine",85,2007,583,"stranieri"
"4785","Femmine",85,2008,623,"stranieri"
"4786","Femmine",85,2009,580,"stranieri"
"4787","Femmine",85,2010,540,"stranieri"
"4788","Femmine",85,2011,604,"stranieri"
"4789","Femmine",85,2012,615,"stranieri"
"4790","Femmine",85,2013,683,"stranieri"
"4791","Femmine",85,2014,731,"stranieri"
"4792","Femmine",85,2015,789,"stranieri"
"4793","Femmine",85,2016,1105,"stranieri"
"4794","Femmine",85,2017,875,"stranieri"
"4795","Femmine",85,2018,1190,"stranieri"
"4796","Femmine",86,2002,359,"stranieri"
"4797","Femmine",86,2003,295,"stranieri"
"4798","Femmine",86,2004,287,"stranieri"
"4799","Femmine",86,2005,311,"stranieri"
"4800","Femmine",86,2006,393,"stranieri"
"4801","Femmine",86,2007,596,"stranieri"
"4802","Femmine",86,2008,530,"stranieri"
"4803","Femmine",86,2009,576,"stranieri"
"4804","Femmine",86,2010,519,"stranieri"
"4805","Femmine",86,2011,476,"stranieri"
"4806","Femmine",86,2012,567,"stranieri"
"4807","Femmine",86,2013,588,"stranieri"
"4808","Femmine",86,2014,638,"stranieri"
"4809","Femmine",86,2015,696,"stranieri"
"4810","Femmine",86,2016,750,"stranieri"
"4811","Femmine",86,2017,1038,"stranieri"
"4812","Femmine",86,2018,827,"stranieri"
"4813","Femmine",87,2002,329,"stranieri"
"4814","Femmine",87,2003,353,"stranieri"
"4815","Femmine",87,2004,277,"stranieri"
"4816","Femmine",87,2005,272,"stranieri"
"4817","Femmine",87,2006,262,"stranieri"
"4818","Femmine",87,2007,351,"stranieri"
"4819","Femmine",87,2008,500,"stranieri"
"4820","Femmine",87,2009,478,"stranieri"
"4821","Femmine",87,2010,496,"stranieri"
"4822","Femmine",87,2011,439,"stranieri"
"4823","Femmine",87,2012,444,"stranieri"
"4824","Femmine",87,2013,556,"stranieri"
"4825","Femmine",87,2014,553,"stranieri"
"4826","Femmine",87,2015,603,"stranieri"
"4827","Femmine",87,2016,651,"stranieri"
"4828","Femmine",87,2017,696,"stranieri"
"4829","Femmine",87,2018,967,"stranieri"
"4830","Femmine",88,2002,348,"stranieri"
"4831","Femmine",88,2003,295,"stranieri"
"4832","Femmine",88,2004,306,"stranieri"
"4833","Femmine",88,2005,263,"stranieri"
"4834","Femmine",88,2006,221,"stranieri"
"4835","Femmine",88,2007,245,"stranieri"
"4836","Femmine",88,2008,304,"stranieri"
"4837","Femmine",88,2009,410,"stranieri"
"4838","Femmine",88,2010,381,"stranieri"
"4839","Femmine",88,2011,377,"stranieri"
"4840","Femmine",88,2012,410,"stranieri"
"4841","Femmine",88,2013,413,"stranieri"
"4842","Femmine",88,2014,522,"stranieri"
"4843","Femmine",88,2015,512,"stranieri"
"4844","Femmine",88,2016,573,"stranieri"
"4845","Femmine",88,2017,610,"stranieri"
"4846","Femmine",88,2018,634,"stranieri"
"4847","Femmine",89,2002,259,"stranieri"
"4848","Femmine",89,2003,255,"stranieri"
"4849","Femmine",89,2004,233,"stranieri"
"4850","Femmine",89,2005,275,"stranieri"
"4851","Femmine",89,2006,215,"stranieri"
"4852","Femmine",89,2007,205,"stranieri"
"4853","Femmine",89,2008,211,"stranieri"
"4854","Femmine",89,2009,267,"stranieri"
"4855","Femmine",89,2010,365,"stranieri"
"4856","Femmine",89,2011,299,"stranieri"
"4857","Femmine",89,2012,316,"stranieri"
"4858","Femmine",89,2013,379,"stranieri"
"4859","Femmine",89,2014,363,"stranieri"
"4860","Femmine",89,2015,472,"stranieri"
"4861","Femmine",89,2016,471,"stranieri"
"4862","Femmine",89,2017,525,"stranieri"
"4863","Femmine",89,2018,549,"stranieri"
"4864","Femmine",90,2002,259,"stranieri"
"4865","Femmine",90,2003,225,"stranieri"
"4866","Femmine",90,2004,209,"stranieri"
"4867","Femmine",90,2005,205,"stranieri"
"4868","Femmine",90,2006,247,"stranieri"
"4869","Femmine",90,2007,181,"stranieri"
"4870","Femmine",90,2008,181,"stranieri"
"4871","Femmine",90,2009,183,"stranieri"
"4872","Femmine",90,2010,226,"stranieri"
"4873","Femmine",90,2011,294,"stranieri"
"4874","Femmine",90,2012,278,"stranieri"
"4875","Femmine",90,2013,299,"stranieri"
"4876","Femmine",90,2014,361,"stranieri"
"4877","Femmine",90,2015,336,"stranieri"
"4878","Femmine",90,2016,425,"stranieri"
"4879","Femmine",90,2017,408,"stranieri"
"4880","Femmine",90,2018,458,"stranieri"
"4881","Femmine",91,2002,186,"stranieri"
"4882","Femmine",91,2003,229,"stranieri"
"4883","Femmine",91,2004,198,"stranieri"
"4884","Femmine",91,2005,186,"stranieri"
"4885","Femmine",91,2006,182,"stranieri"
"4886","Femmine",91,2007,212,"stranieri"
"4887","Femmine",91,2008,155,"stranieri"
"4888","Femmine",91,2009,147,"stranieri"
"4889","Femmine",91,2010,157,"stranieri"
"4890","Femmine",91,2011,179,"stranieri"
"4891","Femmine",91,2012,267,"stranieri"
"4892","Femmine",91,2013,250,"stranieri"
"4893","Femmine",91,2014,260,"stranieri"
"4894","Femmine",91,2015,330,"stranieri"
"4895","Femmine",91,2016,302,"stranieri"
"4896","Femmine",91,2017,375,"stranieri"
"4897","Femmine",91,2018,361,"stranieri"
"4898","Femmine",92,2002,139,"stranieri"
"4899","Femmine",92,2003,180,"stranieri"
"4900","Femmine",92,2004,187,"stranieri"
"4901","Femmine",92,2005,183,"stranieri"
"4902","Femmine",92,2006,154,"stranieri"
"4903","Femmine",92,2007,156,"stranieri"
"4904","Femmine",92,2008,171,"stranieri"
"4905","Femmine",92,2009,128,"stranieri"
"4906","Femmine",92,2010,113,"stranieri"
"4907","Femmine",92,2011,113,"stranieri"
"4908","Femmine",92,2012,161,"stranieri"
"4909","Femmine",92,2013,240,"stranieri"
"4910","Femmine",92,2014,216,"stranieri"
"4911","Femmine",92,2015,235,"stranieri"
"4912","Femmine",92,2016,271,"stranieri"
"4913","Femmine",92,2017,273,"stranieri"
"4914","Femmine",92,2018,327,"stranieri"
"4915","Femmine",93,2002,109,"stranieri"
"4916","Femmine",93,2003,132,"stranieri"
"4917","Femmine",93,2004,138,"stranieri"
"4918","Femmine",93,2005,168,"stranieri"
"4919","Femmine",93,2006,163,"stranieri"
"4920","Femmine",93,2007,130,"stranieri"
"4921","Femmine",93,2008,138,"stranieri"
"4922","Femmine",93,2009,149,"stranieri"
"4923","Femmine",93,2010,96,"stranieri"
"4924","Femmine",93,2011,85,"stranieri"
"4925","Femmine",93,2012,99,"stranieri"
"4926","Femmine",93,2013,143,"stranieri"
"4927","Femmine",93,2014,212,"stranieri"
"4928","Femmine",93,2015,189,"stranieri"
"4929","Femmine",93,2016,201,"stranieri"
"4930","Femmine",93,2017,247,"stranieri"
"4931","Femmine",93,2018,235,"stranieri"
"4932","Femmine",94,2002,67,"stranieri"
"4933","Femmine",94,2003,92,"stranieri"
"4934","Femmine",94,2004,108,"stranieri"
"4935","Femmine",94,2005,135,"stranieri"
"4936","Femmine",94,2006,135,"stranieri"
"4937","Femmine",94,2007,136,"stranieri"
"4938","Femmine",94,2008,102,"stranieri"
"4939","Femmine",94,2009,109,"stranieri"
"4940","Femmine",94,2010,110,"stranieri"
"4941","Femmine",94,2011,77,"stranieri"
"4942","Femmine",94,2012,72,"stranieri"
"4943","Femmine",94,2013,85,"stranieri"
"4944","Femmine",94,2014,128,"stranieri"
"4945","Femmine",94,2015,185,"stranieri"
"4946","Femmine",94,2016,167,"stranieri"
"4947","Femmine",94,2017,169,"stranieri"
"4948","Femmine",94,2018,216,"stranieri"
"4949","Femmine",95,2002,68,"stranieri"
"4950","Femmine",95,2003,59,"stranieri"
"4951","Femmine",95,2004,79,"stranieri"
"4952","Femmine",95,2005,90,"stranieri"
"4953","Femmine",95,2006,112,"stranieri"
"4954","Femmine",95,2007,109,"stranieri"
"4955","Femmine",95,2008,109,"stranieri"
"4956","Femmine",95,2009,77,"stranieri"
"4957","Femmine",95,2010,87,"stranieri"
"4958","Femmine",95,2011,73,"stranieri"
"4959","Femmine",95,2012,62,"stranieri"
"4960","Femmine",95,2013,67,"stranieri"
"4961","Femmine",95,2014,65,"stranieri"
"4962","Femmine",95,2015,111,"stranieri"
"4963","Femmine",95,2016,165,"stranieri"
"4964","Femmine",95,2017,142,"stranieri"
"4965","Femmine",95,2018,146,"stranieri"
"4966","Femmine",96,2002,42,"stranieri"
"4967","Femmine",96,2003,69,"stranieri"
"4968","Femmine",96,2004,46,"stranieri"
"4969","Femmine",96,2005,58,"stranieri"
"4970","Femmine",96,2006,73,"stranieri"
"4971","Femmine",96,2007,97,"stranieri"
"4972","Femmine",96,2008,85,"stranieri"
"4973","Femmine",96,2009,86,"stranieri"
"4974","Femmine",96,2010,60,"stranieri"
"4975","Femmine",96,2011,65,"stranieri"
"4976","Femmine",96,2012,60,"stranieri"
"4977","Femmine",96,2013,46,"stranieri"
"4978","Femmine",96,2014,48,"stranieri"
"4979","Femmine",96,2015,55,"stranieri"
"4980","Femmine",96,2016,94,"stranieri"
"4981","Femmine",96,2017,143,"stranieri"
"4982","Femmine",96,2018,106,"stranieri"
"4983","Femmine",97,2002,26,"stranieri"
"4984","Femmine",97,2003,39,"stranieri"
"4985","Femmine",97,2004,58,"stranieri"
"4986","Femmine",97,2005,40,"stranieri"
"4987","Femmine",97,2006,40,"stranieri"
"4988","Femmine",97,2007,62,"stranieri"
"4989","Femmine",97,2008,80,"stranieri"
"4990","Femmine",97,2009,56,"stranieri"
"4991","Femmine",97,2010,69,"stranieri"
"4992","Femmine",97,2011,38,"stranieri"
"4993","Femmine",97,2012,51,"stranieri"
"4994","Femmine",97,2013,48,"stranieri"
"4995","Femmine",97,2014,36,"stranieri"
"4996","Femmine",97,2015,46,"stranieri"
"4997","Femmine",97,2016,39,"stranieri"
"4998","Femmine",97,2017,73,"stranieri"
"4999","Femmine",97,2018,121,"stranieri"
"5000","Femmine",98,2002,13,"stranieri"
"5001","Femmine",98,2003,27,"stranieri"
"5002","Femmine",98,2004,33,"stranieri"
"5003","Femmine",98,2005,50,"stranieri"
"5004","Femmine",98,2006,31,"stranieri"
"5005","Femmine",98,2007,28,"stranieri"
"5006","Femmine",98,2008,48,"stranieri"
"5007","Femmine",98,2009,61,"stranieri"
"5008","Femmine",98,2010,42,"stranieri"
"5009","Femmine",98,2011,32,"stranieri"
"5010","Femmine",98,2012,29,"stranieri"
"5011","Femmine",98,2013,41,"stranieri"
"5012","Femmine",98,2014,37,"stranieri"
"5013","Femmine",98,2015,26,"stranieri"
"5014","Femmine",98,2016,35,"stranieri"
"5015","Femmine",98,2017,32,"stranieri"
"5016","Femmine",98,2018,58,"stranieri"
"5017","Femmine",99,2002,12,"stranieri"
"5018","Femmine",99,2003,11,"stranieri"
"5019","Femmine",99,2004,23,"stranieri"
"5020","Femmine",99,2005,29,"stranieri"
"5021","Femmine",99,2006,39,"stranieri"
"5022","Femmine",99,2007,25,"stranieri"
"5023","Femmine",99,2008,22,"stranieri"
"5024","Femmine",99,2009,33,"stranieri"
"5025","Femmine",99,2010,46,"stranieri"
"5026","Femmine",99,2011,23,"stranieri"
"5027","Femmine",99,2012,22,"stranieri"
"5028","Femmine",99,2013,22,"stranieri"
"5029","Femmine",99,2014,31,"stranieri"
"5030","Femmine",99,2015,30,"stranieri"
"5031","Femmine",99,2016,23,"stranieri"
"5032","Femmine",99,2017,26,"stranieri"
"5033","Femmine",99,2018,27,"stranieri"
"5034","Femmine",100,2002,19,"stranieri"
"5035","Femmine",100,2003,32,"stranieri"
"5036","Femmine",100,2004,50,"stranieri"
"5037","Femmine",100,2005,61,"stranieri"
"5038","Femmine",100,2006,74,"stranieri"
"5039","Femmine",100,2007,96,"stranieri"
"5040","Femmine",100,2008,97,"stranieri"
"5041","Femmine",100,2009,93,"stranieri"
"5042","Femmine",100,2010,73,"stranieri"
"5043","Femmine",100,2011,51,"stranieri"
"5044","Femmine",100,2012,45,"stranieri"
"5045","Femmine",100,2013,45,"stranieri"
"5046","Femmine",100,2014,57,"stranieri"
"5047","Femmine",100,2015,61,"stranieri"
"5048","Femmine",100,2016,66,"stranieri"
"5049","Femmine",100,2017,72,"stranieri"
"5050","Femmine",100,2018,73,"stranieri"
