"","year","age","median","source","low90","high90"
"1",2026,0,"382.029","UN","382.029","460.1925"
"2",2026,1,"386.33850000000001","UN","386.33850000000001","465.42899999999997"
"3",2026,2,"389.36950000000002","UN","389.36950000000002","429.15449999999998"
"4",2026,3,"399.25549999999998","UN","399.25549999999998","399.25549999999998"
"5",2026,4,"412.524","UN","412.524","412.524"
"6",2026,5,"417.24950000000001","UN","417.24950000000001","417.24950000000001"
"7",2026,6,"422.36599999999999","UN","422.36599999999999","422.36599999999999"
"8",2026,7,"437.48450000000003","UN","437.48450000000003","437.48450000000003"
"9",2026,8,"458.23899999999998","UN","458.23899999999998","458.23899999999998"
"10",2026,9,"476.0455","UN","476.0455","476.0455"
"11",2026,10,"487.41199999999998","UN","487.41199999999998","487.41199999999998"
"12",2026,11,"498.43","UN","498.43","498.43"
"13",2026,12,"508.98099999999999","UN","508.98099999999999","508.98099999999999"
"14",2026,13,"523.50300000000004","UN","523.50300000000004","523.50300000000004"
"15",2026,14,"538.88599999999997","UN","538.88599999999997","538.88599999999997"
"16",2026,15,"551.80700000000002","UN","551.80700000000002","551.80700000000002"
"17",2026,16,"566.36099999999999","UN","566.36099999999999","566.36099999999999"
"18",2026,17,"579.149","UN","579.149","579.149"
"19",2026,18,"590.51800000000003","UN","590.51800000000003","590.51800000000003"
"20",2026,19,"601.26099999999997","UN","601.26099999999997","601.26099999999997"
"21",2026,20,"610.72349999999994","UN","610.72349999999994","610.72349999999994"
"22",2026,21,"619.923","UN","619.923","619.923"
"23",2026,22,"623.904","UN","623.904","623.904"
"24",2026,23,"618.39049999999997","UN","618.39049999999997","618.39049999999997"
"25",2026,24,"616.30799999999999","UN","616.30799999999999","616.30799999999999"
"26",2026,25,"622.30899999999997","UN","622.30899999999997","622.30899999999997"
"27",2026,26,"623.07050000000004","UN","623.07050000000004","623.07050000000004"
"28",2026,27,"620.42750000000001","UN","620.42750000000001","620.42750000000001"
"29",2026,28,"617.40949999999998","UN","617.40949999999998","617.40949999999998"
"30",2026,29,"614.09349999999995","UN","614.09349999999995","614.09349999999995"
"31",2026,30,"614.10699999999997","UN","614.10699999999997","614.10699999999997"
"32",2026,31,"615.32500000000005","UN","615.32500000000005","615.32500000000005"
"33",2026,32,"622.66099999999994","UN","622.66099999999994","622.66099999999994"
"34",2026,33,"645.03750000000002","UN","645.03750000000002","645.03750000000002"
"35",2026,34,"662.56299999999999","UN","662.56299999999999","662.56299999999999"
"36",2026,35,"670.75450000000001","UN","670.75450000000001","670.75450000000001"
"37",2026,36,"674.13049999999998","UN","674.13049999999998","674.13049999999998"
"38",2026,37,"680.28800000000001","UN","680.28800000000001","680.28800000000001"
"39",2026,38,"665.298","UN","665.298","665.298"
"40",2026,39,"650.26","UN","650.26","650.26"
"41",2026,40,"664.41399999999999","UN","664.41399999999999","664.41399999999999"
"42",2026,41,"678.99249999999995","UN","678.99249999999995","678.99249999999995"
"43",2026,42,"696.07299999999998","UN","696.07299999999998","696.07299999999998"
"44",2026,43,"715.66449999999998","UN","715.66449999999998","715.66449999999998"
"45",2026,44,"739.83349999999996","UN","739.83349999999996","739.83349999999996"
"46",2026,45,"753.40650000000005","UN","753.40650000000005","753.40650000000005"
"47",2026,46,"766.65899999999999","UN","766.65899999999999","766.65899999999999"
"48",2026,47,"792.32899999999995","UN","792.32899999999995","792.32899999999995"
"49",2026,48,"824.33550000000002","UN","824.33550000000002","824.33550000000002"
"50",2026,49,"857.95050000000003","UN","857.95050000000003","857.95050000000003"
"51",2026,50,"892.678","UN","892.678","892.678"
"52",2026,51,"922.86300000000006","UN","922.86300000000006","922.86300000000006"
"53",2026,52,"936.50049999999999","UN","936.50049999999999","936.50049999999999"
"54",2026,53,"941.74649999999997","UN","941.74649999999997","941.74649999999997"
"55",2026,54,"950.5915","UN","950.5915","950.5915"
"56",2026,55,"952.60900000000004","UN","952.60900000000004","952.60900000000004"
"57",2026,56,"947.702","UN","947.702","947.702"
"58",2026,57,"957.92399999999998","UN","957.92399999999998","957.92399999999998"
"59",2026,58,"963.41549999999995","UN","963.41549999999995","963.41549999999995"
"60",2026,59,"955.90250000000003","UN","955.90250000000003","955.90250000000003"
"61",2026,60,"961.67200000000003","UN","961.67200000000003","961.67200000000003"
"62",2026,61,"957.52700000000004","UN","957.52700000000004","957.52700000000004"
"63",2026,62,"932.0865","UN","932.0865","932.0865"
"64",2026,63,"902.14250000000004","UN","902.14250000000004","902.14250000000004"
"65",2026,64,"862.34500000000003","UN","862.34500000000003","862.34500000000003"
"66",2026,65,"839.30349999999999","UN","839.30349999999999","839.30349999999999"
"67",2026,66,"820.59500000000003","UN","820.59500000000003","820.59500000000003"
"68",2026,67,"782.66250000000002","UN","782.66250000000002","782.66250000000002"
"69",2026,68,"745.3895","UN","745.3895","745.3895"
"70",2026,69,"728.15099999999995","UN","728.15099999999995","728.15099999999995"
"71",2026,70,"721.65200000000004","UN","721.65200000000004","721.65200000000004"
"72",2026,71,"690.59649999999999","UN","690.59649999999999","690.59649999999999"
"73",2026,72,"663.19","UN","663.19","663.19"
"74",2026,73,"641.91200000000003","UN","641.91200000000003","641.91200000000003"
"75",2026,74,"630.91899999999998","UN","630.91899999999998","630.91899999999998"
"76",2026,75,"628.39850000000001","UN","628.39850000000001","628.39850000000001"
"77",2026,76,"628.75049999999999","UN","628.75049999999999","628.75049999999999"
"78",2026,77,"627.71100000000001","UN","627.71100000000001","627.71100000000001"
"79",2026,78,"613.57050000000004","UN","613.57050000000004","613.57050000000004"
"80",2026,79,"576.83900000000006","UN","576.83900000000006","576.83900000000006"
"81",2026,80,"511.22199999999998","UN","511.22199999999998","511.22199999999998"
"82",2026,81,"459.71899999999999","UN","459.71899999999999","459.71899999999999"
"83",2026,82,"429.654","UN","429.654","429.654"
"84",2026,83,"402.84399999999999","UN","402.84399999999999","402.84399999999999"
"85",2026,84,"396.47250000000003","UN","396.47250000000003","396.47250000000003"
"86",2026,85,"389.23200000000003","UN","389.23200000000003","389.23200000000003"
"87",2026,86,"364.44799999999998","UN","364.44799999999998","364.44799999999998"
"88",2026,87,"332.56900000000002","UN","332.56900000000002","332.56900000000002"
"89",2026,88,"283.64699999999999","UN","283.64699999999999","283.64699999999999"
"90",2026,89,"237.542","UN","237.542","237.542"
"91",2026,90,"203.07400000000001","UN","203.07400000000001","203.07400000000001"
"92",2026,91,"172.49600000000001","UN","172.49600000000001","172.49600000000001"
"93",2026,92,"140.86349999999999","UN","140.86349999999999","140.86349999999999"
"94",2026,93,"112.06399999999999","UN","112.06399999999999","112.06399999999999"
"95",2026,94,"89.878","UN","89.878","89.878"
"96",2026,95,"68.781000000000006","UN","68.781000000000006","68.781000000000006"
"97",2026,96,"50.369","UN","50.369","50.369"
"98",2026,97,"35.679499999999997","UN","35.679499999999997","35.679499999999997"
"99",2026,98,"24.110499999999998","UN","24.110499999999998","24.110499999999998"
"100",2026,99,"15.997999999999999","UN","15.997999999999999","15.997999999999999"
"101",2026,100,"24.306999999999999","UN","24.306999999999999","24.306999999999999"
"102",2027,0,"379.58350000000002","UN","379.58350000000002","456.839"
"103",2027,1,"383.1035","UN","383.1035","461.23700000000002"
"104",2027,2,"387.40449999999998","UN","387.40449999999998","466.48500000000001"
"105",2027,3,"390.36399999999998","UN","390.36399999999998","430.14550000000003"
"106",2027,4,"400.16399999999999","UN","400.16399999999999","400.16399999999999"
"107",2027,5,"413.35700000000003","UN","413.35700000000003","413.35700000000003"
"108",2027,6,"418.01600000000002","UN","418.01600000000002","418.01600000000002"
"109",2027,7,"423.06950000000001","UN","423.06950000000001","423.06950000000001"
"110",2027,8,"438.13049999999998","UN","438.13049999999998","438.13049999999998"
"111",2027,9,"458.83150000000001","UN","458.83150000000001","458.83150000000001"
"112",2027,10,"476.58949999999999","UN","476.58949999999999","476.58949999999999"
"113",2027,11,"487.91399999999999","UN","487.91399999999999","487.91399999999999"
"114",2027,12,"498.89249999999998","UN","498.89249999999998","498.89249999999998"
"115",2027,13,"509.4085","UN","509.4085","509.4085"
"116",2027,14,"523.93700000000001","UN","523.93700000000001","523.93700000000001"
"117",2027,15,"539.64250000000004","UN","539.64250000000004","539.64250000000004"
"118",2027,16,"553.82799999999997","UN","553.82799999999997","553.82799999999997"
"119",2027,17,"570.98599999999999","UN","570.98599999999999","570.98599999999999"
"120",2027,18,"587.28","UN","587.28","587.28"
"121",2027,19,"602.07550000000003","UN","602.07550000000003","602.07550000000003"
"122",2027,20,"615.16200000000003","UN","615.16200000000003","615.16200000000003"
"123",2027,21,"625.04600000000005","UN","625.04600000000005","625.04600000000005"
"124",2027,22,"632.48299999999995","UN","632.48299999999995","632.48299999999995"
"125",2027,23,"633.15300000000002","UN","633.15300000000002","633.15300000000002"
"126",2027,24,"623.86699999999996","UN","623.86699999999996","623.86699999999996"
"127",2027,25,"618.42849999999999","UN","618.42849999999999","618.42849999999999"
"128",2027,26,"621.90049999999997","UN","621.90049999999997","621.90049999999997"
"129",2027,27,"620.99350000000004","UN","620.99350000000004","620.99350000000004"
"130",2027,28,"617.38400000000001","UN","617.38400000000001","617.38400000000001"
"131",2027,29,"613.89949999999999","UN","613.89949999999999","613.89949999999999"
"132",2027,30,"610.44399999999996","UN","610.44399999999996","610.44399999999996"
"133",2027,31,"610.51099999999997","UN","610.51099999999997","610.51099999999997"
"134",2027,32,"611.89599999999996","UN","611.89599999999996","611.89599999999996"
"135",2027,33,"619.45249999999999","UN","619.45249999999999","619.45249999999999"
"136",2027,34,"642.06899999999996","UN","642.06899999999996","642.06899999999996"
"137",2027,35,"659.83399999999995","UN","659.83399999999995","659.83399999999995"
"138",2027,36,"668.255","UN","668.255","668.255"
"139",2027,37,"671.84100000000001","UN","671.84100000000001","671.84100000000001"
"140",2027,38,"678.18650000000002","UN","678.18650000000002","678.18650000000002"
"141",2027,39,"663.37","UN","663.37","663.37"
"142",2027,40,"648.48500000000001","UN","648.48500000000001","648.48500000000001"
"143",2027,41,"662.75350000000003","UN","662.75350000000003","662.75350000000003"
"144",2027,42,"677.42600000000004","UN","677.42600000000004","677.42600000000004"
"145",2027,43,"694.57749999999999","UN","694.57749999999999","694.57749999999999"
"146",2027,44,"714.21199999999999","UN","714.21199999999999","714.21199999999999"
"147",2027,45,"738.39149999999995","UN","738.39149999999995","738.39149999999995"
"148",2027,46,"751.96199999999999","UN","751.96199999999999","751.96199999999999"
"149",2027,47,"765.19899999999996","UN","765.19899999999996","765.19899999999996"
"150",2027,48,"790.82249999999999","UN","790.82249999999999","790.82249999999999"
"151",2027,49,"822.74850000000004","UN","822.74850000000004","822.74850000000004"
"152",2027,50,"856.24649999999997","UN","856.24649999999997","856.24649999999997"
"153",2027,51,"890.81949999999995","UN","890.81949999999995","890.81949999999995"
"154",2027,52,"920.82500000000005","UN","920.82500000000005","920.82500000000005"
"155",2027,53,"934.29499999999996","UN","934.29499999999996","934.29499999999996"
"156",2027,54,"939.37","UN","939.37","939.37"
"157",2027,55,"948.00250000000005","UN","948.00250000000005","948.00250000000005"
"158",2027,56,"949.78499999999997","UN","949.78499999999997","949.78499999999997"
"159",2027,57,"944.64200000000005","UN","944.64200000000005","944.64200000000005"
"160",2027,58,"954.56100000000004","UN","954.56100000000004","954.56100000000004"
"161",2027,59,"959.72850000000005","UN","959.72850000000005","959.72850000000005"
"162",2027,60,"951.89800000000002","UN","951.89800000000002","951.89800000000002"
"163",2027,61,"957.27499999999998","UN","957.27499999999998","957.27499999999998"
"164",2027,62,"952.76549999999997","UN","952.76549999999997","952.76549999999997"
"165",2027,63,"927.02049999999997","UN","927.02049999999997","927.02049999999997"
"166",2027,64,"896.76099999999997","UN","896.76099999999997","896.76099999999997"
"167",2027,65,"856.73050000000001","UN","856.73050000000001","856.73050000000001"
"168",2027,66,"833.33199999999999","UN","833.33199999999999","833.33199999999999"
"169",2027,67,"814.18700000000001","UN","814.18700000000001","814.18700000000001"
"170",2027,68,"775.97249999999997","UN","775.97249999999997","775.97249999999997"
"171",2027,69,"738.42550000000006","UN","738.42550000000006","738.42550000000006"
"172",2027,70,"720.65750000000003","UN","720.65750000000003","720.65750000000003"
"173",2027,71,"713.40200000000004","UN","713.40200000000004","713.40200000000004"
"174",2027,72,"681.81050000000005","UN","681.81050000000005","681.81050000000005"
"175",2027,73,"653.80050000000006","UN","653.80050000000006","653.80050000000006"
"176",2027,74,"631.81399999999996","UN","631.81399999999996","631.81399999999996"
"177",2027,75,"619.90200000000004","UN","619.90200000000004","619.90200000000004"
"178",2027,76,"616.08150000000001","UN","616.08150000000001","616.08150000000001"
"179",2027,77,"615.00350000000003","UN","615.00350000000003","615.00350000000003"
"180",2027,78,"612.29200000000003","UN","612.29200000000003","612.29200000000003"
"181",2027,79,"596.46799999999996","UN","596.46799999999996","596.46799999999996"
"182",2027,80,"558.45299999999997","UN","558.45299999999997","558.45299999999997"
"183",2027,81,"492.50549999999998","UN","492.50549999999998","492.50549999999998"
"184",2027,82,"440.35899999999998","UN","440.35899999999998","440.35899999999998"
"185",2027,83,"408.84100000000001","UN","408.84100000000001","408.84100000000001"
"186",2027,84,"380.3725","UN","380.3725","380.3725"
"187",2027,85,"370.976","UN","370.976","370.976"
"188",2027,86,"360.40550000000002","UN","360.40550000000002","360.40550000000002"
"189",2027,87,"333.45150000000001","UN","333.45150000000001","333.45150000000001"
"190",2027,88,"300.15449999999998","UN","300.15449999999998","300.15449999999998"
"191",2027,89,"252.03800000000001","UN","252.03800000000001","252.03800000000001"
"192",2027,90,"207.53700000000001","UN","207.53700000000001","207.53700000000001"
"193",2027,91,"174.28149999999999","UN","174.28149999999999","174.28149999999999"
"194",2027,92,"145.20150000000001","UN","145.20150000000001","145.20150000000001"
"195",2027,93,"116.047","UN","116.047","116.047"
"196",2027,94,"90.100499999999997","UN","90.100499999999997","90.100499999999997"
"197",2027,95,"70.332499999999996","UN","70.332499999999996","70.332499999999996"
"198",2027,96,"52.241999999999997","UN","52.241999999999997","52.241999999999997"
"199",2027,97,"37.049500000000002","UN","37.049500000000002","37.049500000000002"
"200",2027,98,"25.3735","UN","25.3735","25.3735"
"201",2027,99,"16.547000000000001","UN","16.547000000000001","16.547000000000001"
"202",2027,100,"25.305499999999999","UN","25.305499999999999","25.305499999999999"
"203",2028,0,"378.12099999999998","UN","378.12099999999998","454.53750000000002"
"204",2028,1,"380.63600000000002","UN","380.63600000000002","457.863"
"205",2028,2,"384.1465","UN","384.1465","462.27100000000002"
"206",2028,3,"388.37700000000001","UN","388.37700000000001","467.45100000000002"
"207",2028,4,"391.25299999999999","UN","391.25299999999999","431.03250000000003"
"208",2028,5,"400.97949999999997","UN","400.97949999999997","400.97949999999997"
"209",2028,6,"414.10649999999998","UN","414.10649999999998","414.10649999999998"
"210",2028,7,"418.70400000000001","UN","418.70400000000001","418.70400000000001"
"211",2028,8,"423.702","UN","423.702","423.702"
"212",2028,9,"438.71100000000001","UN","438.71100000000001","438.71100000000001"
"213",2028,10,"459.36450000000002","UN","459.36450000000002","459.36450000000002"
"214",2028,11,"477.08100000000002","UN","477.08100000000002","477.08100000000002"
"215",2028,12,"488.36649999999997","UN","488.36649999999997","488.36649999999997"
"216",2028,13,"499.31150000000002","UN","499.31150000000002","499.31150000000002"
"217",2028,14,"509.83449999999999","UN","509.83449999999999","509.83449999999999"
"218",2028,15,"524.68499999999995","UN","524.68499999999995","524.68499999999995"
"219",2028,16,"541.65","UN","541.65","541.65"
"220",2028,17,"558.42700000000002","UN","558.42700000000002","558.42700000000002"
"221",2028,18,"579.07249999999999","UN","579.07249999999999","579.07249999999999"
"222",2028,19,"598.77449999999999","UN","598.77449999999999","598.77449999999999"
"223",2028,20,"615.90049999999997","UN","615.90049999999997","615.90049999999997"
"224",2028,21,"629.40300000000002","UN","629.40300000000002","629.40300000000002"
"225",2028,22,"637.52850000000001","UN","637.52850000000001","637.52850000000001"
"226",2028,23,"641.6635","UN","641.6635","641.6635"
"227",2028,24,"638.57150000000001","UN","638.57150000000001","638.57150000000001"
"228",2028,25,"625.94299999999998","UN","625.94299999999998","625.94299999999998"
"229",2028,26,"617.98950000000002","UN","617.98950000000002","617.98950000000002"
"230",2028,27,"619.79849999999999","UN","619.79849999999999","619.79849999999999"
"231",2028,28,"617.93100000000004","UN","617.93100000000004","617.93100000000004"
"232",2028,29,"613.85900000000004","UN","613.85900000000004","613.85900000000004"
"233",2028,30,"610.23649999999998","UN","610.23649999999998","610.23649999999998"
"234",2028,31,"606.83900000000006","UN","606.83900000000006","606.83900000000006"
"235",2028,32,"607.07399999999996","UN","607.07399999999996","607.07399999999996"
"236",2028,33,"608.68449999999996","UN","608.68449999999996","608.68449999999996"
"237",2028,34,"616.48749999999995","UN","616.48749999999995","616.48749999999995"
"238",2028,35,"639.34349999999995","UN","639.34349999999995","639.34349999999995"
"239",2028,36,"657.33600000000001","UN","657.33600000000001","657.33600000000001"
"240",2028,37,"665.96550000000002","UN","665.96550000000002","665.96550000000002"
"241",2028,38,"669.74249999999995","UN","669.74249999999995","669.74249999999995"
"242",2028,39,"676.25149999999996","UN","676.25149999999996","676.25149999999996"
"243",2028,40,"661.58849999999995","UN","661.58849999999995","661.58849999999995"
"244",2028,41,"646.83699999999999","UN","646.83699999999999","646.83699999999999"
"245",2028,42,"661.20150000000001","UN","661.20150000000001","661.20150000000001"
"246",2028,43,"675.94949999999994","UN","675.94949999999994","675.94949999999994"
"247",2028,44,"693.14949999999999","UN","693.14949999999999","693.14949999999999"
"248",2028,45,"712.80200000000002","UN","712.80200000000002","712.80200000000002"
"249",2028,46,"736.97400000000005","UN","736.97400000000005","736.97400000000005"
"250",2028,47,"750.53150000000005","UN","750.53150000000005","750.53150000000005"
"251",2028,48,"763.74","UN","763.74","763.74"
"252",2028,49,"789.30050000000006","UN","789.30050000000006","789.30050000000006"
"253",2028,50,"821.12","UN","821.12","821.12"
"254",2028,51,"854.47450000000003","UN","854.47450000000003","854.47450000000003"
"255",2028,52,"888.87","UN","888.87","888.87"
"256",2028,53,"918.68499999999995","UN","918.68499999999995","918.68499999999995"
"257",2028,54,"931.97199999999998","UN","931.97199999999998","931.97199999999998"
"258",2028,55,"936.84849999999994","UN","936.84849999999994","936.84849999999994"
"259",2028,56,"945.23599999999999","UN","945.23599999999999","945.23599999999999"
"260",2028,57,"946.77","UN","946.77","946.77"
"261",2028,58,"941.38099999999997","UN","941.38099999999997","941.38099999999997"
"262",2028,59,"950.96849999999995","UN","950.96849999999995","950.96849999999995"
"263",2028,60,"955.779","UN","955.779","955.779"
"264",2028,61,"947.62350000000004","UN","947.62350000000004","947.62350000000004"
"265",2028,62,"952.59749999999997","UN","952.59749999999997","952.59749999999997"
"266",2028,63,"947.67600000000004","UN","947.67600000000004","947.67600000000004"
"267",2028,64,"921.58749999999998","UN","921.58749999999998","921.58749999999998"
"268",2028,65,"891.02099999999996","UN","891.02099999999996","891.02099999999996"
"269",2028,66,"850.745","UN","850.745","850.745"
"270",2028,67,"826.94550000000004","UN","826.94550000000004","826.94550000000004"
"271",2028,68,"807.35149999999999","UN","807.35149999999999","807.35149999999999"
"272",2028,69,"768.85149999999999","UN","768.85149999999999","768.85149999999999"
"273",2028,70,"730.97299999999996","UN","730.97299999999996","730.97299999999996"
"274",2028,71,"712.57150000000001","UN","712.57150000000001","712.57150000000001"
"275",2028,72,"704.48299999999995","UN","704.48299999999995","704.48299999999995"
"276",2028,73,"672.33849999999995","UN","672.33849999999995","672.33849999999995"
"277",2028,74,"643.71249999999998","UN","643.71249999999998","643.71249999999998"
"278",2028,75,"620.99549999999999","UN","620.99549999999999","620.99549999999999"
"279",2028,76,"607.97850000000005","UN","607.97850000000005","607.97850000000005"
"280",2028,77,"602.86199999999997","UN","602.86199999999997","602.86199999999997"
"281",2028,78,"600.16949999999997","UN","600.16949999999997","600.16949999999997"
"282",2028,79,"595.53250000000003","UN","595.53250000000003","595.53250000000003"
"283",2028,80,"577.78099999999995","UN","577.78099999999995","577.78099999999995"
"284",2028,81,"538.3415","UN","538.3415","538.3415"
"285",2028,82,"472.08","UN","472.08","472.08"
"286",2028,83,"419.32900000000001","UN","419.32900000000001","419.32900000000001"
"287",2028,84,"386.34550000000002","UN","386.34550000000002","386.34550000000002"
"288",2028,85,"356.23","UN","356.23","356.23"
"289",2028,86,"343.82749999999999","UN","343.82749999999999","343.82749999999999"
"290",2028,87,"330.10199999999998","UN","330.10199999999998","330.10199999999998"
"291",2028,88,"301.262","UN","301.262","301.262"
"292",2028,89,"266.99299999999999","UN","266.99299999999999","266.99299999999999"
"293",2028,90,"220.45599999999999","UN","220.45599999999999","220.45599999999999"
"294",2028,91,"178.322","UN","178.322","178.322"
"295",2028,92,"146.88749999999999","UN","146.88749999999999","146.88749999999999"
"296",2028,93,"119.771","UN","119.771","119.771"
"297",2028,94,"93.421000000000006","UN","93.421000000000006","93.421000000000006"
"298",2028,95,"70.592500000000001","UN","70.592500000000001","70.592500000000001"
"299",2028,96,"53.484499999999997","UN","53.484499999999997","53.484499999999997"
"300",2028,97,"38.470500000000001","UN","38.470500000000001","38.470500000000001"
"301",2028,98,"26.374500000000001","UN","26.374500000000001","26.374500000000001"
"302",2028,99,"17.433","UN","17.433","17.433"
"303",2028,100,"26.283000000000001","UN","26.283000000000001","26.283000000000001"
"304",2029,0,"376.65499999999997","UN","376.65499999999997","474.94400000000002"
"305",2029,1,"379.24349999999998","UN","379.24349999999998","455.63299999999998"
"306",2029,2,"381.7405","UN","381.7405","458.95850000000002"
"307",2029,3,"385.17450000000002","UN","385.17450000000002","463.29300000000001"
"308",2029,4,"389.31700000000001","UN","389.31700000000001","468.38650000000001"
"309",2029,5,"392.11450000000002","UN","392.11450000000002","431.892"
"310",2029,6,"401.7715","UN","401.7715","401.7715"
"311",2029,7,"414.834","UN","414.834","414.834"
"312",2029,8,"419.3725","UN","419.3725","419.3725"
"313",2029,9,"424.31650000000002","UN","424.31650000000002","424.31650000000002"
"314",2029,10,"439.2765","UN","439.2765","439.2765"
"315",2029,11,"459.88549999999998","UN","459.88549999999998","459.88549999999998"
"316",2029,12,"477.56150000000002","UN","477.56150000000002","477.56150000000002"
"317",2029,13,"488.81150000000002","UN","488.81150000000002","488.81150000000002"
"318",2029,14,"499.762","UN","499.762","499.762"
"319",2029,15,"510.60649999999998","UN","510.60649999999998","510.60649999999998"
"320",2029,16,"526.71500000000003","UN","526.71500000000003","526.71500000000003"
"321",2029,17,"546.26900000000001","UN","546.26900000000001","546.26900000000001"
"322",2029,18,"566.53099999999995","UN","566.53099999999995","566.53099999999995"
"323",2029,19,"590.58150000000001","UN","590.58150000000001","590.58150000000001"
"324",2029,20,"612.61350000000004","UN","612.61350000000004","612.61350000000004"
"325",2029,21,"630.16300000000001","UN","630.16300000000001","630.16300000000001"
"326",2029,22,"641.92399999999998","UN","641.92399999999998","641.92399999999998"
"327",2029,23,"646.77200000000005","UN","646.77200000000005","646.77200000000005"
"328",2029,24,"647.16949999999997","UN","647.16949999999997","647.16949999999997"
"329",2029,25,"640.75300000000004","UN","640.75300000000004","640.75300000000004"
"330",2029,26,"625.62300000000005","UN","625.62300000000005","625.62300000000005"
"331",2029,27,"616.01400000000001","UN","616.01400000000001","616.01400000000001"
"332",2029,28,"616.86099999999999","UN","616.86099999999999","616.86099999999999"
"333",2029,29,"614.52549999999997","UN","614.52549999999997","614.52549999999997"
"334",2029,30,"610.30849999999998","UN","610.30849999999998","610.30849999999998"
"335",2029,31,"606.73599999999999","UN","606.73599999999999","606.73599999999999"
"336",2029,32,"603.49950000000001","UN","603.49950000000001","603.49950000000001"
"337",2029,33,"603.95399999999995","UN","603.95399999999995","603.95399999999995"
"338",2029,34,"605.80399999999997","UN","605.80399999999997","605.80399999999997"
"339",2029,35,"613.84649999999999","UN","613.84649999999999","613.84649999999999"
"340",2029,36,"636.923","UN","636.923","636.923"
"341",2029,37,"655.11649999999997","UN","655.11649999999997","655.11649999999997"
"342",2029,38,"663.92949999999996","UN","663.92949999999996","663.92949999999996"
"343",2029,39,"667.86699999999996","UN","667.86699999999996","667.86699999999996"
"344",2029,40,"674.5145","UN","674.5145","674.5145"
"345",2029,41,"659.98050000000001","UN","659.98050000000001","659.98050000000001"
"346",2029,42,"645.3415","UN","645.3415","645.3415"
"347",2029,43,"659.78099999999995","UN","659.78099999999995","659.78099999999995"
"348",2029,44,"674.57950000000005","UN","674.57950000000005","674.57950000000005"
"349",2029,45,"691.8","UN","691.8","691.8"
"350",2029,46,"711.45100000000002","UN","711.45100000000002","711.45100000000002"
"351",2029,47,"735.601","UN","735.601","735.601"
"352",2029,48,"749.13149999999996","UN","749.13149999999996","749.13149999999996"
"353",2029,49,"762.29549999999995","UN","762.29549999999995","762.29549999999995"
"354",2029,50,"787.76549999999997","UN","787.76549999999997","787.76549999999997"
"355",2029,51,"819.45150000000001","UN","819.45150000000001","819.45150000000001"
"356",2029,52,"852.64149999999995","UN","852.64149999999995","852.64149999999995"
"357",2029,53,"886.846","UN","886.846","886.846"
"358",2029,54,"916.45100000000002","UN","916.45100000000002","916.45100000000002"
"359",2029,55,"929.52599999999995","UN","929.52599999999995","929.52599999999995"
"360",2029,56,"934.17049999999995","UN","934.17049999999995","934.17049999999995"
"361",2029,57,"942.29849999999999","UN","942.29849999999999","942.29849999999999"
"362",2029,58,"943.57299999999998","UN","943.57299999999998","943.57299999999998"
"363",2029,59,"937.91099999999994","UN","937.91099999999994","937.91099999999994"
"364",2029,60,"947.13400000000001","UN","947.13400000000001","947.13400000000001"
"365",2029,61,"951.577","UN","951.577","951.577"
"366",2029,62,"943.08849999999995","UN","943.08849999999995","943.08849999999995"
"367",2029,63,"947.60950000000003","UN","947.60950000000003","947.60950000000003"
"368",2029,64,"942.22699999999998","UN","942.22699999999998","942.22699999999998"
"369",2029,65,"915.80250000000001","UN","915.80250000000001","915.80250000000001"
"370",2029,66,"884.91200000000003","UN","884.91200000000003","884.91200000000003"
"371",2029,67,"844.35299999999995","UN","844.35299999999995","844.35299999999995"
"372",2029,68,"820.14149999999995","UN","820.14149999999995","820.14149999999995"
"373",2029,69,"800.08249999999998","UN","800.08249999999998","800.08249999999998"
"374",2029,70,"761.23850000000004","UN","761.23850000000004","761.23850000000004"
"375",2029,71,"722.93550000000005","UN","722.93550000000005","722.93550000000005"
"376",2029,72,"703.83349999999996","UN","703.83349999999996","703.83349999999996"
"377",2029,73,"694.87099999999998","UN","694.87099999999998","694.87099999999998"
"378",2029,74,"662.16399999999999","UN","662.16399999999999","662.16399999999999"
"379",2029,75,"632.90599999999995","UN","632.90599999999995","632.90599999999995"
"380",2029,76,"609.27499999999998","UN","609.27499999999998","609.27499999999998"
"381",2029,77,"595.16650000000004","UN","595.16650000000004","595.16650000000004"
"382",2029,78,"588.57650000000001","UN","588.57650000000001","588.57650000000001"
"383",2029,79,"584.02149999999995","UN","584.02149999999995","584.02149999999995"
"384",2029,80,"577.18849999999998","UN","577.18849999999998","577.18849999999998"
"385",2029,81,"557.30050000000006","UN","557.30050000000006","557.30050000000006"
"386",2029,82,"516.34699999999998","UN","516.34699999999998","516.34699999999998"
"387",2029,83,"449.84449999999998","UN","449.84449999999998","449.84449999999998"
"388",2029,84,"396.55099999999999","UN","396.55099999999999","396.55099999999999"
"389",2029,85,"362.1225","UN","362.1225","362.1225"
"390",2029,86,"330.46300000000002","UN","330.46300000000002","330.46300000000002"
"391",2029,87,"315.221","UN","315.221","315.221"
"392",2029,88,"298.55450000000002","UN","298.55450000000002","298.55450000000002"
"393",2029,89,"268.255","UN","268.255","268.255"
"394",2029,90,"233.78749999999999","UN","233.78749999999999","233.78749999999999"
"395",2029,91,"189.636","UN","189.636","189.636"
"396",2029,92,"150.46700000000001","UN","150.46700000000001","150.46700000000001"
"397",2029,93,"121.3085","UN","121.3085","121.3085"
"398",2029,94,"96.533000000000001","UN","96.533000000000001","96.533000000000001"
"399",2029,95,"73.281999999999996","UN","73.281999999999996","73.281999999999996"
"400",2029,96,"53.743000000000002","UN","53.743000000000002","53.743000000000002"
"401",2029,97,"39.427500000000002","UN","39.427500000000002","39.427500000000002"
"402",2029,98,"27.413499999999999","UN","27.413499999999999","27.413499999999999"
"403",2029,99,"18.136500000000002","UN","18.136500000000002","18.136500000000002"
"404",2029,100,"27.4755","UN","27.4755","27.4755"
"405",2030,0,"375.39449999999999","UN","375.39449999999999","495.52499999999998"
"406",2030,1,"377.6465","UN","377.6465","475.90050000000002"
"407",2030,2,"380.22550000000001","UN","380.22550000000001","456.60550000000001"
"408",2030,3,"382.65550000000002","UN","382.65550000000002","459.86799999999999"
"409",2030,4,"386.01100000000002","UN","386.01100000000002","464.12450000000001"
"410",2030,5,"390.08350000000002","UN","390.08350000000002","469.149"
"411",2030,6,"392.82","UN","392.82","432.59550000000002"
"412",2030,7,"402.42","UN","402.42","402.42"
"413",2030,8,"415.42899999999997","UN","415.42899999999997","415.42899999999997"
"414",2030,9,"419.91950000000003","UN","419.91950000000003","419.91950000000003"
"415",2030,10,"424.82","UN","424.82","424.82"
"416",2030,11,"439.74","UN","439.74","439.74"
"417",2030,12,"460.31299999999999","UN","460.31299999999999","460.31299999999999"
"418",2030,13,"477.95650000000001","UN","477.95650000000001","477.95650000000001"
"419",2030,14,"489.21550000000002","UN","489.21550000000002","489.21550000000002"
"420",2030,15,"500.48649999999998","UN","500.48649999999998","500.48649999999998"
"421",2030,16,"512.57849999999996","UN","512.57849999999996","512.57849999999996"
"422",2030,17,"531.25099999999998","UN","531.25099999999998","531.25099999999998"
"423",2030,18,"554.25450000000001","UN","554.25450000000001","554.25450000000001"
"424",2030,19,"577.88649999999996","UN","577.88649999999996","577.88649999999996"
"425",2030,20,"604.23800000000006","UN","604.23800000000006","604.23800000000006"
"426",2030,21,"626.67399999999998","UN","626.67399999999998","626.67399999999998"
"427",2030,22,"642.46799999999996","UN","642.46799999999996","642.46799999999996"
"428",2030,23,"650.94299999999998","UN","650.94299999999998","650.94299999999998"
"429",2030,24,"652.05200000000002","UN","652.05200000000002","652.05200000000002"
"430",2030,25,"649.12800000000004","UN","649.12800000000004","649.12800000000004"
"431",2030,26,"640.2165","UN","640.2165","640.2165"
"432",2030,27,"623.44550000000004","UN","623.44550000000004","623.44550000000004"
"433",2030,28,"612.89049999999997","UN","612.89049999999997","612.89049999999997"
"434",2030,29,"613.28250000000003","UN","613.28250000000003","613.28250000000003"
"435",2030,30,"610.81700000000001","UN","610.81700000000001","610.81700000000001"
"436",2030,31,"606.66300000000001","UN","606.66300000000001","606.66300000000001"
"437",2030,32,"603.26499999999999","UN","603.26499999999999","603.26499999999999"
"438",2030,33,"600.26","UN","600.26","600.26"
"439",2030,34,"600.96600000000001","UN","600.96600000000001","600.96600000000001"
"440",2030,35,"603.06849999999997","UN","603.06849999999997","603.06849999999997"
"441",2030,36,"611.34699999999998","UN","611.34699999999998","611.34699999999998"
"442",2030,37,"634.63149999999996","UN","634.63149999999996","634.63149999999996"
"443",2030,38,"653.01199999999994","UN","653.01199999999994","653.01199999999994"
"444",2030,39,"661.9905","UN","661.9905","661.9905"
"445",2030,40,"666.07500000000005","UN","666.07500000000005","666.07500000000005"
"446",2030,41,"672.84450000000004","UN","672.84450000000004","672.84450000000004"
"447",2030,42,"658.428","UN","658.428","658.428"
"448",2030,43,"643.89","UN","643.89","643.89"
"449",2030,44,"658.38549999999998","UN","658.38549999999998","658.38549999999998"
"450",2030,45,"673.21299999999997","UN","673.21299999999997","673.21299999999997"
"451",2030,46,"690.44100000000003","UN","690.44100000000003","690.44100000000003"
"452",2030,47,"710.08199999999999","UN","710.08199999999999","710.08199999999999"
"453",2030,48,"734.20050000000003","UN","734.20050000000003","734.20050000000003"
"454",2030,49,"747.69050000000004","UN","747.69050000000004","747.69050000000004"
"455",2030,50,"760.7885","UN","760.7885","760.7885"
"456",2030,51,"786.14599999999996","UN","786.14599999999996","786.14599999999996"
"457",2030,52,"817.68150000000003","UN","817.68150000000003","817.68150000000003"
"458",2030,53,"850.69449999999995","UN","850.69449999999995","850.69449999999995"
"459",2030,54,"884.69200000000001","UN","884.69200000000001","884.69200000000001"
"460",2030,55,"914.05799999999999","UN","914.05799999999999","914.05799999999999"
"461",2030,56,"926.88900000000001","UN","926.88900000000001","926.88900000000001"
"462",2030,57,"931.29049999999995","UN","931.29049999999995","931.29049999999995"
"463",2030,58,"939.14700000000005","UN","939.14700000000005","939.14700000000005"
"464",2030,59,"940.13499999999999","UN","940.13499999999999","940.13499999999999"
"465",2030,60,"934.17399999999998","UN","934.17399999999998","934.17399999999998"
"466",2030,61,"943.02149999999995","UN","943.02149999999995","943.02149999999995"
"467",2030,62,"947.0865","UN","947.0865","947.0865"
"468",2030,63,"938.22199999999998","UN","938.22199999999998","938.22199999999998"
"469",2030,64,"942.23800000000006","UN","942.23800000000006","942.23800000000006"
"470",2030,65,"936.39599999999996","UN","936.39599999999996","936.39599999999996"
"471",2030,66,"909.61699999999996","UN","909.61699999999996","909.61699999999996"
"472",2030,67,"878.35799999999995","UN","878.35799999999995","878.35799999999995"
"473",2030,68,"837.51499999999999","UN","837.51499999999999","837.51499999999999"
"474",2030,69,"812.87950000000001","UN","812.87950000000001","812.87950000000001"
"475",2030,70,"792.28499999999997","UN","792.28499999999997","792.28499999999997"
"476",2030,71,"753","UN","753","753"
"477",2030,72,"714.22149999999999","UN","714.22149999999999","714.22149999999999"
"478",2030,73,"694.3895","UN","694.3895","694.3895"
"479",2030,74,"684.51900000000001","UN","684.51900000000001","684.51900000000001"
"480",2030,75,"651.23749999999995","UN","651.23749999999995","651.23749999999995"
"481",2030,76,"621.18849999999998","UN","621.18849999999998","621.18849999999998"
"482",2030,77,"596.67949999999996","UN","596.67949999999996","596.67949999999996"
"483",2030,78,"581.31650000000002","UN","581.31650000000002","581.31650000000002"
"484",2030,79,"573.01850000000002","UN","573.01850000000002","573.01850000000002"
"485",2030,80,"566.33450000000005","UN","566.33450000000005","566.33450000000005"
"486",2030,81,"557.06500000000005","UN","557.06500000000005","557.06500000000005"
"487",2030,82,"534.88099999999997","UN","534.88099999999997","534.88099999999997"
"488",2030,83,"492.38150000000002","UN","492.38150000000002","492.38150000000002"
"489",2030,84,"425.73649999999998","UN","425.73649999999998","425.73649999999998"
"490",2030,85,"371.99299999999999","UN","371.99299999999999","371.99299999999999"
"491",2030,86,"336.233","UN","336.233","336.233"
"492",2030,87,"303.27","UN","303.27","303.27"
"493",2030,88,"285.39150000000001","UN","285.39150000000001","285.39150000000001"
"494",2030,89,"266.15100000000001","UN","266.15100000000001","266.15100000000001"
"495",2030,90,"235.15450000000001","UN","235.15450000000001","235.15450000000001"
"496",2030,91,"201.33600000000001","UN","201.33600000000001","201.33600000000001"
"497",2030,92,"160.20849999999999","UN","160.20849999999999","160.20849999999999"
"498",2030,93,"124.4165","UN","124.4165","124.4165"
"499",2030,94,"97.894499999999994","UN","97.894499999999994","97.894499999999994"
"500",2030,95,"75.816500000000005","UN","75.816500000000005","75.816500000000005"
"501",2030,96,"55.859499999999997","UN","55.859499999999997","55.859499999999997"
"502",2030,97,"39.662999999999997","UN","39.662999999999997","39.662999999999997"
"503",2030,98,"28.126000000000001","UN","28.126000000000001","28.126000000000001"
"504",2030,99,"18.87","UN","18.87","18.87"
"505",2030,100,"28.689499999999999","UN","28.689499999999999","28.689499999999999"
"506",2031,0,"374.72449999999998","UN","374.72449999999998","494.06599999999997"
"507",2031,1,"376.22050000000002","UN","376.22050000000002","496.30900000000003"
"508",2031,2,"378.47399999999999","UN","378.47399999999999","476.71749999999997"
"509",2031,3,"380.99900000000002","UN","380.99900000000002","457.37400000000002"
"510",2031,4,"383.36250000000001","UN","383.36250000000001","460.57049999999998"
"511",2031,5,"386.65949999999998","UN","386.65949999999998","464.76949999999999"
"512",2031,6,"390.68049999999999","UN","390.68049999999999","469.74250000000001"
"513",2031,7,"393.36900000000003","UN","393.36900000000003","433.14299999999997"
"514",2031,8,"402.92349999999999","UN","402.92349999999999","402.92349999999999"
"515",2031,9,"415.89100000000002","UN","415.89100000000002","415.89100000000002"
"516",2031,10,"420.34449999999998","UN","420.34449999999998","420.34449999999998"
"517",2031,11,"425.2115","UN","425.2115","425.2115"
"518",2031,12,"440.101","UN","440.101","440.101"
"519",2031,13,"460.64550000000003","UN","460.64550000000003","460.64550000000003"
"520",2031,14,"478.30200000000002","UN","478.30200000000002","478.30200000000002"
"521",2031,15,"489.88099999999997","UN","489.88099999999997","489.88099999999997"
"522",2031,16,"502.387","UN","502.387","502.387"
"523",2031,17,"517.01400000000001","UN","517.01400000000001","517.01400000000001"
"524",2031,18,"539.09450000000004","UN","539.09450000000004","539.09450000000004"
"525",2031,19,"565.42650000000003","UN","565.42650000000003","565.42650000000003"
"526",2031,20,"591.32650000000001","UN","591.32650000000001","591.32650000000001"
"527",2031,21,"618.0575","UN","618.0575","618.0575"
"528",2031,22,"638.71950000000004","UN","638.71950000000004","638.71950000000004"
"529",2031,23,"651.21500000000003","UN","651.21500000000003","651.21500000000003"
"530",2031,24,"655.94500000000005","UN","655.94500000000005","655.94500000000005"
"531",2031,25,"653.73350000000005","UN","653.73350000000005","653.73350000000005"
"532",2031,26,"648.32150000000001","UN","648.32150000000001","648.32150000000001"
"533",2031,27,"637.78099999999995","UN","637.78099999999995","637.78099999999995"
"534",2031,28,"620.08150000000001","UN","620.08150000000001","620.08150000000001"
"535",2031,29,"609.09249999999997","UN","609.09249999999997","609.09249999999997"
"536",2031,30,"609.37199999999996","UN","609.37199999999996","609.37199999999996"
"537",2031,31,"606.98699999999997","UN","606.98699999999997","606.98699999999997"
"538",2031,32,"603.02350000000001","UN","603.02350000000001","603.02350000000001"
"539",2031,33,"599.87149999999997","UN","599.87149999999997","599.87149999999997"
"540",2031,34,"597.1345","UN","597.1345","597.1345"
"541",2031,35,"598.10500000000002","UN","598.10500000000002","598.10500000000002"
"542",2031,36,"600.45749999999998","UN","600.45749999999998","600.45749999999998"
"543",2031,37,"608.96050000000002","UN","608.96050000000002","608.96050000000002"
"544",2031,38,"632.44100000000003","UN","632.44100000000003","632.44100000000003"
"545",2031,39,"650.99350000000004","UN","650.99350000000004","650.99350000000004"
"546",2031,40,"660.12350000000004","UN","660.12350000000004","660.12350000000004"
"547",2031,41,"664.34","UN","664.34","664.34"
"548",2031,42,"671.22","UN","671.22","671.22"
"549",2031,43,"656.91","UN","656.91","656.91"
"550",2031,44,"642.45500000000004","UN","642.45500000000004","642.45500000000004"
"551",2031,45,"656.98800000000006","UN","656.98800000000006","656.98800000000006"
"552",2031,46,"671.83199999999999","UN","671.83199999999999","671.83199999999999"
"553",2031,47,"689.06","UN","689.06","689.06"
"554",2031,48,"708.68200000000002","UN","708.68200000000002","708.68200000000002"
"555",2031,49,"732.75400000000002","UN","732.75400000000002","732.75400000000002"
"556",2031,50,"746.18399999999997","UN","746.18399999999997","746.18399999999997"
"557",2031,51,"759.19600000000003","UN","759.19600000000003","759.19600000000003"
"558",2031,52,"784.42499999999995","UN","784.42499999999995","784.42499999999995"
"559",2031,53,"815.79949999999997","UN","815.79949999999997","815.79949999999997"
"560",2031,54,"848.62","UN","848.62","848.62"
"561",2031,55,"882.38149999999996","UN","882.38149999999996","882.38149999999996"
"562",2031,56,"911.476","UN","911.476","911.476"
"563",2031,57,"924.04899999999998","UN","924.04899999999998","924.04899999999998"
"564",2031,58,"928.19650000000001","UN","928.19650000000001","928.19650000000001"
"565",2031,59,"935.755","UN","935.755","935.755"
"566",2031,60,"936.43","UN","936.43","936.43"
"567",2031,61,"930.16250000000002","UN","930.16250000000002","930.16250000000002"
"568",2031,62,"938.62400000000002","UN","938.62400000000002","938.62400000000002"
"569",2031,63,"942.26499999999999","UN","942.26499999999999","942.26499999999999"
"570",2031,64,"932.97649999999999","UN","932.97649999999999","932.97649999999999"
"571",2031,65,"936.48699999999997","UN","936.48699999999997","936.48699999999997"
"572",2031,66,"930.15750000000003","UN","930.15750000000003","930.15750000000003"
"573",2031,67,"902.97699999999998","UN","902.97699999999998","902.97699999999998"
"574",2031,68,"871.34500000000003","UN","871.34500000000003","871.34500000000003"
"575",2031,69,"830.21349999999995","UN","830.21349999999995","830.21349999999995"
"576",2031,70,"805.08550000000002","UN","805.08550000000002","805.08550000000002"
"577",2031,71,"783.84249999999997","UN","783.84249999999997","783.84249999999997"
"578",2031,72,"744.0625","UN","744.0625","744.0625"
"579",2031,73,"704.79849999999999","UN","704.79849999999999","704.79849999999999"
"580",2031,74,"684.21299999999997","UN","684.21299999999997","684.21299999999997"
"581",2031,75,"673.39700000000005","UN","673.39700000000005","673.39700000000005"
"582",2031,76,"639.4085","UN","639.4085","639.4085"
"583",2031,77,"608.58950000000004","UN","608.58950000000004","608.58950000000004"
"584",2031,78,"583.05499999999995","UN","583.05499999999995","583.05499999999995"
"585",2031,79,"566.221","UN","566.221","566.221"
"586",2031,80,"555.96100000000001","UN","555.96100000000001","555.96100000000001"
"587",2031,81,"546.90949999999998","UN","546.90949999999998","546.90949999999998"
"588",2031,82,"535.00800000000004","UN","535.00800000000004","535.00800000000004"
"589",2031,83,"510.41800000000001","UN","510.41800000000001","510.41800000000001"
"590",2031,84,"466.35500000000002","UN","466.35500000000002","466.35500000000002"
"591",2031,85,"399.6995","UN","399.6995","399.6995"
"592",2031,86,"345.70150000000001","UN","345.70150000000001","345.70150000000001"
"593",2031,87,"308.86250000000001","UN","308.86250000000001","308.86250000000001"
"594",2031,88,"274.86099999999999","UN","274.86099999999999","274.86099999999999"
"595",2031,89,"254.696","UN","254.696","254.696"
"596",2031,90,"233.59299999999999","UN","233.59299999999999","233.59299999999999"
"597",2031,91,"202.749","UN","202.749","202.749"
"598",2031,92,"170.29599999999999","UN","170.29599999999999","170.29599999999999"
"599",2031,93,"132.63550000000001","UN","132.63550000000001","132.63550000000001"
"600",2031,94,"100.5265","UN","100.5265","100.5265"
"601",2031,95,"76.983000000000004","UN","76.983000000000004","76.983000000000004"
"602",2031,96,"57.862000000000002","UN","57.862000000000002","57.862000000000002"
"603",2031,97,"41.274000000000001","UN","41.274000000000001","41.274000000000001"
"604",2031,98,"28.3245","UN","28.3245","28.3245"
"605",2031,99,"19.3795","UN","19.3795","19.3795"
"606",2031,100,"29.936","UN","29.936","29.936"
"607",2032,0,"374.7835","UN","374.7835","493.5025"
"608",2032,1,"375.685","UN","375.685","494.98649999999998"
"609",2032,2,"377.16899999999998","UN","377.16899999999998","497.24549999999999"
"610",2032,3,"379.358","UN","379.358","477.59500000000003"
"611",2032,4,"381.80700000000002","UN","381.80700000000002","458.17849999999999"
"612",2032,5,"384.10399999999998","UN","384.10399999999998","461.30900000000003"
"613",2032,6,"387.3415","UN","387.3415","465.44799999999998"
"614",2032,7,"391.3075","UN","391.3075","470.36599999999999"
"615",2032,8,"393.94450000000001","UN","393.94450000000001","433.71699999999998"
"616",2032,9,"403.452","UN","403.452","403.452"
"617",2032,10,"416.3775","UN","416.3775","416.3775"
"618",2032,11,"420.79349999999999","UN","420.79349999999999","420.79349999999999"
"619",2032,12,"425.62599999999998","UN","425.62599999999998","425.62599999999998"
"620",2032,13,"440.48450000000003","UN","440.48450000000003","440.48450000000003"
"621",2032,14,"461.03899999999999","UN","461.03899999999999","461.03899999999999"
"622",2032,15,"479.01350000000002","UN","479.01350000000002","479.01350000000002"
"623",2032,16,"491.82850000000002","UN","491.82850000000002","491.82850000000002"
"624",2032,17,"506.87400000000002","UN","506.87400000000002","506.87400000000002"
"625",2032,18,"524.91600000000005","UN","524.91600000000005","524.91600000000005"
"626",2032,19,"550.33299999999997","UN","550.33299999999997","550.33299999999997"
"627",2032,20,"578.94100000000003","UN","578.94100000000003","578.94100000000003"
"628",2032,21,"605.23699999999997","UN","605.23699999999997","605.23699999999997"
"629",2032,22,"630.22199999999998","UN","630.22199999999998","630.22199999999998"
"630",2032,23,"647.62249999999995","UN","647.62249999999995","647.62249999999995"
"631",2032,24,"656.40700000000004","UN","656.40700000000004","656.40700000000004"
"632",2032,25,"657.84199999999998","UN","657.84199999999998","657.84199999999998"
"633",2032,26,"653.15599999999995","UN","653.15599999999995","653.15599999999995"
"634",2032,27,"646.11699999999996","UN","646.11699999999996","646.11699999999996"
"635",2032,28,"634.64099999999996","UN","634.64099999999996","634.64099999999996"
"636",2032,29,"616.49900000000002","UN","616.49900000000002","616.49900000000002"
"637",2032,30,"605.38599999999997","UN","605.38599999999997","605.38599999999997"
"638",2032,31,"605.73149999999998","UN","605.73149999999998","605.73149999999998"
"639",2032,32,"603.52099999999996","UN","603.52099999999996","603.52099999999996"
"640",2032,33,"599.78949999999998","UN","599.78949999999998","599.78949999999998"
"641",2032,34,"596.89099999999996","UN","596.89099999999996","596.89099999999996"
"642",2032,35,"594.40700000000004","UN","594.40700000000004","594.40700000000004"
"643",2032,36,"595.61699999999996","UN","595.61699999999996","595.61699999999996"
"644",2032,37,"598.18700000000001","UN","598.18700000000001","598.18700000000001"
"645",2032,38,"606.8845","UN","606.8845","606.8845"
"646",2032,39,"630.52750000000003","UN","630.52750000000003","630.52750000000003"
"647",2032,40,"649.22","UN","649.22","649.22"
"648",2032,41,"658.47400000000005","UN","658.47400000000005","658.47400000000005"
"649",2032,42,"662.79700000000003","UN","662.79700000000003","662.79700000000003"
"650",2032,43,"669.76350000000002","UN","669.76350000000002","669.76350000000002"
"651",2032,44,"655.53200000000004","UN","655.53200000000004","655.53200000000004"
"652",2032,45,"641.13549999999998","UN","641.13549999999998","641.13549999999998"
"653",2032,46,"655.68399999999997","UN","655.68399999999997","655.68399999999997"
"654",2032,47,"670.53","UN","670.53","670.53"
"655",2032,48,"687.74300000000005","UN","687.74300000000005","687.74300000000005"
"656",2032,49,"707.32550000000003","UN","707.32550000000003","707.32550000000003"
"657",2032,50,"731.327","UN","731.327","731.327"
"658",2032,51,"744.67250000000001","UN","744.67250000000001","744.67250000000001"
"659",2032,52,"757.57950000000005","UN","757.57950000000005","757.57950000000005"
"660",2032,53,"782.66750000000002","UN","782.66750000000002","782.66750000000002"
"661",2032,54,"813.86099999999999","UN","813.86099999999999","813.86099999999999"
"662",2032,55,"846.46","UN","846.46","846.46"
"663",2032,56,"879.95050000000003","UN","879.95050000000003","879.95050000000003"
"664",2032,57,"908.75149999999996","UN","908.75149999999996","908.75149999999996"
"665",2032,58,"921.05399999999997","UN","921.05399999999997","921.05399999999997"
"666",2032,59,"924.92049999999995","UN","924.92049999999995","924.92049999999995"
"667",2032,60,"932.15049999999997","UN","932.15049999999997","932.15049999999997"
"668",2032,61,"932.50099999999998","UN","932.50099999999998","932.50099999999998"
"669",2032,62,"925.92100000000005","UN","925.92100000000005","925.92100000000005"
"670",2032,63,"933.94749999999999","UN","933.94749999999999","933.94749999999999"
"671",2032,64,"937.11099999999999","UN","937.11099999999999","937.11099999999999"
"672",2032,65,"927.404","UN","927.404","927.404"
"673",2032,66,"930.375","UN","930.375","930.375"
"674",2032,67,"923.50199999999995","UN","923.50199999999995","923.50199999999995"
"675",2032,68,"895.91150000000005","UN","895.91150000000005","895.91150000000005"
"676",2032,69,"863.89449999999999","UN","863.89449999999999","863.89449999999999"
"677",2032,70,"822.41449999999998","UN","822.41449999999998","822.41449999999998"
"678",2032,71,"796.68","UN","796.68","796.68"
"679",2032,72,"774.71699999999998","UN","774.71699999999998","774.71699999999998"
"680",2032,73,"734.43100000000004","UN","734.43100000000004","734.43100000000004"
"681",2032,74,"694.67600000000004","UN","694.67600000000004","694.67600000000004"
"682",2032,75,"673.30949999999996","UN","673.30949999999996","673.30949999999996"
"683",2032,76,"661.36900000000003","UN","661.36900000000003","661.36900000000003"
"684",2032,77,"626.67100000000005","UN","626.67100000000005","626.67100000000005"
"685",2032,78,"594.94000000000005","UN","594.94000000000005","594.94000000000005"
"686",2032,79,"568.17899999999997","UN","568.17899999999997","568.17899999999997"
"687",2032,80,"549.6395","UN","549.6395","549.6395"
"688",2032,81,"537.19000000000005","UN","537.19000000000005","537.19000000000005"
"689",2032,82,"525.57349999999997","UN","525.57349999999997","525.57349999999997"
"690",2032,83,"510.88900000000001","UN","510.88900000000001","510.88900000000001"
"691",2032,84,"483.79399999999998","UN","483.79399999999998","483.79399999999998"
"692",2032,85,"438.18599999999998","UN","438.18599999999998","438.18599999999998"
"693",2032,86,"371.76400000000001","UN","371.76400000000001","371.76400000000001"
"694",2032,87,"317.84300000000002","UN","317.84300000000002","317.84300000000002"
"695",2032,88,"280.20249999999999","UN","280.20249999999999","280.20249999999999"
"696",2032,89,"245.55799999999999","UN","245.55799999999999","245.55799999999999"
"697",2032,90,"223.786","UN","223.786","223.786"
"698",2032,91,"201.64699999999999","UN","201.64699999999999","201.64699999999999"
"699",2032,92,"171.69","UN","171.69","171.69"
"700",2032,93,"141.15350000000001","UN","141.15350000000001","141.15350000000001"
"701",2032,94,"107.297","UN","107.297","107.297"
"702",2032,95,"79.147499999999994","UN","79.147499999999994","79.147499999999994"
"703",2032,96,"58.823500000000003","UN","58.823500000000003","58.823500000000003"
"704",2032,97,"42.802999999999997","UN","42.802999999999997","42.802999999999997"
"705",2032,98,"29.507000000000001","UN","29.507000000000001","29.507000000000001"
"706",2032,99,"19.535499999999999","UN","19.535499999999999","19.535499999999999"
"707",2032,100,"31.053999999999998","UN","31.053999999999998","31.053999999999998"
"708",2033,0,"375.38749999999999","UN","375.38749999999999","493.70850000000002"
"709",2033,1,"375.88400000000001","UN","375.88400000000001","494.565"
"710",2033,2,"376.7595","UN","376.7595","496.04899999999998"
"711",2033,3,"378.16750000000002","UN","378.16750000000002","498.23649999999998"
"712",2033,4,"380.2715","UN","380.2715","478.50400000000002"
"713",2033,5,"382.64499999999998","UN","382.64499999999998","459.01350000000002"
"714",2033,6,"384.87450000000001","UN","384.87450000000001","462.07549999999998"
"715",2033,7,"388.04950000000002","UN","388.04950000000002","466.15300000000002"
"716",2033,8,"391.95800000000003","UN","391.95800000000003","471.01400000000001"
"717",2033,9,"394.54300000000001","UN","394.54300000000001","434.31349999999998"
"718",2033,10,"404.00349999999997","UN","404.00349999999997","404.00349999999997"
"719",2033,11,"416.88600000000002","UN","416.88600000000002","416.88600000000002"
"720",2033,12,"421.26350000000002","UN","421.26350000000002","421.26350000000002"
"721",2033,13,"426.0625","UN","426.0625","426.0625"
"722",2033,14,"440.92750000000001","UN","440.92750000000001","440.92750000000001"
"723",2033,15,"461.79849999999999","UN","461.79849999999999","461.79849999999999"
"724",2033,16,"481.01","UN","481.01","481.01"
"725",2033,17,"496.36900000000003","UN","496.36900000000003","496.36900000000003"
"726",2033,18,"514.83799999999997","UN","514.83799999999997","514.83799999999997"
"727",2033,19,"536.22550000000001","UN","536.22550000000001","536.22550000000001"
"728",2033,20,"563.92849999999999","UN","563.92849999999999","563.92849999999999"
"729",2033,21,"592.94949999999994","UN","592.94949999999994","592.94949999999994"
"730",2033,22,"617.529","UN","617.529","617.529"
"731",2033,23,"639.28949999999998","UN","639.28949999999998","639.28949999999998"
"732",2033,24,"653.01350000000002","UN","653.01350000000002","653.01350000000002"
"733",2033,25,"658.52949999999998","UN","658.52949999999998","658.52949999999998"
"734",2033,26,"657.50199999999995","UN","657.50199999999995","657.50199999999995"
"735",2033,27,"651.19200000000001","UN","651.19200000000001","651.19200000000001"
"736",2033,28,"643.21050000000002","UN","643.21050000000002","643.21050000000002"
"737",2033,29,"631.27949999999998","UN","631.27949999999998","631.27949999999998"
"738",2033,30,"613.00049999999999","UN","613.00049999999999","613.00049999999999"
"739",2033,31,"601.94150000000002","UN","601.94150000000002","601.94150000000002"
"740",2033,32,"602.44550000000004","UN","602.44550000000004","602.44550000000004"
"741",2033,33,"600.45150000000001","UN","600.45150000000001","600.45150000000001"
"742",2033,34,"596.95849999999996","UN","596.95849999999996","596.95849999999996"
"743",2033,35,"594.30050000000006","UN","594.30050000000006","594.30050000000006"
"744",2033,36,"592.04600000000005","UN","592.04600000000005","592.04600000000005"
"745",2033,37,"593.46400000000006","UN","593.46400000000006","593.46400000000006"
"746",2033,38,"596.22149999999999","UN","596.22149999999999","596.22149999999999"
"747",2033,39,"605.08050000000003","UN","605.08050000000003","605.08050000000003"
"748",2033,40,"628.85550000000001","UN","628.85550000000001","628.85550000000001"
"749",2033,41,"647.66150000000005","UN","647.66150000000005","647.66150000000005"
"750",2033,42,"657.01250000000005","UN","657.01250000000005","657.01250000000005"
"751",2033,43,"661.42","UN","661.42","661.42"
"752",2033,44,"668.44500000000005","UN","668.44500000000005","668.44500000000005"
"753",2033,45,"654.26700000000005","UN","654.26700000000005","654.26700000000005"
"754",2033,46,"639.91049999999996","UN","639.91049999999996","639.91049999999996"
"755",2033,47,"654.46050000000002","UN","654.46050000000002","654.46050000000002"
"756",2033,48,"669.29399999999998","UN","669.29399999999998","669.29399999999998"
"757",2033,49,"686.47199999999998","UN","686.47199999999998","686.47199999999998"
"758",2033,50,"705.99249999999995","UN","705.99249999999995","705.99249999999995"
"759",2033,51,"729.89850000000001","UN","729.89850000000001","729.89850000000001"
"760",2033,52,"743.14149999999995","UN","743.14149999999995","743.14149999999995"
"761",2033,53,"755.9325","UN","755.9325","755.9325"
"762",2033,54,"780.86300000000006","UN","780.86300000000006","780.86300000000006"
"763",2033,55,"811.84849999999994","UN","811.84849999999994","811.84849999999994"
"764",2033,56,"844.19150000000002","UN","844.19150000000002","844.19150000000002"
"765",2033,57,"877.3895","UN","877.3895","877.3895"
"766",2033,58,"905.88350000000003","UN","905.88350000000003","905.88350000000003"
"767",2033,59,"917.88649999999996","UN","917.88649999999996","917.88649999999996"
"768",2033,60,"921.44150000000002","UN","921.44150000000002","921.44150000000002"
"769",2033,61,"928.33249999999998","UN","928.33249999999998","928.33249999999998"
"770",2033,62,"928.35199999999998","UN","928.35199999999998","928.35199999999998"
"771",2033,63,"921.41499999999996","UN","921.41499999999996","921.41499999999996"
"772",2033,64,"928.95399999999995","UN","928.95399999999995","928.95399999999995"
"773",2033,65,"931.64149999999995","UN","931.64149999999995","931.64149999999995"
"774",2033,66,"921.48749999999995","UN","921.48749999999995","921.48749999999995"
"775",2033,67,"923.86149999999998","UN","923.86149999999998","923.86149999999998"
"776",2033,68,"916.42700000000002","UN","916.42700000000002","916.42700000000002"
"777",2033,69,"888.41399999999999","UN","888.41399999999999","888.41399999999999"
"778",2033,70,"855.94449999999995","UN","855.94449999999995","855.94449999999995"
"779",2033,71,"814.01049999999998","UN","814.01049999999998","814.01049999999998"
"780",2033,72,"787.60299999999995","UN","787.60299999999995","787.60299999999995"
"781",2033,73,"764.89200000000005","UN","764.89200000000005","764.89200000000005"
"782",2033,74,"724.09500000000003","UN","724.09500000000003","724.09500000000003"
"783",2033,75,"683.83950000000004","UN","683.83950000000004","683.83950000000004"
"784",2033,76,"661.50649999999996","UN","661.50649999999996","661.50649999999996"
"785",2033,77,"648.42849999999999","UN","648.42849999999999","648.42849999999999"
"786",2033,78,"612.88049999999998","UN","612.88049999999998","612.88049999999998"
"787",2033,79,"580.04300000000001","UN","580.04300000000001","580.04300000000001"
"788",2033,80,"551.84100000000001","UN","551.84100000000001","551.84100000000001"
"789",2033,81,"531.39250000000004","UN","531.39250000000004","531.39250000000004"
"790",2033,82,"516.56849999999997","UN","516.56849999999997","516.56849999999997"
"791",2033,83,"502.23599999999999","UN","502.23599999999999","502.23599999999999"
"792",2033,84,"484.62650000000002","UN","484.62650000000002","484.62650000000002"
"793",2033,85,"454.96050000000002","UN","454.96050000000002","454.96050000000002"
"794",2033,86,"407.93900000000002","UN","407.93900000000002","407.93900000000002"
"795",2033,87,"342.137","UN","342.137","342.137"
"796",2033,88,"288.64400000000001","UN","288.64400000000001","288.64400000000001"
"797",2033,89,"250.60749999999999","UN","250.60749999999999","250.60749999999999"
"798",2033,90,"216.018","UN","216.018","216.018"
"799",2033,91,"193.422","UN","193.422","193.422"
"800",2033,92,"170.9905","UN","170.9905","170.9905"
"801",2033,93,"142.49250000000001","UN","142.49250000000001","142.49250000000001"
"802",2033,94,"114.33499999999999","UN","114.33499999999999","114.33499999999999"
"803",2033,95,"84.59","UN","84.59","84.59"
"804",2033,96,"60.555500000000002","UN","60.555500000000002","60.555500000000002"
"805",2033,97,"43.569499999999998","UN","43.569499999999998","43.569499999999998"
"806",2033,98,"30.637","UN","30.637","30.637"
"807",2033,99,"20.375499999999999","UN","20.375499999999999","20.375499999999999"
"808",2033,100,"31.8565","UN","31.8565","31.8565"
"809",2034,0,"376.4785","UN","376.4785","509.363"
"810",2034,1,"376.416","UN","376.416","494.7"
"811",2034,2,"376.89100000000002","UN","376.89100000000002","495.55950000000001"
"812",2034,3,"377.69549999999998","UN","377.69549999999998","496.97800000000001"
"813",2034,4,"379.02449999999999","UN","379.02449999999999","499.08699999999999"
"814",2034,5,"381.05650000000003","UN","381.05650000000003","479.28500000000003"
"815",2034,6,"383.36750000000001","UN","383.36750000000001","459.73149999999998"
"816",2034,7,"385.53800000000001","UN","385.53800000000001","462.73649999999998"
"817",2034,8,"388.66","UN","388.66","466.76049999999998"
"818",2034,9,"392.51949999999999","UN","392.51949999999999","471.57150000000001"
"819",2034,10,"395.06","UN","395.06","434.82900000000001"
"820",2034,11,"404.48","UN","404.48","404.48"
"821",2034,12,"417.32650000000001","UN","417.32650000000001","417.32650000000001"
"822",2034,13,"421.67250000000001","UN","421.67250000000001","421.67250000000001"
"823",2034,14,"426.48050000000001","UN","426.48050000000001","426.48050000000001"
"824",2034,15,"441.66149999999999","UN","441.66149999999999","441.66149999999999"
"825",2034,16,"463.76150000000001","UN","463.76150000000001","463.76150000000001"
"826",2034,17,"485.49650000000003","UN","485.49650000000003","485.49650000000003"
"827",2034,18,"504.25349999999997","UN","504.25349999999997","504.25349999999997"
"828",2034,19,"526.04100000000005","UN","526.04100000000005","526.04100000000005"
"829",2034,20,"549.69600000000003","UN","549.69600000000003","549.69600000000003"
"830",2034,21,"577.80050000000006","UN","577.80050000000006","577.80050000000006"
"831",2034,22,"605.10199999999998","UN","605.10199999999998","605.10199999999998"
"832",2034,23,"626.46050000000002","UN","626.46050000000002","626.46050000000002"
"833",2034,24,"644.55100000000004","UN","644.55100000000004","644.55100000000004"
"834",2034,25,"655.01499999999999","UN","655.01499999999999","655.01499999999999"
"835",2034,26,"658.077","UN","658.077","658.077"
"836",2034,27,"655.43499999999995","UN","655.43499999999995","655.43499999999995"
"837",2034,28,"648.19100000000003","UN","648.19100000000003","648.19100000000003"
"838",2034,29,"639.76250000000005","UN","639.76250000000005","639.76250000000005"
"839",2034,30,"627.70100000000002","UN","627.70100000000002","627.70100000000002"
"840",2034,31,"609.48500000000001","UN","609.48500000000001","609.48500000000001"
"841",2034,32,"598.59500000000003","UN","598.59500000000003","598.59500000000003"
"842",2034,33,"599.32000000000005","UN","599.32000000000005","599.32000000000005"
"843",2034,34,"597.57050000000004","UN","597.57050000000004","597.57050000000004"
"844",2034,35,"594.32299999999998","UN","594.32299999999998","594.32299999999998"
"845",2034,36,"591.89800000000002","UN","591.89800000000002","591.89800000000002"
"846",2034,37,"589.85699999999997","UN","589.85699999999997","589.85699999999997"
"847",2034,38,"591.46699999999998","UN","591.46699999999998","591.46699999999998"
"848",2034,39,"594.39250000000004","UN","594.39250000000004","594.39250000000004"
"849",2034,40,"603.39549999999997","UN","603.39549999999997","603.39549999999997"
"850",2034,41,"627.28499999999997","UN","627.28499999999997","627.28499999999997"
"851",2034,42,"646.18650000000002","UN","646.18650000000002","646.18650000000002"
"852",2034,43,"655.62149999999997","UN","655.62149999999997","655.62149999999997"
"853",2034,44,"660.09299999999996","UN","660.09299999999996","660.09299999999996"
"854",2034,45,"667.15650000000005","UN","667.15650000000005","667.15650000000005"
"855",2034,46,"653.02049999999997","UN","653.02049999999997","653.02049999999997"
"856",2034,47,"638.697","UN","638.697","638.697"
"857",2034,48,"653.23850000000004","UN","653.23850000000004","653.23850000000004"
"858",2034,49,"668.04449999999997","UN","668.04449999999997","668.04449999999997"
"859",2034,50,"685.16949999999997","UN","685.16949999999997","685.16949999999997"
"860",2034,51,"704.60749999999996","UN","704.60749999999996","704.60749999999996"
"861",2034,52,"728.40300000000002","UN","728.40300000000002","728.40300000000002"
"862",2034,53,"741.53399999999999","UN","741.53399999999999","741.53399999999999"
"863",2034,54,"754.19799999999998","UN","754.19799999999998","754.19799999999998"
"864",2034,55,"778.94600000000003","UN","778.94600000000003","778.94600000000003"
"865",2034,56,"809.69299999999998","UN","809.69299999999998","809.69299999999998"
"866",2034,57,"841.76250000000005","UN","841.76250000000005","841.76250000000005"
"867",2034,58,"874.654","UN","874.654","874.654"
"868",2034,59,"902.81050000000005","UN","902.81050000000005","902.81050000000005"
"869",2034,60,"914.48400000000004","UN","914.48400000000004","914.48400000000004"
"870",2034,61,"917.72050000000002","UN","917.72050000000002","917.72050000000002"
"871",2034,62,"924.26400000000001","UN","924.26400000000001","924.26400000000001"
"872",2034,63,"923.90800000000002","UN","923.90800000000002","923.90800000000002"
"873",2034,64,"916.56899999999996","UN","916.56899999999996","916.56899999999996"
"874",2034,65,"923.62","UN","923.62","923.62"
"875",2034,66,"925.80150000000003","UN","925.80150000000003","925.80150000000003"
"876",2034,67,"915.15049999999997","UN","915.15049999999997","915.15049999999997"
"877",2034,68,"916.90549999999996","UN","916.90549999999996","916.90549999999996"
"878",2034,69,"908.88699999999994","UN","908.88699999999994","908.88699999999994"
"879",2034,70,"880.38049999999998","UN","880.38049999999998","880.38049999999998"
"880",2034,71,"847.34400000000005","UN","847.34400000000005","847.34400000000005"
"881",2034,72,"804.90099999999995","UN","804.90099999999995","804.90099999999995"
"882",2034,73,"777.79650000000004","UN","777.79650000000004","777.79650000000004"
"883",2034,74,"754.31299999999999","UN","754.31299999999999","754.31299999999999"
"884",2034,75,"712.99300000000005","UN","712.99300000000005","712.99300000000005"
"885",2034,76,"672.08299999999997","UN","672.08299999999997","672.08299999999997"
"886",2034,77,"648.80050000000006","UN","648.80050000000006","648.80050000000006"
"887",2034,78,"634.40750000000003","UN","634.40750000000003","634.40750000000003"
"888",2034,79,"597.81299999999999","UN","597.81299999999999","597.81299999999999"
"889",2034,80,"563.66150000000005","UN","563.66150000000005","563.66150000000005"
"890",2034,81,"533.83699999999999","UN","533.83699999999999","533.83699999999999"
"891",2034,82,"511.315","UN","511.315","511.315"
"892",2034,83,"493.97500000000002","UN","493.97500000000002","493.97500000000002"
"893",2034,84,"476.78","UN","476.78","476.78"
"894",2034,85,"456.13","UN","456.13","456.13"
"895",2034,86,"423.93700000000001","UN","423.93700000000001","423.93700000000001"
"896",2034,87,"375.79300000000001","UN","375.79300000000001","375.79300000000001"
"897",2034,88,"311.017","UN","311.017","311.017"
"898",2034,89,"258.42700000000002","UN","258.42700000000002","258.42700000000002"
"899",2034,90,"220.70949999999999","UN","220.70949999999999","220.70949999999999"
"900",2034,91,"186.9365","UN","186.9365","186.9365"
"901",2034,92,"164.22200000000001","UN","164.22200000000001","164.22200000000001"
"902",2034,93,"142.10400000000001","UN","142.10400000000001","142.10400000000001"
"903",2034,94,"115.5635","UN","115.5635","115.5635"
"904",2034,95,"90.250500000000002","UN","90.250500000000002","90.250500000000002"
"905",2034,96,"64.799499999999995","UN","64.799499999999995","64.799499999999995"
"906",2034,97,"44.905500000000004","UN","44.905500000000004","44.905500000000004"
"907",2034,98,"31.222999999999999","UN","31.222999999999999","31.222999999999999"
"908",2034,99,"21.1785","UN","21.1785","21.1785"
"909",2034,100,"32.912999999999997","UN","32.912999999999997","32.912999999999997"
"910",2035,0,"377.83150000000001","UN","377.83150000000001","525.38499999999999"
"911",2035,1,"377.43950000000001","UN","377.43950000000001","510.2835"
"912",2035,2,"377.3605","UN","377.3605","495.63150000000002"
"913",2035,3,"377.76900000000001","UN","377.76900000000001","496.43049999999999"
"914",2035,4,"378.49950000000001","UN","378.49950000000001","497.77499999999998"
"915",2035,5,"379.76","UN","379.76","499.81799999999998"
"916",2035,6,"381.73450000000003","UN","381.73450000000003","479.95800000000003"
"917",2035,7,"383.98950000000002","UN","383.98950000000002","460.35149999999999"
"918",2035,8,"386.11099999999999","UN","386.11099999999999","463.30549999999999"
"919",2035,9,"389.18599999999998","UN","389.18599999999998","467.2835"
"920",2035,10,"393.00349999999997","UN","393.00349999999997","472.05250000000001"
"921",2035,11,"395.50700000000001","UN","395.50700000000001","435.274"
"922",2035,12,"404.89350000000002","UN","404.89350000000002","404.89350000000002"
"923",2035,13,"417.71","UN","417.71","417.71"
"924",2035,14,"422.06650000000002","UN","422.06650000000002","422.06650000000002"
"925",2035,15,"427.19","UN","427.19","427.19"
"926",2035,16,"443.59249999999997","UN","443.59249999999997","443.59249999999997"
"927",2035,17,"468.19749999999999","UN","468.19749999999999","468.19749999999999"
"928",2035,18,"493.30399999999997","UN","493.30399999999997","493.30399999999997"
"929",2035,19,"515.35350000000005","UN","515.35350000000005","515.35350000000005"
"930",2035,20,"539.38900000000001","UN","539.38900000000001","539.38900000000001"
"931",2035,21,"563.43550000000005","UN","563.43550000000005","563.43550000000005"
"932",2035,22,"589.82000000000005","UN","589.82000000000005","589.82000000000005"
"933",2035,23,"613.904","UN","613.904","613.904"
"934",2035,24,"631.60149999999999","UN","631.60149999999999","631.60149999999999"
"935",2035,25,"646.44050000000004","UN","646.44050000000004","646.44050000000004"
"936",2035,26,"654.46","UN","654.46","654.46"
"937",2035,27,"655.91650000000004","UN","655.91650000000004","655.91650000000004"
"938",2035,28,"652.34849999999994","UN","652.34849999999994","652.34849999999994"
"939",2035,29,"644.66499999999996","UN","644.66499999999996","644.66499999999996"
"940",2035,30,"636.11350000000004","UN","636.11350000000004","636.11350000000004"
"941",2035,31,"624.12","UN","624.12","624.12"
"942",2035,32,"606.08100000000002","UN","606.08100000000002","606.08100000000002"
"943",2035,33,"595.42049999999995","UN","595.42049999999995","595.42049999999995"
"944",2035,34,"596.39499999999998","UN","596.39499999999998","596.39499999999998"
"945",2035,35,"594.89499999999998","UN","594.89499999999998","594.89499999999998"
"946",2035,36,"591.88300000000004","UN","591.88300000000004","591.88300000000004"
"947",2035,37,"589.67550000000006","UN","589.67550000000006","589.67550000000006"
"948",2035,38,"587.83150000000001","UN","587.83150000000001","587.83150000000001"
"949",2035,39,"589.61300000000006","UN","589.61300000000006","589.61300000000006"
"950",2035,40,"592.68849999999998","UN","592.68849999999998","592.68849999999998"
"951",2035,41,"601.81799999999998","UN","601.81799999999998","601.81799999999998"
"952",2035,42,"625.80499999999995","UN","625.80499999999995","625.80499999999995"
"953",2035,43,"644.78750000000002","UN","644.78750000000002","644.78750000000002"
"954",2035,44,"654.28599999999994","UN","654.28599999999994","654.28599999999994"
"955",2035,45,"658.80050000000006","UN","658.80050000000006","658.80050000000006"
"956",2035,46,"665.88900000000001","UN","665.88900000000001","665.88900000000001"
"957",2035,47,"651.78700000000003","UN","651.78700000000003","651.78700000000003"
"958",2035,48,"637.48850000000004","UN","637.48850000000004","637.48850000000004"
"959",2035,49,"652.00850000000003","UN","652.00850000000003","652.00850000000003"
"960",2035,50,"666.76900000000001","UN","666.76900000000001","666.76900000000001"
"961",2035,51,"683.82100000000003","UN","683.82100000000003","683.82100000000003"
"962",2035,52,"703.16150000000005","UN","703.16150000000005","703.16150000000005"
"963",2035,53,"726.83500000000004","UN","726.83500000000004","726.83500000000004"
"964",2035,54,"739.84299999999996","UN","739.84299999999996","739.84299999999996"
"965",2035,55,"752.35749999999996","UN","752.35749999999996","752.35749999999996"
"966",2035,56,"776.89649999999995","UN","776.89649999999995","776.89649999999995"
"967",2035,57,"807.38750000000005","UN","807.38750000000005","807.38750000000005"
"968",2035,58,"839.16899999999998","UN","839.16899999999998","839.16899999999998"
"969",2035,59,"871.72500000000002","UN","871.72500000000002","871.72500000000002"
"970",2035,60,"899.51149999999996","UN","899.51149999999996","899.51149999999996"
"971",2035,61,"910.84550000000002","UN","910.84550000000002","910.84550000000002"
"972",2035,62,"913.75549999999998","UN","913.75549999999998","913.75549999999998"
"973",2035,63,"919.90650000000005","UN","919.90650000000005","919.90650000000005"
"974",2035,64,"919.12800000000004","UN","919.12800000000004","919.12800000000004"
"975",2035,65,"911.39200000000005","UN","911.39200000000005","911.39200000000005"
"976",2035,66,"917.92550000000006","UN","917.92550000000006","917.92550000000006"
"977",2035,67,"919.54399999999998","UN","919.54399999999998","919.54399999999998"
"978",2035,68,"908.38049999999998","UN","908.38049999999998","908.38049999999998"
"979",2035,69,"909.48950000000002","UN","909.48950000000002","909.48950000000002"
"980",2035,70,"900.80550000000005","UN","900.80550000000005","900.80550000000005"
"981",2035,71,"871.68600000000004","UN","871.68600000000004","871.68600000000004"
"982",2035,72,"838.01649999999995","UN","838.01649999999995","838.01649999999995"
"983",2035,73,"795.053","UN","795.053","795.053"
"984",2035,74,"767.22950000000003","UN","767.22950000000003","767.22950000000003"
"985",2035,75,"742.94500000000005","UN","742.94500000000005","742.94500000000005"
"986",2035,76,"700.95550000000003","UN","700.95550000000003","700.95550000000003"
"987",2035,77,"659.41549999999995","UN","659.41549999999995","659.41549999999995"
"988",2035,78,"635.01900000000001","UN","635.01900000000001","635.01900000000001"
"989",2035,79,"619.07000000000005","UN","619.07000000000005","619.07000000000005"
"990",2035,80,"581.22199999999998","UN","581.22199999999998","581.22199999999998"
"991",2035,81,"545.58000000000004","UN","545.58000000000004","545.58000000000004"
"992",2035,82,"513.9905","UN","513.9905","513.9905"
"993",2035,83,"489.28","UN","489.28","489.28"
"994",2035,84,"469.28550000000001","UN","469.28550000000001","469.28550000000001"
"995",2035,85,"449.10500000000002","UN","449.10500000000002","449.10500000000002"
"996",2035,86,"425.40600000000001","UN","425.40600000000001","425.40600000000001"
"997",2035,87,"390.899","UN","390.899","390.899"
"998",2035,88,"341.95549999999997","UN","341.95549999999997","341.95549999999997"
"999",2035,89,"278.74549999999999","UN","278.74549999999999","278.74549999999999"
"1000",2035,90,"227.8415","UN","227.8415","227.8415"
"1001",2035,91,"191.2175","UN","191.2175","191.2175"
"1002",2035,92,"158.91249999999999","UN","158.91249999999999","158.91249999999999"
"1003",2035,93,"136.6515","UN","136.6515","136.6515"
"1004",2035,94,"115.40349999999999","UN","115.40349999999999","115.40349999999999"
"1005",2035,95,"91.332999999999998","UN","91.332999999999998","91.332999999999998"
"1006",2035,96,"69.220500000000001","UN","69.220500000000001","69.220500000000001"
"1007",2035,97,"48.110999999999997","UN","48.110999999999997","48.110999999999997"
"1008",2035,98,"32.216999999999999","UN","32.216999999999999","32.216999999999999"
"1009",2035,99,"21.606999999999999","UN","21.606999999999999","21.606999999999999"
"1010",2035,100,"34.116500000000002","UN","34.116500000000002","34.116500000000002"
"1011",2036,0,"379.5025","UN","379.5025","527.0145"
"1012",2036,1,"378.84100000000001","UN","378.84100000000001","526.351"
"1013",2036,2,"378.42700000000002","UN","378.42700000000002","511.25749999999999"
"1014",2036,3,"378.27699999999999","UN","378.27699999999999","496.54199999999997"
"1015",2036,4,"378.60849999999999","UN","378.60849999999999","497.26350000000002"
"1016",2036,5,"379.26799999999997","UN","379.26799999999997","498.53949999999998"
"1017",2036,6,"380.46800000000002","UN","380.46800000000002","500.52050000000003"
"1018",2036,7,"382.38400000000001","UN","382.38400000000001","480.60449999999997"
"1019",2036,8,"384.58800000000002","UN","384.58800000000002","460.94650000000001"
"1020",2036,9,"386.66","UN","386.66","463.85300000000001"
"1021",2036,10,"389.6925","UN","389.6925","467.786"
"1022",2036,11,"393.471","UN","393.471","472.51650000000001"
"1023",2036,12,"395.93950000000001","UN","395.93950000000001","435.70499999999998"
"1024",2036,13,"405.29500000000002","UN","405.29500000000002","405.29500000000002"
"1025",2036,14,"418.12049999999999","UN","418.12049999999999","418.12049999999999"
"1026",2036,15,"422.79149999999998","UN","422.79149999999998","422.79149999999998"
"1027",2036,16,"429.13400000000001","UN","429.13400000000001","429.13400000000001"
"1028",2036,17,"448.03699999999998","UN","448.03699999999998","448.03699999999998"
"1029",2036,18,"476.00599999999997","UN","476.00599999999997","476.00599999999997"
"1030",2036,19,"504.39699999999999","UN","504.39699999999999","504.39699999999999"
"1031",2036,20,"528.69150000000002","UN","528.69150000000002","528.69150000000002"
"1032",2036,21,"553.12400000000002","UN","553.12400000000002","553.12400000000002"
"1033",2036,22,"575.46799999999996","UN","575.46799999999996","575.46799999999996"
"1034",2036,23,"598.65800000000002","UN","598.65800000000002","598.65800000000002"
"1035",2036,24,"619.10550000000001","UN","619.10550000000001","619.10550000000001"
"1036",2036,25,"633.57000000000005","UN","633.57000000000005","633.57000000000005"
"1037",2036,26,"645.97649999999999","UN","645.97649999999999","645.97649999999999"
"1038",2036,27,"652.39549999999997","UN","652.39549999999997","652.39549999999997"
"1039",2036,28,"652.92600000000004","UN","652.92600000000004","652.92600000000004"
"1040",2036,29,"648.91549999999995","UN","648.91549999999995","648.91549999999995"
"1041",2036,30,"641.10400000000004","UN","641.10400000000004","641.10400000000004"
"1042",2036,31,"632.61300000000006","UN","632.61300000000006","632.61300000000006"
"1043",2036,32,"620.7885","UN","620.7885","620.7885"
"1044",2036,33,"602.976","UN","602.976","602.976"
"1045",2036,34,"592.56200000000001","UN","592.56200000000001","592.56200000000001"
"1046",2036,35,"593.78","UN","593.78","593.78"
"1047",2036,36,"592.5095","UN","592.5095","592.5095"
"1048",2036,37,"589.7115","UN","589.7115","589.7115"
"1049",2036,38,"587.69600000000003","UN","587.69600000000003","587.69600000000003"
"1050",2036,39,"586.02200000000005","UN","586.02200000000005","586.02200000000005"
"1051",2036,40,"587.95150000000001","UN","587.95150000000001","587.95150000000001"
"1052",2036,41,"591.154","UN","591.154","591.154"
"1053",2036,42,"600.38900000000001","UN","600.38900000000001","600.38900000000001"
"1054",2036,43,"624.45299999999997","UN","624.45299999999997","624.45299999999997"
"1055",2036,44,"643.49300000000005","UN","643.49300000000005","643.49300000000005"
"1056",2036,45,"653.02949999999998","UN","653.02949999999998","653.02949999999998"
"1057",2036,46,"657.57150000000001","UN","657.57150000000001","657.57150000000001"
"1058",2036,47,"664.67250000000001","UN","664.67250000000001","664.67250000000001"
"1059",2036,48,"650.59450000000004","UN","650.59450000000004","650.59450000000004"
"1060",2036,49,"636.30849999999998","UN","636.30849999999998","636.30849999999998"
"1061",2036,50,"650.78549999999996","UN","650.78549999999996","650.78549999999996"
"1062",2036,51,"665.48","UN","665.48","665.48"
"1063",2036,52,"682.4425","UN","682.4425","682.4425"
"1064",2036,53,"701.67499999999995","UN","701.67499999999995","701.67499999999995"
"1065",2036,54,"725.21299999999997","UN","725.21299999999997","725.21299999999997"
"1066",2036,55,"738.07500000000005","UN","738.07500000000005","738.07500000000005"
"1067",2036,56,"750.41499999999996","UN","750.41499999999996","750.41499999999996"
"1068",2036,57,"774.72749999999996","UN","774.72749999999996","774.72749999999996"
"1069",2036,58,"804.94899999999996","UN","804.94899999999996","804.94899999999996"
"1070",2036,59,"836.41399999999999","UN","836.41399999999999","836.41399999999999"
"1071",2036,60,"868.601","UN","868.601","868.601"
"1072",2036,61,"896.00199999999995","UN","896.00199999999995","896.00199999999995"
"1073",2036,62,"906.98649999999998","UN","906.98649999999998","906.98649999999998"
"1074",2036,63,"909.52599999999995","UN","909.52599999999995","909.52599999999995"
"1075",2036,64,"915.2355","UN","915.2355","915.2355"
"1076",2036,65,"914.03800000000001","UN","914.03800000000001","914.03800000000001"
"1077",2036,66,"905.88","UN","905.88","905.88"
"1078",2036,67,"911.83749999999998","UN","911.83749999999998","911.83749999999998"
"1079",2036,68,"912.87450000000001","UN","912.87450000000001","912.87450000000001"
"1080",2036,69,"901.17650000000003","UN","901.17650000000003","901.17650000000003"
"1081",2036,70,"901.55449999999996","UN","901.55449999999996","901.55449999999996"
"1082",2036,71,"892.07","UN","892.07","892.07"
"1083",2036,72,"862.26549999999997","UN","862.26549999999997","862.26549999999997"
"1084",2036,73,"827.9425","UN","827.9425","827.9425"
"1085",2036,74,"784.452","UN","784.452","784.452"
"1086",2036,75,"755.88499999999999","UN","755.88499999999999","755.88499999999999"
"1087",2036,76,"730.62249999999995","UN","730.62249999999995","730.62249999999995"
"1088",2036,77,"687.97349999999994","UN","687.97349999999994","687.97349999999994"
"1089",2036,78,"645.66049999999996","UN","645.66049999999996","645.66049999999996"
"1090",2036,79,"619.92600000000004","UN","619.92600000000004","619.92600000000004"
"1091",2036,80,"602.15899999999999","UN","602.15899999999999","602.15899999999999"
"1092",2036,81,"562.87900000000002","UN","562.87900000000002","562.87900000000002"
"1093",2036,82,"525.61400000000003","UN","525.61400000000003","525.61400000000003"
"1094",2036,83,"492.17200000000003","UN","492.17200000000003","492.17200000000003"
"1095",2036,84,"465.15750000000003","UN","465.15750000000003","465.15750000000003"
"1096",2036,85,"442.39249999999998","UN","442.39249999999998","442.39249999999998"
"1097",2036,86,"419.20850000000002","UN","419.20850000000002","419.20850000000002"
"1098",2036,87,"392.62","UN","392.62","392.62"
"1099",2036,88,"356.04899999999998","UN","356.04899999999998","356.04899999999998"
"1100",2036,89,"306.791","UN","306.791","306.791"
"1101",2036,90,"246.017","UN","246.017","246.017"
"1102",2036,91,"197.61349999999999","UN","197.61349999999999","197.61349999999999"
"1103",2036,92,"162.744","UN","162.744","162.744"
"1104",2036,93,"132.40049999999999","UN","132.40049999999999","132.40049999999999"
"1105",2036,94,"111.11499999999999","UN","111.11499999999999","111.11499999999999"
"1106",2036,95,"91.328999999999994","UN","91.328999999999994","91.328999999999994"
"1107",2036,96,"70.135999999999996","UN","70.135999999999996","70.135999999999996"
"1108",2036,97,"51.453000000000003","UN","51.453000000000003","51.453000000000003"
"1109",2036,98,"34.554499999999997","UN","34.554499999999997","34.554499999999997"
"1110",2036,99,"22.3185","UN","22.3185","22.3185"
"1111",2036,100,"35.166499999999999","UN","35.166499999999999","35.166499999999999"
"1112",2037,0,"381.27199999999999","UN","381.27199999999999","528.75450000000001"
"1113",2037,1,"380.50850000000003","UN","380.50850000000003","527.97799999999995"
"1114",2037,2,"379.82400000000001","UN","379.82400000000001","527.32000000000005"
"1115",2037,3,"379.339","UN","379.339","512.16250000000002"
"1116",2037,4,"379.11149999999998","UN","379.11149999999998","497.37099999999998"
"1117",2037,5,"379.37400000000002","UN","379.37400000000002","498.02449999999999"
"1118",2037,6,"379.97199999999998","UN","379.97199999999998","499.23849999999999"
"1119",2037,7,"381.11500000000001","UN","381.11500000000001","501.16300000000001"
"1120",2037,8,"382.97949999999997","UN","382.97949999999997","481.19650000000001"
"1121",2037,9,"385.1345","UN","385.1345","461.49099999999999"
"1122",2037,10,"387.16449999999998","UN","387.16449999999998","464.35300000000001"
"1123",2037,11,"390.15750000000003","UN","390.15750000000003","468.24799999999999"
"1124",2037,12,"393.9015","UN","393.9015","472.94349999999997"
"1125",2037,13,"396.33949999999999","UN","396.33949999999999","436.10300000000001"
"1126",2037,14,"405.70499999999998","UN","405.70499999999998","405.70499999999998"
"1127",2037,15,"418.84300000000002","UN","418.84300000000002","418.84300000000002"
"1128",2037,16,"424.72699999999998","UN","424.72699999999998","424.72699999999998"
"1129",2037,17,"433.56","UN","433.56","433.56"
"1130",2037,18,"455.81200000000001","UN","455.81200000000001","455.81200000000001"
"1131",2037,19,"487.04950000000002","UN","487.04950000000002","487.04950000000002"
"1132",2037,20,"517.67399999999998","UN","517.67399999999998","517.67399999999998"
"1133",2037,21,"542.36450000000002","UN","542.36450000000002","542.36450000000002"
"1134",2037,22,"565.10149999999999","UN","565.10149999999999","565.10149999999999"
"1135",2037,23,"584.26700000000005","UN","584.26700000000005","584.26700000000005"
"1136",2037,24,"603.83799999999997","UN","603.83799999999997","603.83799999999997"
"1137",2037,25,"621.0675","UN","621.0675","621.0675"
"1138",2037,26,"633.11199999999997","UN","633.11199999999997","633.11199999999997"
"1139",2037,27,"643.92449999999997","UN","643.92449999999997","643.92449999999997"
"1140",2037,28,"649.42100000000005","UN","649.42100000000005","649.42100000000005"
"1141",2037,29,"649.51099999999997","UN","649.51099999999997","649.51099999999997"
"1142",2037,30,"645.37099999999998","UN","645.37099999999998","645.37099999999998"
"1143",2037,31,"637.62049999999999","UN","637.62049999999999","637.62049999999999"
"1144",2037,32,"629.29650000000004","UN","629.29650000000004","629.29650000000004"
"1145",2037,33,"617.69650000000001","UN","617.69650000000001","617.69650000000001"
"1146",2037,34,"600.13049999999998","UN","600.13049999999998","600.13049999999998"
"1147",2037,35,"589.96299999999997","UN","589.96299999999997","589.96299999999997"
"1148",2037,36,"591.40949999999998","UN","591.40949999999998","591.40949999999998"
"1149",2037,37,"590.35149999999999","UN","590.35149999999999","590.35149999999999"
"1150",2037,38,"587.74450000000002","UN","587.74450000000002","587.74450000000002"
"1151",2037,39,"585.89850000000001","UN","585.89850000000001","585.89850000000001"
"1152",2037,40,"584.37300000000005","UN","584.37300000000005","584.37300000000005"
"1153",2037,41,"586.42999999999995","UN","586.42999999999995","586.42999999999995"
"1154",2037,42,"589.74149999999997","UN","589.74149999999997","589.74149999999997"
"1155",2037,43,"599.06449999999995","UN","599.06449999999995","599.06449999999995"
"1156",2037,44,"623.18399999999997","UN","623.18399999999997","623.18399999999997"
"1157",2037,45,"642.25800000000004","UN","642.25800000000004","642.25800000000004"
"1158",2037,46,"651.81849999999997","UN","651.81849999999997","651.81849999999997"
"1159",2037,47,"656.37750000000005","UN","656.37750000000005","656.37750000000005"
"1160",2037,48,"663.48099999999999","UN","663.48099999999999","663.48099999999999"
"1161",2037,49,"649.41449999999998","UN","649.41449999999998","649.41449999999998"
"1162",2037,50,"635.12300000000005","UN","635.12300000000005","635.12300000000005"
"1163",2037,51,"649.53800000000001","UN","649.53800000000001","649.53800000000001"
"1164",2037,52,"664.15250000000003","UN","664.15250000000003","664.15250000000003"
"1165",2037,53,"681.01649999999995","UN","681.01649999999995","681.01649999999995"
"1166",2037,54,"700.12750000000005","UN","700.12750000000005","700.12750000000005"
"1167",2037,55,"723.50699999999995","UN","723.50699999999995","723.50699999999995"
"1168",2037,56,"736.19899999999996","UN","736.19899999999996","736.19899999999996"
"1169",2037,57,"748.34950000000003","UN","748.34950000000003","748.34950000000003"
"1170",2037,58,"772.42499999999995","UN","772.42499999999995","772.42499999999995"
"1171",2037,59,"802.34950000000003","UN","802.34950000000003","802.34950000000003"
"1172",2037,60,"833.4665","UN","833.4665","833.4665"
"1173",2037,61,"865.26850000000002","UN","865.26850000000002","865.26850000000002"
"1174",2037,62,"892.27099999999996","UN","892.27099999999996","892.27099999999996"
"1175",2037,63,"902.86199999999997","UN","902.86199999999997","902.86199999999997"
"1176",2037,64,"904.98400000000004","UN","904.98400000000004","904.98400000000004"
"1177",2037,65,"910.25400000000002","UN","910.25400000000002","910.25400000000002"
"1178",2037,66,"908.61","UN","908.61","908.61"
"1179",2037,67,"899.98050000000001","UN","899.98050000000001","899.98050000000001"
"1180",2037,68,"905.34100000000001","UN","905.34100000000001","905.34100000000001"
"1181",2037,69,"905.77","UN","905.77","905.77"
"1182",2037,70,"893.46100000000001","UN","893.46100000000001","893.46100000000001"
"1183",2037,71,"892.96749999999997","UN","892.96749999999997","892.96749999999997"
"1184",2037,72,"882.59500000000003","UN","882.59500000000003","882.59500000000003"
"1185",2037,73,"852.08299999999997","UN","852.08299999999997","852.08299999999997"
"1186",2037,74,"817.08950000000004","UN","817.08950000000004","817.08950000000004"
"1187",2037,75,"773.05949999999996","UN","773.05949999999996","773.05949999999996"
"1188",2037,76,"743.57650000000001","UN","743.57650000000001","743.57650000000001"
"1189",2037,77,"717.32749999999999","UN","717.32749999999999","717.32749999999999"
"1190",2037,78,"673.86950000000002","UN","673.86950000000002","673.86950000000002"
"1191",2037,79,"630.58500000000004","UN","630.58500000000004","630.58500000000004"
"1192",2037,80,"603.26949999999999","UN","603.26949999999999","603.26949999999999"
"1193",2037,81,"583.44349999999997","UN","583.44349999999997","583.44349999999997"
"1194",2037,82,"542.6","UN","542.6","542.6"
"1195",2037,83,"503.6345","UN","503.6345","503.6345"
"1196",2037,84,"468.25099999999998","UN","468.25099999999998","468.25099999999998"
"1197",2037,85,"438.84050000000002","UN","438.84050000000002","438.84050000000002"
"1198",2037,86,"413.29250000000002","UN","413.29250000000002","413.29250000000002"
"1199",2037,87,"387.25150000000002","UN","387.25150000000002","387.25150000000002"
"1200",2037,88,"357.97149999999999","UN","357.97149999999999","357.97149999999999"
"1201",2037,89,"319.76749999999998","UN","319.76749999999998","319.76749999999998"
"1202",2037,90,"271.06799999999998","UN","271.06799999999998","271.06799999999998"
"1203",2037,91,"213.61600000000001","UN","213.61600000000001","213.61600000000001"
"1204",2037,92,"168.381","UN","168.381","168.381"
"1205",2037,93,"135.75800000000001","UN","135.75800000000001","135.75800000000001"
"1206",2037,94,"107.795","UN","107.795","107.795"
"1207",2037,95,"88.046499999999995","UN","88.046499999999995","88.046499999999995"
"1208",2037,96,"70.225999999999999","UN","70.225999999999999","70.225999999999999"
"1209",2037,97,"52.194499999999998","UN","52.194499999999998","52.194499999999998"
"1210",2037,98,"36.9955","UN","36.9955","36.9955"
"1211",2037,99,"23.963000000000001","UN","23.963000000000001","23.963000000000001"
"1212",2037,100,"36.3065","UN","36.3065","36.3065"
"1213",2038,0,"382.51549999999997","UN","382.51549999999997","529.88699999999994"
"1214",2038,1,"382.24200000000002","UN","382.24200000000002","529.68299999999999"
"1215",2038,2,"381.45749999999998","UN","381.45749999999998","528.91250000000002"
"1216",2038,3,"380.70400000000001","UN","380.70400000000001","528.19200000000001"
"1217",2038,4,"380.14449999999999","UN","380.14449999999999","512.96199999999999"
"1218",2038,5,"379.851","UN","379.851","498.10550000000001"
"1219",2038,6,"380.053","UN","380.053","498.69900000000001"
"1220",2038,7,"380.59649999999999","UN","380.59649999999999","499.85899999999998"
"1221",2038,8,"381.68950000000001","UN","381.68950000000001","501.73349999999999"
"1222",2038,9,"383.50749999999999","UN","383.50749999999999","481.72050000000002"
"1223",2038,10,"385.62150000000003","UN","385.62150000000003","461.97399999999999"
"1224",2038,11,"387.61349999999999","UN","387.61349999999999","464.79950000000002"
"1225",2038,12,"390.57350000000002","UN","390.57350000000002","468.66050000000001"
"1226",2038,13,"394.28750000000002","UN","394.28750000000002","473.32600000000002"
"1227",2038,14,"396.73700000000002","UN","396.73700000000002","436.49799999999999"
"1228",2038,15,"406.41399999999999","UN","406.41399999999999","406.41399999999999"
"1229",2038,16,"420.75700000000001","UN","420.75700000000001","420.75700000000001"
"1230",2038,17,"429.11599999999999","UN","429.11599999999999","429.11599999999999"
"1231",2038,18,"441.27749999999997","UN","441.27749999999997","441.27749999999997"
"1232",2038,19,"466.779","UN","466.779","466.779"
"1233",2038,20,"500.23399999999998","UN","500.23399999999998","500.23399999999998"
"1234",2038,21,"531.24699999999996","UN","531.24699999999996","531.24699999999996"
"1235",2038,22,"554.245","UN","554.245","554.245"
"1236",2038,23,"573.81449999999995","UN","573.81449999999995","573.81449999999995"
"1237",2038,24,"589.37450000000001","UN","589.37450000000001","589.37450000000001"
"1238",2038,25,"605.74149999999997","UN","605.74149999999997","605.74149999999997"
"1239",2038,26,"620.56200000000001","UN","620.56200000000001","620.56200000000001"
"1240",2038,27,"631.02149999999995","UN","631.02149999999995","631.02149999999995"
"1241",2038,28,"640.91750000000002","UN","640.91750000000002","640.91750000000002"
"1242",2038,29,"645.97699999999998","UN","645.97699999999998","645.97699999999998"
"1243",2038,30,"645.94100000000003","UN","645.94100000000003","645.94100000000003"
"1244",2038,31,"641.8655","UN","641.8655","641.8655"
"1245",2038,32,"634.2835","UN","634.2835","634.2835"
"1246",2038,33,"626.18550000000005","UN","626.18550000000005","626.18550000000005"
"1247",2038,34,"614.83199999999999","UN","614.83199999999999","614.83199999999999"
"1248",2038,35,"597.51599999999996","UN","597.51599999999996","597.51599999999996"
"1249",2038,36,"587.58299999999997","UN","587.58299999999997","587.58299999999997"
"1250",2038,37,"589.24149999999997","UN","589.24149999999997","589.24149999999997"
"1251",2038,38,"588.37599999999998","UN","588.37599999999998","588.37599999999998"
"1252",2038,39,"585.93899999999996","UN","585.93899999999996","585.93899999999996"
"1253",2038,40,"584.24249999999995","UN","584.24249999999995","584.24249999999995"
"1254",2038,41,"582.84849999999994","UN","582.84849999999994","582.84849999999994"
"1255",2038,42,"585.01599999999996","UN","585.01599999999996","585.01599999999996"
"1256",2038,43,"588.42100000000005","UN","588.42100000000005","588.42100000000005"
"1257",2038,44,"597.81150000000002","UN","597.81150000000002","597.81150000000002"
"1258",2038,45,"621.96600000000001","UN","621.96600000000001","621.96600000000001"
"1259",2038,46,"641.05849999999998","UN","641.05849999999998","641.05849999999998"
"1260",2038,47,"650.63300000000004","UN","650.63300000000004","650.63300000000004"
"1261",2038,48,"655.19949999999994","UN","655.19949999999994","655.19949999999994"
"1262",2038,49,"662.29200000000003","UN","662.29200000000003","662.29200000000003"
"1263",2038,50,"648.221","UN","648.221","648.221"
"1264",2038,51,"633.90899999999999","UN","633.90899999999999","633.90899999999999"
"1265",2038,52,"648.24950000000001","UN","648.24950000000001","648.24950000000001"
"1266",2038,53,"662.774","UN","662.774","662.774"
"1267",2038,54,"679.52700000000004","UN","679.52700000000004","679.52700000000004"
"1268",2038,55,"698.49649999999997","UN","698.49649999999997","698.49649999999997"
"1269",2038,56,"721.6925","UN","721.6925","721.6925"
"1270",2038,57,"734.20050000000003","UN","734.20050000000003","734.20050000000003"
"1271",2038,58,"746.15449999999998","UN","746.15449999999998","746.15449999999998"
"1272",2038,59,"769.96749999999997","UN","769.96749999999997","769.96749999999997"
"1273",2038,60,"799.56550000000004","UN","799.56550000000004","799.56550000000004"
"1274",2038,61,"830.32050000000004","UN","830.32050000000004","830.32050000000004"
"1275",2038,62,"861.72400000000005","UN","861.72400000000005","861.72400000000005"
"1276",2038,63,"888.28200000000004","UN","888.28200000000004","888.28200000000004"
"1277",2038,64,"898.43","UN","898.43","898.43"
"1278",2038,65,"900.13900000000001","UN","900.13900000000001","900.13900000000001"
"1279",2038,66,"904.94050000000004","UN","904.94050000000004","904.94050000000004"
"1280",2038,67,"902.8","UN","902.8","902.8"
"1281",2038,68,"893.68399999999997","UN","893.68399999999997","893.68399999999997"
"1282",2038,69,"898.42100000000005","UN","898.42100000000005","898.42100000000005"
"1283",2038,70,"898.16","UN","898.16","898.16"
"1284",2038,71,"885.11099999999999","UN","885.11099999999999","885.11099999999999"
"1285",2038,72,"883.65350000000001","UN","883.65350000000001","883.65350000000001"
"1286",2038,73,"872.35500000000002","UN","872.35500000000002","872.35500000000002"
"1287",2038,74,"841.11249999999995","UN","841.11249999999995","841.11249999999995"
"1288",2038,75,"805.42750000000001","UN","805.42750000000001","805.42750000000001"
"1289",2038,76,"760.70749999999998","UN","760.70749999999998","760.70749999999998"
"1290",2038,77,"730.30100000000004","UN","730.30100000000004","730.30100000000004"
"1291",2038,78,"702.88699999999994","UN","702.88699999999994","702.88699999999994"
"1292",2038,79,"658.41150000000005","UN","658.41150000000005","658.41150000000005"
"1293",2038,80,"613.94449999999995","UN","613.94449999999995","613.94449999999995"
"1294",2038,81,"584.82849999999996","UN","584.82849999999996","584.82849999999996"
"1295",2038,82,"562.74199999999996","UN","562.74199999999996","562.74199999999996"
"1296",2038,83,"520.26099999999997","UN","520.26099999999997","520.26099999999997"
"1297",2038,84,"479.51749999999998","UN","479.51749999999998","479.51749999999998"
"1298",2038,85,"442.12900000000002","UN","442.12900000000002","442.12900000000002"
"1299",2038,86,"410.33499999999998","UN","410.33499999999998","410.33499999999998"
"1300",2038,87,"382.15050000000002","UN","382.15050000000002","382.15050000000002"
"1301",2038,88,"353.43450000000001","UN","353.43450000000001","353.43450000000001"
"1302",2038,89,"321.851","UN","321.851","321.851"
"1303",2038,90,"282.8605","UN","282.8605","282.8605"
"1304",2038,91,"235.655","UN","235.655","235.655"
"1305",2038,92,"182.24100000000001","UN","182.24100000000001","182.24100000000001"
"1306",2038,93,"140.63650000000001","UN","140.63650000000001","140.63650000000001"
"1307",2038,94,"110.6735","UN","110.6735","110.6735"
"1308",2038,95,"85.533000000000001","UN","85.533000000000001","85.533000000000001"
"1309",2038,96,"67.793499999999995","UN","67.793499999999995","67.793499999999995"
"1310",2038,97,"52.334000000000003","UN","52.334000000000003","52.334000000000003"
"1311",2038,98,"37.5745","UN","37.5745","37.5745"
"1312",2038,99,"25.684999999999999","UN","25.684999999999999","25.684999999999999"
"1313",2038,100,"38.1295","UN","38.1295","38.1295"
"1314",2039,0,"383.03149999999999","UN","383.03149999999999","530.12850000000003"
"1315",2039,1,"383.42450000000002","UN","383.42450000000002","530.755"
"1316",2039,2,"383.13299999999998","UN","383.13299999999998","530.55949999999996"
"1317",2039,3,"382.28399999999999","UN","382.28399999999999","529.73249999999996"
"1318",2039,4,"381.4615","UN","381.4615","528.9425"
"1319",2039,5,"380.839","UN","380.839","513.65150000000006"
"1320",2039,6,"380.48950000000002","UN","380.48950000000002","498.73899999999998"
"1321",2039,7,"380.64","UN","380.64","499.28250000000003"
"1322",2039,8,"381.137","UN","381.137","500.39449999999999"
"1323",2039,9,"382.18599999999998","UN","382.18599999999998","502.22500000000002"
"1324",2039,10,"383.96449999999999","UN","383.96449999999999","482.17349999999999"
"1325",2039,11,"386.04300000000001","UN","386.04300000000001","462.39350000000002"
"1326",2039,12,"388.00400000000002","UN","388.00400000000002","465.18650000000002"
"1327",2039,13,"390.93599999999998","UN","390.93599999999998","469.01949999999999"
"1328",2039,14,"394.66300000000001","UN","394.66300000000001","473.69650000000001"
"1329",2039,15,"397.42399999999998","UN","397.42399999999998","437.18200000000002"
"1330",2039,16,"408.29700000000003","UN","408.29700000000003","408.29700000000003"
"1331",2039,17,"425.09550000000002","UN","425.09550000000002","425.09550000000002"
"1332",2039,18,"436.75700000000001","UN","436.75700000000001","436.75700000000001"
"1333",2039,19,"452.14449999999999","UN","452.14449999999999","452.14449999999999"
"1334",2039,20,"479.84550000000002","UN","479.84550000000002","479.84550000000002"
"1335",2039,21,"513.678","UN","513.678","513.678"
"1336",2039,22,"542.99850000000004","UN","542.99850000000004","542.99850000000004"
"1337",2039,23,"562.83500000000004","UN","562.83500000000004","562.83500000000004"
"1338",2039,24,"578.80899999999997","UN","578.80899999999997","578.80899999999997"
"1339",2039,25,"591.17700000000002","UN","591.17700000000002","591.17700000000002"
"1340",2039,26,"605.14649999999995","UN","605.14649999999995","605.14649999999995"
"1341",2039,27,"618.39149999999995","UN","618.39149999999995","618.39149999999995"
"1342",2039,28,"627.94349999999997","UN","627.94349999999997","627.94349999999997"
"1343",2039,29,"637.40949999999998","UN","637.40949999999998","637.40949999999998"
"1344",2039,30,"642.34900000000005","UN","642.34900000000005","642.34900000000005"
"1345",2039,31,"642.38250000000005","UN","642.38250000000005","642.38250000000005"
"1346",2039,32,"638.47950000000003","UN","638.47950000000003","638.47950000000003"
"1347",2039,33,"631.12800000000004","UN","631.12800000000004","631.12800000000004"
"1348",2039,34,"623.28","UN","623.28","623.28"
"1349",2039,35,"612.178","UN","612.178","612.178"
"1350",2039,36,"595.10199999999998","UN","595.10199999999998","595.10199999999998"
"1351",2039,37,"585.38800000000003","UN","585.38800000000003","585.38800000000003"
"1352",2039,38,"587.24149999999997","UN","587.24149999999997","587.24149999999997"
"1353",2039,39,"586.548","UN","586.548","586.548"
"1354",2039,40,"584.26350000000002","UN","584.26350000000002","584.26350000000002"
"1355",2039,41,"582.69949999999994","UN","582.69949999999994","582.69949999999994"
"1356",2039,42,"581.42049999999995","UN","581.42049999999995","581.42049999999995"
"1357",2039,43,"583.68399999999997","UN","583.68399999999997","583.68399999999997"
"1358",2039,44,"587.16300000000001","UN","587.16300000000001","587.16300000000001"
"1359",2039,45,"596.60400000000004","UN","596.60400000000004","596.60400000000004"
"1360",2039,46,"620.77650000000006","UN","620.77650000000006","620.77650000000006"
"1361",2039,47,"639.87850000000003","UN","639.87850000000003","639.87850000000003"
"1362",2039,48,"649.45749999999998","UN","649.45749999999998","649.45749999999998"
"1363",2039,49,"654.01900000000001","UN","654.01900000000001","654.01900000000001"
"1364",2039,50,"661.08299999999997","UN","661.08299999999997","661.08299999999997"
"1365",2039,51,"646.99249999999995","UN","646.99249999999995","646.99249999999995"
"1366",2039,52,"632.65099999999995","UN","632.65099999999995","632.65099999999995"
"1367",2039,53,"646.90750000000003","UN","646.90750000000003","646.90750000000003"
"1368",2039,54,"661.33100000000002","UN","661.33100000000002","661.33100000000002"
"1369",2039,55,"677.95500000000004","UN","677.95500000000004","677.95500000000004"
"1370",2039,56,"696.75800000000004","UN","696.75800000000004","696.75800000000004"
"1371",2039,57,"719.75750000000005","UN","719.75750000000005","719.75750000000005"
"1372",2039,58,"732.07399999999996","UN","732.07399999999996","732.07399999999996"
"1373",2039,59,"743.80799999999999","UN","743.80799999999999","743.80799999999999"
"1374",2039,60,"767.33299999999997","UN","767.33299999999997","767.33299999999997"
"1375",2039,61,"796.5915","UN","796.5915","796.5915"
"1376",2039,62,"826.971","UN","826.971","826.971"
"1377",2039,63,"857.93050000000005","UN","857.93050000000005","857.93050000000005"
"1378",2039,64,"883.99149999999997","UN","883.99149999999997","883.99149999999997"
"1379",2039,65,"893.69849999999997","UN","893.69849999999997","893.69849999999997"
"1380",2039,66,"894.96699999999998","UN","894.96699999999998","894.96699999999998"
"1381",2039,67,"899.24950000000001","UN","899.24950000000001","899.24950000000001"
"1382",2039,68,"896.596","UN","896.596","896.596"
"1383",2039,69,"886.97299999999996","UN","886.97299999999996","886.97299999999996"
"1384",2039,70,"891.005","UN","891.005","891.005"
"1385",2039,71,"889.92","UN","889.92","889.92"
"1386",2039,72,"876.04700000000003","UN","876.04700000000003","876.04700000000003"
"1387",2039,73,"873.58150000000001","UN","873.58150000000001","873.58150000000001"
"1388",2039,74,"861.31650000000002","UN","861.31650000000002","861.31650000000002"
"1389",2039,75,"829.31899999999996","UN","829.31899999999996","829.31899999999996"
"1390",2039,76,"792.78750000000002","UN","792.78750000000002","792.78750000000002"
"1391",2039,77,"747.37750000000005","UN","747.37750000000005","747.37750000000005"
"1392",2039,78,"715.87099999999998","UN","715.87099999999998","715.87099999999998"
"1393",2039,79,"687.04549999999995","UN","687.04549999999995","687.04549999999995"
"1394",2039,80,"641.32950000000005","UN","641.32950000000005","641.32950000000005"
"1395",2039,81,"595.49599999999998","UN","595.49599999999998","595.49599999999998"
"1396",2039,82,"564.40099999999995","UN","564.40099999999995","564.40099999999995"
"1397",2039,83,"539.90300000000002","UN","539.90300000000002","539.90300000000002"
"1398",2039,84,"495.70600000000002","UN","495.70600000000002","495.70600000000002"
"1399",2039,85,"453.13249999999999","UN","453.13249999999999","453.13249999999999"
"1400",2039,86,"413.7765","UN","413.7765","413.7765"
"1401",2039,87,"379.76600000000002","UN","379.76600000000002","379.76600000000002"
"1402",2039,88,"349.12599999999998","UN","349.12599999999998","349.12599999999998"
"1403",2039,89,"318.10550000000001","UN","318.10550000000001","318.10550000000001"
"1404",2039,90,"285.02999999999997","UN","285.02999999999997","285.02999999999997"
"1405",2039,91,"246.197","UN","246.197","246.197"
"1406",2039,92,"201.291","UN","201.291","201.291"
"1407",2039,93,"152.399","UN","152.399","152.399"
"1408",2039,94,"114.7915","UN","114.7915","114.7915"
"1409",2039,95,"87.929000000000002","UN","87.929000000000002","87.929000000000002"
"1410",2039,96,"65.944500000000005","UN","65.944500000000005","65.944500000000005"
"1411",2039,97,"50.585000000000001","UN","50.585000000000001","50.585000000000001"
"1412",2039,98,"37.723500000000001","UN","37.723500000000001","37.723500000000001"
"1413",2039,99,"26.115500000000001","UN","26.115500000000001","26.115500000000001"
"1414",2039,100,"40.445","UN","40.445","40.445"
"1415",2040,0,"382.69400000000002","UN","382.69400000000002","529.29200000000003"
"1416",2040,1,"383.92849999999999","UN","383.92849999999999","530.98599999999999"
"1417",2040,2,"384.30200000000002","UN","384.30200000000002","531.62"
"1418",2040,3,"383.94850000000002","UN","383.94850000000002","531.36850000000004"
"1419",2040,4,"383.03100000000001","UN","383.03100000000001","530.47199999999998"
"1420",2040,5,"382.14600000000002","UN","382.14600000000002","529.62149999999997"
"1421",2040,6,"381.46850000000001","UN","381.46850000000001","514.27599999999995"
"1422",2040,7,"381.06849999999997","UN","381.06849999999997","499.31400000000002"
"1423",2040,8,"381.17250000000001","UN","381.17250000000001","499.81"
"1424",2040,9,"381.62599999999998","UN","381.62599999999998","500.87950000000001"
"1425",2040,10,"382.63600000000002","UN","382.63600000000002","502.6705"
"1426",2040,11,"384.38049999999998","UN","384.38049999999998","482.58600000000001"
"1427",2040,12,"386.42849999999999","UN","386.42849999999999","462.77499999999998"
"1428",2040,13,"388.36200000000002","UN","388.36200000000002","465.541"
"1429",2040,14,"391.30700000000002","UN","391.30700000000002","469.38600000000002"
"1430",2040,15,"395.34399999999999","UN","395.34399999999999","474.37150000000003"
"1431",2040,16,"399.29450000000003","UN","399.29450000000003","439.04849999999999"
"1432",2040,17,"412.61099999999999","UN","412.61099999999999","412.61099999999999"
"1433",2040,18,"432.69299999999998","UN","432.69299999999998","432.69299999999998"
"1434",2040,19,"447.5625","UN","447.5625","447.5625"
"1435",2040,20,"465.13850000000002","UN","465.13850000000002","465.13850000000002"
"1436",2040,21,"493.21550000000002","UN","493.21550000000002","493.21550000000002"
"1437",2040,22,"525.36249999999995","UN","525.36249999999995","525.36249999999995"
"1438",2040,23,"551.53449999999998","UN","551.53449999999998","551.53449999999998"
"1439",2040,24,"567.79300000000001","UN","567.79300000000001","567.79300000000001"
"1440",2040,25,"580.59050000000002","UN","580.59050000000002","580.59050000000002"
"1441",2040,26,"590.57449999999994","UN","590.57449999999994","590.57449999999994"
"1442",2040,27,"602.97649999999999","UN","602.97649999999999","602.97649999999999"
"1443",2040,28,"615.31849999999997","UN","615.31849999999997","615.31849999999997"
"1444",2040,29,"624.44399999999996","UN","624.44399999999996","624.44399999999996"
"1445",2040,30,"633.79100000000005","UN","633.79100000000005","633.79100000000005"
"1446",2040,31,"638.79949999999997","UN","638.79949999999997","638.79949999999997"
"1447",2040,32,"639.00549999999998","UN","639.00549999999998","639.00549999999998"
"1448",2040,33,"635.33150000000001","UN","635.33150000000001","635.33150000000001"
"1449",2040,34,"628.22950000000003","UN","628.22950000000003","628.22950000000003"
"1450",2040,35,"620.63149999999996","UN","620.63149999999996","620.63149999999996"
"1451",2040,36,"609.76700000000005","UN","609.76700000000005","609.76700000000005"
"1452",2040,37,"592.91200000000003","UN","592.91200000000003","592.91200000000003"
"1453",2040,38,"583.39700000000005","UN","583.39700000000005","583.39700000000005"
"1454",2040,39,"585.42200000000003","UN","585.42200000000003","585.42200000000003"
"1455",2040,40,"584.88","UN","584.88","584.88"
"1456",2040,41,"582.72749999999996","UN","582.72749999999996","582.72749999999996"
"1457",2040,42,"581.27850000000001","UN","581.27850000000001","581.27850000000001"
"1458",2040,43,"580.09799999999996","UN","580.09799999999996","580.09799999999996"
"1459",2040,44,"582.4375","UN","582.4375","582.4375"
"1460",2040,45,"585.97199999999998","UN","585.97199999999998","585.97199999999998"
"1461",2040,46,"595.44550000000004","UN","595.44550000000004","595.44550000000004"
"1462",2040,47,"619.62599999999998","UN","619.62599999999998","619.62599999999998"
"1463",2040,48,"638.72699999999998","UN","638.72699999999998","638.72699999999998"
"1464",2040,49,"648.29600000000005","UN","648.29600000000005","648.29600000000005"
"1465",2040,50,"652.83399999999995","UN","652.83399999999995","652.83399999999995"
"1466",2040,51,"659.85149999999999","UN","659.85149999999999","659.85149999999999"
"1467",2040,52,"645.73199999999997","UN","645.73199999999997","645.73199999999997"
"1468",2040,53,"631.35550000000001","UN","631.35550000000001","631.35550000000001"
"1469",2040,54,"645.51649999999995","UN","645.51649999999995","645.51649999999995"
"1470",2040,55,"659.82150000000001","UN","659.82150000000001","659.82150000000001"
"1471",2040,56,"676.29200000000003","UN","676.29200000000003","676.29200000000003"
"1472",2040,57,"694.91800000000001","UN","694.91800000000001","694.91800000000001"
"1473",2040,58,"717.70849999999996","UN","717.70849999999996","717.70849999999996"
"1474",2040,59,"729.81100000000004","UN","729.81100000000004","729.81100000000004"
"1475",2040,60,"741.30399999999997","UN","741.30399999999997","741.30399999999997"
"1476",2040,61,"764.529","UN","764.529","764.529"
"1477",2040,62,"793.43600000000004","UN","793.43600000000004","793.43600000000004"
"1478",2040,63,"823.39750000000004","UN","823.39750000000004","823.39750000000004"
"1479",2040,64,"853.86149999999998","UN","853.86149999999998","853.86149999999998"
"1480",2040,65,"879.42150000000004","UN","879.42150000000004","879.42150000000004"
"1481",2040,66,"888.66","UN","888.66","888.66"
"1482",2040,67,"889.43849999999998","UN","889.43849999999998","889.43849999999998"
"1483",2040,68,"893.18349999999998","UN","893.18349999999998","893.18349999999998"
"1484",2040,69,"889.99549999999999","UN","889.99549999999999","889.99549999999999"
"1485",2040,70,"879.79399999999998","UN","879.79399999999998","879.79399999999998"
"1486",2040,71,"882.98500000000001","UN","882.98500000000001","882.98500000000001"
"1487",2040,72,"880.98500000000001","UN","880.98500000000001","880.98500000000001"
"1488",2040,73,"866.25699999999995","UN","866.25699999999995","866.25699999999995"
"1489",2040,74,"862.7355","UN","862.7355","862.7355"
"1490",2040,75,"849.4615","UN","849.4615","849.4615"
"1491",2040,76,"816.55100000000004","UN","816.55100000000004","816.55100000000004"
"1492",2040,77,"779.149","UN","779.149","779.149"
"1493",2040,78,"732.88750000000005","UN","732.88750000000005","732.88750000000005"
"1494",2040,79,"700.03599999999994","UN","700.03599999999994","700.03599999999994"
"1495",2040,80,"669.53250000000003","UN","669.53250000000003","669.53250000000003"
"1496",2040,81,"622.38","UN","622.38","622.38"
"1497",2040,82,"575.04250000000002","UN","575.04250000000002","575.04250000000002"
"1498",2040,83,"541.84199999999998","UN","541.84199999999998","541.84199999999998"
"1499",2040,84,"514.77300000000002","UN","514.77300000000002","514.77300000000002"
"1500",2040,85,"468.80849999999998","UN","468.80849999999998","468.80849999999998"
"1501",2040,86,"424.45350000000002","UN","424.45350000000002","424.45350000000002"
"1502",2040,87,"383.32549999999998","UN","383.32549999999998","383.32549999999998"
"1503",2040,88,"347.29750000000001","UN","347.29750000000001","347.29750000000001"
"1504",2040,89,"314.56650000000002","UN","314.56650000000002","314.56650000000002"
"1505",2040,90,"282.0335","UN","282.0335","282.0335"
"1506",2040,91,"248.38900000000001","UN","248.38900000000001","248.38900000000001"
"1507",2040,92,"210.56049999999999","UN","210.56049999999999","210.56049999999999"
"1508",2040,93,"168.548","UN","168.548","168.548"
"1509",2040,94,"124.5505","UN","124.5505","124.5505"
"1510",2040,95,"91.3155","UN","91.3155","91.3155"
"1511",2040,96,"67.879499999999993","UN","67.879499999999993","67.879499999999993"
"1512",2040,97,"49.268999999999998","UN","49.268999999999998","49.268999999999998"
"1513",2040,98,"36.5075","UN","36.5075","36.5075"
"1514",2040,99,"26.2515","UN","26.2515","26.2515"
"1515",2040,100,"42.205500000000001","UN","42.205500000000001","42.205500000000001"
"1516",2041,0,"381.85550000000001","UN","381.85550000000001","527.72299999999996"
"1517",2041,1,"383.733","UN","383.733","530.29349999999999"
"1518",2041,2,"384.93400000000003","UN","384.93400000000003","531.98"
"1519",2041,3,"385.23500000000001","UN","385.23500000000001","532.54549999999995"
"1520",2041,4,"384.80250000000001","UN","384.80250000000001","532.21550000000002"
"1521",2041,5,"383.81349999999998","UN","383.81349999999998","531.24900000000002"
"1522",2041,6,"382.8655","UN","382.8655","530.33600000000001"
"1523",2041,7,"382.13049999999998","UN","382.13049999999998","514.9325"
"1524",2041,8,"381.67599999999999","UN","381.67599999999999","499.91849999999999"
"1525",2041,9,"381.73200000000003","UN","381.73200000000003","500.36599999999999"
"1526",2041,10,"382.14150000000001","UN","382.14150000000001","501.39049999999997"
"1527",2041,11,"383.11349999999999","UN","383.11349999999999","503.14299999999997"
"1528",2041,12,"384.82249999999999","UN","384.82249999999999","483.024"
"1529",2041,13,"386.83850000000001","UN","386.83850000000001","463.1825"
"1530",2041,14,"388.78199999999998","UN","388.78199999999998","465.95699999999999"
"1531",2041,15,"392.03500000000003","UN","392.03500000000003","470.10849999999999"
"1532",2041,16,"397.26249999999999","UN","397.26249999999999","476.28250000000003"
"1533",2041,17,"403.66149999999999","UN","403.66149999999999","443.41149999999999"
"1534",2041,18,"420.26850000000002","UN","420.26850000000002","420.26850000000002"
"1535",2041,19,"443.56450000000001","UN","443.56450000000001","443.56450000000001"
"1536",2041,20,"460.63200000000001","UN","460.63200000000001","460.63200000000001"
"1537",2041,21,"478.60399999999998","UN","478.60399999999998","478.60399999999998"
"1538",2041,22,"505.02699999999999","UN","505.02699999999999","505.02699999999999"
"1539",2041,23,"534.06550000000004","UN","534.06550000000004","534.06550000000004"
"1540",2041,24,"556.69550000000004","UN","556.69550000000004","556.69550000000004"
"1541",2041,25,"569.80650000000003","UN","569.80650000000003","569.80650000000003"
"1542",2041,26,"580.23450000000003","UN","580.23450000000003","580.23450000000003"
"1543",2041,27,"588.654","UN","588.654","588.654"
"1544",2041,28,"600.14750000000004","UN","600.14750000000004","600.14750000000004"
"1545",2041,29,"612.05150000000003","UN","612.05150000000003","612.05150000000003"
"1546",2041,30,"621.04399999999998","UN","621.04399999999998","621.04399999999998"
"1547",2041,31,"630.44299999999998","UN","630.44299999999998","630.44299999999998"
"1548",2041,32,"635.60799999999995","UN","635.60799999999995","635.60799999999995"
"1549",2041,33,"636.02599999999995","UN","636.02599999999995","636.02599999999995"
"1550",2041,34,"632.5865","UN","632.5865","632.5865"
"1551",2041,35,"625.72149999999999","UN","625.72149999999999","625.72149999999999"
"1552",2041,36,"618.34699999999998","UN","618.34699999999998","618.34699999999998"
"1553",2041,37,"607.69100000000003","UN","607.69100000000003","607.69100000000003"
"1554",2041,38,"591.02700000000004","UN","591.02700000000004","591.02700000000004"
"1555",2041,39,"581.67899999999997","UN","581.67899999999997","581.67899999999997"
"1556",2041,40,"583.84649999999999","UN","583.84649999999999","583.84649999999999"
"1557",2041,41,"583.43050000000005","UN","583.43050000000005","583.43050000000005"
"1558",2041,42,"581.38599999999997","UN","581.38599999999997","581.38599999999997"
"1559",2041,43,"580.03","UN","580.03","580.03"
"1560",2041,44,"578.923","UN","578.923","578.923"
"1561",2041,45,"581.31449999999995","UN","581.31449999999995","581.31449999999995"
"1562",2041,46,"584.88400000000001","UN","584.88400000000001","584.88400000000001"
"1563",2041,47,"594.37800000000004","UN","594.37800000000004","594.37800000000004"
"1564",2041,48,"618.55250000000001","UN","618.55250000000001","618.55250000000001"
"1565",2041,49,"637.63400000000001","UN","637.63400000000001","637.63400000000001"
"1566",2041,50,"647.173","UN","647.173","647.173"
"1567",2041,51,"651.66849999999999","UN","651.66849999999999","651.66849999999999"
"1568",2041,52,"658.625","UN","658.625","658.625"
"1569",2041,53,"644.46900000000005","UN","644.46900000000005","644.46900000000005"
"1570",2041,54,"630.048","UN","630.048","630.048"
"1571",2041,55,"644.09450000000004","UN","644.09450000000004","644.09450000000004"
"1572",2041,56,"658.25750000000005","UN","658.25750000000005","658.25750000000005"
"1573",2041,57,"674.5625","UN","674.5625","674.5625"
"1574",2041,58,"692.99800000000005","UN","692.99800000000005","692.99800000000005"
"1575",2041,59,"715.5575","UN","715.5575","715.5575"
"1576",2041,60,"727.42399999999998","UN","727.42399999999998","727.42399999999998"
"1577",2041,61,"738.66549999999995","UN","738.66549999999995","738.66549999999995"
"1578",2041,62,"761.58150000000001","UN","761.58150000000001","761.58150000000001"
"1579",2041,63,"790.09550000000002","UN","790.09550000000002","790.09550000000002"
"1580",2041,64,"819.58849999999995","UN","819.58849999999995","819.58849999999995"
"1581",2041,65,"849.55250000000001","UN","849.55250000000001","849.55250000000001"
"1582",2041,66,"874.58","UN","874.58","874.58"
"1583",2041,67,"883.29700000000003","UN","883.29700000000003","883.29700000000003"
"1584",2041,68,"883.56949999999995","UN","883.56949999999995","883.56949999999995"
"1585",2041,69,"886.75400000000002","UN","886.75400000000002","886.75400000000002"
"1586",2041,70,"882.95650000000001","UN","882.95650000000001","882.95650000000001"
"1587",2041,71,"872.05","UN","872.05","872.05"
"1588",2041,72,"874.31050000000005","UN","874.31050000000005","874.31050000000005"
"1589",2041,73,"871.35599999999999","UN","871.35599999999999","871.35599999999999"
"1590",2041,74,"855.73500000000001","UN","855.73500000000001","855.73500000000001"
"1591",2041,75,"851.10799999999995","UN","851.10799999999995","851.10799999999995"
"1592",2041,76,"836.62900000000002","UN","836.62900000000002","836.62900000000002"
"1593",2041,77,"802.77149999999995","UN","802.77149999999995","802.77149999999995"
"1594",2041,78,"764.31849999999997","UN","764.31849999999997","764.31849999999997"
"1595",2041,79,"716.97850000000005","UN","716.97850000000005","716.97850000000005"
"1596",2041,80,"682.51850000000002","UN","682.51850000000002","682.51850000000002"
"1597",2041,81,"650.08699999999999","UN","650.08699999999999","650.08699999999999"
"1598",2041,82,"601.34900000000005","UN","601.34900000000005","601.34900000000005"
"1599",2041,83,"552.42949999999996","UN","552.42949999999996","552.42949999999996"
"1600",2041,84,"516.99249999999995","UN","516.99249999999995","516.99249999999995"
"1601",2041,85,"487.21100000000001","UN","487.21100000000001","487.21100000000001"
"1602",2041,86,"439.52949999999998","UN","439.52949999999998","439.52949999999998"
"1603",2041,87,"393.60250000000002","UN","393.60250000000002","393.60250000000002"
"1604",2041,88,"350.92599999999999","UN","350.92599999999999","350.92599999999999"
"1605",2041,89,"313.26249999999999","UN","313.26249999999999","313.26249999999999"
"1606",2041,90,"279.22250000000003","UN","279.22250000000003","279.22250000000003"
"1607",2041,91,"246.07900000000001","UN","246.07900000000001","246.07900000000001"
"1608",2041,92,"212.71600000000001","UN","212.71600000000001","212.71600000000001"
"1609",2041,93,"176.547","UN","176.547","176.547"
"1610",2041,94,"137.9365","UN","137.9365","137.9365"
"1611",2041,95,"99.211500000000001","UN","99.211500000000001","99.211500000000001"
"1612",2041,96,"70.586500000000001","UN","70.586500000000001","70.586500000000001"
"1613",2041,97,"50.781500000000001","UN","50.781500000000001","50.781500000000001"
"1614",2041,98,"35.604500000000002","UN","35.604500000000002","35.604500000000002"
"1615",2041,99,"25.437000000000001","UN","25.437000000000001","25.437000000000001"
"1616",2041,100,"43.404499999999999","UN","43.404499999999999","43.404499999999999"
"1617",2042,0,"380.39049999999997","UN","380.39049999999997","525.35550000000001"
"1618",2042,1,"382.88400000000001","UN","382.88400000000001","528.71500000000003"
"1619",2042,2,"384.72800000000001","UN","384.72800000000001","531.27549999999997"
"1620",2042,3,"385.85649999999998","UN","385.85649999999998","532.89499999999998"
"1621",2042,4,"386.07850000000002","UN","386.07850000000002","533.38300000000004"
"1622",2042,5,"385.57600000000002","UN","385.57600000000002","532.98350000000005"
"1623",2042,6,"384.52499999999998","UN","384.52499999999998","531.95550000000003"
"1624",2042,7,"383.51949999999999","UN","383.51949999999999","530.98500000000001"
"1625",2042,8,"382.73099999999999","UN","382.73099999999999","515.53"
"1626",2042,9,"382.23","UN","382.23","500.46800000000002"
"1627",2042,10,"382.24200000000002","UN","382.24200000000002","500.87200000000001"
"1628",2042,11,"382.61399999999998","UN","382.61399999999998","501.85750000000002"
"1629",2042,12,"383.55","UN","383.55","503.57600000000002"
"1630",2042,13,"385.22800000000001","UN","385.22800000000001","483.4255"
"1631",2042,14,"387.25450000000001","UN","387.25450000000001","463.59399999999999"
"1632",2042,15,"389.50400000000002","UN","389.50400000000002","466.67349999999999"
"1633",2042,16,"393.94200000000001","UN","393.94200000000001","472.00799999999998"
"1634",2042,17,"401.60399999999998","UN","401.60399999999998","480.61599999999999"
"1635",2042,18,"411.27600000000001","UN","411.27600000000001","451.02100000000002"
"1636",2042,19,"431.08049999999997","UN","431.08049999999997","431.08049999999997"
"1637",2042,20,"456.56099999999998","UN","456.56099999999998","456.56099999999998"
"1638",2042,21,"474.0215","UN","474.0215","474.0215"
"1639",2042,22,"490.34899999999999","UN","490.34899999999999","490.34899999999999"
"1640",2042,23,"513.67949999999996","UN","513.67949999999996","513.67949999999996"
"1641",2042,24,"539.19200000000001","UN","539.19200000000001","539.19200000000001"
"1642",2042,25,"558.69000000000005","UN","558.69000000000005","558.69000000000005"
"1643",2042,26,"569.44349999999997","UN","569.44349999999997","569.44349999999997"
"1644",2042,27,"578.31550000000004","UN","578.31550000000004","578.31550000000004"
"1645",2042,28,"585.83349999999996","UN","585.83349999999996","585.83349999999996"
"1646",2042,29,"596.89200000000005","UN","596.89200000000005","596.89200000000005"
"1647",2042,30,"608.66449999999998","UN","608.66449999999998","608.66449999999998"
"1648",2042,31,"617.70950000000005","UN","617.70950000000005","617.70950000000005"
"1649",2042,32,"627.26400000000001","UN","627.26400000000001","627.26400000000001"
"1650",2042,33,"632.6395","UN","632.6395","632.6395"
"1651",2042,34,"633.29100000000005","UN","633.29100000000005","633.29100000000005"
"1652",2042,35,"630.0865","UN","630.0865","630.0865"
"1653",2042,36,"623.44399999999996","UN","623.44399999999996","623.44399999999996"
"1654",2042,37,"616.27700000000004","UN","616.27700000000004","616.27700000000004"
"1655",2042,38,"605.80899999999997","UN","605.80899999999997","605.80899999999997"
"1656",2042,39,"589.31399999999996","UN","589.31399999999996","589.31399999999996"
"1657",2042,40,"580.11400000000003","UN","580.11400000000003","580.11400000000003"
"1658",2042,41,"582.40650000000005","UN","582.40650000000005","582.40650000000005"
"1659",2042,42,"582.09749999999997","UN","582.09749999999997","582.09749999999997"
"1660",2042,43,"580.14549999999997","UN","580.14549999999997","580.14549999999997"
"1661",2042,44,"578.86300000000006","UN","578.86300000000006","578.86300000000006"
"1662",2042,45,"577.81050000000005","UN","577.81050000000005","577.81050000000005"
"1663",2042,46,"580.23950000000002","UN","580.23950000000002","580.23950000000002"
"1664",2042,47,"583.83550000000002","UN","583.83550000000002","583.83550000000002"
"1665",2042,48,"593.34","UN","593.34","593.34"
"1666",2042,49,"617.49400000000003","UN","617.49400000000003","617.49400000000003"
"1667",2042,50,"636.53899999999999","UN","636.53899999999999","636.53899999999999"
"1668",2042,51,"646.03","UN","646.03","646.03"
"1669",2042,52,"650.471","UN","650.471","650.471"
"1670",2042,53,"657.35900000000004","UN","657.35900000000004","657.35900000000004"
"1671",2042,54,"643.15800000000002","UN","643.15800000000002","643.15800000000002"
"1672",2042,55,"628.67949999999996","UN","628.67949999999996","628.67949999999996"
"1673",2042,56,"642.59100000000001","UN","642.59100000000001","642.59100000000001"
"1674",2042,57,"656.59950000000003","UN","656.59950000000003","656.59950000000003"
"1675",2042,58,"672.72950000000003","UN","672.72950000000003","672.72950000000003"
"1676",2042,59,"690.95500000000004","UN","690.95500000000004","690.95500000000004"
"1677",2042,60,"713.26099999999997","UN","713.26099999999997","713.26099999999997"
"1678",2042,61,"724.88199999999995","UN","724.88199999999995","724.88199999999995"
"1679",2042,62,"735.86599999999999","UN","735.86599999999999","735.86599999999999"
"1680",2042,63,"758.43449999999996","UN","758.43449999999996","758.43449999999996"
"1681",2042,64,"786.50800000000004","UN","786.50800000000004","786.50800000000004"
"1682",2042,65,"815.53","UN","815.53","815.53"
"1683",2042,66,"844.9615","UN","844.9615","844.9615"
"1684",2042,67,"869.4","UN","869.4","869.4"
"1685",2042,68,"877.57799999999997","UN","877.57799999999997","877.57799999999997"
"1686",2042,69,"877.32249999999999","UN","877.32249999999999","877.32249999999999"
"1687",2042,70,"879.87","UN","879.87","879.87"
"1688",2042,71,"875.33600000000001","UN","875.33600000000001","875.33600000000001"
"1689",2042,72,"863.64599999999996","UN","863.64599999999996","863.64599999999996"
"1690",2042,73,"864.93200000000002","UN","864.93200000000002","864.93200000000002"
"1691",2042,74,"860.97649999999999","UN","860.97649999999999","860.97649999999999"
"1692",2042,75,"844.42449999999997","UN","844.42449999999997","844.42449999999997"
"1693",2042,76,"838.48850000000004","UN","838.48850000000004","838.48850000000004"
"1694",2042,77,"822.76750000000004","UN","822.76750000000004","822.76750000000004"
"1695",2042,78,"787.77200000000005","UN","787.77200000000005","787.77200000000005"
"1696",2042,79,"748.01700000000005","UN","748.01700000000005","748.01700000000005"
"1697",2042,80,"699.35350000000005","UN","699.35350000000005","699.35350000000005"
"1698",2042,81,"663.03549999999996","UN","663.03549999999996","663.03549999999996"
"1699",2042,82,"628.46900000000005","UN","628.46900000000005","628.46900000000005"
"1700",2042,83,"578.05799999999999","UN","578.05799999999999","578.05799999999999"
"1701",2042,84,"527.47249999999997","UN","527.47249999999997","527.47249999999997"
"1702",2042,85,"489.68349999999998","UN","489.68349999999998","489.68349999999998"
"1703",2042,86,"457.149","UN","457.149","457.149"
"1704",2042,87,"407.96499999999997","UN","407.96499999999997","407.96499999999997"
"1705",2042,88,"360.70549999999997","UN","360.70549999999997","360.70549999999997"
"1706",2042,89,"316.88749999999999","UN","316.88749999999999","316.88749999999999"
"1707",2042,90,"278.38200000000001","UN","278.38200000000001","278.38200000000001"
"1708",2042,91,"243.92099999999999","UN","243.92099999999999","243.92099999999999"
"1709",2042,92,"211.00399999999999","UN","211.00399999999999","211.00399999999999"
"1710",2042,93,"178.59450000000001","UN","178.59450000000001","178.59450000000001"
"1711",2042,94,"144.6765","UN","144.6765","144.6765"
"1712",2042,95,"110.02500000000001","UN","110.02500000000001","110.02500000000001"
"1713",2042,96,"76.790000000000006","UN","76.790000000000006","76.790000000000006"
"1714",2042,97,"52.8735","UN","52.8735","52.8735"
"1715",2042,98,"36.744","UN","36.744","36.744"
"1716",2042,99,"24.8385","UN","24.8385","24.8385"
"1717",2042,100,"43.607999999999997","UN","43.607999999999997","43.607999999999997"
"1718",2043,0,"378.26749999999998","UN","378.26749999999998","522.15800000000002"
"1719",2043,1,"381.22949999999997","UN","381.22949999999997","526.15899999999999"
"1720",2043,2,"383.7045","UN","383.7045","529.52250000000004"
"1721",2043,3,"385.49","UN","385.49","532.03150000000005"
"1722",2043,4,"386.553","UN","386.553","533.58550000000002"
"1723",2043,5,"386.71850000000001","UN","386.71850000000001","534.01700000000005"
"1724",2043,6,"386.1635","UN","386.1635","533.56600000000003"
"1725",2043,7,"385.065","UN","385.065","532.49149999999997"
"1726",2043,8,"384.01600000000002","UN","384.01600000000002","531.47699999999998"
"1727",2043,9,"383.18900000000002","UN","383.18900000000002","515.98299999999995"
"1728",2043,10,"382.65100000000001","UN","382.65100000000001","500.88499999999999"
"1729",2043,11,"382.63150000000002","UN","382.63150000000002","501.25599999999997"
"1730",2043,12,"382.9735","UN","382.9735","502.21350000000001"
"1731",2043,13,"383.8845","UN","383.8845","503.90449999999998"
"1732",2043,14,"385.57650000000001","UN","385.57650000000001","483.76850000000002"
"1733",2043,15,"387.9085","UN","387.9085","464.24200000000002"
"1734",2043,16,"391.32900000000001","UN","391.32900000000001","468.4905"
"1735",2043,17,"398.166","UN","398.166","476.22449999999998"
"1736",2043,18,"409.05349999999999","UN","409.05349999999999","488.05549999999999"
"1737",2043,19,"421.87700000000001","UN","421.87700000000001","461.61599999999999"
"1738",2043,20,"443.82799999999997","UN","443.82799999999997","443.82799999999997"
"1739",2043,21,"469.673","UN","469.673","469.673"
"1740",2043,22,"485.47","UN","485.47","485.47"
"1741",2043,23,"498.69299999999998","UN","498.69299999999998","498.69299999999998"
"1742",2043,24,"518.49300000000005","UN","518.49300000000005","518.49300000000005"
"1743",2043,25,"540.87599999999998","UN","540.87599999999998","540.87599999999998"
"1744",2043,26,"558.02499999999998","UN","558.02499999999998","558.02499999999998"
"1745",2043,27,"567.23800000000006","UN","567.23800000000006","567.23800000000006"
"1746",2043,28,"575.22649999999999","UN","575.22649999999999","575.22649999999999"
"1747",2043,29,"582.33000000000004","UN","582.33000000000004","582.33000000000004"
"1748",2043,30,"593.27800000000002","UN","593.27800000000002","593.27800000000002"
"1749",2043,31,"605.12099999999998","UN","605.12099999999998","605.12099999999998"
"1750",2043,32,"614.34050000000002","UN","614.34050000000002","614.34050000000002"
"1751",2043,33,"624.12249999999995","UN","624.12249999999995","624.12249999999995"
"1752",2043,34,"629.74649999999997","UN","629.74649999999997","629.74649999999997"
"1753",2043,35,"630.64549999999997","UN","630.64549999999997","630.64549999999997"
"1754",2043,36,"627.67600000000004","UN","627.67600000000004","627.67600000000004"
"1755",2043,37,"621.25250000000005","UN","621.25250000000005","621.25250000000005"
"1756",2043,38,"614.28250000000003","UN","614.28250000000003","614.28250000000003"
"1757",2043,39,"603.99099999999999","UN","603.99099999999999","603.99099999999999"
"1758",2043,40,"587.65549999999996","UN","587.65549999999996","587.65549999999996"
"1759",2043,41,"578.59299999999996","UN","578.59299999999996","578.59299999999996"
"1760",2043,42,"580.99850000000004","UN","580.99850000000004","580.99850000000004"
"1761",2043,43,"580.78750000000002","UN","580.78750000000002","580.78750000000002"
"1762",2043,44,"578.91549999999995","UN","578.91549999999995","578.91549999999995"
"1763",2043,45,"577.69200000000001","UN","577.69200000000001","577.69200000000001"
"1764",2043,46,"576.68600000000004","UN","576.68600000000004","576.68600000000004"
"1765",2043,47,"579.14599999999996","UN","579.14599999999996","579.14599999999996"
"1766",2043,48,"582.76350000000002","UN","582.76350000000002","582.76350000000002"
"1767",2043,49,"592.26900000000001","UN","592.26900000000001","592.26900000000001"
"1768",2043,50,"616.38699999999994","UN","616.38699999999994","616.38699999999994"
"1769",2043,51,"635.37850000000003","UN","635.37850000000003","635.37850000000003"
"1770",2043,52,"644.81299999999999","UN","644.81299999999999","644.81299999999999"
"1771",2043,53,"649.19349999999997","UN","649.19349999999997","649.19349999999997"
"1772",2043,54,"656.00450000000001","UN","656.00450000000001","656.00450000000001"
"1773",2043,55,"641.74749999999995","UN","641.74749999999995","641.74749999999995"
"1774",2043,56,"627.19650000000001","UN","627.19650000000001","627.19650000000001"
"1775",2043,57,"640.9615","UN","640.9615","640.9615"
"1776",2043,58,"654.80949999999996","UN","654.80949999999996","654.80949999999996"
"1777",2043,59,"670.74450000000002","UN","670.74450000000002","670.74450000000002"
"1778",2043,60,"688.74099999999999","UN","688.74099999999999","688.74099999999999"
"1779",2043,61,"710.78099999999995","UN","710.78099999999995","710.78099999999995"
"1780",2043,62,"722.15049999999997","UN","722.15049999999997","722.15049999999997"
"1781",2043,63,"732.84400000000005","UN","732.84400000000005","732.84400000000005"
"1782",2043,64,"755.02250000000004","UN","755.02250000000004","755.02250000000004"
"1783",2043,65,"782.65300000000002","UN","782.65300000000002","782.65300000000002"
"1784",2043,66,"811.17250000000001","UN","811.17250000000001","811.17250000000001"
"1785",2043,67,"840.01499999999999","UN","840.01499999999999","840.01499999999999"
"1786",2043,68,"863.84100000000001","UN","863.84100000000001","863.84100000000001"
"1787",2043,69,"871.45349999999996","UN","871.45349999999996","871.45349999999996"
"1788",2043,70,"870.59749999999997","UN","870.59749999999997","870.59749999999997"
"1789",2043,71,"872.37900000000002","UN","872.37900000000002","872.37900000000002"
"1790",2043,72,"867.024","UN","867.024","867.024"
"1791",2043,73,"854.51700000000005","UN","854.51700000000005","854.51700000000005"
"1792",2043,74,"854.77949999999998","UN","854.77949999999998","854.77949999999998"
"1793",2043,75,"849.77350000000001","UN","849.77350000000001","849.77350000000001"
"1794",2043,76,"832.12350000000004","UN","832.12350000000004","832.12350000000004"
"1795",2043,77,"824.83","UN","824.83","824.83"
"1796",2043,78,"807.64499999999998","UN","807.64499999999998","807.64499999999998"
"1797",2043,79,"771.24400000000003","UN","771.24400000000003","771.24400000000003"
"1798",2043,80,"729.91049999999996","UN","729.91049999999996","729.91049999999996"
"1799",2043,81,"679.69849999999997","UN","679.69849999999997","679.69849999999997"
"1800",2043,82,"641.31650000000002","UN","641.31650000000002","641.31650000000002"
"1801",2043,83,"604.46299999999997","UN","604.46299999999997","604.46299999999997"
"1802",2043,84,"552.28099999999995","UN","552.28099999999995","552.28099999999995"
"1803",2043,85,"499.9665","UN","499.9665","499.9665"
"1804",2043,86,"459.81450000000001","UN","459.81450000000001","459.81450000000001"
"1805",2043,87,"424.65100000000001","UN","424.65100000000001","424.65100000000001"
"1806",2043,88,"374.20949999999999","UN","374.20949999999999","374.20949999999999"
"1807",2043,89,"326.04450000000003","UN","326.04450000000003","326.04450000000003"
"1808",2043,90,"281.90699999999998","UN","281.90699999999998","281.90699999999998"
"1809",2043,91,"243.453","UN","243.453","243.453"
"1810",2043,92,"209.39400000000001","UN","209.39400000000001","209.39400000000001"
"1811",2043,93,"177.36699999999999","UN","177.36699999999999","177.36699999999999"
"1812",2043,94,"146.536","UN","146.536","146.536"
"1813",2043,95,"115.544","UN","115.544","115.544"
"1814",2043,96,"85.264499999999998","UN","85.264499999999998","85.264499999999998"
"1815",2043,97,"57.586500000000001","UN","57.586500000000001","57.586500000000001"
"1816",2043,98,"38.299999999999997","UN","38.299999999999997","38.299999999999997"
"1817",2043,99,"25.661000000000001","UN","25.661000000000001","25.661000000000001"
"1818",2043,100,"43.317999999999998","UN","43.317999999999998","43.317999999999998"
"1819",2044,0,"375.39449999999999","UN","375.39449999999999","518.04300000000001"
"1820",2044,1,"379.13400000000001","UN","379.13400000000001","522.9905"
"1821",2044,2,"382.07400000000001","UN","382.07400000000001","526.99099999999999"
"1822",2044,3,"384.48750000000001","UN","384.48750000000001","530.29949999999997"
"1823",2044,4,"386.20650000000001","UN","386.20650000000001","532.74149999999997"
"1824",2044,5,"387.21100000000001","UN","387.21100000000001","534.23800000000006"
"1825",2044,6,"387.322","UN","387.322","534.6155"
"1826",2044,7,"386.71899999999999","UN","386.71899999999999","534.11749999999995"
"1827",2044,8,"385.57600000000002","UN","385.57600000000002","532.99749999999995"
"1828",2044,9,"384.48599999999999","UN","384.48599999999999","531.94299999999998"
"1829",2044,10,"383.62150000000003","UN","383.62150000000003","516.41099999999994"
"1830",2044,11,"383.05099999999999","UN","383.05099999999999","501.28"
"1831",2044,12,"383.00150000000002","UN","383.00150000000002","501.62150000000003"
"1832",2044,13,"383.3175","UN","383.3175","502.55250000000001"
"1833",2044,14,"384.24149999999997","UN","384.24149999999997","504.25549999999998"
"1834",2044,15,"386.238","UN","386.238","484.423"
"1835",2044,16,"389.7355","UN","389.7355","466.06200000000001"
"1836",2044,17,"395.54450000000003","UN","395.54450000000003","472.69900000000001"
"1837",2044,18,"405.59449999999998","UN","405.59449999999998","483.64299999999997"
"1838",2044,19,"419.61900000000003","UN","419.61900000000003","498.61"
"1839",2044,20,"434.58249999999998","UN","434.58249999999998","474.31599999999997"
"1840",2044,21,"456.90100000000001","UN","456.90100000000001","456.90100000000001"
"1841",2044,22,"481.09550000000002","UN","481.09550000000002","481.09550000000002"
"1842",2044,23,"493.81049999999999","UN","493.81049999999999","493.81049999999999"
"1843",2044,24,"503.52949999999998","UN","503.52949999999998","503.52949999999998"
"1844",2044,25,"520.22199999999998","UN","520.22199999999998","520.22199999999998"
"1845",2044,26,"540.26949999999999","UN","540.26949999999999","540.26949999999999"
"1846",2044,27,"555.8845","UN","555.8845","555.8845"
"1847",2044,28,"564.2165","UN","564.2165","564.2165"
"1848",2044,29,"571.79049999999995","UN","571.79049999999995","571.79049999999995"
"1849",2044,30,"578.78150000000005","UN","578.78150000000005","578.78150000000005"
"1850",2044,31,"589.79650000000004","UN","589.79650000000004","589.79650000000004"
"1851",2044,32,"601.81050000000005","UN","601.81050000000005","601.81050000000005"
"1852",2044,33,"611.25350000000003","UN","611.25350000000003","611.25350000000003"
"1853",2044,34,"621.279","UN","621.279","621.279"
"1854",2044,35,"627.14549999999997","UN","627.14549999999997","627.14549999999997"
"1855",2044,36,"628.27499999999998","UN","628.27499999999998","628.27499999999998"
"1856",2044,37,"625.52049999999997","UN","625.52049999999997","625.52049999999997"
"1857",2044,38,"619.29","UN","619.29","619.29"
"1858",2044,39,"612.49300000000005","UN","612.49300000000005","612.49300000000005"
"1859",2044,40,"602.35550000000001","UN","602.35550000000001","602.35550000000001"
"1860",2044,41,"586.1585","UN","586.1585","586.1585"
"1861",2044,42,"577.21349999999995","UN","577.21349999999995","577.21349999999995"
"1862",2044,43,"579.71500000000003","UN","579.71500000000003","579.71500000000003"
"1863",2044,44,"579.58150000000001","UN","579.58150000000001","579.58150000000001"
"1864",2044,45,"577.76750000000004","UN","577.76750000000004","577.76750000000004"
"1865",2044,46,"576.58900000000006","UN","576.58900000000006","576.58900000000006"
"1866",2044,47,"575.61699999999996","UN","575.61699999999996","575.61699999999996"
"1867",2044,48,"578.10050000000001","UN","578.10050000000001","578.10050000000001"
"1868",2044,49,"581.72500000000002","UN","581.72500000000002","581.72500000000002"
"1869",2044,50,"591.21299999999997","UN","591.21299999999997","591.21299999999997"
"1870",2044,51,"615.27650000000006","UN","615.27650000000006","615.27650000000006"
"1871",2044,52,"634.20249999999999","UN","634.20249999999999","634.20249999999999"
"1872",2044,53,"643.56899999999996","UN","643.56899999999996","643.56899999999996"
"1873",2044,54,"647.88099999999997","UN","647.88099999999997","647.88099999999997"
"1874",2044,55,"654.59749999999997","UN","654.59749999999997","654.59749999999997"
"1875",2044,56,"640.26800000000003","UN","640.26800000000003","640.26800000000003"
"1876",2044,57,"625.63649999999996","UN","625.63649999999996","625.63649999999996"
"1877",2044,58,"639.24800000000005","UN","639.24800000000005","639.24800000000005"
"1878",2044,59,"652.91499999999996","UN","652.91499999999996","652.91499999999996"
"1879",2044,60,"668.63699999999994","UN","668.63699999999994","668.63699999999994"
"1880",2044,61,"686.39049999999997","UN","686.39049999999997","686.39049999999997"
"1881",2044,62,"708.1585","UN","708.1585","708.1585"
"1882",2044,63,"719.24300000000005","UN","719.24300000000005","719.24300000000005"
"1883",2044,64,"729.60749999999996","UN","729.60749999999996","729.60749999999996"
"1884",2044,65,"751.39350000000002","UN","751.39350000000002","751.39350000000002"
"1885",2044,66,"778.55150000000003","UN","778.55150000000003","778.55150000000003"
"1886",2044,67,"806.51549999999997","UN","806.51549999999997","806.51549999999997"
"1887",2044,68,"834.745","UN","834.745","834.745"
"1888",2044,69,"857.92750000000001","UN","857.92750000000001","857.92750000000001"
"1889",2044,70,"864.90200000000004","UN","864.90200000000004","864.90200000000004"
"1890",2044,71,"863.31849999999997","UN","863.31849999999997","863.31849999999997"
"1891",2044,72,"864.24699999999996","UN","864.24699999999996","864.24699999999996"
"1892",2044,73,"858.03549999999996","UN","858.03549999999996","858.03549999999996"
"1893",2044,74,"844.67600000000004","UN","844.67600000000004","844.67600000000004"
"1894",2044,75,"843.86249999999995","UN","843.86249999999995","843.86249999999995"
"1895",2044,76,"837.62750000000005","UN","837.62750000000005","837.62750000000005"
"1896",2044,77,"818.81899999999996","UN","818.81899999999996","818.81899999999996"
"1897",2044,78,"809.93700000000001","UN","809.93700000000001","809.93700000000001"
"1898",2044,79,"790.98850000000004","UN","790.98850000000004","790.98850000000004"
"1899",2044,80,"752.89049999999997","UN","752.89049999999997","752.89049999999997"
"1900",2044,81,"709.72050000000002","UN","709.72050000000002","709.72050000000002"
"1901",2044,82,"657.78250000000003","UN","657.78250000000003","657.78250000000003"
"1902",2044,83,"617.19000000000005","UN","617.19000000000005","617.19000000000005"
"1903",2044,84,"577.88199999999995","UN","577.88199999999995","577.88199999999995"
"1904",2044,85,"523.85350000000005","UN","523.85350000000005","523.85350000000005"
"1905",2044,86,"469.85500000000002","UN","469.85500000000002","469.85500000000002"
"1906",2044,87,"427.49250000000001","UN","427.49250000000001","427.49250000000001"
"1907",2044,88,"389.85950000000003","UN","389.85950000000003","389.85950000000003"
"1908",2044,89,"338.59800000000001","UN","338.59800000000001","338.59800000000001"
"1909",2044,90,"290.3775","UN","290.3775","290.3775"
"1910",2044,91,"246.82849999999999","UN","246.82849999999999","246.82849999999999"
"1911",2044,92,"209.24299999999999","UN","209.24299999999999","209.24299999999999"
"1912",2044,93,"176.233","UN","176.233","176.233"
"1913",2044,94,"145.71250000000001","UN","145.71250000000001","145.71250000000001"
"1914",2044,95,"117.1835","UN","117.1835","117.1835"
"1915",2044,96,"89.658000000000001","UN","89.658000000000001","89.658000000000001"
"1916",2044,97,"64.022499999999994","UN","64.022499999999994","64.022499999999994"
"1917",2044,98,"41.762500000000003","UN","41.762500000000003","41.762500000000003"
"1918",2044,99,"26.776499999999999","UN","26.776499999999999","26.776499999999999"
"1919",2044,100,"43.691499999999998","UN","43.691499999999998","43.691499999999998"
"1920",2045,0,"371.69549999999998","UN","371.69549999999998","513.06399999999996"
"1921",2045,1,"376.358","UN","376.358","518.97349999999994"
"1922",2045,2,"380.06549999999999","UN","380.06549999999999","523.90899999999999"
"1923",2045,3,"382.93549999999999","UN","382.93549999999999","527.84649999999999"
"1924",2045,4,"385.2765","UN","385.2765","531.08199999999999"
"1925",2045,5,"386.92950000000002","UN","386.92950000000002","533.46"
"1926",2045,6,"387.875","UN","387.875","534.89750000000004"
"1927",2045,7,"387.93299999999999","UN","387.93299999999999","535.22299999999996"
"1928",2045,8,"387.28100000000001","UN","387.28100000000001","534.67499999999995"
"1929",2045,9,"386.09249999999997","UN","386.09249999999997","533.51"
"1930",2045,10,"384.96249999999998","UN","384.96249999999998","532.41399999999999"
"1931",2045,11,"384.06200000000001","UN","384.06200000000001","516.84649999999999"
"1932",2045,12,"383.459","UN","383.459","501.68349999999998"
"1933",2045,13,"383.38049999999998","UN","383.38049999999998","501.99650000000003"
"1934",2045,14,"383.70800000000003","UN","383.70800000000003","502.93650000000002"
"1935",2045,15,"384.93400000000003","UN","384.93400000000003","504.94"
"1936",2045,16,"388.09350000000001","UN","388.09350000000001","486.27050000000003"
"1937",2045,17,"393.97750000000002","UN","393.97750000000002","470.29700000000003"
"1938",2045,18,"402.99700000000001","UN","402.99700000000001","480.14249999999998"
"1939",2045,19,"416.18150000000003","UN","416.18150000000003","494.22"
"1940",2045,20,"432.3485","UN","432.3485","511.32749999999999"
"1941",2045,21,"447.69200000000001","UN","447.69200000000001","487.41849999999999"
"1942",2045,22,"468.3845","UN","468.3845","468.3845"
"1943",2045,23,"489.53","UN","489.53","489.53"
"1944",2045,24,"498.77499999999998","UN","498.77499999999998","498.77499999999998"
"1945",2045,25,"505.41449999999998","UN","505.41449999999998","505.41449999999998"
"1946",2045,26,"519.78750000000002","UN","519.78750000000002","519.78750000000002"
"1947",2045,27,"538.30600000000004","UN","538.30600000000004","538.30600000000004"
"1948",2045,28,"553.03750000000002","UN","553.03750000000002","553.03750000000002"
"1949",2045,29,"560.94749999999999","UN","560.94749999999999","560.94749999999999"
"1950",2045,30,"568.399","UN","568.399","568.399"
"1951",2045,31,"575.44849999999997","UN","575.44849999999997","575.44849999999997"
"1952",2045,32,"586.62400000000002","UN","586.62400000000002","586.62400000000002"
"1953",2045,33,"598.84950000000003","UN","598.84950000000003","598.84950000000003"
"1954",2045,34,"608.52599999999995","UN","608.52599999999995","608.52599999999995"
"1955",2045,35,"618.7835","UN","618.7835","618.7835"
"1956",2045,36,"624.87049999999999","UN","624.87049999999999","624.87049999999999"
"1957",2045,37,"626.20600000000002","UN","626.20600000000002","626.20600000000002"
"1958",2045,38,"623.63599999999997","UN","623.63599999999997","623.63599999999997"
"1959",2045,39,"617.57150000000001","UN","617.57150000000001","617.57150000000001"
"1960",2045,40,"610.92150000000004","UN","610.92150000000004","610.92150000000004"
"1961",2045,41,"600.91449999999998","UN","600.91449999999998","600.91449999999998"
"1962",2045,42,"584.83399999999995","UN","584.83399999999995","584.83399999999995"
"1963",2045,43,"575.98800000000006","UN","575.98800000000006","575.98800000000006"
"1964",2045,44,"578.56150000000002","UN","578.56150000000002","578.56150000000002"
"1965",2045,45,"578.48299999999995","UN","578.48299999999995","578.48299999999995"
"1966",2045,46,"576.71100000000001","UN","576.71100000000001","576.71100000000001"
"1967",2045,47,"575.56449999999995","UN","575.56449999999995","575.56449999999995"
"1968",2045,48,"574.61749999999995","UN","574.61749999999995","574.61749999999995"
"1969",2045,49,"577.10799999999995","UN","577.10799999999995","577.10799999999995"
"1970",2045,50,"580.72199999999998","UN","580.72199999999998","580.72199999999998"
"1971",2045,51,"590.17650000000003","UN","590.17650000000003","590.17650000000003"
"1972",2045,52,"614.16999999999996","UN","614.16999999999996","614.16999999999996"
"1973",2045,53,"633.01850000000002","UN","633.01850000000002","633.01850000000002"
"1974",2045,54,"642.30899999999997","UN","642.30899999999997","642.30899999999997"
"1975",2045,55,"646.53399999999999","UN","646.53399999999999","646.53399999999999"
"1976",2045,56,"653.13549999999998","UN","653.13549999999998","653.13549999999998"
"1977",2045,57,"638.726","UN","638.726","638.726"
"1978",2045,58,"624.01199999999994","UN","624.01199999999994","624.01199999999994"
"1979",2045,59,"637.45100000000002","UN","637.45100000000002","637.45100000000002"
"1980",2045,60,"650.91800000000001","UN","650.91800000000001","650.91800000000001"
"1981",2045,61,"666.41549999999995","UN","666.41549999999995","666.41549999999995"
"1982",2045,62,"683.923","UN","683.923","683.923"
"1983",2045,63,"705.38250000000005","UN","705.38250000000005","705.38250000000005"
"1984",2045,64,"716.14499999999998","UN","716.14499999999998","716.14499999999998"
"1985",2045,65,"726.18150000000003","UN","726.18150000000003","726.18150000000003"
"1986",2045,66,"747.55100000000004","UN","747.55100000000004","747.55100000000004"
"1987",2045,67,"774.1875","UN","774.1875","774.1875"
"1988",2045,68,"801.57349999999997","UN","801.57349999999997","801.57349999999997"
"1989",2045,69,"829.16099999999994","UN","829.16099999999994","829.16099999999994"
"1990",2045,70,"851.62350000000004","UN","851.62350000000004","851.62350000000004"
"1991",2045,71,"857.83100000000002","UN","857.83100000000002","857.83100000000002"
"1992",2045,72,"855.43899999999996","UN","855.43899999999996","855.43899999999996"
"1993",2045,73,"855.47749999999996","UN","855.47749999999996","855.47749999999996"
"1994",2045,74,"848.37099999999998","UN","848.37099999999998","848.37099999999998"
"1995",2045,75,"834.12","UN","834.12","834.12"
"1996",2045,76,"832.03949999999998","UN","832.03949999999998","832.03949999999998"
"1997",2045,77,"824.50800000000004","UN","824.50800000000004","824.50800000000004"
"1998",2045,78,"804.33100000000002","UN","804.33100000000002","804.33100000000002"
"1999",2045,79,"793.54949999999997","UN","793.54949999999997","793.54949999999997"
"2000",2045,80,"772.50699999999995","UN","772.50699999999995","772.50699999999995"
"2001",2045,81,"732.43499999999995","UN","732.43499999999995","732.43499999999995"
"2002",2045,82,"687.21450000000004","UN","687.21450000000004","687.21450000000004"
"2003",2045,83,"633.44200000000001","UN","633.44200000000001","633.44200000000001"
"2004",2045,84,"590.47349999999994","UN","590.47349999999994","590.47349999999994"
"2005",2045,85,"548.56050000000005","UN","548.56050000000005","548.56050000000005"
"2006",2045,86,"492.72","UN","492.72","492.72"
"2007",2045,87,"437.25","UN","437.25","437.25"
"2008",2045,88,"392.86250000000001","UN","392.86250000000001","392.86250000000001"
"2009",2045,89,"353.12400000000002","UN","353.12400000000002","353.12400000000002"
"2010",2045,90,"301.91849999999999","UN","301.91849999999999","301.91849999999999"
"2011",2045,91,"254.57249999999999","UN","254.57249999999999","254.57249999999999"
"2012",2045,92,"212.43450000000001","UN","212.43450000000001","212.43450000000001"
"2013",2045,93,"176.34649999999999","UN","176.34649999999999","176.34649999999999"
"2014",2045,94,"144.98349999999999","UN","144.98349999999999","144.98349999999999"
"2015",2045,95,"116.6895","UN","116.6895","116.6895"
"2016",2045,96,"91.061999999999998","UN","91.061999999999998","91.061999999999998"
"2017",2045,97,"67.415000000000006","UN","67.415000000000006","67.415000000000006"
"2018",2045,98,"46.491999999999997","UN","46.491999999999997","46.491999999999997"
"2019",2045,99,"29.233499999999999","UN","29.233499999999999","29.233499999999999"
"2020",2045,100,"44.712499999999999","UN","44.712499999999999","44.712499999999999"
"2021",2046,0,"367.11399999999998","UN","367.11399999999998","507.26799999999997"
"2022",2046,1,"372.661","UN","372.661","513.99749999999995"
"2023",2046,2,"377.2885","UN","377.2885","519.89200000000005"
"2024",2046,3,"380.92599999999999","UN","380.92599999999999","524.7645"
"2025",2046,4,"383.72300000000001","UN","383.72300000000001","528.62850000000003"
"2026",2046,5,"385.99799999999999","UN","385.99799999999999","531.79899999999998"
"2027",2046,6,"387.59249999999997","UN","387.59249999999997","534.11900000000003"
"2028",2046,7,"388.48500000000001","UN","388.48500000000001","535.50400000000002"
"2029",2046,8,"388.49400000000003","UN","388.49400000000003","535.78"
"2030",2046,9,"387.79700000000003","UN","387.79700000000003","535.18600000000004"
"2031",2046,10,"386.56900000000002","UN","386.56900000000002","533.98149999999998"
"2032",2046,11,"385.40249999999997","UN","385.40249999999997","532.84849999999994"
"2033",2046,12,"384.46949999999998","UN","384.46949999999998","517.24950000000001"
"2034",2046,13,"383.83749999999998","UN","383.83749999999998","502.05799999999999"
"2035",2046,14,"383.77100000000002","UN","383.77100000000002","502.38049999999998"
"2036",2046,15,"384.39800000000002","UN","384.39800000000002","503.61900000000003"
"2037",2046,16,"386.78050000000002","UN","386.78050000000002","506.77699999999999"
"2038",2046,17,"392.31349999999998","UN","392.31349999999998","490.48099999999999"
"2039",2046,18,"401.3895","UN","401.3895","477.70049999999998"
"2040",2046,19,"413.52699999999999","UN","413.52699999999999","490.66149999999999"
"2041",2046,20,"428.8415","UN","428.8415","506.86750000000001"
"2042",2046,21,"445.38650000000001","UN","445.38650000000001","524.35249999999996"
"2043",2046,22,"459.1155","UN","459.1155","498.83550000000002"
"2044",2046,23,"476.77850000000001","UN","476.77850000000001","476.77850000000001"
"2045",2046,24,"494.47449999999998","UN","494.47449999999998","494.47449999999998"
"2046",2046,25,"500.6585","UN","500.6585","500.6585"
"2047",2046,26,"504.99400000000003","UN","504.99400000000003","504.99400000000003"
"2048",2046,27,"517.84849999999994","UN","517.84849999999994","517.84849999999994"
"2049",2046,28,"535.48800000000006","UN","535.48800000000006","535.48800000000006"
"2050",2046,29,"549.798","UN","549.798","549.798"
"2051",2046,30,"557.58550000000002","UN","557.58550000000002","557.58550000000002"
"2052",2046,31,"565.096","UN","565.096","565.096"
"2053",2046,32,"572.30449999999996","UN","572.30449999999996","572.30449999999996"
"2054",2046,33,"583.69050000000004","UN","583.69050000000004","583.69050000000004"
"2055",2046,34,"596.14750000000004","UN","596.14750000000004","596.14750000000004"
"2056",2046,35,"606.05449999999996","UN","606.05449999999996","606.05449999999996"
"2057",2046,36,"616.53049999999996","UN","616.53049999999996","616.53049999999996"
"2058",2046,37,"622.82000000000005","UN","622.82000000000005","622.82000000000005"
"2059",2046,38,"624.33849999999995","UN","624.33849999999995","624.33849999999995"
"2060",2046,39,"621.93150000000003","UN","621.93150000000003","621.93150000000003"
"2061",2046,40,"616.01300000000003","UN","616.01300000000003","616.01300000000003"
"2062",2046,41,"609.49","UN","609.49","609.49"
"2063",2046,42,"599.596","UN","599.596","599.596"
"2064",2046,43,"583.61749999999995","UN","583.61749999999995","583.61749999999995"
"2065",2046,44,"574.85","UN","574.85","574.85"
"2066",2046,45,"577.47749999999996","UN","577.47749999999996","577.47749999999996"
"2067",2046,46,"577.44050000000004","UN","577.44050000000004","577.44050000000004"
"2068",2046,47,"575.70050000000003","UN","575.70050000000003","575.70050000000003"
"2069",2046,48,"574.57749999999999","UN","574.57749999999999","574.57749999999999"
"2070",2046,49,"573.64200000000005","UN","573.64200000000005","573.64200000000005"
"2071",2046,50,"576.12450000000001","UN","576.12450000000001","576.12450000000001"
"2072",2046,51,"579.71349999999995","UN","579.71349999999995","579.71349999999995"
"2073",2046,52,"589.12099999999998","UN","589.12099999999998","589.12099999999998"
"2074",2046,53,"613.03549999999996","UN","613.03549999999996","613.03549999999996"
"2075",2046,54,"631.79700000000003","UN","631.79700000000003","631.79700000000003"
"2076",2046,55,"640.99350000000004","UN","640.99350000000004","640.99350000000004"
"2077",2046,56,"645.11099999999999","UN","645.11099999999999","645.11099999999999"
"2078",2046,57,"651.59050000000002","UN","651.59050000000002","651.59050000000002"
"2079",2046,58,"637.09799999999996","UN","637.09799999999996","637.09799999999996"
"2080",2046,59,"622.28800000000001","UN","622.28800000000001","622.28800000000001"
"2081",2046,60,"635.53499999999997","UN","635.53499999999997","635.53499999999997"
"2082",2046,61,"648.79449999999997","UN","648.79449999999997","648.79449999999997"
"2083",2046,62,"664.0625","UN","664.0625","664.0625"
"2084",2046,63,"681.28899999999999","UN","681.28899999999999","681.28899999999999"
"2085",2046,64,"702.40200000000004","UN","702.40200000000004","702.40200000000004"
"2086",2046,65,"712.84400000000005","UN","712.84400000000005","712.84400000000005"
"2087",2046,66,"722.53200000000004","UN","722.53200000000004","722.53200000000004"
"2088",2046,67,"743.43949999999995","UN","743.43949999999995","743.43949999999995"
"2089",2046,68,"769.53200000000004","UN","769.53200000000004","769.53200000000004"
"2090",2046,69,"796.31200000000001","UN","796.31200000000001","796.31200000000001"
"2091",2046,70,"823.17949999999996","UN","823.17949999999996","823.17949999999996"
"2092",2046,71,"844.78800000000001","UN","844.78800000000001","844.78800000000001"
"2093",2046,72,"850.14400000000001","UN","850.14400000000001","850.14400000000001"
"2094",2046,73,"846.90750000000003","UN","846.90750000000003","846.90750000000003"
"2095",2046,74,"846.01149999999996","UN","846.01149999999996","846.01149999999996"
"2096",2046,75,"837.9665","UN","837.9665","837.9665"
"2097",2046,76,"822.64350000000002","UN","822.64350000000002","822.64350000000002"
"2098",2046,77,"819.23699999999997","UN","819.23699999999997","819.23699999999997"
"2099",2046,78,"810.18449999999996","UN","810.18449999999996","810.18449999999996"
"2100",2046,79,"788.34349999999995","UN","788.34349999999995","788.34349999999995"
"2101",2046,80,"775.31600000000003","UN","775.31600000000003","775.31600000000003"
"2102",2046,81,"751.84849999999994","UN","751.84849999999994","751.84849999999994"
"2103",2046,82,"709.56600000000003","UN","709.56600000000003","709.56600000000003"
"2104",2046,83,"662.14599999999996","UN","662.14599999999996","662.14599999999996"
"2105",2046,84,"606.40750000000003","UN","606.40750000000003","606.40750000000003"
"2106",2046,85,"560.91499999999996","UN","560.91499999999996","560.91499999999996"
"2107",2046,86,"516.35199999999998","UN","516.35199999999998","516.35199999999998"
"2108",2046,87,"458.9085","UN","458.9085","458.9085"
"2109",2046,88,"402.21","UN","402.21","402.21"
"2110",2046,89,"356.19349999999997","UN","356.19349999999997","356.19349999999997"
"2111",2046,90,"315.18799999999999","UN","315.18799999999999","315.18799999999999"
"2112",2046,91,"264.99799999999999","UN","264.99799999999999","264.99799999999999"
"2113",2046,92,"219.37350000000001","UN","219.37350000000001","219.37350000000001"
"2114",2046,93,"179.2715","UN","179.2715","179.2715"
"2115",2046,94,"145.2645","UN","145.2645","145.2645"
"2116",2046,95,"116.2585","UN","116.2585","116.2585"
"2117",2046,96,"90.798000000000002","UN","90.798000000000002","90.798000000000002"
"2118",2046,97,"68.561999999999998","UN","68.561999999999998","68.561999999999998"
"2119",2046,98,"49.017499999999998","UN","49.017499999999998","49.017499999999998"
"2120",2046,99,"32.584000000000003","UN","32.584000000000003","32.584000000000003"
"2121",2046,100,"47.058500000000002","UN","47.058500000000002","47.058500000000002"
"2122",2047,0,"361.91399999999999","UN","361.91399999999999","500.98649999999998"
"2123",2047,1,"368.04500000000002","UN","368.04500000000002","508.16750000000002"
"2124",2047,2,"373.5575","UN","373.5575","514.88300000000004"
"2125",2047,3,"378.11799999999999","UN","378.11799999999999","520.71699999999998"
"2126",2047,4,"381.685","UN","381.685","525.51850000000002"
"2127",2047,5,"384.41950000000003","UN","384.41950000000003","529.31949999999995"
"2128",2047,6,"386.63749999999999","UN","386.63749999999999","532.43449999999996"
"2129",2047,7,"388.18150000000003","UN","388.18150000000003","534.70299999999997"
"2130",2047,8,"389.02600000000001","UN","389.02600000000001","536.04049999999995"
"2131",2047,9,"388.99200000000002","UN","388.99200000000002","536.27300000000002"
"2132",2047,10,"388.25599999999997","UN","388.25599999999997","535.64099999999996"
"2133",2047,11,"386.99299999999999","UN","386.99299999999999","534.4"
"2134",2047,12,"385.7955","UN","385.7955","533.23649999999998"
"2135",2047,13,"384.83449999999999","UN","384.83449999999999","517.60950000000003"
"2136",2047,14,"384.21499999999997","UN","384.21499999999997","502.42950000000002"
"2137",2047,15,"384.44600000000003","UN","384.44600000000003","503.04899999999998"
"2138",2047,16,"386.22149999999999","UN","386.22149999999999","505.43299999999999"
"2139",2047,17,"390.96","UN","390.96","510.94450000000001"
"2140",2047,18,"399.66050000000001","UN","399.66050000000001","497.81599999999997"
"2141",2047,19,"411.83","UN","411.83","488.13"
"2142",2047,20,"426.07900000000001","UN","426.07900000000001","503.20249999999999"
"2143",2047,21,"441.76549999999997","UN","441.76549999999997","519.78"
"2144",2047,22,"456.702","UN","456.702","535.65499999999997"
"2145",2047,23,"467.416","UN","467.416","507.13"
"2146",2047,24,"481.64749999999998","UN","481.64749999999998","481.64749999999998"
"2147",2047,25,"496.29700000000003","UN","496.29700000000003","496.29700000000003"
"2148",2047,26,"500.19150000000002","UN","500.19150000000002","500.19150000000002"
"2149",2047,27,"503.02100000000002","UN","503.02100000000002","503.02100000000002"
"2150",2047,28,"515.00450000000001","UN","515.00450000000001","515.00450000000001"
"2151",2047,29,"532.22749999999996","UN","532.22749999999996","532.22749999999996"
"2152",2047,30,"546.41800000000001","UN","546.41800000000001","546.41800000000001"
"2153",2047,31,"554.26850000000002","UN","554.26850000000002","554.26850000000002"
"2154",2047,32,"561.93949999999995","UN","561.93949999999995","561.93949999999995"
"2155",2047,33,"569.36199999999997","UN","569.36199999999997","569.36199999999997"
"2156",2047,34,"580.98099999999999","UN","580.98099999999999","580.98099999999999"
"2157",2047,35,"593.66999999999996","UN","593.66999999999996","593.66999999999996"
"2158",2047,36,"603.79700000000003","UN","603.79700000000003","603.79700000000003"
"2159",2047,37,"614.47500000000002","UN","614.47500000000002","614.47500000000002"
"2160",2047,38,"620.94749999999999","UN","620.94749999999999","620.94749999999999"
"2161",2047,39,"622.62900000000002","UN","622.62900000000002","622.62900000000002"
"2162",2047,40,"620.36699999999996","UN","620.36699999999996","620.36699999999996"
"2163",2047,41,"614.57550000000003","UN","614.57550000000003","614.57550000000003"
"2164",2047,42,"608.16549999999995","UN","608.16549999999995","608.16549999999995"
"2165",2047,43,"598.37","UN","598.37","598.37"
"2166",2047,44,"582.47500000000002","UN","582.47500000000002","582.47500000000002"
"2167",2047,45,"573.76949999999999","UN","573.76949999999999","573.76949999999999"
"2168",2047,46,"576.4375","UN","576.4375","576.4375"
"2169",2047,47,"576.4325","UN","576.4325","576.4325"
"2170",2047,48,"574.71600000000001","UN","574.71600000000001","574.71600000000001"
"2171",2047,49,"573.60550000000001","UN","573.60550000000001","573.60550000000001"
"2172",2047,50,"572.66700000000003","UN","572.66700000000003","572.66700000000003"
"2173",2047,51,"575.12649999999996","UN","575.12649999999996","575.12649999999996"
"2174",2047,52,"578.67899999999997","UN","578.67899999999997","578.67899999999997"
"2175",2047,53,"588.0335","UN","588.0335","588.0335"
"2176",2047,54,"611.85799999999995","UN","611.85799999999995","611.85799999999995"
"2177",2047,55,"630.51549999999997","UN","630.51549999999997","630.51549999999997"
"2178",2047,56,"639.59749999999997","UN","639.59749999999997","639.59749999999997"
"2179",2047,57,"643.60249999999996","UN","643.60249999999996","643.60249999999996"
"2180",2047,58,"649.95150000000001","UN","649.95150000000001","649.95150000000001"
"2181",2047,59,"635.36249999999995","UN","635.36249999999995","635.36249999999995"
"2182",2047,60,"620.44500000000005","UN","620.44500000000005","620.44500000000005"
"2183",2047,61,"633.49249999999995","UN","633.49249999999995","633.49249999999995"
"2184",2047,62,"646.5385","UN","646.5385","646.5385"
"2185",2047,63,"661.54549999999995","UN","661.54549999999995","661.54549999999995"
"2186",2047,64,"678.45500000000004","UN","678.45500000000004","678.45500000000004"
"2187",2047,65,"699.22149999999999","UN","699.22149999999999","699.22149999999999"
"2188",2047,66,"709.32249999999999","UN","709.32249999999999","709.32249999999999"
"2189",2047,67,"718.62099999999998","UN","718.62099999999998","718.62099999999998"
"2190",2047,68,"739.048","UN","739.048","739.048"
"2191",2047,69,"764.57","UN","764.57","764.57"
"2192",2047,70,"790.67049999999995","UN","790.67049999999995","790.67049999999995"
"2193",2047,71,"816.68700000000001","UN","816.68700000000001","816.68700000000001"
"2194",2047,72,"837.35050000000001","UN","837.35050000000001","837.35050000000001"
"2195",2047,73,"841.81399999999996","UN","841.81399999999996","841.81399999999996"
"2196",2047,74,"837.69200000000001","UN","837.69200000000001","837.69200000000001"
"2197",2047,75,"835.81449999999995","UN","835.81449999999995","835.81449999999995"
"2198",2047,76,"826.64949999999999","UN","826.64949999999999","826.64949999999999"
"2199",2047,77,"810.21249999999998","UN","810.21249999999998","810.21249999999998"
"2200",2047,78,"805.25199999999995","UN","805.25199999999995","805.25199999999995"
"2201",2047,79,"794.36800000000005","UN","794.36800000000005","794.36800000000005"
"2202",2047,80,"770.54049999999995","UN","770.54049999999995","770.54049999999995"
"2203",2047,81,"754.91399999999999","UN","754.91399999999999","754.91399999999999"
"2204",2047,82,"728.72699999999998","UN","728.72699999999998","728.72699999999998"
"2205",2047,83,"684.06200000000001","UN","684.06200000000001","684.06200000000001"
"2206",2047,84,"634.26800000000003","UN","634.26800000000003","634.26800000000003"
"2207",2047,85,"576.45299999999997","UN","576.45299999999997","576.45299999999997"
"2208",2047,86,"528.39350000000002","UN","528.39350000000002","528.39350000000002"
"2209",2047,87,"481.31650000000002","UN","481.31650000000002","481.31650000000002"
"2210",2047,88,"422.51049999999998","UN","422.51049999999998","422.51049999999998"
"2211",2047,89,"365.04","UN","365.04","365.04"
"2212",2047,90,"318.26100000000002","UN","318.26100000000002","318.26100000000002"
"2213",2047,91,"276.94","UN","276.94","276.94"
"2214",2047,92,"228.637","UN","228.637","228.637"
"2215",2047,93,"185.369","UN","185.369","185.369"
"2216",2047,94,"147.87299999999999","UN","147.87299999999999","147.87299999999999"
"2217",2047,95,"116.63800000000001","UN","116.63800000000001","116.63800000000001"
"2218",2047,96,"90.582999999999998","UN","90.582999999999998","90.582999999999998"
"2219",2047,97,"68.451999999999998","UN","68.451999999999998","68.451999999999998"
"2220",2047,98,"49.916499999999999","UN","49.916499999999999","49.916499999999999"
"2221",2047,99,"34.396000000000001","UN","34.396000000000001","34.396000000000001"
"2222",2047,100,"50.86","UN","50.86","50.86"
"2223",2048,0,"356.79849999999999","UN","356.79849999999999","495.0095"
"2224",2048,1,"362.8485","UN","362.8485","501.89"
"2225",2048,2,"368.9425","UN","368.9425","509.05500000000001"
"2226",2048,3,"374.38799999999998","UN","374.38799999999998","515.70899999999995"
"2227",2048,4,"378.87849999999997","UN","378.87849999999997","521.47199999999998"
"2228",2048,5,"382.38249999999999","UN","382.38249999999999","526.21050000000002"
"2229",2048,6,"385.06","UN","385.06","529.95600000000002"
"2230",2048,7,"387.22699999999998","UN","387.22699999999998","533.01949999999999"
"2231",2048,8,"388.72300000000001","UN","388.72300000000001","535.2405"
"2232",2048,9,"389.52499999999998","UN","389.52499999999998","536.53449999999998"
"2233",2048,10,"389.45100000000002","UN","389.45100000000002","536.72749999999996"
"2234",2048,11,"388.68049999999999","UN","388.68049999999999","536.06050000000005"
"2235",2048,12,"387.38650000000001","UN","387.38650000000001","534.7885"
"2236",2048,13,"386.161","UN","386.161","533.59649999999999"
"2237",2048,14,"385.21199999999999","UN","385.21199999999999","517.98099999999999"
"2238",2048,15,"384.88850000000002","UN","384.88850000000002","503.09649999999999"
"2239",2048,16,"386.26150000000001","UN","386.26150000000001","504.85399999999998"
"2240",2048,17,"390.37799999999999","UN","390.37799999999999","509.57850000000002"
"2241",2048,18,"398.26549999999997","UN","398.26549999999997","518.2355"
"2242",2048,19,"410.03949999999998","UN","410.03949999999998","508.1825"
"2243",2048,20,"424.30900000000003","UN","424.30900000000003","500.5985"
"2244",2048,21,"438.92899999999997","UN","438.92899999999997","516.04100000000005"
"2245",2048,22,"453.01850000000002","UN","453.01850000000002","531.02049999999997"
"2246",2048,23,"464.96050000000002","UN","464.96050000000002","543.90150000000006"
"2247",2048,24,"472.26650000000001","UN","472.26650000000001","511.97449999999998"
"2248",2048,25,"483.47250000000003","UN","483.47250000000003","483.47250000000003"
"2249",2048,26,"495.84649999999999","UN","495.84649999999999","495.84649999999999"
"2250",2048,27,"498.24400000000003","UN","498.24400000000003","498.24400000000003"
"2251",2048,28,"500.20949999999999","UN","500.20949999999999","500.20949999999999"
"2252",2048,29,"511.78","UN","511.78","511.78"
"2253",2048,30,"528.88400000000001","UN","528.88400000000001","528.88400000000001"
"2254",2048,31,"543.1345","UN","543.1345","543.1345"
"2255",2048,32,"551.14400000000001","UN","551.14400000000001","551.14400000000001"
"2256",2048,33,"559.02700000000004","UN","559.02700000000004","559.02700000000004"
"2257",2048,34,"566.68150000000003","UN","566.68150000000003","566.68150000000003"
"2258",2048,35,"578.53150000000005","UN","578.53150000000005","578.53150000000005"
"2259",2048,36,"591.43799999999999","UN","591.43799999999999","591.43799999999999"
"2260",2048,37,"601.76599999999996","UN","601.76599999999996","601.76599999999996"
"2261",2048,38,"612.62400000000002","UN","612.62400000000002","612.62400000000002"
"2262",2048,39,"619.25750000000005","UN","619.25750000000005","619.25750000000005"
"2263",2048,40,"621.08150000000001","UN","621.08150000000001","621.08150000000001"
"2264",2048,41,"618.94449999999995","UN","618.94449999999995","618.94449999999995"
"2265",2048,42,"613.26499999999999","UN","613.26499999999999","613.26499999999999"
"2266",2048,43,"606.94949999999994","UN","606.94949999999994","606.94949999999994"
"2267",2048,44,"597.23400000000004","UN","597.23400000000004","597.23400000000004"
"2268",2048,45,"581.40350000000001","UN","581.40350000000001","581.40350000000001"
"2269",2048,46,"572.74649999999997","UN","572.74649999999997","572.74649999999997"
"2270",2048,47,"575.44550000000004","UN","575.44550000000004","575.44550000000004"
"2271",2048,48,"575.46349999999995","UN","575.46349999999995","575.46349999999995"
"2272",2048,49,"573.7595","UN","573.7595","573.7595"
"2273",2048,50,"572.64499999999998","UN","572.64499999999998","572.64499999999998"
"2274",2048,51,"571.68849999999998","UN","571.68849999999998","571.68849999999998"
"2275",2048,52,"574.11500000000001","UN","574.11500000000001","574.11500000000001"
"2276",2048,53,"577.62400000000002","UN","577.62400000000002","577.62400000000002"
"2277",2048,54,"586.91650000000004","UN","586.91650000000004","586.91650000000004"
"2278",2048,55,"610.6345","UN","610.6345","610.6345"
"2279",2048,56,"629.16600000000005","UN","629.16600000000005","629.16600000000005"
"2280",2048,57,"638.12699999999995","UN","638.12699999999995","638.12699999999995"
"2281",2048,58,"642.01149999999996","UN","642.01149999999996","642.01149999999996"
"2282",2048,59,"648.21299999999997","UN","648.21299999999997","648.21299999999997"
"2283",2048,60,"633.51700000000005","UN","633.51700000000005","633.51700000000005"
"2284",2048,61,"618.48850000000004","UN","618.48850000000004","618.48850000000004"
"2285",2048,62,"631.33199999999999","UN","631.33199999999999","631.33199999999999"
"2286",2048,63,"644.13599999999997","UN","644.13599999999997","644.13599999999997"
"2287",2048,64,"658.84749999999997","UN","658.84749999999997","658.84749999999997"
"2288",2048,65,"675.44200000000001","UN","675.44200000000001","675.44200000000001"
"2289",2048,66,"695.83900000000006","UN","695.83900000000006","695.83900000000006"
"2290",2048,67,"705.55899999999997","UN","705.55899999999997","705.55899999999997"
"2291",2048,68,"714.45500000000004","UN","714.45500000000004","714.45500000000004"
"2292",2048,69,"734.37850000000003","UN","734.37850000000003","734.37850000000003"
"2293",2048,70,"759.26199999999994","UN","759.26199999999994","759.26199999999994"
"2294",2048,71,"784.55899999999997","UN","784.55899999999997","784.55899999999997"
"2295",2048,72,"809.63599999999997","UN","809.63599999999997","809.63599999999997"
"2296",2048,73,"829.30499999999995","UN","829.30499999999995","829.30499999999995"
"2297",2048,74,"832.83150000000001","UN","832.83150000000001","832.83150000000001"
"2298",2048,75,"827.78","UN","827.78","827.78"
"2299",2048,76,"824.73649999999998","UN","824.73649999999998","824.73649999999998"
"2300",2048,77,"814.40150000000006","UN","814.40150000000006","814.40150000000006"
"2301",2048,78,"796.64099999999996","UN","796.64099999999996","796.64099999999996"
"2302",2048,79,"789.81650000000002","UN","789.81650000000002","789.81650000000002"
"2303",2048,80,"776.75699999999995","UN","776.75699999999995","776.75699999999995"
"2304",2048,81,"750.61850000000004","UN","750.61850000000004","750.61850000000004"
"2305",2048,82,"732.07249999999999","UN","732.07249999999999","732.07249999999999"
"2306",2048,83,"702.9325","UN","702.9325","702.9325"
"2307",2048,84,"655.68399999999997","UN","655.68399999999997","655.68399999999997"
"2308",2048,85,"603.35599999999999","UN","603.35599999999999","603.35599999999999"
"2309",2048,86,"543.46550000000002","UN","543.46550000000002","543.46550000000002"
"2310",2048,87,"492.97949999999997","UN","492.97949999999997","492.97949999999997"
"2311",2048,88,"443.55599999999998","UN","443.55599999999998","443.55599999999998"
"2312",2048,89,"383.84899999999999","UN","383.84899999999999","383.84899999999999"
"2313",2048,90,"326.53699999999998","UN","326.53699999999998","326.53699999999998"
"2314",2048,91,"279.96499999999997","UN","279.96499999999997","279.96499999999997"
"2315",2048,92,"239.22","UN","239.22","239.22"
"2316",2048,93,"193.45249999999999","UN","193.45249999999999","193.45249999999999"
"2317",2048,94,"153.1155","UN","153.1155","153.1155"
"2318",2048,95,"118.9025","UN","118.9025","118.9025"
"2319",2048,96,"91.003500000000003","UN","91.003500000000003","91.003500000000003"
"2320",2048,97,"68.382999999999996","UN","68.382999999999996","68.382999999999996"
"2321",2048,98,"49.901499999999999","UN","49.901499999999999","49.901499999999999"
"2322",2048,99,"35.072000000000003","UN","35.072000000000003","35.072000000000003"
"2323",2048,100,"54.542999999999999","UN","54.542999999999999","54.542999999999999"
"2324",2049,0,"351.39299999999997","UN","351.39299999999997","489.08600000000001"
"2325",2049,1,"357.78199999999998","UN","357.78199999999998","495.964"
"2326",2049,2,"363.78949999999998","UN","363.78949999999998","502.82150000000001"
"2327",2049,3,"369.8125","UN","369.8125","509.92"
"2328",2049,4,"375.18400000000003","UN","375.18400000000003","516.49950000000001"
"2329",2049,5,"379.608","UN","379.608","522.197"
"2330",2049,6,"383.053","UN","383.053","526.87699999999995"
"2331",2049,7,"385.67599999999999","UN","385.67599999999999","530.56899999999996"
"2332",2049,8,"387.79399999999998","UN","387.79399999999998","533.58299999999997"
"2333",2049,9,"389.24450000000002","UN","389.24450000000002","535.75800000000004"
"2334",2049,10,"390.00599999999997","UN","390.00599999999997","537.01099999999997"
"2335",2049,11,"389.89550000000003","UN","389.89550000000003","537.16700000000003"
"2336",2049,12,"389.09249999999997","UN","389.09249999999997","536.46799999999996"
"2337",2049,13,"387.76949999999999","UN","387.76949999999999","535.16600000000005"
"2338",2049,14,"386.55500000000001","UN","386.55500000000001","533.98350000000005"
"2339",2049,15,"385.9","UN","385.9","518.66049999999996"
"2340",2049,16,"386.71249999999998","UN","386.71249999999998","504.911"
"2341",2049,17,"390.41699999999997","UN","390.41699999999997","508.99950000000001"
"2342",2049,18,"397.6705","UN","397.6705","516.85649999999998"
"2343",2049,19,"408.61950000000002","UN","408.61950000000002","528.57449999999994"
"2344",2049,20,"422.48750000000001","UN","422.48750000000001","520.61699999999996"
"2345",2049,21,"437.13249999999999","UN","437.13249999999999","513.41049999999996"
"2346",2049,22,"450.17450000000002","UN","450.17450000000002","527.274"
"2347",2049,23,"461.298","UN","461.298","539.28800000000001"
"2348",2049,24,"469.86200000000002","UN","469.86200000000002","548.79100000000005"
"2349",2049,25,"474.16800000000001","UN","474.16800000000001","513.87"
"2350",2049,26,"483.1155","UN","483.1155","483.1155"
"2351",2049,27,"493.99950000000001","UN","493.99950000000001","493.99950000000001"
"2352",2049,28,"495.53550000000001","UN","495.53550000000001","495.53550000000001"
"2353",2049,29,"497.08699999999999","UN","497.08699999999999","497.08699999999999"
"2354",2049,30,"508.53550000000001","UN","508.53550000000001","508.53550000000001"
"2355",2049,31,"525.69200000000001","UN","525.69200000000001","525.69200000000001"
"2356",2049,32,"540.09450000000004","UN","540.09450000000004","540.09450000000004"
"2357",2049,33,"548.30999999999995","UN","548.30999999999995","548.30999999999995"
"2358",2049,34,"556.41849999999999","UN","556.41849999999999","556.41849999999999"
"2359",2049,35,"564.29899999999998","UN","564.29899999999998","564.29899999999998"
"2360",2049,36,"576.36199999999997","UN","576.36199999999997","576.36199999999997"
"2361",2049,37,"589.46400000000006","UN","589.46400000000006","589.46400000000006"
"2362",2049,38,"599.96849999999995","UN","599.96849999999995","599.96849999999995"
"2363",2049,39,"610.98249999999996","UN","610.98249999999996","610.98249999999996"
"2364",2049,40,"617.75400000000002","UN","617.75400000000002","617.75400000000002"
"2365",2049,41,"619.69849999999997","UN","619.69849999999997","619.69849999999997"
"2366",2049,42,"617.66849999999999","UN","617.66849999999999","617.66849999999999"
"2367",2049,43,"612.08050000000003","UN","612.08050000000003","612.08050000000003"
"2368",2049,44,"605.8415","UN","605.8415","605.8415"
"2369",2049,45,"596.18399999999997","UN","596.18399999999997","596.18399999999997"
"2370",2049,46,"580.40549999999996","UN","580.40549999999996","580.40549999999996"
"2371",2049,47,"571.78800000000001","UN","571.78800000000001","571.78800000000001"
"2372",2049,48,"574.50699999999995","UN","574.50699999999995","574.50699999999995"
"2373",2049,49,"574.53549999999996","UN","574.53549999999996","574.53549999999996"
"2374",2049,50,"572.82650000000001","UN","572.82650000000001","572.82650000000001"
"2375",2049,51,"571.69399999999996","UN","571.69399999999996","571.69399999999996"
"2376",2049,52,"570.70950000000005","UN","570.70950000000005","570.70950000000005"
"2377",2049,53,"573.09450000000004","UN","573.09450000000004","573.09450000000004"
"2378",2049,54,"576.55200000000002","UN","576.55200000000002","576.55200000000002"
"2379",2049,55,"585.76649999999995","UN","585.76649999999995","585.76649999999995"
"2380",2049,56,"609.35649999999998","UN","609.35649999999998","609.35649999999998"
"2381",2049,57,"627.75400000000002","UN","627.75400000000002","627.75400000000002"
"2382",2049,58,"636.58450000000005","UN","636.58450000000005","636.58450000000005"
"2383",2049,59,"640.33299999999997","UN","640.33299999999997","640.33299999999997"
"2384",2049,60,"646.37249999999995","UN","646.37249999999995","646.37249999999995"
"2385",2049,61,"631.56600000000003","UN","631.56600000000003","631.56600000000003"
"2386",2049,62,"616.42849999999999","UN","616.42849999999999","616.42849999999999"
"2387",2049,63,"629.04","UN","629.04","629.04"
"2388",2049,64,"641.5675","UN","641.5675","641.5675"
"2389",2049,65,"655.98599999999999","UN","655.98599999999999","655.98599999999999"
"2390",2049,66,"672.24450000000002","UN","672.24450000000002","672.24450000000002"
"2391",2049,67,"692.23099999999999","UN","692.23099999999999","692.23099999999999"
"2392",2049,68,"701.5575","UN","701.5575","701.5575"
"2393",2049,69,"710.03250000000003","UN","710.03250000000003","710.03250000000003"
"2394",2049,70,"729.39049999999997","UN","729.39049999999997","729.39049999999997"
"2395",2049,71,"753.51800000000003","UN","753.51800000000003","753.51800000000003"
"2396",2049,72,"777.92600000000004","UN","777.92600000000004","777.92600000000004"
"2397",2049,73,"802.01300000000003","UN","802.01300000000003","802.01300000000003"
"2398",2049,74,"820.63350000000003","UN","820.63350000000003","820.63350000000003"
"2399",2049,75,"823.17399999999998","UN","823.17399999999998","823.17399999999998"
"2400",2049,76,"817.00750000000005","UN","817.00750000000005","817.00750000000005"
"2401",2049,77,"812.74400000000003","UN","812.74400000000003","812.74400000000003"
"2402",2049,78,"801.02300000000002","UN","801.02300000000002","801.02300000000002"
"2403",2049,79,"781.65200000000004","UN","781.65200000000004","781.65200000000004"
"2404",2049,80,"772.61500000000001","UN","772.61500000000001","772.61500000000001"
"2405",2049,81,"757.02850000000001","UN","757.02850000000001","757.02850000000001"
"2406",2049,82,"728.28700000000003","UN","728.28700000000003","728.28700000000003"
"2407",2049,83,"706.56","UN","706.56","706.56"
"2408",2049,84,"674.1925","UN","674.1925","674.1925"
"2409",2049,85,"624.16949999999997","UN","624.16949999999997","624.16949999999997"
"2410",2049,86,"569.26049999999998","UN","569.26049999999998","569.26049999999998"
"2411",2049,87,"507.48200000000003","UN","507.48200000000003","507.48200000000003"
"2412",2049,88,"454.74","UN","454.74","454.74"
"2413",2049,89,"403.37200000000001","UN","403.37200000000001","403.37200000000001"
"2414",2049,90,"343.73050000000001","UN","343.73050000000001","343.73050000000001"
"2415",2049,91,"287.59050000000002","UN","287.59050000000002","287.59050000000002"
"2416",2049,92,"242.1285","UN","242.1285","242.1285"
"2417",2049,93,"202.654","UN","202.654","202.654"
"2418",2049,94,"160.01","UN","160.01","160.01"
"2419",2049,95,"123.2925","UN","123.2925","123.2925"
"2420",2049,96,"92.903999999999996","UN","92.903999999999996","92.903999999999996"
"2421",2049,97,"68.793999999999997","UN","68.793999999999997","68.793999999999997"
"2422",2049,98,"49.917000000000002","UN","49.917000000000002","49.917000000000002"
"2423",2049,99,"35.106000000000002","UN","35.106000000000002","35.106000000000002"
"2424",2049,100,"57.348500000000001","UN","57.348500000000001","57.348500000000001"
"2425",2050,0,"345.52749999999997","UN","345.52749999999997","483.21199999999999"
"2426",2050,1,"352.31049999999999","UN","352.31049999999999","489.97550000000001"
"2427",2050,2,"358.66149999999999","UN","358.66149999999999","496.83300000000003"
"2428",2050,3,"364.60199999999998","UN","364.60199999999998","503.62950000000001"
"2429",2050,4,"370.55599999999998","UN","370.55599999999998","510.6585"
"2430",2050,5,"375.8655","UN","375.8655","517.17700000000002"
"2431",2050,6,"380.23450000000003","UN","380.23450000000003","522.81899999999996"
"2432",2050,7,"383.62849999999997","UN","383.62849999999997","527.44899999999996"
"2433",2050,8,"386.20549999999997","UN","386.20549999999997","531.09500000000003"
"2434",2050,9,"388.28050000000002","UN","388.28050000000002","534.06600000000003"
"2435",2050,10,"389.69450000000001","UN","389.69450000000001","536.20299999999997"
"2436",2050,11,"390.4205","UN","390.4205","537.42049999999995"
"2437",2050,12,"390.28050000000002","UN","390.28050000000002","537.54750000000001"
"2438",2050,13,"389.45049999999998","UN","389.45049999999998","536.81949999999995"
"2439",2050,14,"388.13900000000001","UN","388.13900000000001","535.52850000000001"
"2440",2050,15,"387.21699999999998","UN","387.21699999999998","534.63649999999996"
"2441",2050,16,"387.68700000000001","UN","387.68700000000001","520.43849999999998"
"2442",2050,17,"390.80900000000003","UN","390.80900000000003","508.99650000000003"
"2443",2050,18,"397.61750000000001","UN","397.61750000000001","516.18600000000004"
"2444",2050,19,"407.90199999999999","UN","407.90199999999999","527.07349999999997"
"2445",2050,20,"420.92149999999998","UN","420.92149999999998","540.8605"
"2446",2050,21,"435.15499999999997","UN","435.15499999999997","533.27"
"2447",2050,22,"448.22300000000001","UN","448.22300000000001","524.48850000000004"
"2448",2050,23,"458.31","UN","458.31","535.39800000000002"
"2449",2050,24,"466.072","UN","466.072","544.04949999999997"
"2450",2050,25,"471.65100000000001","UN","471.65100000000001","550.56799999999998"
"2451",2050,26,"473.71449999999999","UN","473.71449999999999","513.40949999999998"
"2452",2050,27,"481.18549999999999","UN","481.18549999999999","481.18549999999999"
"2453",2050,28,"491.2165","UN","491.2165","491.2165"
"2454",2050,29,"492.34649999999999","UN","492.34649999999999","492.34649999999999"
"2455",2050,30,"493.78550000000001","UN","493.78550000000001","493.78550000000001"
"2456",2050,31,"505.29399999999998","UN","505.29399999999998","505.29399999999998"
"2457",2050,32,"522.60799999999995","UN","522.60799999999995","522.60799999999995"
"2458",2050,33,"537.22050000000002","UN","537.22050000000002","537.22050000000002"
"2459",2050,34,"545.66600000000005","UN","545.66600000000005","545.66600000000005"
"2460",2050,35,"554.00400000000002","UN","554.00400000000002","554.00400000000002"
"2461",2050,36,"562.10199999999998","UN","562.10199999999998","562.10199999999998"
"2462",2050,37,"574.36350000000004","UN","574.36350000000004","574.36350000000004"
"2463",2050,38,"587.64549999999997","UN","587.64549999999997","587.64549999999997"
"2464",2050,39,"598.30799999999999","UN","598.30799999999999","598.30799999999999"
"2465",2050,40,"609.46100000000001","UN","609.46100000000001","609.46100000000001"
"2466",2050,41,"616.35450000000003","UN","616.35450000000003","616.35450000000003"
"2467",2050,42,"618.40549999999996","UN","618.40549999999996","618.40549999999996"
"2468",2050,43,"616.46749999999997","UN","616.46749999999997","616.46749999999997"
"2469",2050,44,"610.95650000000001","UN","610.95650000000001","610.95650000000001"
"2470",2050,45,"604.77549999999997","UN","604.77549999999997","604.77549999999997"
"2471",2050,46,"595.16750000000002","UN","595.16750000000002","595.16750000000002"
"2472",2050,47,"579.43399999999997","UN","579.43399999999997","579.43399999999997"
"2473",2050,48,"570.84749999999997","UN","570.84749999999997","570.84749999999997"
"2474",2050,49,"573.57650000000001","UN","573.57650000000001","573.57650000000001"
"2475",2050,50,"573.601","UN","573.601","573.601"
"2476",2050,51,"571.875","UN","571.875","571.875"
"2477",2050,52,"570.71450000000004","UN","570.71450000000004","570.71450000000004"
"2478",2050,53,"569.69550000000004","UN","569.69550000000004","569.69550000000004"
"2479",2050,54,"572.03300000000002","UN","572.03300000000002","572.03300000000002"
"2480",2050,55,"575.42550000000006","UN","575.42550000000006","575.42550000000006"
"2481",2050,56,"584.54549999999995","UN","584.54549999999995","584.54549999999995"
"2482",2050,57,"607.99800000000005","UN","607.99800000000005","607.99800000000005"
"2483",2050,58,"626.25199999999995","UN","626.25199999999995","626.25199999999995"
"2484",2050,59,"634.9375","UN","634.9375","634.9375"
"2485",2050,60,"638.53599999999994","UN","638.53599999999994","638.53599999999994"
"2486",2050,61,"644.40599999999995","UN","644.40599999999995","644.40599999999995"
"2487",2050,62,"629.49149999999997","UN","629.49149999999997","629.49149999999997"
"2488",2050,63,"614.22400000000005","UN","614.22400000000005","614.22400000000005"
"2489",2050,64,"626.57050000000004","UN","626.57050000000004","626.57050000000004"
"2490",2050,65,"638.82600000000002","UN","638.82600000000002","638.82600000000002"
"2491",2050,66,"652.93299999999999","UN","652.93299999999999","652.93299999999999"
"2492",2050,67,"668.8175","UN","668.8175","668.8175"
"2493",2050,68,"688.37900000000002","UN","688.37900000000002","688.37900000000002"
"2494",2050,69,"697.29300000000001","UN","697.29300000000001","697.29300000000001"
"2495",2050,70,"705.29300000000001","UN","705.29300000000001","705.29300000000001"
"2496",2050,71,"723.97550000000001","UN","723.97550000000001","723.97550000000001"
"2497",2050,72,"747.26499999999999","UN","747.26499999999999","747.26499999999999"
"2498",2050,73,"770.73749999999995","UN","770.73749999999995","770.73749999999995"
"2499",2050,74,"793.78","UN","793.78","793.78"
"2500",2050,75,"811.29300000000001","UN","811.29300000000001","811.29300000000001"
"2501",2050,76,"812.66700000000003","UN","812.66700000000003","812.66700000000003"
"2502",2050,77,"805.3415","UN","805.3415","805.3415"
"2503",2050,78,"799.63750000000005","UN","799.63750000000005","799.63750000000005"
"2504",2050,79,"786.23599999999999","UN","786.23599999999999","786.23599999999999"
"2505",2050,80,"764.93349999999998","UN","764.93349999999998","764.93349999999998"
"2506",2050,81,"753.32449999999994","UN","753.32449999999994","753.32449999999994"
"2507",2050,82,"734.88750000000005","UN","734.88750000000005","734.88750000000005"
"2508",2050,83,"703.3125","UN","703.3125","703.3125"
"2509",2050,84,"678.09450000000004","UN","678.09450000000004","678.09450000000004"
"2510",2050,85,"642.22799999999995","UN","642.22799999999995","642.22799999999995"
"2511",2050,86,"589.35350000000005","UN","589.35350000000005","589.35350000000005"
"2512",2050,87,"532.00649999999996","UN","532.00649999999996","532.00649999999996"
"2513",2050,88,"468.55450000000002","UN","468.55450000000002","468.55450000000002"
"2514",2050,89,"413.96899999999999","UN","413.96899999999999","413.96899999999999"
"2515",2050,90,"361.6","UN","361.6","361.6"
"2516",2050,91,"303.07650000000001","UN","303.07650000000001","303.07650000000001"
"2517",2050,92,"249.03899999999999","UN","249.03899999999999","249.03899999999999"
"2518",2050,93,"205.37899999999999","UN","205.37899999999999","205.37899999999999"
"2519",2050,94,"167.83","UN","167.83","167.83"
"2520",2050,95,"129.023","UN","129.023","129.023"
"2521",2050,96,"96.472499999999997","UN","96.472499999999997","96.472499999999997"
"2522",2050,97,"70.330500000000001","UN","70.330500000000001","70.330500000000001"
"2523",2050,98,"50.284500000000001","UN","50.284500000000001","50.284500000000001"
"2524",2050,99,"35.161000000000001","UN","35.161000000000001","35.161000000000001"
"2525",2050,100,"59.130499999999998","UN","59.130499999999998","59.130499999999998"
"2526",2051,0,"339.952","UN","339.952","478.2885"
"2527",2051,1,"346.50099999999998","UN","346.50099999999998","484.15750000000003"
"2528",2051,2,"353.23950000000002","UN","353.23950000000002","490.89400000000001"
"2529",2051,3,"359.51799999999997","UN","359.51799999999997","497.68599999999998"
"2530",2051,4,"365.387","UN","365.387","504.40899999999999"
"2531",2051,5,"371.27550000000002","UN","371.27550000000002","511.37349999999998"
"2532",2051,6,"376.5265","UN","376.5265","517.83399999999995"
"2533",2051,7,"380.84199999999998","UN","380.84199999999998","523.423"
"2534",2051,8,"384.18700000000001","UN","384.18700000000001","528.00450000000001"
"2535",2051,9,"386.72","UN","386.72","531.60500000000002"
"2536",2051,10,"388.75599999999997","UN","388.75599999999997","534.53599999999994"
"2537",2051,11,"390.13200000000001","UN","390.13200000000001","536.63599999999997"
"2538",2051,12,"390.82749999999999","UN","390.82749999999999","537.82249999999999"
"2539",2051,13,"390.6585","UN","390.6585","537.91999999999996"
"2540",2051,14,"389.83800000000002","UN","389.83800000000002","537.20150000000001"
"2541",2051,15,"388.8175","UN","388.8175","536.19899999999996"
"2542",2051,16,"389.01549999999997","UN","389.01549999999997","536.42499999999995"
"2543",2051,17,"391.78500000000003","UN","391.78500000000003","524.524"
"2544",2051,18,"397.99799999999999","UN","397.99799999999999","516.173"
"2545",2051,19,"407.82650000000001","UN","407.82650000000001","526.38049999999998"
"2546",2051,20,"420.17500000000001","UN","420.17500000000001","539.33050000000003"
"2547",2051,21,"433.56549999999999","UN","433.56549999999999","553.48699999999997"
"2548",2051,22,"446.24200000000002","UN","446.24200000000002","544.34199999999998"
"2549",2051,23,"456.38650000000001","UN","456.38650000000001","532.64149999999995"
"2550",2051,24,"463.14400000000001","UN","463.14400000000001","540.22050000000002"
"2551",2051,25,"467.94799999999998","UN","467.94799999999998","545.91399999999999"
"2552",2051,26,"471.30149999999998","UN","471.30149999999998","550.20550000000003"
"2553",2051,27,"471.89850000000001","UN","471.89850000000001","511.58699999999999"
"2554",2051,28,"478.51850000000002","UN","478.51850000000002","478.51850000000002"
"2555",2051,29,"488.14","UN","488.14","488.14"
"2556",2051,30,"489.15199999999999","UN","489.15199999999999","489.15199999999999"
"2557",2051,31,"490.64600000000002","UN","490.64600000000002","490.64600000000002"
"2558",2051,32,"502.30599999999998","UN","502.30599999999998","502.30599999999998"
"2559",2051,33,"519.82249999999999","UN","519.82249999999999","519.82249999999999"
"2560",2051,34,"534.65700000000004","UN","534.65700000000004","534.65700000000004"
"2561",2051,35,"543.32500000000005","UN","543.32500000000005","543.32500000000005"
"2562",2051,36,"551.875","UN","551.875","551.875"
"2563",2051,37,"560.16750000000002","UN","560.16750000000002","560.16750000000002"
"2564",2051,38,"572.60500000000002","UN","572.60500000000002","572.60500000000002"
"2565",2051,39,"586.04","UN","586.04","586.04"
"2566",2051,40,"596.83849999999995","UN","596.83849999999995","596.83849999999995"
"2567",2051,41,"608.10900000000004","UN","608.10900000000004","608.10900000000004"
"2568",2051,42,"615.10350000000005","UN","615.10350000000005","615.10350000000005"
"2569",2051,43,"617.24300000000005","UN","617.24300000000005","617.24300000000005"
"2570",2051,44,"615.37699999999995","UN","615.37699999999995","615.37699999999995"
"2571",2051,45,"609.92250000000001","UN","609.92250000000001","609.92250000000001"
"2572",2051,46,"603.78549999999996","UN","603.78549999999996","603.78549999999996"
"2573",2051,47,"594.21600000000001","UN","594.21600000000001","594.21600000000001"
"2574",2051,48,"578.51850000000002","UN","578.51850000000002","578.51850000000002"
"2575",2051,49,"569.95100000000002","UN","569.95100000000002","569.95100000000002"
"2576",2051,50,"572.67399999999998","UN","572.67399999999998","572.67399999999998"
"2577",2051,51,"572.67999999999995","UN","572.67999999999995","572.67999999999995"
"2578",2051,52,"570.92499999999995","UN","570.92499999999995","570.92499999999995"
"2579",2051,53,"569.72900000000004","UN","569.72900000000004","569.72900000000004"
"2580",2051,54,"568.66949999999997","UN","568.66949999999997","568.66949999999997"
"2581",2051,55,"570.94449999999995","UN","570.94449999999995","570.94449999999995"
"2582",2051,56,"574.255","UN","574.255","574.255"
"2583",2051,57,"583.27200000000005","UN","583.27200000000005","583.27200000000005"
"2584",2051,58,"606.57749999999999","UN","606.57749999999999","606.57749999999999"
"2585",2051,59,"624.67150000000004","UN","624.67150000000004","624.67150000000004"
"2586",2051,60,"633.19550000000004","UN","633.19550000000004","633.19550000000004"
"2587",2051,61,"636.63649999999996","UN","636.63649999999996","636.63649999999996"
"2588",2051,62,"642.33600000000001","UN","642.33600000000001","642.33600000000001"
"2589",2051,63,"627.29200000000003","UN","627.29200000000003","627.29200000000003"
"2590",2051,64,"611.86950000000002","UN","611.86950000000002","611.86950000000002"
"2591",2051,65,"623.95500000000004","UN","623.95500000000004","623.95500000000004"
"2592",2051,66,"635.92049999999995","UN","635.92049999999995","635.92049999999995"
"2593",2051,67,"649.67949999999996","UN","649.67949999999996","649.67949999999996"
"2594",2051,68,"665.17600000000004","UN","665.17600000000004","665.17600000000004"
"2595",2051,69,"684.29100000000005","UN","684.29100000000005","684.29100000000005"
"2596",2051,70,"692.74099999999999","UN","692.74099999999999","692.74099999999999"
"2597",2051,71,"700.1635","UN","700.1635","700.1635"
"2598",2051,72,"718.09749999999997","UN","718.09749999999997","718.09749999999997"
"2599",2051,73,"740.50599999999997","UN","740.50599999999997","740.50599999999997"
"2600",2051,74,"762.99099999999999","UN","762.99099999999999","762.99099999999999"
"2601",2051,75,"784.92750000000001","UN","784.92750000000001","784.92750000000001"
"2602",2051,76,"801.13549999999998","UN","801.13549999999998","801.13549999999998"
"2603",2051,77,"801.28499999999997","UN","801.28499999999997","801.28499999999997"
"2604",2051,78,"792.5865","UN","792.5865","792.5865"
"2605",2051,79,"785.14300000000003","UN","785.14300000000003","785.14300000000003"
"2606",2051,80,"769.72900000000004","UN","769.72900000000004","769.72900000000004"
"2607",2051,81,"746.16600000000005","UN","746.16600000000005","746.16600000000005"
"2608",2051,82,"731.65049999999997","UN","731.65049999999997","731.65049999999997"
"2609",2051,83,"710.09400000000005","UN","710.09400000000005","710.09400000000005"
"2610",2051,84,"675.40800000000002","UN","675.40800000000002","675.40800000000002"
"2611",2051,85,"646.3895","UN","646.3895","646.3895"
"2612",2051,86,"606.85950000000003","UN","606.85950000000003","606.85950000000003"
"2613",2051,87,"551.24749999999995","UN","551.24749999999995","551.24749999999995"
"2614",2051,88,"491.63350000000003","UN","491.63350000000003","491.63350000000003"
"2615",2051,89,"426.97449999999998","UN","426.97449999999998","426.97449999999998"
"2616",2051,90,"371.51","UN","371.51","371.51"
"2617",2051,91,"319.19450000000001","UN","319.19450000000001","319.19450000000001"
"2618",2051,92,"262.76350000000002","UN","262.76350000000002","262.76350000000002"
"2619",2051,93,"211.5205","UN","211.5205","211.5205"
"2620",2051,94,"170.309","UN","170.309","170.309"
"2621",2051,95,"135.50200000000001","UN","135.50200000000001","135.50200000000001"
"2622",2051,96,"101.098","UN","101.098","101.098"
"2623",2051,97,"73.135499999999993","UN","73.135499999999993","73.135499999999993"
"2624",2051,98,"51.478999999999999","UN","51.478999999999999","51.478999999999999"
"2625",2051,99,"35.464500000000001","UN","35.464500000000001","35.464500000000001"
"2626",2051,100,"60.271500000000003","UN","60.271500000000003","60.271500000000003"
"2627",2052,0,"334.68650000000002","UN","334.68650000000002","474.52699999999999"
"2628",2052,1,"341.05200000000002","UN","341.05200000000002","479.36099999999999"
"2629",2052,2,"347.54349999999999","UN","347.54349999999999","485.19049999999999"
"2630",2052,3,"354.2","UN","354.2","491.85050000000001"
"2631",2052,4,"360.39800000000002","UN","360.39800000000002","498.56049999999999"
"2632",2052,5,"366.19299999999998","UN","366.19299999999998","505.21100000000001"
"2633",2052,6,"372.01600000000002","UN","372.01600000000002","512.11099999999999"
"2634",2052,7,"377.20749999999998","UN","377.20749999999998","518.51149999999996"
"2635",2052,8,"381.46850000000001","UN","381.46850000000001","524.04600000000005"
"2636",2052,9,"384.7645","UN","384.7645","528.57749999999999"
"2637",2052,10,"387.2525","UN","387.2525","532.13300000000004"
"2638",2052,11,"389.24700000000001","UN","389.24700000000001","535.02300000000002"
"2639",2052,12,"390.58850000000001","UN","390.58850000000001","537.08799999999997"
"2640",2052,13,"391.25150000000002","UN","391.25150000000002","538.24199999999996"
"2641",2052,14,"391.09","UN","391.09","538.34500000000003"
"2642",2052,15,"390.5575","UN","390.5575","537.91200000000003"
"2643",2052,16,"390.65449999999998","UN","390.65449999999998","538.02549999999997"
"2644",2052,17,"393.14949999999999","UN","393.14949999999999","540.54600000000005"
"2645",2052,18,"399.00900000000001","UN","399.00900000000001","531.73400000000004"
"2646",2052,19,"408.24149999999997","UN","408.24149999999997","526.40150000000006"
"2647",2052,20,"420.137","UN","420.137","538.67499999999995"
"2648",2052,21,"432.87049999999999","UN","432.87049999999999","552.0095"
"2649",2052,22,"444.73649999999998","UN","444.73649999999998","564.64049999999997"
"2650",2052,23,"454.53300000000002","UN","454.53300000000002","552.61950000000002"
"2651",2052,24,"461.3895","UN","461.3895","537.63400000000001"
"2652",2052,25,"465.22199999999998","UN","465.22199999999998","542.28750000000002"
"2653",2052,26,"467.81950000000001","UN","467.81950000000001","545.77300000000002"
"2654",2052,27,"469.71199999999999","UN","469.71199999999999","548.60400000000004"
"2655",2052,28,"469.45600000000002","UN","469.45600000000002","509.13850000000002"
"2656",2052,29,"475.65899999999999","UN","475.65899999999999","475.65899999999999"
"2657",2052,30,"485.14749999999998","UN","485.14749999999998","485.14749999999998"
"2658",2052,31,"486.20049999999998","UN","486.20049999999998","486.20049999999998"
"2659",2052,32,"487.834","UN","487.834","487.834"
"2660",2052,33,"499.68349999999998","UN","499.68349999999998","499.68349999999998"
"2661",2052,34,"517.40750000000003","UN","517.40750000000003","517.40750000000003"
"2662",2052,35,"532.45050000000003","UN","532.45050000000003","532.45050000000003"
"2663",2052,36,"541.31949999999995","UN","541.31949999999995","541.31949999999995"
"2664",2052,37,"550.05399999999997","UN","550.05399999999997","550.05399999999997"
"2665",2052,38,"558.5145","UN","558.5145","558.5145"
"2666",2052,39,"571.09749999999997","UN","571.09749999999997","571.09749999999997"
"2667",2052,40,"584.66049999999996","UN","584.66049999999996","584.66049999999996"
"2668",2052,41,"595.57050000000004","UN","595.57050000000004","595.57050000000004"
"2669",2052,42,"606.93550000000005","UN","606.93550000000005","606.93550000000005"
"2670",2052,43,"614.01199999999994","UN","614.01199999999994","614.01199999999994"
"2671",2052,44,"616.2165","UN","616.2165","616.2165"
"2672",2052,45,"614.40150000000006","UN","614.40150000000006","614.40150000000006"
"2673",2052,46,"608.98599999999999","UN","608.98599999999999","608.98599999999999"
"2674",2052,47,"602.88199999999995","UN","602.88199999999995","602.88199999999995"
"2675",2052,48,"593.34","UN","593.34","593.34"
"2676",2052,49,"577.66549999999995","UN","577.66549999999995","577.66549999999995"
"2677",2052,50,"569.101","UN","569.101","569.101"
"2678",2052,51,"571.80250000000001","UN","571.80250000000001","571.80250000000001"
"2679",2052,52,"571.77700000000004","UN","571.77700000000004","571.77700000000004"
"2680",2052,53,"569.9855","UN","569.9855","569.9855"
"2681",2052,54,"568.74749999999995","UN","568.74749999999995","568.74749999999995"
"2682",2052,55,"567.63049999999998","UN","567.63049999999998","567.63049999999998"
"2683",2052,56,"569.827","UN","569.827","569.827"
"2684",2052,57,"573.048","UN","573.048","573.048"
"2685",2052,58,"581.95450000000005","UN","581.95450000000005","581.95450000000005"
"2686",2052,59,"605.09550000000002","UN","605.09550000000002","605.09550000000002"
"2687",2052,60,"623.01149999999996","UN","623.01149999999996","623.01149999999996"
"2688",2052,61,"631.36649999999997","UN","631.36649999999997","631.36649999999997"
"2689",2052,62,"634.64949999999999","UN","634.64949999999999","634.64949999999999"
"2690",2052,63,"640.15150000000006","UN","640.15150000000006","640.15150000000006"
"2691",2052,64,"624.95249999999999","UN","624.95249999999999","624.95249999999999"
"2692",2052,65,"609.38599999999997","UN","609.38599999999997","609.38599999999997"
"2693",2052,66,"621.19349999999997","UN","621.19349999999997","621.19349999999997"
"2694",2052,67,"632.83349999999996","UN","632.83349999999996","632.83349999999996"
"2695",2052,68,"646.23199999999997","UN","646.23199999999997","646.23199999999997"
"2696",2052,69,"661.322","UN","661.322","661.322"
"2697",2052,70,"679.93700000000001","UN","679.93700000000001","679.93700000000001"
"2698",2052,71,"687.822","UN","687.822","687.822"
"2699",2052,72,"694.60350000000005","UN","694.60350000000005","694.60350000000005"
"2700",2052,73,"711.75149999999996","UN","711.75149999999996","711.75149999999996"
"2701",2052,74,"733.22850000000005","UN","733.22850000000005","733.22850000000005"
"2702",2052,75,"754.66849999999999","UN","754.66849999999999","754.66849999999999"
"2703",2052,76,"775.28549999999996","UN","775.28549999999996","775.28549999999996"
"2704",2052,77,"790.12900000000002","UN","790.12900000000002","790.12900000000002"
"2705",2052,78,"788.83450000000005","UN","788.83450000000005","788.83450000000005"
"2706",2052,79,"778.47249999999997","UN","778.47249999999997","778.47249999999997"
"2707",2052,80,"768.94849999999997","UN","768.94849999999997","768.94849999999997"
"2708",2052,81,"751.17949999999996","UN","751.17949999999996","751.17949999999996"
"2709",2052,82,"725.05349999999999","UN","725.05349999999999","725.05349999999999"
"2710",2052,83,"707.35","UN","707.35","707.35"
"2711",2052,84,"682.35299999999995","UN","682.35299999999995","682.35299999999995"
"2712",2052,85,"644.28","UN","644.28","644.28"
"2713",2052,86,"611.25099999999998","UN","611.25099999999998","611.25099999999998"
"2714",2052,87,"568.08349999999996","UN","568.08349999999996","568.08349999999996"
"2715",2052,88,"509.87700000000001","UN","509.87700000000001","509.87700000000001"
"2716",2052,89,"448.4325","UN","448.4325","448.4325"
"2717",2052,90,"383.59300000000002","UN","383.59300000000002","383.59300000000002"
"2718",2052,91,"328.32600000000002","UN","328.32600000000002","328.32600000000002"
"2719",2052,92,"277.06950000000001","UN","277.06950000000001","277.06950000000001"
"2720",2052,93,"223.45599999999999","UN","223.45599999999999","223.45599999999999"
"2721",2052,94,"175.6405","UN","175.6405","175.6405"
"2722",2052,95,"137.68799999999999","UN","137.68799999999999","137.68799999999999"
"2723",2052,96,"106.31100000000001","UN","106.31100000000001","106.31100000000001"
"2724",2052,97,"76.748500000000007","UN","76.748500000000007","76.748500000000007"
"2725",2052,98,"53.606000000000002","UN","53.606000000000002","53.606000000000002"
"2726",2052,99,"36.356000000000002","UN","36.356000000000002","36.356000000000002"
"2727",2052,100,"61.188499999999998","UN","61.188499999999998","61.188499999999998"
"2728",2053,0,"329.173","UN","329.173","471.4665"
"2729",2053,1,"335.76350000000002","UN","335.76350000000002","475.57799999999997"
"2730",2053,2,"342.072","UN","342.072","480.3725"
"2731",2053,3,"348.48450000000003","UN","348.48450000000003","486.12700000000001"
"2732",2053,4,"355.06099999999998","UN","355.06099999999998","492.70650000000001"
"2733",2053,5,"361.18650000000002","UN","361.18650000000002","499.34550000000002"
"2734",2053,6,"366.91800000000001","UN","366.91800000000001","505.9325"
"2735",2053,7,"372.6825","UN","372.6825","512.774"
"2736",2053,8,"377.82100000000003","UN","377.82100000000003","519.12099999999998"
"2737",2053,9,"382.03300000000002","UN","382.03300000000002","524.60699999999997"
"2738",2053,10,"385.28500000000003","UN","385.28500000000003","529.09400000000005"
"2739",2053,11,"387.73349999999999","UN","387.73349999999999","532.61"
"2740",2053,12,"389.69349999999997","UN","389.69349999999997","535.46500000000003"
"2741",2053,13,"391.00349999999997","UN","391.00349999999997","537.49800000000005"
"2742",2053,14,"391.67450000000002","UN","391.67450000000002","538.65800000000002"
"2743",2053,15,"391.79849999999999","UN","391.79849999999999","539.04499999999996"
"2744",2053,16,"392.37400000000002","UN","392.37400000000002","539.71849999999995"
"2745",2053,17,"394.74900000000002","UN","394.74900000000002","542.10699999999997"
"2746",2053,18,"400.3075","UN","400.3075","547.68849999999998"
"2747",2053,19,"409.16149999999999","UN","409.16149999999999","541.86950000000002"
"2748",2053,20,"420.4425","UN","420.4425","538.58749999999998"
"2749",2053,21,"432.71800000000002","UN","432.71800000000002","551.24"
"2750",2053,22,"443.93650000000002","UN","443.93650000000002","563.05899999999997"
"2751",2053,23,"452.9425","UN","452.9425","572.82950000000005"
"2752",2053,24,"459.47399999999999","UN","459.47399999999999","557.54650000000004"
"2753",2053,25,"463.42700000000002","UN","463.42700000000002","539.66"
"2754",2053,26,"465.07","UN","465.07","542.12300000000005"
"2755",2053,27,"466.21749999999997","UN","466.21749999999997","544.15949999999998"
"2756",2053,28,"467.26499999999999","UN","467.26499999999999","546.14449999999999"
"2757",2053,29,"466.59800000000001","UN","466.59800000000001","506.27449999999999"
"2758",2053,30,"472.67","UN","472.67","472.67"
"2759",2053,31,"482.2","UN","482.2","482.2"
"2760",2053,32,"483.39449999999999","UN","483.39449999999999","483.39449999999999"
"2761",2053,33,"485.21899999999999","UN","485.21899999999999","485.21899999999999"
"2762",2053,34,"497.27699999999999","UN","497.27699999999999","497.27699999999999"
"2763",2053,35,"515.20950000000005","UN","515.20950000000005","515.20950000000005"
"2764",2053,36,"530.45150000000001","UN","530.45150000000001","530.45150000000001"
"2765",2053,37,"539.50549999999998","UN","539.50549999999998","539.50549999999998"
"2766",2053,38,"548.40750000000003","UN","548.40750000000003","548.40750000000003"
"2767",2053,39,"557.01549999999997","UN","557.01549999999997","557.01549999999997"
"2768",2053,40,"569.72749999999996","UN","569.72749999999996","569.72749999999996"
"2769",2053,41,"583.40200000000004","UN","583.40200000000004","583.40200000000004"
"2770",2053,42,"594.40750000000003","UN","594.40750000000003","594.40750000000003"
"2771",2053,43,"605.85249999999996","UN","605.85249999999996","605.85249999999996"
"2772",2053,44,"612.99199999999996","UN","612.99199999999996","612.99199999999996"
"2773",2053,45,"615.24649999999997","UN","615.24649999999997","615.24649999999997"
"2774",2053,46,"613.46849999999995","UN","613.46849999999995","613.46849999999995"
"2775",2053,47,"608.08550000000002","UN","608.08550000000002","608.08550000000002"
"2776",2053,48,"602.00649999999996","UN","602.00649999999996","602.00649999999996"
"2777",2053,49,"592.48249999999996","UN","592.48249999999996","592.48249999999996"
"2778",2053,50,"576.81700000000001","UN","576.81700000000001","576.81700000000001"
"2779",2053,51,"568.24450000000002","UN","568.24450000000002","568.24450000000002"
"2780",2053,52,"570.91300000000001","UN","570.91300000000001","570.91300000000001"
"2781",2053,53,"570.85050000000001","UN","570.85050000000001","570.85050000000001"
"2782",2053,54,"569.01700000000005","UN","569.01700000000005","569.01700000000005"
"2783",2053,55,"567.72149999999999","UN","567.72149999999999","567.72149999999999"
"2784",2053,56,"566.53499999999997","UN","566.53499999999997","566.53499999999997"
"2785",2053,57,"568.64549999999997","UN","568.64549999999997","568.64549999999997"
"2786",2053,58,"571.77099999999996","UN","571.77099999999996","571.77099999999996"
"2787",2053,59,"580.55399999999997","UN","580.55399999999997","580.55399999999997"
"2788",2053,60,"603.51350000000002","UN","603.51350000000002","603.51350000000002"
"2789",2053,61,"621.24400000000003","UN","621.24400000000003","621.24400000000003"
"2790",2053,62,"629.42750000000001","UN","629.42750000000001","629.42750000000001"
"2791",2053,63,"632.52750000000003","UN","632.52750000000003","632.52750000000003"
"2792",2053,64,"637.803","UN","637.803","637.803"
"2793",2053,65,"622.46050000000002","UN","622.46050000000002","622.46050000000002"
"2794",2053,66,"606.74099999999999","UN","606.74099999999999","606.74099999999999"
"2795",2053,67,"618.23649999999998","UN","618.23649999999998","618.23649999999998"
"2796",2053,68,"629.54100000000005","UN","629.54100000000005","629.54100000000005"
"2797",2053,69,"642.56200000000001","UN","642.56200000000001","642.56200000000001"
"2798",2053,70,"657.19600000000003","UN","657.19600000000003","657.19600000000003"
"2799",2053,71,"675.20950000000005","UN","675.20950000000005","675.20950000000005"
"2800",2053,72,"682.46749999999997","UN","682.46749999999997","682.46749999999997"
"2801",2053,73,"688.57799999999997","UN","688.57799999999997","688.57799999999997"
"2802",2053,74,"704.89549999999997","UN","704.89549999999997","704.89549999999997"
"2803",2053,75,"725.38900000000001","UN","725.38900000000001","725.38900000000001"
"2804",2053,76,"745.57650000000001","UN","745.57650000000001","745.57650000000001"
"2805",2053,77,"764.83399999999995","UN","764.83399999999995","764.83399999999995"
"2806",2053,78,"778.08349999999996","UN","778.08349999999996","778.08349999999996"
"2807",2053,79,"775.04750000000001","UN","775.04750000000001","775.04750000000001"
"2808",2053,80,"762.69050000000004","UN","762.69050000000004","762.69050000000004"
"2809",2053,81,"750.73099999999999","UN","750.73099999999999","750.73099999999999"
"2810",2053,82,"730.28549999999996","UN","730.28549999999996","730.28549999999996"
"2811",2053,83,"701.35350000000005","UN","701.35350000000005","701.35350000000005"
"2812",2053,84,"680.12249999999995","UN","680.12249999999995","680.12249999999995"
"2813",2053,85,"651.35850000000005","UN","651.35850000000005","651.35850000000005"
"2814",2053,86,"609.72400000000005","UN","609.72400000000005","609.72400000000005"
"2815",2053,87,"572.66150000000005","UN","572.66150000000005","572.66150000000005"
"2816",2053,88,"525.91049999999996","UN","525.91049999999996","525.91049999999996"
"2817",2053,89,"465.52499999999998","UN","465.52499999999998","465.52499999999998"
"2818",2053,90,"403.28050000000002","UN","403.28050000000002","403.28050000000002"
"2819",2053,91,"339.39049999999997","UN","339.39049999999997","339.39049999999997"
"2820",2053,92,"285.34800000000001","UN","285.34800000000001","285.34800000000001"
"2821",2053,93,"235.91550000000001","UN","235.91550000000001","235.91550000000001"
"2822",2053,94,"185.7885","UN","185.7885","185.7885"
"2823",2053,95,"142.19499999999999","UN","142.19499999999999","142.19499999999999"
"2824",2053,96,"108.17149999999999","UN","108.17149999999999","108.17149999999999"
"2825",2053,97,"80.808000000000007","UN","80.808000000000007","80.808000000000007"
"2826",2053,98,"56.33","UN","56.33","56.33"
"2827",2053,99,"37.908999999999999","UN","37.908999999999999","37.908999999999999"
"2828",2053,100,"62.384999999999998","UN","62.384999999999998","62.384999999999998"
"2829",2054,0,"324.04700000000003","UN","324.04700000000003","469.73500000000001"
"2830",2054,1,"330.22399999999999","UN","330.22399999999999","472.49200000000002"
"2831",2054,2,"336.75850000000003","UN","336.75850000000003","476.56450000000001"
"2832",2054,3,"342.99","UN","342.99","481.286"
"2833",2054,4,"349.32400000000001","UN","349.32400000000001","486.96199999999999"
"2834",2054,5,"355.83049999999997","UN","355.83049999999997","493.47250000000003"
"2835",2054,6,"361.89449999999999","UN","361.89449999999999","500.04950000000002"
"2836",2054,7,"367.56799999999998","UN","367.56799999999998","506.57900000000001"
"2837",2054,8,"373.28050000000002","UN","373.28050000000002","513.36850000000004"
"2838",2054,9,"378.37099999999998","UN","378.37099999999998","519.66800000000001"
"2839",2054,10,"382.541","UN","382.541","525.11099999999999"
"2840",2054,11,"385.75450000000001","UN","385.75450000000001","529.55949999999996"
"2841",2054,12,"388.16899999999998","UN","388.16899999999998","533.04049999999995"
"2842",2054,13,"390.0985","UN","390.0985","535.86500000000001"
"2843",2054,14,"391.41649999999998","UN","391.41649999999998","537.90499999999997"
"2844",2054,15,"392.37049999999999","UN","392.37049999999999","539.34699999999998"
"2845",2054,16,"393.59300000000002","UN","393.59300000000002","540.83050000000003"
"2846",2054,17,"396.42700000000002","UN","396.42700000000002","543.75850000000003"
"2847",2054,18,"401.83800000000002","UN","401.83800000000002","549.18100000000004"
"2848",2054,19,"410.36399999999998","UN","410.36399999999998","557.72649999999999"
"2849",2054,20,"421.24700000000001","UN","421.24700000000001","553.93899999999996"
"2850",2054,21,"432.90300000000002","UN","432.90300000000002","551.03150000000005"
"2851",2054,22,"443.67250000000001","UN","443.67250000000001","562.17849999999999"
"2852",2054,23,"452.05099999999999","UN","452.05099999999999","571.15650000000005"
"2853",2054,24,"457.815","UN","457.815","577.68550000000005"
"2854",2054,25,"461.46499999999997","UN","461.46499999999997","559.52250000000004"
"2855",2054,26,"463.24549999999999","UN","463.24549999999999","539.4665"
"2856",2054,27,"463.45150000000001","UN","463.45150000000001","540.49199999999996"
"2857",2054,28,"463.76249999999999","UN","463.76249999999999","541.69200000000001"
"2858",2054,29,"464.40300000000002","UN","464.40300000000002","543.27"
"2859",2054,30,"463.60899999999998","UN","463.60899999999998","503.27949999999998"
"2860",2054,31,"469.72550000000001","UN","469.72550000000001","469.72550000000001"
"2861",2054,32,"479.3965","UN","479.3965","479.3965"
"2862",2054,33,"480.78100000000001","UN","480.78100000000001","480.78100000000001"
"2863",2054,34,"482.81700000000001","UN","482.81700000000001","482.81700000000001"
"2864",2054,35,"495.08600000000001","UN","495.08600000000001","495.08600000000001"
"2865",2054,36,"513.2165","UN","513.2165","513.2165"
"2866",2054,37,"528.64300000000003","UN","528.64300000000003","528.64300000000003"
"2867",2054,38,"537.86450000000002","UN","537.86450000000002","537.86450000000002"
"2868",2054,39,"546.91499999999996","UN","546.91499999999996","546.91499999999996"
"2869",2054,40,"555.654","UN","555.654","555.654"
"2870",2054,41,"568.47799999999995","UN","568.47799999999995","568.47799999999995"
"2871",2054,42,"582.24749999999995","UN","582.24749999999995","582.24749999999995"
"2872",2054,43,"593.33349999999996","UN","593.33349999999996","593.33349999999996"
"2873",2054,44,"604.84100000000001","UN","604.84100000000001","604.84100000000001"
"2874",2054,45,"612.029","UN","612.029","612.029"
"2875",2054,46,"614.31849999999997","UN","614.31849999999997","614.31849999999997"
"2876",2054,47,"612.57100000000003","UN","612.57100000000003","612.57100000000003"
"2877",2054,48,"607.21349999999995","UN","607.21349999999995","607.21349999999995"
"2878",2054,49,"601.149","UN","601.149","601.149"
"2879",2054,50,"591.62900000000002","UN","591.62900000000002","591.62900000000002"
"2880",2054,51,"575.96199999999999","UN","575.96199999999999","575.96199999999999"
"2881",2054,52,"567.37149999999997","UN","567.37149999999997","567.37149999999997"
"2882",2054,53,"570.00099999999998","UN","570.00099999999998","570.00099999999998"
"2883",2054,54,"569.89649999999995","UN","569.89649999999995","569.89649999999995"
"2884",2054,55,"568.00599999999997","UN","568.00599999999997","568.00599999999997"
"2885",2054,56,"566.64","UN","566.64","566.64"
"2886",2054,57,"565.37599999999998","UN","565.37599999999998","565.37599999999998"
"2887",2054,58,"567.39649999999995","UN","567.39649999999995","567.39649999999995"
"2888",2054,59,"570.41499999999996","UN","570.41499999999996","570.41499999999996"
"2889",2054,60,"579.06050000000005","UN","579.06050000000005","579.06050000000005"
"2890",2054,61,"601.83000000000004","UN","601.83000000000004","601.83000000000004"
"2891",2054,62,"619.37049999999999","UN","619.37049999999999","619.37049999999999"
"2892",2054,63,"627.35850000000005","UN","627.35850000000005","627.35850000000005"
"2893",2054,64,"630.24800000000005","UN","630.24800000000005","630.24800000000005"
"2894",2054,65,"635.303","UN","635.303","635.303"
"2895",2054,66,"619.80849999999998","UN","619.80849999999998","619.80849999999998"
"2896",2054,67,"603.91150000000005","UN","603.91150000000005","603.91150000000005"
"2897",2054,68,"615.08450000000005","UN","615.08450000000005","615.08450000000005"
"2898",2054,69,"626.03949999999998","UN","626.03949999999998","626.03949999999998"
"2899",2054,70,"638.63599999999997","UN","638.63599999999997","638.63599999999997"
"2900",2054,71,"652.71900000000005","UN","652.71900000000005","652.71900000000005"
"2901",2054,72,"670.06600000000003","UN","670.06600000000003","670.06600000000003"
"2902",2054,73,"676.66750000000002","UN","676.66750000000002","676.66750000000002"
"2903",2054,74,"682.07249999999999","UN","682.07249999999999","682.07249999999999"
"2904",2054,75,"697.5145","UN","697.5145","697.5145"
"2905",2054,76,"716.82399999999996","UN","716.82399999999996","716.82399999999996"
"2906",2054,77,"735.72500000000002","UN","735.72500000000002","735.72500000000002"
"2907",2054,78,"753.399","UN","753.399","753.399"
"2908",2054,79,"764.74450000000002","UN","764.74450000000002","764.74450000000002"
"2909",2054,80,"759.62950000000001","UN","759.62950000000001","759.62950000000001"
"2910",2054,81,"744.93050000000005","UN","744.93050000000005","744.93050000000005"
"2911",2054,82,"730.202","UN","730.202","730.202"
"2912",2054,83,"706.81700000000001","UN","706.81700000000001","706.81700000000001"
"2913",2054,84,"674.77800000000002","UN","674.77800000000002","674.77800000000002"
"2914",2054,85,"649.67600000000004","UN","649.67600000000004","649.67600000000004"
"2915",2054,86,"616.91449999999998","UN","616.91449999999998","616.91449999999998"
"2916",2054,87,"571.72900000000004","UN","571.72900000000004","571.72900000000004"
"2917",2054,88,"530.63850000000002","UN","530.63850000000002","530.63850000000002"
"2918",2054,89,"480.63900000000001","UN","480.63900000000001","480.63900000000001"
"2919",2054,90,"419.11099999999999","UN","419.11099999999999","419.11099999999999"
"2920",2054,91,"357.21550000000002","UN","357.21550000000002","357.21550000000002"
"2921",2054,92,"295.33749999999998","UN","295.33749999999998","295.33749999999998"
"2922",2054,93,"243.2945","UN","243.2945","243.2945"
"2923",2054,94,"196.41249999999999","UN","196.41249999999999","196.41249999999999"
"2924",2054,95,"150.619","UN","150.619","150.619"
"2925",2054,96,"111.8785","UN","111.8785","111.8785"
"2926",2054,97,"82.337999999999994","UN","82.337999999999994","82.337999999999994"
"2927",2054,98,"59.387500000000003","UN","59.387500000000003","59.387500000000003"
"2928",2054,99,"39.890500000000003","UN","39.890500000000003","39.890500000000003"
"2929",2054,100,"64.239500000000007","UN","64.239500000000007","64.239500000000007"
"2930",2055,0,"319.77699999999999","UN","319.77699999999999","469.76799999999997"
"2931",2055,1,"325.10649999999998","UN","325.10649999999998","470.76799999999997"
"2932",2055,2,"331.22550000000001","UN","331.22550000000001","473.48399999999998"
"2933",2055,3,"337.68150000000003","UN","337.68150000000003","477.48250000000002"
"2934",2055,4,"343.834","UN","343.834","482.12599999999998"
"2935",2055,5,"350.09750000000003","UN","350.09750000000003","487.73250000000002"
"2936",2055,6,"356.54199999999997","UN","356.54199999999997","494.18049999999999"
"2937",2055,7,"362.54750000000001","UN","362.54750000000001","500.6995"
"2938",2055,8,"368.16899999999998","UN","368.16899999999998","507.17750000000001"
"2939",2055,9,"373.834","UN","373.834","513.91849999999999"
"2940",2055,10,"378.88200000000001","UN","378.88200000000001","520.17499999999995"
"2941",2055,11,"383.01350000000002","UN","383.01350000000002","525.57950000000005"
"2942",2055,12,"386.19200000000001","UN","386.19200000000001","529.99249999999995"
"2943",2055,13,"388.57650000000001","UN","388.57650000000001","533.44299999999998"
"2944",2055,14,"390.51350000000002","UN","390.51350000000002","536.27449999999999"
"2945",2055,15,"392.11200000000002","UN","392.11200000000002","538.59299999999996"
"2946",2055,16,"394.15699999999998","UN","394.15699999999998","541.12400000000002"
"2947",2055,17,"397.62049999999999","UN","397.62049999999999","544.84450000000004"
"2948",2055,18,"403.46800000000002","UN","403.46800000000002","550.78449999999998"
"2949",2055,19,"411.82299999999998","UN","411.82299999999998","559.149"
"2950",2055,20,"422.36450000000002","UN","422.36450000000002","569.70849999999996"
"2951",2055,21,"433.62150000000003","UN","433.62150000000003","566.29549999999995"
"2952",2055,22,"443.78649999999999","UN","443.78649999999999","561.899"
"2953",2055,23,"451.74149999999997","UN","451.74149999999997","570.23149999999998"
"2954",2055,24,"456.90699999999998","UN","456.90699999999998","575.99649999999997"
"2955",2055,25,"459.81450000000001","UN","459.81450000000001","579.66700000000003"
"2956",2055,26,"461.30950000000001","UN","461.30950000000001","559.35299999999995"
"2957",2055,27,"461.66500000000002","UN","461.66500000000002","537.87400000000002"
"2958",2055,28,"461.04","UN","461.04","538.06949999999995"
"2959",2055,29,"460.94600000000003","UN","460.94600000000003","538.86400000000003"
"2960",2055,30,"461.46","UN","461.46","540.31550000000004"
"2961",2055,31,"460.71","UN","460.71","500.37400000000002"
"2962",2055,32,"466.96499999999997","UN","466.96499999999997","466.96499999999997"
"2963",2055,33,"476.82150000000001","UN","476.82150000000001","476.82150000000001"
"2964",2055,34,"478.41550000000001","UN","478.41550000000001","478.41550000000001"
"2965",2055,35,"480.66149999999999","UN","480.66149999999999","480.66149999999999"
"2966",2055,36,"493.1275","UN","493.1275","493.1275"
"2967",2055,37,"511.43950000000001","UN","511.43950000000001","511.43950000000001"
"2968",2055,38,"527.03","UN","527.03","527.03"
"2969",2055,39,"536.39850000000001","UN","536.39850000000001","536.39850000000001"
"2970",2055,40,"545.57799999999997","UN","545.57799999999997","545.57799999999997"
"2971",2055,41,"554.42949999999996","UN","554.42949999999996","554.42949999999996"
"2972",2055,42,"567.34849999999994","UN","567.34849999999994","567.34849999999994"
"2973",2055,43,"581.19749999999999","UN","581.19749999999999","581.19749999999999"
"2974",2055,44,"592.34649999999999","UN","592.34649999999999","592.34649999999999"
"2975",2055,45,"603.89949999999999","UN","603.89949999999999","603.89949999999999"
"2976",2055,46,"611.12","UN","611.12","611.12"
"2977",2055,47,"613.43799999999999","UN","613.43799999999999","613.43799999999999"
"2978",2055,48,"611.71249999999998","UN","611.71249999999998","611.71249999999998"
"2979",2055,49,"606.36850000000004","UN","606.36850000000004","606.36850000000004"
"2980",2055,50,"600.30449999999996","UN","600.30449999999996","600.30449999999996"
"2981",2055,51,"590.77650000000006","UN","590.77650000000006","590.77650000000006"
"2982",2055,52,"575.09950000000003","UN","575.09950000000003","575.09950000000003"
"2983",2055,53,"566.48500000000001","UN","566.48500000000001","566.48500000000001"
"2984",2055,54,"569.07050000000004","UN","569.07050000000004","569.07050000000004"
"2985",2055,55,"568.9085","UN","568.9085","568.9085"
"2986",2055,56,"566.947","UN","566.947","566.947"
"2987",2055,57,"565.50400000000002","UN","565.50400000000002","565.50400000000002"
"2988",2055,58,"564.15949999999998","UN","564.15949999999998","564.15949999999998"
"2989",2055,59,"566.077","UN","566.077","566.077"
"2990",2055,60,"568.976","UN","568.976","568.976"
"2991",2055,61,"577.47699999999998","UN","577.47699999999998","577.47699999999998"
"2992",2055,62,"600.05250000000001","UN","600.05250000000001","600.05250000000001"
"2993",2055,63,"617.37750000000005","UN","617.37750000000005","617.37750000000005"
"2994",2055,64,"625.14099999999996","UN","625.14099999999996","625.14099999999996"
"2995",2055,65,"627.82650000000001","UN","627.82650000000001","627.82650000000001"
"2996",2055,66,"632.64750000000004","UN","632.64750000000004","632.64750000000004"
"2997",2055,67,"616.97699999999998","UN","616.97699999999998","616.97699999999998"
"2998",2055,68,"600.90049999999997","UN","600.90049999999997","600.90049999999997"
"2999",2055,69,"611.73850000000004","UN","611.73850000000004","611.73850000000004"
"3000",2055,70,"622.29750000000001","UN","622.29750000000001","622.29750000000001"
"3001",2055,71,"634.37950000000001","UN","634.37950000000001","634.37950000000001"
"3002",2055,72,"647.85050000000001","UN","647.85050000000001","647.85050000000001"
"3003",2055,73,"664.49800000000005","UN","664.49800000000005","664.49800000000005"
"3004",2055,74,"670.41","UN","670.41","670.41"
"3005",2055,75,"675.072","UN","675.072","675.072"
"3006",2055,76,"689.44600000000003","UN","689.44600000000003","689.44600000000003"
"3007",2055,77,"707.54150000000004","UN","707.54150000000004","707.54150000000004"
"3008",2055,78,"724.9425","UN","724.9425","724.9425"
"3009",2055,79,"740.72799999999995","UN","740.72799999999995","740.72799999999995"
"3010",2055,80,"749.81500000000005","UN","749.81500000000005","749.81500000000005"
"3011",2055,81,"742.26049999999998","UN","742.26049999999998","742.26049999999998"
"3012",2055,82,"724.89549999999997","UN","724.89549999999997","724.89549999999997"
"3013",2055,83,"707.11400000000003","UN","707.11400000000003","707.11400000000003"
"3014",2055,84,"680.46400000000006","UN","680.46400000000006","680.46400000000006"
"3015",2055,85,"645.01649999999995","UN","645.01649999999995","645.01649999999995"
"3016",2055,86,"615.78599999999994","UN","615.78599999999994","615.78599999999994"
"3017",2055,87,"578.97550000000001","UN","578.97550000000001","578.97550000000001"
"3018",2055,88,"530.27650000000006","UN","530.27650000000006","530.27650000000006"
"3019",2055,89,"485.44349999999997","UN","485.44349999999997","485.44349999999997"
"3020",2055,90,"433.17849999999999","UN","433.17849999999999","433.17849999999999"
"3021",2055,91,"371.67","UN","371.67","371.67"
"3022",2055,92,"311.22250000000003","UN","311.22250000000003","311.22250000000003"
"3023",2055,93,"252.14400000000001","UN","252.14400000000001","252.14400000000001"
"3024",2055,94,"202.83949999999999","UN","202.83949999999999","202.83949999999999"
"3025",2055,95,"159.45349999999999","UN","159.45349999999999","159.45349999999999"
"3026",2055,96,"118.673","UN","118.673","118.673"
"3027",2055,97,"85.285499999999999","UN","85.285499999999999","85.285499999999999"
"3028",2055,98,"60.595500000000001","UN","60.595500000000001","60.595500000000001"
"3029",2055,99,"42.109000000000002","UN","42.109000000000002","42.109000000000002"
"3030",2055,100,"66.828500000000005","UN","66.828500000000005","66.828500000000005"
"3031",2056,0,"316.00200000000001","UN","316.00200000000001","471.1105"
"3032",2056,1,"320.72899999999998","UN","320.72899999999998","470.69349999999997"
"3033",2056,2,"326.00900000000001","UN","326.00900000000001","471.661"
"3034",2056,3,"332.0575","UN","332.0575","474.31150000000002"
"3035",2056,4,"338.4425","UN","338.4425","478.23950000000002"
"3036",2056,5,"344.53149999999999","UN","344.53149999999999","482.82"
"3037",2056,6,"350.73849999999999","UN","350.73849999999999","488.37049999999999"
"3038",2056,7,"357.13099999999997","UN","357.13099999999997","494.76650000000001"
"3039",2056,8,"363.08949999999999","UN","363.08949999999999","501.23899999999998"
"3040",2056,9,"368.66800000000001","UN","368.66800000000001","507.673"
"3041",2056,10,"374.29450000000003","UN","374.29450000000003","514.375"
"3042",2056,11,"379.3075","UN","379.3075","520.59649999999999"
"3043",2056,12,"383.40699999999998","UN","383.40699999999998","525.96849999999995"
"3044",2056,13,"386.55900000000003","UN","386.55900000000003","530.35450000000003"
"3045",2056,14,"388.95350000000002","UN","388.95350000000002","533.81449999999995"
"3046",2056,15,"391.16899999999998","UN","391.16899999999998","536.92200000000003"
"3047",2056,16,"393.84500000000003","UN","393.84500000000003","540.31600000000003"
"3048",2056,17,"398.09949999999998","UN","398.09949999999998","545.05349999999999"
"3049",2056,18,"404.53500000000003","UN","404.53500000000003","551.74450000000002"
"3050",2056,19,"413.28449999999998","UN","413.28449999999998","560.58550000000002"
"3051",2056,20,"423.625","UN","423.625","570.9325"
"3052",2056,21,"434.52300000000002","UN","434.52300000000002","581.84900000000005"
"3053",2056,22,"444.28699999999998","UN","444.28699999999998","576.94349999999997"
"3054",2056,23,"451.64499999999998","UN","451.64499999999998","569.74249999999995"
"3055",2056,24,"456.40199999999999","UN","456.40199999999999","574.87599999999998"
"3056",2056,25,"458.72750000000002","UN","458.72750000000002","577.79949999999997"
"3057",2056,26,"459.49599999999998","UN","459.49599999999998","579.33249999999998"
"3058",2056,27,"459.58249999999998","UN","459.58249999999998","557.61099999999999"
"3059",2056,28,"459.12049999999999","UN","459.12049999999999","535.31949999999995"
"3060",2056,29,"458.10399999999998","UN","458.10399999999998","535.12249999999995"
"3061",2056,30,"457.89499999999998","UN","457.89499999999998","535.80150000000003"
"3062",2056,31,"458.46300000000002","UN","458.46300000000002","537.30550000000005"
"3063",2056,32,"457.86250000000001","UN","457.86250000000001","497.51900000000001"
"3064",2056,33,"464.31200000000001","UN","464.31200000000001","464.31200000000001"
"3065",2056,34,"474.38400000000001","UN","474.38400000000001","474.38400000000001"
"3066",2056,35,"476.19400000000002","UN","476.19400000000002","476.19400000000002"
"3067",2056,36,"478.6465","UN","478.6465","478.6465"
"3068",2056,37,"491.3","UN","491.3","491.3"
"3069",2056,38,"509.78100000000001","UN","509.78100000000001","509.78100000000001"
"3070",2056,39,"525.52149999999995","UN","525.52149999999995","525.52149999999995"
"3071",2056,40,"535.02350000000001","UN","535.02350000000001","535.02350000000001"
"3072",2056,41,"544.31899999999996","UN","544.31899999999996","544.31899999999996"
"3073",2056,42,"553.27149999999995","UN","553.27149999999995","553.27149999999995"
"3074",2056,43,"566.274","UN","566.274","566.274"
"3075",2056,44,"580.18849999999998","UN","580.18849999999998","580.18849999999998"
"3076",2056,45,"591.38649999999996","UN","591.38649999999996","591.38649999999996"
"3077",2056,46,"602.97349999999994","UN","602.97349999999994","602.97349999999994"
"3078",2056,47,"610.22199999999998","UN","610.22199999999998","610.22199999999998"
"3079",2056,48,"612.56050000000005","UN","612.56050000000005","612.56050000000005"
"3080",2056,49,"610.84799999999996","UN","610.84799999999996","610.84799999999996"
"3081",2056,50,"605.50549999999998","UN","605.50549999999998","605.50549999999998"
"3082",2056,51,"599.43200000000002","UN","599.43200000000002","599.43200000000002"
"3083",2056,52,"589.88750000000005","UN","589.88750000000005","589.88750000000005"
"3084",2056,53,"574.197","UN","574.197","574.197"
"3085",2056,54,"565.55499999999995","UN","565.55499999999995","565.55499999999995"
"3086",2056,55,"568.08249999999998","UN","568.08249999999998","568.08249999999998"
"3087",2056,56,"567.85050000000001","UN","567.85050000000001","567.85050000000001"
"3088",2056,57,"565.81299999999999","UN","565.81299999999999","565.81299999999999"
"3089",2056,58,"564.2885","UN","564.2885","564.2885"
"3090",2056,59,"562.85249999999996","UN","562.85249999999996","562.85249999999996"
"3091",2056,60,"564.65599999999995","UN","564.65599999999995","564.65599999999995"
"3092",2056,61,"567.42949999999996","UN","567.42949999999996","567.42949999999996"
"3093",2056,62,"575.78750000000002","UN","575.78750000000002","575.78750000000002"
"3094",2056,63,"598.14149999999995","UN","598.14149999999995","598.14149999999995"
"3095",2056,64,"615.22249999999997","UN","615.22249999999997","615.22249999999997"
"3096",2056,65,"622.76649999999995","UN","622.76649999999995","622.76649999999995"
"3097",2056,66,"625.2355","UN","625.2355","625.2355"
"3098",2056,67,"629.79349999999999","UN","629.79349999999999","629.79349999999999"
"3099",2056,68,"613.94500000000005","UN","613.94500000000005","613.94500000000005"
"3100",2056,69,"597.68499999999995","UN","597.68499999999995","597.68499999999995"
"3101",2056,70,"608.14400000000001","UN","608.14400000000001","608.14400000000001"
"3102",2056,71,"618.221","UN","618.221","618.221"
"3103",2056,72,"629.73050000000001","UN","629.73050000000001","629.73050000000001"
"3104",2056,73,"642.56050000000005","UN","642.56050000000005","642.56050000000005"
"3105",2056,74,"658.47","UN","658.47","658.47"
"3106",2056,75,"663.65449999999998","UN","663.65449999999998","663.65449999999998"
"3107",2056,76,"667.40650000000005","UN","667.40650000000005","667.40650000000005"
"3108",2056,77,"680.6925","UN","680.6925","680.6925"
"3109",2056,78,"697.36950000000002","UN","697.36950000000002","697.36950000000002"
"3110",2056,79,"712.97749999999996","UN","712.97749999999996","712.97749999999996"
"3111",2056,80,"726.52350000000001","UN","726.52350000000001","726.52350000000001"
"3112",2056,81,"732.96799999999996","UN","732.96799999999996","732.96799999999996"
"3113",2056,82,"722.63","UN","722.63","722.63"
"3114",2056,83,"702.32050000000004","UN","702.32050000000004","702.32050000000004"
"3115",2056,84,"681.13750000000005","UN","681.13750000000005","681.13750000000005"
"3116",2056,85,"650.88699999999994","UN","650.88699999999994","650.88699999999994"
"3117",2056,86,"611.81349999999998","UN","611.81349999999998","611.81349999999998"
"3118",2056,87,"578.37199999999996","UN","578.37199999999996","578.37199999999996"
"3119",2056,88,"537.48249999999996","UN","537.48249999999996","537.48249999999996"
"3120",2056,89,"485.5865","UN","485.5865","485.5865"
"3121",2056,90,"437.95549999999997","UN","437.95549999999997","437.95549999999997"
"3122",2056,91,"384.55849999999998","UN","384.55849999999998","384.55849999999998"
"3123",2056,92,"324.19549999999998","UN","324.19549999999998","324.19549999999998"
"3124",2056,93,"266.02249999999998","UN","266.02249999999998","266.02249999999998"
"3125",2056,94,"210.48949999999999","UN","210.48949999999999","210.48949999999999"
"3126",2056,95,"164.8965","UN","164.8965","164.8965"
"3127",2056,96,"125.8005","UN","125.8005","125.8005"
"3128",2056,97,"90.583500000000001","UN","90.583500000000001","90.583500000000001"
"3129",2056,98,"62.85","UN","62.85","62.85"
"3130",2056,99,"43.019500000000001","UN","43.019500000000001","43.019500000000001"
"3131",2056,100,"70.045500000000004","UN","70.045500000000004","70.045500000000004"
"3132",2057,0,"312.74450000000002","UN","312.74450000000002","473.63299999999998"
"3133",2057,1,"316.92849999999999","UN","316.92849999999999","472.01"
"3134",2057,2,"321.60700000000003","UN","321.60700000000003","471.5625"
"3135",2057,3,"326.81849999999997","UN","326.81849999999997","472.4665"
"3136",2057,4,"332.798","UN","332.798","475.048"
"3137",2057,5,"339.12150000000003","UN","339.12150000000003","478.91449999999998"
"3138",2057,6,"345.15499999999997","UN","345.15499999999997","483.44049999999999"
"3139",2057,7,"351.3125","UN","351.3125","488.94"
"3140",2057,8,"357.6585","UN","357.6585","495.291"
"3141",2057,9,"363.57549999999998","UN","363.57549999999998","501.721"
"3142",2057,10,"369.11649999999997","UN","369.11649999999997","508.11700000000002"
"3143",2057,11,"374.70800000000003","UN","374.70800000000003","514.78499999999997"
"3144",2057,12,"379.69099999999997","UN","379.69099999999997","520.97550000000001"
"3145",2057,13,"383.76400000000001","UN","383.76400000000001","526.32150000000001"
"3146",2057,14,"386.92700000000002","UN","386.92700000000002","530.7165"
"3147",2057,15,"389.59649999999999","UN","389.59649999999999","534.45050000000003"
"3148",2057,16,"392.87950000000001","UN","392.87950000000001","538.62249999999995"
"3149",2057,17,"397.74349999999998","UN","397.74349999999998","544.20299999999997"
"3150",2057,18,"404.94099999999997","UN","404.94099999999997","551.88049999999998"
"3151",2057,19,"414.25","UN","414.25","561.44399999999996"
"3152",2057,20,"424.96550000000002","UN","424.96550000000002","572.24800000000005"
"3153",2057,21,"435.65649999999999","UN","435.65649999999999","582.94600000000003"
"3154",2057,22,"445.072","UN","445.072","592.37850000000003"
"3155",2057,23,"452.0505","UN","452.0505","584.69000000000005"
"3156",2057,24,"456.23649999999998","UN","456.23649999999998","574.31849999999997"
"3157",2057,25,"458.17649999999998","UN","458.17649999999998","576.63400000000001"
"3158",2057,26,"458.38249999999999","UN","458.38249999999999","577.43799999999999"
"3159",2057,27,"457.75549999999998","UN","457.75549999999998","577.57399999999996"
"3160",2057,28,"457.03300000000002","UN","457.03300000000002","555.048"
"3161",2057,29,"456.185","UN","456.185","532.37249999999995"
"3162",2057,30,"455.05599999999998","UN","455.05599999999998","532.06299999999999"
"3163",2057,31,"454.90300000000002","UN","454.90300000000002","532.79700000000003"
"3164",2057,32,"455.62049999999999","UN","455.62049999999999","534.44899999999996"
"3165",2057,33,"455.21600000000001","UN","455.21600000000001","494.8655"
"3166",2057,34,"461.88150000000002","UN","461.88150000000002","461.88150000000002"
"3167",2057,35,"472.16750000000002","UN","472.16750000000002","472.16750000000002"
"3168",2057,36,"474.18400000000003","UN","474.18400000000003","474.18400000000003"
"3169",2057,37,"476.82650000000001","UN","476.82650000000001","476.82650000000001"
"3170",2057,38,"489.6515","UN","489.6515","489.6515"
"3171",2057,39,"508.28100000000001","UN","508.28100000000001","508.28100000000001"
"3172",2057,40,"524.15350000000001","UN","524.15350000000001","524.15350000000001"
"3173",2057,41,"533.77200000000005","UN","533.77200000000005","533.77200000000005"
"3174",2057,42,"543.16899999999998","UN","543.16899999999998","543.16899999999998"
"3175",2057,43,"552.20699999999999","UN","552.20699999999999","552.20699999999999"
"3176",2057,44,"565.27650000000006","UN","565.27650000000006","565.27650000000006"
"3177",2057,45,"579.24","UN","579.24","579.24"
"3178",2057,46,"590.47400000000005","UN","590.47400000000005","590.47400000000005"
"3179",2057,47,"602.0865","UN","602.0865","602.0865"
"3180",2057,48,"609.35350000000005","UN","609.35350000000005","609.35350000000005"
"3181",2057,49,"611.70299999999997","UN","611.70299999999997","611.70299999999997"
"3182",2057,50,"609.99","UN","609.99","609.99"
"3183",2057,51,"604.63599999999997","UN","604.63599999999997","604.63599999999997"
"3184",2057,52,"598.54300000000001","UN","598.54300000000001","598.54300000000001"
"3185",2057,53,"588.97799999999995","UN","588.97799999999995","588.97799999999995"
"3186",2057,54,"573.26850000000002","UN","573.26850000000002","573.26850000000002"
"3187",2057,55,"564.58699999999999","UN","564.58699999999999","564.58699999999999"
"3188",2057,56,"567.04300000000001","UN","567.04300000000001","567.04300000000001"
"3189",2057,57,"566.73350000000005","UN","566.73350000000005","566.73350000000005"
"3190",2057,58,"564.6155","UN","564.6155","564.6155"
"3191",2057,59,"562.99900000000002","UN","562.99900000000002","562.99900000000002"
"3192",2057,60,"561.45950000000005","UN","561.45950000000005","561.45950000000005"
"3193",2057,61,"563.14300000000003","UN","563.14300000000003","563.14300000000003"
"3194",2057,62,"565.79300000000001","UN","565.79300000000001","565.79300000000001"
"3195",2057,63,"573.98350000000005","UN","573.98350000000005","573.98350000000005"
"3196",2057,64,"596.08849999999995","UN","596.08849999999995","596.08849999999995"
"3197",2057,65,"612.92750000000001","UN","612.92750000000001","612.92750000000001"
"3198",2057,66,"620.23900000000003","UN","620.23900000000003","620.23900000000003"
"3199",2057,67,"622.46349999999995","UN","622.46349999999995","622.46349999999995"
"3200",2057,68,"626.74900000000002","UN","626.74900000000002","626.74900000000002"
"3201",2057,69,"610.71849999999995","UN","610.71849999999995","610.71849999999995"
"3202",2057,70,"594.24199999999996","UN","594.24199999999996","594.24199999999996"
"3203",2057,71,"604.23699999999997","UN","604.23699999999997","604.23699999999997"
"3204",2057,72,"613.77700000000004","UN","613.77700000000004","613.77700000000004"
"3205",2057,73,"624.68700000000001","UN","624.68700000000001","624.68700000000001"
"3206",2057,74,"636.84050000000002","UN","636.84050000000002","636.84050000000002"
"3207",2057,75,"651.96849999999995","UN","651.96849999999995","651.96849999999995"
"3208",2057,76,"656.26350000000002","UN","656.26350000000002","656.26350000000002"
"3209",2057,77,"659.08150000000001","UN","659.08150000000001","659.08150000000001"
"3210",2057,78,"671.08950000000004","UN","671.08950000000004","671.08950000000004"
"3211",2057,79,"686.06849999999997","UN","686.06849999999997","686.06849999999997"
"3212",2057,80,"699.54650000000004","UN","699.54650000000004","699.54650000000004"
"3213",2057,81,"710.47199999999998","UN","710.47199999999998","710.47199999999998"
"3214",2057,82,"713.89649999999995","UN","713.89649999999995","713.89649999999995"
"3215",2057,83,"700.47400000000005","UN","700.47400000000005","700.47400000000005"
"3216",2057,84,"676.87850000000003","UN","676.87850000000003","676.87850000000003"
"3217",2057,85,"651.92899999999997","UN","651.92899999999997","651.92899999999997"
"3218",2057,86,"617.82500000000005","UN","617.82500000000005","617.82500000000005"
"3219",2057,87,"575.08550000000002","UN","575.08550000000002","575.08550000000002"
"3220",2057,88,"537.36950000000002","UN","537.36950000000002","537.36950000000002"
"3221",2057,89,"492.65550000000002","UN","492.65550000000002","492.65550000000002"
"3222",2057,90,"438.53399999999999","UN","438.53399999999999","438.53399999999999"
"3223",2057,91,"389.21199999999999","UN","389.21199999999999","389.21199999999999"
"3224",2057,92,"335.81049999999999","UN","335.81049999999999","335.81049999999999"
"3225",2057,93,"277.44450000000001","UN","277.44450000000001","277.44450000000001"
"3226",2057,94,"222.3425","UN","222.3425","222.3425"
"3227",2057,95,"171.33799999999999","UN","171.33799999999999","171.33799999999999"
"3228",2057,96,"130.27099999999999","UN","130.27099999999999","130.27099999999999"
"3229",2057,97,"96.147499999999994","UN","96.147499999999994","96.147499999999994"
"3230",2057,98,"66.838499999999996","UN","66.838499999999996","66.838499999999996"
"3231",2057,99,"44.677500000000002","UN","44.677500000000002","44.677500000000002"
"3232",2057,100,"72.760000000000005","UN","72.760000000000005","72.760000000000005"
"3233",2058,0,"309.738","UN","309.738","476.95850000000002"
"3234",2058,1,"313.67599999999999","UN","313.67599999999999","474.53649999999999"
"3235",2058,2,"317.80900000000003","UN","317.80900000000003","472.88249999999999"
"3236",2058,3,"322.41849999999999","UN","322.41849999999999","472.37"
"3237",2058,4,"327.56099999999998","UN","327.56099999999998","473.20499999999998"
"3238",2058,5,"333.47899999999998","UN","333.47899999999998","475.72500000000002"
"3239",2058,6,"339.74700000000001","UN","339.74700000000001","479.53699999999998"
"3240",2058,7,"345.73099999999999","UN","345.73099999999999","484.012"
"3241",2058,8,"351.8415","UN","351.8415","489.46600000000001"
"3242",2058,9,"358.14550000000003","UN","358.14550000000003","495.77449999999999"
"3243",2058,10,"364.02449999999999","UN","364.02449999999999","502.16699999999997"
"3244",2058,11,"369.53149999999999","UN","369.53149999999999","508.529"
"3245",2058,12,"375.09350000000001","UN","375.09350000000001","515.16600000000005"
"3246",2058,13,"380.04899999999998","UN","380.04899999999998","521.33000000000004"
"3247",2058,14,"384.13249999999999","UN","384.13249999999999","526.68399999999997"
"3248",2058,15,"387.56799999999998","UN","387.56799999999998","531.351"
"3249",2058,16,"391.29649999999998","UN","391.29649999999998","536.14049999999997"
"3250",2058,17,"396.74900000000002","UN","396.74900000000002","542.48149999999998"
"3251",2058,18,"404.53050000000002","UN","404.53050000000002","550.976"
"3252",2058,19,"414.57799999999997","UN","414.57799999999997","561.50199999999995"
"3253",2058,20,"425.8365","UN","425.8365","573.01300000000003"
"3254",2058,21,"436.90100000000001","UN","436.90100000000001","584.16499999999996"
"3255",2058,22,"446.125","UN","446.125","593.39499999999998"
"3256",2058,23,"452.78149999999999","UN","452.78149999999999","600.06949999999995"
"3257",2058,24,"456.61799999999999","UN","456.61799999999999","589.24099999999999"
"3258",2058,25,"458.01350000000002","UN","458.01350000000002","576.07950000000005"
"3259",2058,26,"457.85449999999997","UN","457.85449999999997","576.29499999999996"
"3260",2058,27,"456.67599999999999","UN","456.67599999999999","575.71500000000003"
"3261",2058,28,"455.2475","UN","455.2475","575.04899999999998"
"3262",2058,29,"454.14100000000002","UN","454.14100000000002","552.14250000000004"
"3263",2058,30,"453.18049999999999","UN","453.18049999999999","529.35749999999996"
"3264",2058,31,"452.10649999999998","UN","452.10649999999998","529.10149999999999"
"3265",2058,32,"452.09949999999998","UN","452.09949999999998","529.98099999999999"
"3266",2058,33,"453.01150000000001","UN","453.01150000000001","531.82550000000003"
"3267",2058,34,"452.82","UN","452.82","492.46249999999998"
"3268",2058,35,"459.69850000000002","UN","459.69850000000002","459.69850000000002"
"3269",2058,36,"470.18599999999998","UN","470.18599999999998","470.18599999999998"
"3270",2058,37,"472.39100000000002","UN","472.39100000000002","472.39100000000002"
"3271",2058,38,"475.20499999999998","UN","475.20499999999998","475.20499999999998"
"3272",2058,39,"488.17899999999997","UN","488.17899999999997","488.17899999999997"
"3273",2058,40,"506.93900000000002","UN","506.93900000000002","506.93900000000002"
"3274",2058,41,"522.92550000000006","UN","522.92550000000006","522.92550000000006"
"3275",2058,42,"532.64400000000001","UN","532.64400000000001","532.64400000000001"
"3276",2058,43,"542.12599999999998","UN","542.12599999999998","542.12599999999998"
"3277",2058,44,"551.23299999999995","UN","551.23299999999995","551.23299999999995"
"3278",2058,45,"564.35149999999999","UN","564.35149999999999","564.35149999999999"
"3279",2058,46,"578.35050000000001","UN","578.35050000000001","578.35050000000001"
"3280",2058,47,"589.6105","UN","589.6105","589.6105"
"3281",2058,48,"601.24","UN","601.24","601.24"
"3282",2058,49,"608.5145","UN","608.5145","608.5145"
"3283",2058,50,"610.86099999999999","UN","610.86099999999999","610.86099999999999"
"3284",2058,51,"609.13250000000005","UN","609.13250000000005","609.13250000000005"
"3285",2058,52,"603.75900000000001","UN","603.75900000000001","603.75900000000001"
"3286",2058,53,"597.64049999999997","UN","597.64049999999997","597.64049999999997"
"3287",2058,54,"588.04849999999999","UN","588.04849999999999","588.04849999999999"
"3288",2058,55,"572.30949999999996","UN","572.30949999999996","572.30949999999996"
"3289",2058,56,"563.57600000000002","UN","563.57600000000002","563.57600000000002"
"3290",2058,57,"565.95150000000001","UN","565.95150000000001","565.95150000000001"
"3291",2058,58,"565.56150000000002","UN","565.56150000000002","565.56150000000002"
"3292",2058,59,"563.351","UN","563.351","563.351"
"3293",2058,60,"561.62950000000001","UN","561.62950000000001","561.62950000000001"
"3294",2058,61,"559.98249999999996","UN","559.98249999999996","559.98249999999996"
"3295",2058,62,"561.54700000000003","UN","561.54700000000003","561.54700000000003"
"3296",2058,63,"564.05200000000002","UN","564.05200000000002","564.05200000000002"
"3297",2058,64,"572.04999999999995","UN","572.04999999999995","572.04999999999995"
"3298",2058,65,"593.90650000000005","UN","593.90650000000005","593.90650000000005"
"3299",2058,66,"610.49","UN","610.49","610.49"
"3300",2058,67,"617.53800000000001","UN","617.53800000000001","617.53800000000001"
"3301",2058,68,"619.51","UN","619.51","619.51"
"3302",2058,69,"623.5145","UN","623.5145","623.5145"
"3303",2058,70,"607.26750000000004","UN","607.26750000000004","607.26750000000004"
"3304",2058,71,"590.50250000000005","UN","590.50250000000005","590.50250000000005"
"3305",2058,72,"599.98149999999998","UN","599.98149999999998","599.98149999999998"
"3306",2058,73,"608.95950000000005","UN","608.95950000000005","608.95950000000005"
"3307",2058,74,"619.23699999999997","UN","619.23699999999997","619.23699999999997"
"3308",2058,75,"630.67399999999998","UN","630.67399999999998","630.67399999999998"
"3309",2058,76,"644.85450000000003","UN","644.85450000000003","644.85450000000003"
"3310",2058,77,"648.23350000000005","UN","648.23350000000005","648.23350000000005"
"3311",2058,78,"649.947","UN","649.947","649.947"
"3312",2058,79,"660.41499999999996","UN","660.41499999999996","660.41499999999996"
"3313",2058,80,"673.37450000000001","UN","673.37450000000001","673.37450000000001"
"3314",2058,81,"684.35599999999999","UN","684.35599999999999","684.35599999999999"
"3315",2058,82,"692.28250000000003","UN","692.28250000000003","692.28250000000003"
"3316",2058,83,"692.34950000000003","UN","692.34950000000003","692.34950000000003"
"3317",2058,84,"675.47699999999998","UN","675.47699999999998","675.47699999999998"
"3318",2058,85,"648.23749999999995","UN","648.23749999999995","648.23749999999995"
"3319",2058,86,"619.23649999999998","UN","619.23649999999998","619.23649999999998"
"3320",2058,87,"581.20050000000003","UN","581.20050000000003","581.20050000000003"
"3321",2058,88,"534.77350000000001","UN","534.77350000000001","534.77350000000001"
"3322",2058,89,"493.00650000000002","UN","493.00650000000002","493.00650000000002"
"3323",2058,90,"445.38600000000002","UN","445.38600000000002","445.38600000000002"
"3324",2058,91,"390.16250000000002","UN","390.16250000000002","390.16250000000002"
"3325",2058,92,"340.26650000000001","UN","340.26650000000001","340.26650000000001"
"3326",2058,93,"287.72949999999997","UN","287.72949999999997","287.72949999999997"
"3327",2058,94,"232.18549999999999","UN","232.18549999999999","232.18549999999999"
"3328",2058,95,"181.21799999999999","UN","181.21799999999999","181.21799999999999"
"3329",2058,96,"135.5445","UN","135.5445","135.5445"
"3330",2058,97,"99.704499999999996","UN","99.704499999999996","99.704499999999996"
"3331",2058,98,"71.037999999999997","UN","71.037999999999997","71.037999999999997"
"3332",2058,99,"47.573500000000003","UN","47.573500000000003","47.573500000000003"
"3333",2058,100,"75.649000000000001","UN","75.649000000000001","75.649000000000001"
"3334",2059,0,"307.09750000000003","UN","307.09750000000003","481.09500000000003"
"3335",2059,1,"310.61849999999998","UN","310.61849999999998","477.81049999999999"
"3336",2059,2,"314.50850000000003","UN","314.50850000000003","475.36099999999999"
"3337",2059,3,"318.577","UN","318.577","473.64600000000002"
"3338",2059,4,"323.12150000000003","UN","323.12150000000003","473.06849999999997"
"3339",2059,5,"328.20549999999997","UN","328.20549999999997","473.84550000000002"
"3340",2059,6,"334.07100000000003","UN","334.07100000000003","476.31400000000002"
"3341",2059,7,"340.29199999999997","UN","340.29199999999997","480.07799999999997"
"3342",2059,8,"346.23099999999999","UN","346.23099999999999","484.5095"
"3343",2059,9,"352.30149999999998","UN","352.30149999999998","489.92399999999998"
"3344",2059,10,"358.57","UN","358.57","496.197"
"3345",2059,11,"364.41750000000002","UN","364.41750000000002","502.55599999999998"
"3346",2059,12,"369.89600000000002","UN","369.89600000000002","508.88900000000001"
"3347",2059,13,"375.43200000000002","UN","375.43200000000002","515.50049999999999"
"3348",2059,14,"380.39850000000001","UN","380.39850000000001","521.67399999999998"
"3349",2059,15,"384.75349999999997","UN","384.75349999999997","527.298"
"3350",2059,16,"389.2355","UN","389.2355","533.00900000000001"
"3351",2059,17,"395.10849999999999","UN","395.10849999999999","539.94200000000001"
"3352",2059,18,"403.44400000000002","UN","403.44400000000002","549.1635"
"3353",2059,19,"414.04349999999999","UN","414.04349999999999","560.47299999999996"
"3354",2059,20,"426.0145","UN","426.0145","572.92250000000001"
"3355",2059,21,"437.61349999999999","UN","437.61349999999999","584.77200000000005"
"3356",2059,22,"447.21800000000002","UN","447.21800000000002","594.46349999999995"
"3357",2059,23,"453.70150000000001","UN","453.70150000000001","600.95349999999996"
"3358",2059,24,"457.23950000000002","UN","457.23950000000002","604.50900000000001"
"3359",2059,25,"458.30849999999998","UN","458.30849999999998","590.91300000000001"
"3360",2059,26,"457.62299999999999","UN","457.62299999999999","575.67250000000001"
"3361",2059,27,"456.09350000000001","UN","456.09350000000001","574.51800000000003"
"3362",2059,28,"454.12450000000001","UN","454.12450000000001","573.14700000000005"
"3363",2059,29,"452.31950000000001","UN","452.31950000000001","572.10450000000003"
"3364",2059,30,"451.10599999999999","UN","451.10599999999999","549.09450000000004"
"3365",2059,31,"450.20499999999998","UN","450.20499999999998","526.36950000000002"
"3366",2059,32,"449.28","UN","449.28","526.26300000000003"
"3367",2059,33,"449.471","UN","449.471","527.33749999999998"
"3368",2059,34,"450.59699999999998","UN","450.59699999999998","529.39750000000004"
"3369",2059,35,"450.62299999999999","UN","450.62299999999999","490.25749999999999"
"3370",2059,36,"457.70499999999998","UN","457.70499999999998","457.70499999999998"
"3371",2059,37,"468.38049999999998","UN","468.38049999999998","468.38049999999998"
"3372",2059,38,"470.75799999999998","UN","470.75799999999998","470.75799999999998"
"3373",2059,39,"473.726","UN","473.726","473.726"
"3374",2059,40,"486.83350000000002","UN","486.83350000000002","486.83350000000002"
"3375",2059,41,"505.70800000000003","UN","505.70800000000003","505.70800000000003"
"3376",2059,42,"521.79349999999999","UN","521.79349999999999","521.79349999999999"
"3377",2059,43,"531.59849999999994","UN","531.59849999999994","531.59849999999994"
"3378",2059,44,"541.15099999999995","UN","541.15099999999995","541.15099999999995"
"3379",2059,45,"550.30999999999995","UN","550.30999999999995","550.30999999999995"
"3380",2059,46,"563.46799999999996","UN","563.46799999999996","563.46799999999996"
"3381",2059,47,"577.49249999999995","UN","577.49249999999995","577.49249999999995"
"3382",2059,48,"588.77200000000005","UN","588.77200000000005","588.77200000000005"
"3383",2059,49,"600.40750000000003","UN","600.40750000000003","600.40750000000003"
"3384",2059,50,"607.67650000000003","UN","607.67650000000003","607.67650000000003"
"3385",2059,51,"610.00649999999996","UN","610.00649999999996","610.00649999999996"
"3386",2059,52,"608.255","UN","608.255","608.255"
"3387",2059,53,"602.85550000000001","UN","602.85550000000001","602.85550000000001"
"3388",2059,54,"596.70650000000001","UN","596.70650000000001","596.70650000000001"
"3389",2059,55,"587.077","UN","587.077","587.077"
"3390",2059,56,"571.29700000000003","UN","571.29700000000003","571.29700000000003"
"3391",2059,57,"562.50450000000001","UN","562.50450000000001","562.50450000000001"
"3392",2059,58,"564.79700000000003","UN","564.79700000000003","564.79700000000003"
"3393",2059,59,"564.31399999999996","UN","564.31399999999996","564.31399999999996"
"3394",2059,60,"561.99900000000002","UN","561.99900000000002","561.99900000000002"
"3395",2059,61,"560.16999999999996","UN","560.16999999999996","560.16999999999996"
"3396",2059,62,"558.41600000000005","UN","558.41600000000005","558.41600000000005"
"3397",2059,63,"559.84249999999997","UN","559.84249999999997","559.84249999999997"
"3398",2059,64,"562.17750000000001","UN","562.17750000000001","562.17750000000001"
"3399",2059,65,"569.98850000000004","UN","569.98850000000004","569.98850000000004"
"3400",2059,66,"591.58299999999997","UN","591.58299999999997","591.58299999999997"
"3401",2059,67,"607.87699999999995","UN","607.87699999999995","607.87699999999995"
"3402",2059,68,"614.65449999999998","UN","614.65449999999998","614.65449999999998"
"3403",2059,69,"616.36649999999997","UN","616.36649999999997","616.36649999999997"
"3404",2059,70,"620.04849999999999","UN","620.04849999999999","620.04849999999999"
"3405",2059,71,"603.5145","UN","603.5145","603.5145"
"3406",2059,72,"586.42399999999998","UN","586.42399999999998","586.42399999999998"
"3407",2059,73,"595.36249999999995","UN","595.36249999999995","595.36249999999995"
"3408",2059,74,"603.74900000000002","UN","603.74900000000002","603.74900000000002"
"3409",2059,75,"613.35749999999996","UN","613.35749999999996","613.35749999999996"
"3410",2059,76,"623.92399999999998","UN","623.92399999999998","623.92399999999998"
"3411",2059,77,"637.12850000000003","UN","637.12850000000003","637.12850000000003"
"3412",2059,78,"639.42499999999995","UN","639.42499999999995","639.42499999999995"
"3413",2059,79,"639.79250000000002","UN","639.79250000000002","639.79250000000002"
"3414",2059,80,"648.42150000000004","UN","648.42150000000004","648.42150000000004"
"3415",2059,81,"659.01049999999998","UN","659.01049999999998","659.01049999999998"
"3416",2059,82,"667.13099999999997","UN","667.13099999999997","667.13099999999997"
"3417",2059,83,"671.71849999999995","UN","671.71849999999995","671.71849999999995"
"3418",2059,84,"668.01850000000002","UN","668.01850000000002","668.01850000000002"
"3419",2059,85,"647.30650000000003","UN","647.30650000000003","647.30650000000003"
"3420",2059,86,"616.14350000000002","UN","616.14350000000002","616.14350000000002"
"3421",2059,87,"582.97550000000001","UN","582.97550000000001","582.97550000000001"
"3422",2059,88,"540.94200000000001","UN","540.94200000000001","540.94200000000001"
"3423",2059,89,"491.09100000000001","UN","491.09100000000001","491.09100000000001"
"3424",2059,90,"446.15649999999999","UN","446.15649999999999","446.15649999999999"
"3425",2059,91,"396.71249999999998","UN","396.71249999999998","396.71249999999998"
"3426",2059,92,"341.51299999999998","UN","341.51299999999998","341.51299999999998"
"3427",2059,93,"291.90899999999999","UN","291.90899999999999","291.90899999999999"
"3428",2059,94,"241.09700000000001","UN","241.09700000000001","241.09700000000001"
"3429",2059,95,"189.495","UN","189.495","189.495"
"3430",2059,96,"143.5505","UN","143.5505","143.5505"
"3431",2059,97,"103.8845","UN","103.8845","103.8845"
"3432",2059,98,"73.769499999999994","UN","73.769499999999994","73.769499999999994"
"3433",2059,99,"50.628500000000003","UN","50.628500000000003","50.628500000000003"
"3434",2059,100,"79.501999999999995","UN","79.501999999999995","79.501999999999995"
"3435",2060,0,"305.23050000000001","UN","305.23050000000001","486.27949999999998"
"3436",2060,1,"307.99549999999999","UN","307.99549999999999","481.96350000000001"
"3437",2060,2,"311.46600000000001","UN","311.46600000000001","478.64949999999999"
"3438",2060,3,"315.29050000000001","UN","315.29050000000001","476.13799999999998"
"3439",2060,4,"319.29199999999997","UN","319.29199999999997","474.35599999999999"
"3440",2060,5,"323.77699999999999","UN","323.77699999999999","473.72"
"3441",2060,6,"328.8075","UN","328.8075","474.44450000000001"
"3442",2060,7,"334.625","UN","334.625","476.86450000000002"
"3443",2060,8,"340.8005","UN","340.8005","480.584"
"3444",2060,9,"346.7","UN","346.7","484.976"
"3445",2060,10,"352.73399999999998","UN","352.73399999999998","490.3535"
"3446",2060,11,"358.97050000000002","UN","358.97050000000002","496.59249999999997"
"3447",2060,12,"364.7885","UN","364.7885","502.923"
"3448",2060,13,"370.24099999999999","UN","370.24099999999999","509.22949999999997"
"3449",2060,14,"375.78699999999998","UN","375.78699999999998","515.85050000000001"
"3450",2060,15,"381.02350000000001","UN","381.02350000000001","522.29150000000004"
"3451",2060,16,"386.41449999999998","UN","386.41449999999998","528.95050000000003"
"3452",2060,17,"393.02449999999999","UN","393.02449999999999","536.78750000000002"
"3453",2060,18,"401.75749999999999","UN","401.75749999999999","546.57849999999996"
"3454",2060,19,"412.88900000000001","UN","412.88900000000001","558.59249999999997"
"3455",2060,20,"425.3965","UN","425.3965","571.81050000000005"
"3456",2060,21,"437.70949999999999","UN","437.70949999999999","584.59900000000005"
"3457",2060,22,"447.86500000000001","UN","447.86500000000001","595.005"
"3458",2060,23,"454.75799999999998","UN","454.75799999999998","601.98599999999999"
"3459",2060,24,"458.15600000000001","UN","458.15600000000001","605.39"
"3460",2060,25,"458.9545","UN","458.9545","606.20450000000005"
"3461",2060,26,"457.96199999999999","UN","457.96199999999999","590.54899999999998"
"3462",2060,27,"455.91849999999999","UN","455.91849999999999","573.952"
"3463",2060,28,"453.60399999999998","UN","453.60399999999998","572.01250000000005"
"3464",2060,29,"451.26","UN","451.26","570.26599999999996"
"3465",2060,30,"449.34699999999998","UN","449.34699999999998","569.11649999999997"
"3466",2060,31,"448.18950000000001","UN","448.18950000000001","546.16250000000002"
"3467",2060,32,"447.43400000000003","UN","447.43400000000003","523.58699999999999"
"3468",2060,33,"446.70249999999999","UN","446.70249999999999","523.67200000000003"
"3469",2060,34,"447.10449999999997","UN","447.10449999999997","524.95749999999998"
"3470",2060,35,"448.44299999999998","UN","448.44299999999998","527.22699999999998"
"3471",2060,36,"448.67","UN","448.67","488.29649999999998"
"3472",2060,37,"455.9375","UN","455.9375","455.9375"
"3473",2060,38,"466.78149999999999","UN","466.78149999999999","466.78149999999999"
"3474",2060,39,"469.31","UN","469.31","469.31"
"3475",2060,40,"472.41199999999998","UN","472.41199999999998","472.41199999999998"
"3476",2060,41,"485.63400000000001","UN","485.63400000000001","485.63400000000001"
"3477",2060,42,"504.60599999999999","UN","504.60599999999999","504.60599999999999"
"3478",2060,43,"520.77449999999999","UN","520.77449999999999","520.77449999999999"
"3479",2060,44,"530.649","UN","530.649","530.649"
"3480",2060,45,"540.25400000000002","UN","540.25400000000002","540.25400000000002"
"3481",2060,46,"549.45450000000005","UN","549.45450000000005","549.45450000000005"
"3482",2060,47,"562.63850000000002","UN","562.63850000000002","562.63850000000002"
"3483",2060,48,"576.68200000000002","UN","576.68200000000002","576.68200000000002"
"3484",2060,49,"587.96799999999996","UN","587.96799999999996","587.96799999999996"
"3485",2060,50,"599.59500000000003","UN","599.59500000000003","599.59500000000003"
"3486",2060,51,"606.84500000000003","UN","606.84500000000003","606.84500000000003"
"3487",2060,52,"609.14800000000002","UN","609.14800000000002","609.14800000000002"
"3488",2060,53,"607.36699999999996","UN","607.36699999999996","607.36699999999996"
"3489",2060,54,"601.93600000000004","UN","601.93600000000004","601.93600000000004"
"3490",2060,55,"595.74450000000002","UN","595.74450000000002","595.74450000000002"
"3491",2060,56,"586.06449999999995","UN","586.06449999999995","586.06449999999995"
"3492",2060,57,"570.23749999999995","UN","570.23749999999995","570.23749999999995"
"3493",2060,58,"561.3845","UN","561.3845","561.3845"
"3494",2060,59,"563.58050000000003","UN","563.58050000000003","563.58050000000003"
"3495",2060,60,"562.99350000000004","UN","562.99350000000004","562.99350000000004"
"3496",2060,61,"560.56949999999995","UN","560.56949999999995","560.56949999999995"
"3497",2060,62,"558.63250000000005","UN","558.63250000000005","558.63250000000005"
"3498",2060,63,"556.75350000000003","UN","556.75350000000003","556.75350000000003"
"3499",2060,64,"558.01649999999995","UN","558.01649999999995","558.01649999999995"
"3500",2060,65,"560.19000000000005","UN","560.19000000000005","560.19000000000005"
"3501",2060,66,"567.803","UN","567.803","567.803"
"3502",2060,67,"589.10149999999999","UN","589.10149999999999","589.10149999999999"
"3503",2060,68,"605.09699999999998","UN","605.09699999999998","605.09699999999998"
"3504",2060,69,"611.59349999999995","UN","611.59349999999995","611.59349999999995"
"3505",2060,70,"613.00699999999995","UN","613.00699999999995","613.00699999999995"
"3506",2060,71,"616.28700000000003","UN","616.28700000000003","616.28700000000003"
"3507",2060,72,"599.42750000000001","UN","599.42750000000001","599.42750000000001"
"3508",2060,73,"582.00300000000004","UN","582.00300000000004","582.00300000000004"
"3509",2060,74,"590.37249999999995","UN","590.37249999999995","590.37249999999995"
"3510",2060,75,"598.13250000000005","UN","598.13250000000005","598.13250000000005"
"3511",2060,76,"606.91849999999999","UN","606.91849999999999","606.91849999999999"
"3512",2060,77,"616.58699999999999","UN","616.58699999999999","616.58699999999999"
"3513",2060,78,"628.64200000000005","UN","628.64200000000005","628.64200000000005"
"3514",2060,79,"629.62049999999999","UN","629.62049999999999","629.62049999999999"
"3515",2060,80,"628.36699999999996","UN","628.36699999999996","628.36699999999996"
"3516",2060,81,"634.82799999999997","UN","634.82799999999997","634.82799999999997"
"3517",2060,82,"642.69399999999996","UN","642.69399999999996","642.69399999999996"
"3518",2060,83,"647.62249999999995","UN","647.62249999999995","647.62249999999995"
"3519",2060,84,"648.45299999999997","UN","648.45299999999997","648.45299999999997"
"3520",2060,85,"640.54250000000002","UN","640.54250000000002","640.54250000000002"
"3521",2060,86,"615.67349999999999","UN","615.67349999999999","615.67349999999999"
"3522",2060,87,"580.47199999999998","UN","580.47199999999998","580.47199999999998"
"3523",2060,88,"543.02750000000003","UN","543.02750000000003","543.02750000000003"
"3524",2060,89,"497.21600000000001","UN","497.21600000000001","497.21600000000001"
"3525",2060,90,"444.85849999999999","UN","444.85849999999999","444.85849999999999"
"3526",2060,91,"397.81","UN","397.81","397.81"
"3527",2060,92,"347.6515","UN","347.6515","347.6515"
"3528",2060,93,"293.33550000000002","UN","293.33550000000002","293.33550000000002"
"3529",2060,94,"244.898","UN","244.898","244.898"
"3530",2060,95,"197.012","UN","197.012","197.012"
"3531",2060,96,"150.3015","UN","150.3015","150.3015"
"3532",2060,97,"110.157","UN","110.157","110.157"
"3533",2060,98,"76.960999999999999","UN","76.960999999999999","76.960999999999999"
"3534",2060,99,"52.643500000000003","UN","52.643500000000003","52.643500000000003"
"3535",2060,100,"84.093999999999994","UN","84.093999999999994","84.093999999999994"
"3536",2061,0,"303.69900000000001","UN","303.69900000000001","491.80149999999998"
"3537",2061,1,"306.11900000000003","UN","306.11900000000003","487.13850000000002"
"3538",2061,2,"308.83300000000003","UN","308.83300000000003","482.79300000000001"
"3539",2061,3,"312.23899999999998","UN","312.23899999999998","479.41699999999997"
"3540",2061,4,"315.99650000000003","UN","315.99650000000003","476.84"
"3541",2061,5,"319.94049999999999","UN","319.94049999999999","475.00049999999999"
"3542",2061,6,"324.37200000000001","UN","324.37200000000001","474.3125"
"3543",2061,7,"329.35500000000002","UN","329.35500000000002","474.98899999999998"
"3544",2061,8,"335.12799999999999","UN","335.12799999999999","477.36450000000002"
"3545",2061,9,"341.2645","UN","341.2645","481.0455"
"3546",2061,10,"347.1275","UN","347.1275","485.4"
"3547",2061,11,"353.13049999999998","UN","353.13049999999998","490.745"
"3548",2061,12,"359.33749999999998","UN","359.33749999999998","496.95549999999997"
"3549",2061,13,"365.13","UN","365.13","503.26"
"3550",2061,14,"370.59199999999998","UN","370.59199999999998","509.57549999999998"
"3551",2061,15,"376.40550000000002","UN","376.40550000000002","516.46199999999999"
"3552",2061,16,"382.66800000000001","UN","382.66800000000001","523.928"
"3553",2061,17,"390.16750000000002","UN","390.16750000000002","532.69299999999998"
"3554",2061,18,"399.61","UN","399.61","543.36099999999999"
"3555",2061,19,"411.11200000000002","UN","411.11200000000002","555.91750000000002"
"3556",2061,20,"424.13350000000003","UN","424.13350000000003","569.82100000000003"
"3557",2061,21,"436.97949999999997","UN","436.97949999999997","583.375"
"3558",2061,22,"447.86099999999999","UN","447.86099999999999","594.73299999999995"
"3559",2061,23,"455.33150000000001","UN","455.33150000000001","602.45450000000005"
"3560",2061,24,"459.16800000000001","UN","459.16800000000001","606.37850000000003"
"3561",2061,25,"459.85149999999999","UN","459.85149999999999","607.06700000000001"
"3562",2061,26,"458.60849999999999","UN","458.60849999999999","605.83900000000006"
"3563",2061,27,"456.27100000000002","UN","456.27100000000002","588.84050000000002"
"3564",2061,28,"453.45","UN","453.45","571.46799999999996"
"3565",2061,29,"450.7645","UN","450.7645","569.15750000000003"
"3566",2061,30,"448.31400000000002","UN","448.31400000000002","567.30449999999996"
"3567",2061,31,"446.45600000000002","UN","446.45600000000002","566.20799999999997"
"3568",2061,32,"445.44400000000002","UN","445.44400000000002","543.40150000000006"
"3569",2061,33,"444.88","UN","444.88","521.01949999999999"
"3570",2061,34,"444.358","UN","444.358","521.31299999999999"
"3571",2061,35,"444.97050000000002","UN","444.97050000000002","522.80700000000002"
"3572",2061,36,"446.50850000000003","UN","446.50850000000003","525.27650000000006"
"3573",2061,37,"446.9205","UN","446.9205","486.53800000000001"
"3574",2061,38,"454.35649999999998","UN","454.35649999999998","454.35649999999998"
"3575",2061,39,"465.34800000000001","UN","465.34800000000001","465.34800000000001"
"3576",2061,40,"468.01049999999998","UN","468.01049999999998","468.01049999999998"
"3577",2061,41,"471.22949999999997","UN","471.22949999999997","471.22949999999997"
"3578",2061,42,"484.55149999999998","UN","484.55149999999998","484.55149999999998"
"3579",2061,43,"503.60500000000002","UN","503.60500000000002","503.60500000000002"
"3580",2061,44,"519.84050000000002","UN","519.84050000000002","519.84050000000002"
"3581",2061,45,"529.76850000000002","UN","529.76850000000002","529.76850000000002"
"3582",2061,46,"539.4135","UN","539.4135","539.4135"
"3583",2061,47,"548.64449999999999","UN","548.64449999999999","548.64449999999999"
"3584",2061,48,"561.84900000000005","UN","561.84900000000005","561.84900000000005"
"3585",2061,49,"575.89800000000002","UN","575.89800000000002","575.89800000000002"
"3586",2061,50,"587.17750000000001","UN","587.17750000000001","587.17750000000001"
"3587",2061,51,"598.78300000000002","UN","598.78300000000002","598.78300000000002"
"3588",2061,52,"606.00300000000004","UN","606.00300000000004","606.00300000000004"
"3589",2061,53,"608.274","UN","608.274","608.274"
"3590",2061,54,"606.45699999999999","UN","606.45699999999999","606.45699999999999"
"3591",2061,55,"600.98299999999995","UN","600.98299999999995","600.98299999999995"
"3592",2061,56,"594.73500000000001","UN","594.73500000000001","594.73500000000001"
"3593",2061,57,"584.99850000000004","UN","584.99850000000004","584.99850000000004"
"3594",2061,58,"569.12350000000004","UN","569.12350000000004","569.12350000000004"
"3595",2061,59,"560.19899999999996","UN","560.19899999999996","560.19899999999996"
"3596",2061,60,"562.28800000000001","UN","562.28800000000001","562.28800000000001"
"3597",2061,61,"561.59100000000001","UN","561.59100000000001","561.59100000000001"
"3598",2061,62,"559.05899999999997","UN","559.05899999999997","559.05899999999997"
"3599",2061,63,"556.99450000000002","UN","556.99450000000002","556.99450000000002"
"3600",2061,64,"554.96699999999998","UN","554.96699999999998","554.96699999999998"
"3601",2061,65,"556.07550000000003","UN","556.07550000000003","556.07550000000003"
"3602",2061,66,"558.077","UN","558.077","558.077"
"3603",2061,67,"565.46299999999997","UN","565.46299999999997","565.46299999999997"
"3604",2061,68,"586.45600000000002","UN","586.45600000000002","586.45600000000002"
"3605",2061,69,"602.14149999999995","UN","602.14149999999995","602.14149999999995"
"3606",2061,70,"608.3175","UN","608.3175","608.3175"
"3607",2061,71,"609.35350000000005","UN","609.35350000000005","609.35350000000005"
"3608",2061,72,"612.18399999999997","UN","612.18399999999997","612.18399999999997"
"3609",2061,73,"594.99149999999997","UN","594.99149999999997","594.99149999999997"
"3610",2061,74,"577.21950000000004","UN","577.21950000000004","577.21950000000004"
"3611",2061,75,"584.98649999999998","UN","584.98649999999998","584.98649999999998"
"3612",2061,76,"591.97","UN","591.97","591.97"
"3613",2061,77,"599.9135","UN","599.9135","599.9135"
"3614",2061,78,"608.51949999999999","UN","608.51949999999999","608.51949999999999"
"3615",2061,79,"619.18600000000004","UN","619.18600000000004","619.18600000000004"
"3616",2061,80,"618.57399999999996","UN","618.57399999999996","618.57399999999996"
"3617",2061,81,"615.4","UN","615.4","615.4"
"3618",2061,82,"619.36350000000004","UN","619.36350000000004","619.36350000000004"
"3619",2061,83,"624.18550000000005","UN","624.18550000000005","624.18550000000005"
"3620",2061,84,"625.51400000000001","UN","625.51400000000001","625.51400000000001"
"3621",2061,85,"622.1345","UN","622.1345","622.1345"
"3622",2061,86,"609.63350000000003","UN","609.63350000000003","609.63350000000003"
"3623",2061,87,"580.447","UN","580.447","580.447"
"3624",2061,88,"541.09799999999996","UN","541.09799999999996","541.09799999999996"
"3625",2061,89,"499.55450000000002","UN","499.55450000000002","499.55450000000002"
"3626",2061,90,"450.84750000000003","UN","450.84750000000003","450.84750000000003"
"3627",2061,91,"397.05849999999998","UN","397.05849999999998","397.05849999999998"
"3628",2061,92,"348.98849999999999","UN","348.98849999999999","348.98849999999999"
"3629",2061,93,"298.96550000000002","UN","298.96550000000002","298.96550000000002"
"3630",2061,94,"246.39949999999999","UN","246.39949999999999","246.39949999999999"
"3631",2061,95,"200.36449999999999","UN","200.36449999999999","200.36449999999999"
"3632",2061,96,"156.45599999999999","UN","156.45599999999999","156.45599999999999"
"3633",2061,97,"115.48350000000001","UN","115.48350000000001","115.48350000000001"
"3634",2061,98,"81.706000000000003","UN","81.706000000000003","81.706000000000003"
"3635",2061,99,"54.988","UN","54.988","54.988"
"3636",2061,100,"88.450500000000005","UN","88.450500000000005","88.450500000000005"
"3637",2062,0,"302.20299999999997","UN","302.20299999999997","497.14449999999999"
"3638",2062,1,"304.54899999999998","UN","304.54899999999998","492.6225"
"3639",2062,2,"306.92149999999998","UN","306.92149999999998","487.93200000000002"
"3640",2062,3,"309.57400000000001","UN","309.57400000000001","483.52749999999997"
"3641",2062,4,"312.916","UN","312.916","480.09"
"3642",2062,5,"316.61849999999998","UN","316.61849999999998","477.45749999999998"
"3643",2062,6,"320.51","UN","320.51","475.56799999999998"
"3644",2062,7,"324.8965","UN","324.8965","474.834"
"3645",2062,8,"329.83749999999998","UN","329.83749999999998","475.46800000000002"
"3646",2062,9,"335.57249999999999","UN","335.57249999999999","477.80599999999998"
"3647",2062,10,"341.67399999999998","UN","341.67399999999998","481.45150000000001"
"3648",2062,11,"347.50700000000001","UN","347.50700000000001","485.77550000000002"
"3649",2062,12,"353.48200000000003","UN","353.48200000000003","491.09300000000002"
"3650",2062,13,"359.66399999999999","UN","359.66399999999999","497.27850000000001"
"3651",2062,14,"365.46699999999998","UN","365.46699999999998","503.59199999999998"
"3652",2062,15,"371.19400000000002","UN","371.19400000000002","510.17149999999998"
"3653",2062,16,"378.02350000000001","UN","378.02350000000001","518.07150000000001"
"3654",2062,17,"386.37","UN","386.37","527.62"
"3655",2062,18,"396.67099999999999","UN","396.67099999999999","539.18449999999996"
"3656",2062,19,"408.85050000000001","UN","408.85050000000001","552.58600000000001"
"3657",2062,20,"422.22050000000002","UN","422.22050000000002","567.01"
"3658",2062,21,"435.57249999999999","UN","435.57249999999999","581.24249999999995"
"3659",2062,22,"446.99650000000003","UN","446.99650000000003","593.37549999999999"
"3660",2062,23,"455.21449999999999","UN","455.21449999999999","602.06949999999995"
"3661",2062,24,"459.65249999999997","UN","459.65249999999997","606.75800000000004"
"3662",2062,25,"460.798","UN","460.798","607.99"
"3663",2062,26,"459.45949999999999","UN","459.45949999999999","606.65549999999996"
"3664",2062,27,"456.88499999999999","UN","456.88499999999999","604.09649999999999"
"3665",2062,28,"453.78","UN","453.78","586.33249999999998"
"3666",2062,29,"450.59449999999998","UN","450.59449999999998","568.59749999999997"
"3667",2062,30,"447.80599999999998","UN","447.80599999999998","566.18349999999998"
"3668",2062,31,"445.41399999999999","UN","445.41399999999999","564.38699999999994"
"3669",2062,32,"443.70350000000002","UN","443.70350000000002","563.43600000000004"
"3670",2062,33,"442.88400000000001","UN","442.88400000000001","540.82399999999996"
"3671",2062,34,"442.53","UN","442.53","518.65599999999995"
"3672",2062,35,"442.21949999999998","UN","442.21949999999998","519.15949999999998"
"3673",2062,36,"443.03250000000003","UN","443.03250000000003","520.85350000000005"
"3674",2062,37,"444.75549999999998","UN","444.75549999999998","523.50599999999997"
"3675",2062,38,"445.33850000000001","UN","445.33850000000001","484.94549999999998"
"3676",2062,39,"452.923","UN","452.923","452.923"
"3677",2062,40,"464.04700000000003","UN","464.04700000000003","464.04700000000003"
"3678",2062,41,"466.82650000000001","UN","466.82650000000001","466.82650000000001"
"3679",2062,42,"470.15","UN","470.15","470.15"
"3680",2062,43,"483.55700000000002","UN","483.55700000000002","483.55700000000002"
"3681",2062,44,"502.678","UN","502.678","502.678"
"3682",2062,45,"518.96450000000004","UN","518.96450000000004","518.96450000000004"
"3683",2062,46,"528.93399999999997","UN","528.93399999999997","528.93399999999997"
"3684",2062,47,"538.61149999999998","UN","538.61149999999998","538.61149999999998"
"3685",2062,48,"547.86599999999999","UN","547.86599999999999","547.86599999999999"
"3686",2062,49,"561.07899999999995","UN","561.07899999999995","561.07899999999995"
"3687",2062,50,"575.12199999999996","UN","575.12199999999996","575.12199999999996"
"3688",2062,51,"586.38149999999996","UN","586.38149999999996","586.38149999999996"
"3689",2062,52,"597.95600000000002","UN","597.95600000000002","597.95600000000002"
"3690",2062,53,"605.14","UN","605.14","605.14"
"3691",2062,54,"607.37199999999996","UN","607.37199999999996","607.37199999999996"
"3692",2062,55,"605.50850000000003","UN","605.50850000000003","605.50850000000003"
"3693",2062,56,"599.97649999999999","UN","599.97649999999999","599.97649999999999"
"3694",2062,57,"593.66800000000001","UN","593.66800000000001","593.66800000000001"
"3695",2062,58,"583.87300000000005","UN","583.87300000000005","583.87300000000005"
"3696",2062,59,"567.94000000000005","UN","567.94000000000005","567.94000000000005"
"3697",2062,60,"558.93449999999996","UN","558.93449999999996","558.93449999999996"
"3698",2062,61,"560.91150000000005","UN","560.91150000000005","560.91150000000005"
"3699",2062,62,"560.10550000000001","UN","560.10550000000001","560.10550000000001"
"3700",2062,63,"557.44600000000003","UN","557.44600000000003","557.44600000000003"
"3701",2062,64,"555.23199999999997","UN","555.23199999999997","555.23199999999997"
"3702",2062,65,"553.06500000000005","UN","553.06500000000005","553.06500000000005"
"3703",2062,66,"554.00900000000001","UN","554.00900000000001","554.00900000000001"
"3704",2062,67,"555.81200000000001","UN","555.81200000000001","555.81200000000001"
"3705",2062,68,"562.96699999999998","UN","562.96699999999998","562.96699999999998"
"3706",2062,69,"583.64149999999995","UN","583.64149999999995","583.64149999999995"
"3707",2062,70,"598.97500000000002","UN","598.97500000000002","598.97500000000002"
"3708",2062,71,"604.75250000000005","UN","604.75250000000005","604.75250000000005"
"3709",2062,72,"605.36649999999997","UN","605.36649999999997","605.36649999999997"
"3710",2062,73,"607.72950000000003","UN","607.72950000000003","607.72950000000003"
"3711",2062,74,"590.18899999999996","UN","590.18899999999996","590.18899999999996"
"3712",2062,75,"572.05499999999995","UN","572.05499999999995","572.05499999999995"
"3713",2062,76,"579.07600000000002","UN","579.07600000000002","579.07600000000002"
"3714",2062,77,"585.26850000000002","UN","585.26850000000002","585.26850000000002"
"3715",2062,78,"592.21249999999998","UN","592.21249999999998","592.21249999999998"
"3716",2062,79,"599.53","UN","599.53","599.53"
"3717",2062,80,"608.52800000000002","UN","608.52800000000002","608.52800000000002"
"3718",2062,81,"606.03099999999995","UN","606.03099999999995","606.03099999999995"
"3719",2062,82,"600.64","UN","600.64","600.64"
"3720",2062,83,"601.80799999999999","UN","601.80799999999999","601.80799999999999"
"3721",2062,84,"603.19150000000002","UN","603.19150000000002","603.19150000000002"
"3722",2062,85,"600.47950000000003","UN","600.47950000000003","600.47950000000003"
"3723",2062,86,"592.49450000000002","UN","592.49450000000002","592.49450000000002"
"3724",2062,87,"575.16999999999996","UN","575.16999999999996","575.16999999999996"
"3725",2062,88,"541.51099999999997","UN","541.51099999999997","541.51099999999997"
"3726",2062,89,"498.19099999999997","UN","498.19099999999997","498.19099999999997"
"3727",2062,90,"453.39100000000002","UN","453.39100000000002","453.39100000000002"
"3728",2062,91,"402.83449999999999","UN","402.83449999999999","402.83449999999999"
"3729",2062,92,"348.71550000000002","UN","348.71550000000002","348.71550000000002"
"3730",2062,93,"300.4615","UN","300.4615","300.4615"
"3731",2062,94,"251.447","UN","251.447","251.447"
"3732",2062,95,"201.85499999999999","UN","201.85499999999999","201.85499999999999"
"3733",2062,96,"159.32149999999999","UN","159.32149999999999","159.32149999999999"
"3734",2062,97,"120.3625","UN","120.3625","120.3625"
"3735",2062,98,"85.765500000000003","UN","85.765500000000003","85.765500000000003"
"3736",2062,99,"58.447000000000003","UN","58.447000000000003","58.447000000000003"
"3737",2062,100,"92.86","UN","92.86","92.86"
"3738",2063,0,"301.09249999999997","UN","301.09249999999997","502.58949999999999"
"3739",2063,1,"303.12900000000002","UN","303.12900000000002","498.04050000000001"
"3740",2063,2,"305.42099999999999","UN","305.42099999999999","493.48450000000003"
"3741",2063,3,"307.72500000000002","UN","307.72500000000002","488.72899999999998"
"3742",2063,4,"310.30799999999999","UN","310.30799999999999","484.25749999999999"
"3743",2063,5,"313.58999999999997","UN","313.58999999999997","480.7595"
"3744",2063,6,"317.23649999999998","UN","317.23649999999998","478.07299999999998"
"3745",2063,7,"321.0795","UN","321.0795","476.13400000000001"
"3746",2063,8,"325.4205","UN","325.4205","475.35399999999998"
"3747",2063,9,"330.31950000000001","UN","330.31950000000001","475.947"
"3748",2063,10,"336.01749999999998","UN","336.01749999999998","478.24799999999999"
"3749",2063,11,"342.08550000000002","UN","342.08550000000002","481.85950000000003"
"3750",2063,12,"347.88850000000002","UN","347.88850000000002","486.154"
"3751",2063,13,"353.8365","UN","353.8365","491.44450000000001"
"3752",2063,14,"360.02800000000002","UN","360.02800000000002","497.63749999999999"
"3753",2063,15,"366.09300000000002","UN","366.09300000000002","504.21199999999999"
"3754",2063,16,"372.83","UN","372.83","511.79950000000002"
"3755",2063,17,"381.73250000000002","UN","381.73250000000002","521.77200000000005"
"3756",2063,18,"392.86799999999999","UN","392.86799999999999","534.10649999999998"
"3757",2063,19,"405.89299999999997","UN","405.89299999999997","548.39149999999995"
"3758",2063,20,"419.935","UN","419.935","563.65549999999996"
"3759",2063,21,"433.64350000000002","UN","433.64350000000002","578.41600000000005"
"3760",2063,22,"445.6","UN","445.6","591.25400000000002"
"3761",2063,23,"454.39850000000001","UN","454.39850000000001","600.76099999999997"
"3762",2063,24,"459.62450000000001","UN","459.62450000000001","606.46199999999999"
"3763",2063,25,"461.40350000000001","UN","461.40350000000001","608.49149999999997"
"3764",2063,26,"460.548","UN","460.548","607.721"
"3765",2063,27,"457.88799999999998","UN","457.88799999999998","605.06449999999995"
"3766",2063,28,"454.54750000000001","UN","454.54750000000001","601.7405"
"3767",2063,29,"451.07350000000002","UN","451.07350000000002","583.60900000000004"
"3768",2063,30,"447.77749999999997","UN","447.77749999999997","565.7645"
"3769",2063,31,"445.0385","UN","445.0385","563.39850000000001"
"3770",2063,32,"442.78300000000002","UN","442.78300000000002","561.73800000000006"
"3771",2063,33,"441.255","UN","441.255","560.96749999999997"
"3772",2063,34,"440.63650000000001","UN","440.63650000000001","538.56050000000005"
"3773",2063,35,"440.48500000000001","UN","440.48500000000001","516.59649999999999"
"3774",2063,36,"440.36700000000002","UN","440.36700000000002","517.29150000000004"
"3775",2063,37,"441.358","UN","441.358","519.16250000000002"
"3776",2063,38,"443.24450000000002","UN","443.24450000000002","521.97550000000001"
"3777",2063,39,"443.97250000000003","UN","443.97250000000003","483.56950000000001"
"3778",2063,40,"451.685","UN","451.685","451.685"
"3779",2063,41,"462.91899999999998","UN","462.91899999999998","462.91899999999998"
"3780",2063,42,"465.79899999999998","UN","465.79899999999998","465.79899999999998"
"3781",2063,43,"469.20850000000002","UN","469.20850000000002","469.20850000000002"
"3782",2063,44,"482.68299999999999","UN","482.68299999999999","482.68299999999999"
"3783",2063,45,"501.85199999999998","UN","501.85199999999998","501.85199999999998"
"3784",2063,46,"518.17600000000004","UN","518.17600000000004","518.17600000000004"
"3785",2063,47,"528.17650000000003","UN","528.17650000000003","528.17650000000003"
"3786",2063,48,"537.87549999999999","UN","537.87549999999999","537.87549999999999"
"3787",2063,49,"547.14149999999995","UN","547.14149999999995","547.14149999999995"
"3788",2063,50,"560.34950000000003","UN","560.34950000000003","560.34950000000003"
"3789",2063,51,"574.37049999999999","UN","574.37049999999999","574.37049999999999"
"3790",2063,52,"585.601","UN","585.601","585.601"
"3791",2063,53,"597.13499999999999","UN","597.13499999999999","597.13499999999999"
"3792",2063,54,"604.27650000000006","UN","604.27650000000006","604.27650000000006"
"3793",2063,55,"606.45699999999999","UN","606.45699999999999","606.45699999999999"
"3794",2063,56,"604.53099999999995","UN","604.53099999999995","604.53099999999995"
"3795",2063,57,"598.9375","UN","598.9375","598.9375"
"3796",2063,58,"592.56349999999998","UN","592.56349999999998","592.56349999999998"
"3797",2063,59,"582.69799999999998","UN","582.69799999999998","582.69799999999998"
"3798",2063,60,"566.69949999999994","UN","566.69949999999994","566.69949999999994"
"3799",2063,61,"557.61","UN","557.61","557.61"
"3800",2063,62,"559.47450000000003","UN","559.47450000000003","559.47450000000003"
"3801",2063,63,"558.54","UN","558.54","558.54"
"3802",2063,64,"555.73050000000001","UN","555.73050000000001","555.73050000000001"
"3803",2063,65,"553.37549999999999","UN","553.37549999999999","553.37549999999999"
"3804",2063,66,"551.05999999999995","UN","551.05999999999995","551.05999999999995"
"3805",2063,67,"551.81399999999996","UN","551.81399999999996","551.81399999999996"
"3806",2063,68,"553.41549999999995","UN","553.41549999999995","553.41549999999995"
"3807",2063,69,"560.33050000000003","UN","560.33050000000003","560.33050000000003"
"3808",2063,70,"580.64599999999996","UN","580.64599999999996","580.64599999999996"
"3809",2063,71,"595.55050000000006","UN","595.55050000000006","595.55050000000006"
"3810",2063,72,"600.88199999999995","UN","600.88199999999995","600.88199999999995"
"3811",2063,73,"601.05799999999999","UN","601.05799999999999","601.05799999999999"
"3812",2063,74,"602.92700000000002","UN","602.92700000000002","602.92700000000002"
"3813",2063,75,"585.02599999999995","UN","585.02599999999995","585.02599999999995"
"3814",2063,76,"566.39499999999998","UN","566.39499999999998","566.39499999999998"
"3815",2063,77,"572.65449999999998","UN","572.65449999999998","572.65449999999998"
"3816",2063,78,"577.90650000000005","UN","577.90650000000005","577.90650000000005"
"3817",2063,79,"583.63549999999998","UN","583.63549999999998","583.63549999999998"
"3818",2063,80,"589.40200000000004","UN","589.40200000000004","589.40200000000004"
"3819",2063,81,"596.42700000000002","UN","596.42700000000002","596.42700000000002"
"3820",2063,82,"591.75300000000004","UN","591.75300000000004","591.75300000000004"
"3821",2063,83,"583.88250000000005","UN","583.88250000000005","583.88250000000005"
"3822",2063,84,"581.88900000000001","UN","581.88900000000001","581.88900000000001"
"3823",2063,85,"579.4085","UN","579.4085","579.4085"
"3824",2063,86,"572.26700000000005","UN","572.26700000000005","572.26700000000005"
"3825",2063,87,"559.42150000000004","UN","559.42150000000004","559.42150000000004"
"3826",2063,88,"537.04150000000004","UN","537.04150000000004","537.04150000000004"
"3827",2063,89,"499.03750000000002","UN","499.03750000000002","499.03750000000002"
"3828",2063,90,"452.58800000000002","UN","452.58800000000002","452.58800000000002"
"3829",2063,91,"405.54","UN","405.54","405.54"
"3830",2063,92,"354.21800000000002","UN","354.21800000000002","354.21800000000002"
"3831",2063,93,"300.60250000000002","UN","300.60250000000002","300.60250000000002"
"3832",2063,94,"253.03","UN","253.03","253.03"
"3833",2063,95,"206.279","UN","206.279","206.279"
"3834",2063,96,"160.7345","UN","160.7345","160.7345"
"3835",2063,97,"122.7345","UN","122.7345","122.7345"
"3836",2063,98,"89.507499999999993","UN","89.507499999999993","89.507499999999993"
"3837",2063,99,"61.432000000000002","UN","61.432000000000002","61.432000000000002"
"3838",2063,100,"98.078000000000003","UN","98.078000000000003","98.078000000000003"
"3839",2064,0,"300.5985","UN","300.5985","508.33949999999999"
"3840",2064,1,"302.08049999999997","UN","302.08049999999997","503.54700000000003"
"3841",2064,2,"304.05700000000002","UN","304.05700000000002","498.95850000000002"
"3842",2064,3,"306.27449999999999","UN","306.27449999999999","494.33249999999998"
"3843",2064,4,"308.505","UN","308.505","489.50599999999997"
"3844",2064,5,"311.02449999999999","UN","311.02449999999999","484.97"
"3845",2064,6,"314.2475","UN","314.2475","481.41399999999999"
"3846",2064,7,"317.84199999999998","UN","317.84199999999998","478.67450000000002"
"3847",2064,8,"321.63650000000001","UN","321.63650000000001","476.6875"
"3848",2064,9,"325.93299999999999","UN","325.93299999999999","475.86450000000002"
"3849",2064,10,"330.79349999999999","UN","330.79349999999999","476.41750000000002"
"3850",2064,11,"336.45549999999997","UN","336.45549999999997","478.68200000000002"
"3851",2064,12,"342.49200000000002","UN","342.49200000000002","482.26249999999999"
"3852",2064,13,"348.267","UN","348.267","486.52850000000001"
"3853",2064,14,"354.22250000000003","UN","354.22250000000003","491.82549999999998"
"3854",2064,15,"360.67250000000001","UN","360.67250000000001","498.2765"
"3855",2064,16,"367.74149999999997","UN","367.74149999999997","505.8535"
"3856",2064,17,"376.54050000000001","UN","376.54050000000001","515.50149999999996"
"3857",2064,18,"388.2165","UN","388.2165","528.24450000000002"
"3858",2064,19,"402.06200000000001","UN","402.06200000000001","543.28549999999996"
"3859",2064,20,"416.94150000000002","UN","416.94150000000002","559.42550000000006"
"3860",2064,21,"431.32749999999999","UN","431.32749999999999","575.03200000000004"
"3861",2064,22,"443.66399999999999","UN","443.66399999999999","588.42150000000004"
"3862",2064,23,"453.03199999999998","UN","453.03199999999998","598.66949999999997"
"3863",2064,24,"458.87650000000002","UN","458.87650000000002","605.22149999999999"
"3864",2064,25,"461.47399999999999","UN","461.47399999999999","608.29399999999998"
"3865",2064,26,"461.27199999999999","UN","461.27199999999999","608.34100000000001"
"3866",2064,27,"459.10500000000002","UN","459.10500000000002","606.25900000000001"
"3867",2064,28,"455.68099999999998","UN","455.68099999999998","602.84"
"3868",2064,29,"451.96850000000001","UN","451.96850000000001","599.14250000000004"
"3869",2064,30,"448.37799999999999","UN","448.37799999999999","580.89599999999996"
"3870",2064,31,"445.12299999999999","UN","445.12299999999999","563.09400000000005"
"3871",2064,32,"442.51249999999999","UN","442.51249999999999","560.85500000000002"
"3872",2064,33,"440.43150000000003","UN","440.43150000000003","559.36649999999997"
"3873",2064,34,"439.09649999999999","UN","439.09649999999999","558.78899999999999"
"3874",2064,35,"438.67250000000001","UN","438.67250000000001","536.57799999999997"
"3875",2064,36,"438.70600000000002","UN","438.70600000000002","514.803"
"3876",2064,37,"438.76","UN","438.76","515.66899999999998"
"3877",2064,38,"439.9085","UN","439.9085","517.69500000000005"
"3878",2064,39,"441.93549999999999","UN","441.93549999999999","520.64649999999995"
"3879",2064,40,"442.7885","UN","442.7885","482.37400000000002"
"3880",2064,41,"450.60899999999998","UN","450.60899999999998","450.60899999999998"
"3881",2064,42,"461.93700000000001","UN","461.93700000000001","461.93700000000001"
"3882",2064,43,"464.90050000000002","UN","464.90050000000002","464.90050000000002"
"3883",2064,44,"468.37900000000002","UN","468.37900000000002","468.37900000000002"
"3884",2064,45,"481.90249999999997","UN","481.90249999999997","481.90249999999997"
"3885",2064,46,"501.10700000000003","UN","501.10700000000003","501.10700000000003"
"3886",2064,47,"517.45799999999997","UN","517.45799999999997","517.45799999999997"
"3887",2064,48,"527.47950000000003","UN","527.47950000000003","527.47950000000003"
"3888",2064,49,"537.18899999999996","UN","537.18899999999996","537.18899999999996"
"3889",2064,50,"546.45299999999997","UN","546.45299999999997","546.45299999999997"
"3890",2064,51,"559.64099999999996","UN","559.64099999999996","559.64099999999996"
"3891",2064,52,"573.63199999999995","UN","573.63199999999995","573.63199999999995"
"3892",2064,53,"584.82449999999994","UN","584.82449999999994","584.82449999999994"
"3893",2064,54,"596.31200000000001","UN","596.31200000000001","596.31200000000001"
"3894",2064,55,"603.39750000000004","UN","603.39750000000004","603.39750000000004"
"3895",2064,56,"605.51199999999994","UN","605.51199999999994","605.51199999999994"
"3896",2064,57,"603.51800000000003","UN","603.51800000000003","603.51800000000003"
"3897",2064,58,"597.85799999999995","UN","597.85799999999995","597.85799999999995"
"3898",2064,59,"591.40800000000002","UN","591.40800000000002","591.40800000000002"
"3899",2064,60,"581.46450000000004","UN","581.46450000000004","581.46450000000004"
"3900",2064,61,"565.39700000000005","UN","565.39700000000005","565.39700000000005"
"3901",2064,62,"556.22550000000001","UN","556.22550000000001","556.22550000000001"
"3902",2064,63,"557.95799999999997","UN","557.95799999999997","557.95799999999997"
"3903",2064,64,"556.87300000000005","UN","556.87300000000005","556.87300000000005"
"3904",2064,65,"553.92250000000001","UN","553.92250000000001","553.92250000000001"
"3905",2064,66,"551.41650000000004","UN","551.41650000000004","551.41650000000004"
"3906",2064,67,"548.92899999999997","UN","548.92899999999997","548.92899999999997"
"3907",2064,68,"549.4905","UN","549.4905","549.4905"
"3908",2064,69,"550.88350000000003","UN","550.88350000000003","550.88350000000003"
"3909",2064,70,"557.52549999999997","UN","557.52549999999997","557.52549999999997"
"3910",2064,71,"577.40549999999996","UN","577.40549999999996","577.40549999999996"
"3911",2064,72,"591.83050000000003","UN","591.83050000000003","591.83050000000003"
"3912",2064,73,"596.69849999999997","UN","596.69849999999997","596.69849999999997"
"3913",2064,74,"596.41399999999999","UN","596.41399999999999","596.41399999999999"
"3914",2064,75,"597.76499999999999","UN","597.76499999999999","597.76499999999999"
"3915",2064,76,"579.3605","UN","579.3605","579.3605"
"3916",2064,77,"560.24800000000005","UN","560.24800000000005","560.24800000000005"
"3917",2064,78,"565.60199999999998","UN","565.60199999999998","565.60199999999998"
"3918",2064,79,"569.70749999999998","UN","569.70749999999998","569.70749999999998"
"3919",2064,80,"573.97299999999996","UN","573.97299999999996","573.97299999999996"
"3920",2064,81,"577.89949999999999","UN","577.89949999999999","577.89949999999999"
"3921",2064,82,"582.64549999999997","UN","582.64549999999997","582.64549999999997"
"3922",2064,83,"575.53399999999999","UN","575.53399999999999","575.53399999999999"
"3923",2064,84,"564.85749999999996","UN","564.85749999999996","564.85749999999996"
"3924",2064,85,"559.30399999999997","UN","559.30399999999997","559.30399999999997"
"3925",2064,86,"552.58000000000004","UN","552.58000000000004","552.58000000000004"
"3926",2064,87,"540.75199999999995","UN","540.75199999999995","540.75199999999995"
"3927",2064,88,"522.78599999999994","UN","522.78599999999994","522.78599999999994"
"3928",2064,89,"495.39449999999999","UN","495.39449999999999","495.39449999999999"
"3929",2064,90,"453.83600000000001","UN","453.83600000000001","453.83600000000001"
"3930",2064,91,"405.25700000000001","UN","405.25700000000001","405.25700000000001"
"3931",2064,92,"357.02300000000002","UN","357.02300000000002","357.02300000000002"
"3932",2064,93,"305.75549999999998","UN","305.75549999999998","305.75549999999998"
"3933",2064,94,"253.494","UN","253.494","253.494"
"3934",2064,95,"207.86750000000001","UN","207.86750000000001","207.86750000000001"
"3935",2064,96,"164.50399999999999","UN","164.50399999999999","164.50399999999999"
"3936",2064,97,"124.008","UN","124.008","124.008"
"3937",2064,98,"91.400999999999996","UN","91.400999999999996","91.400999999999996"
"3938",2064,99,"64.1995","UN","64.1995","64.1995"
"3939",2064,100,"103.5155","UN","103.5155","103.5155"
"3940",2065,0,"300.58600000000001","UN","300.58600000000001","514.11699999999996"
"3941",2065,1,"301.53550000000001","UN","301.53550000000001","509.24650000000003"
"3942",2065,2,"302.9615","UN","302.9615","504.41800000000001"
"3943",2065,3,"304.86750000000001","UN","304.86750000000001","499.76400000000001"
"3944",2065,4,"307.01600000000002","UN","307.01600000000002","495.07049999999998"
"3945",2065,5,"309.18599999999998","UN","309.18599999999998","490.1825"
"3946",2065,6,"311.649","UN","311.649","485.5915"
"3947",2065,7,"314.822","UN","314.822","481.9855"
"3948",2065,8,"318.37099999999998","UN","318.37099999999998","479.20049999999998"
"3949",2065,9,"322.12349999999998","UN","322.12349999999998","477.17200000000003"
"3950",2065,10,"326.38299999999998","UN","326.38299999999998","476.31"
"3951",2065,11,"331.20949999999999","UN","331.20949999999999","476.83"
"3952",2065,12,"336.8415","UN","336.8415","479.065"
"3953",2065,13,"342.85149999999999","UN","342.85149999999999","482.61799999999999"
"3954",2065,14,"348.6345","UN","348.6345","486.89150000000001"
"3955",2065,15,"354.84649999999999","UN","354.84649999999999","492.44400000000002"
"3956",2065,16,"362.28949999999998","UN","362.28949999999998","499.88600000000002"
"3957",2065,17,"371.3965","UN","371.3965","509.49900000000002"
"3958",2065,18,"382.93650000000002","UN","382.93650000000002","521.88549999999998"
"3959",2065,19,"397.29","UN","397.29","537.30399999999997"
"3960",2065,20,"412.96600000000001","UN","412.96600000000001","554.17600000000004"
"3961",2065,21,"428.18099999999998","UN","428.18099999999998","570.64949999999999"
"3962",2065,22,"441.202","UN","441.202","584.89099999999996"
"3963",2065,23,"450.96749999999997","UN","450.96749999999997","595.70849999999996"
"3964",2065,24,"457.40249999999997","UN","457.40249999999997","603.02350000000001"
"3965",2065,25,"460.64049999999997","UN","460.64049999999997","606.96799999999996"
"3966",2065,26,"461.27449999999999","UN","461.27449999999999","608.07650000000001"
"3967",2065,27,"459.77449999999999","UN","459.77449999999999","606.82550000000003"
"3968",2065,28,"456.8535","UN","456.8535","603.9905"
"3969",2065,29,"453.06450000000001","UN","453.06450000000001","600.20550000000003"
"3970",2065,30,"449.24200000000002","UN","449.24200000000002","596.39750000000004"
"3971",2065,31,"445.69600000000003","UN","445.69600000000003","578.197"
"3972",2065,32,"442.57350000000002","UN","442.57350000000002","560.52700000000004"
"3973",2065,33,"440.14","UN","440.14","558.46299999999997"
"3974",2065,34,"438.25400000000002","UN","438.25400000000002","557.16949999999997"
"3975",2065,35,"437.1155","UN","437.1155","556.78650000000005"
"3976",2065,36,"436.87799999999999","UN","436.87799999999999","534.76549999999997"
"3977",2065,37,"437.08499999999998","UN","437.08499999999998","513.16700000000003"
"3978",2065,38,"437.29899999999998","UN","437.29899999999998","514.18949999999995"
"3979",2065,39,"438.58800000000002","UN","438.58800000000002","516.35500000000002"
"3980",2065,40,"440.74099999999999","UN","440.74099999999999","519.42949999999996"
"3981",2065,41,"441.70549999999997","UN","441.70549999999997","481.27949999999998"
"3982",2065,42,"449.6225","UN","449.6225","449.6225"
"3983",2065,43,"461.03199999999998","UN","461.03199999999998","461.03199999999998"
"3984",2065,44,"464.06549999999999","UN","464.06549999999999","464.06549999999999"
"3985",2065,45,"467.59899999999999","UN","467.59899999999999","467.59899999999999"
"3986",2065,46,"481.1635","UN","481.1635","481.1635"
"3987",2065,47,"500.39499999999998","UN","500.39499999999998","500.39499999999998"
"3988",2065,48,"516.7645","UN","516.7645","516.7645"
"3989",2065,49,"526.79849999999999","UN","526.79849999999999","526.79849999999999"
"3990",2065,50,"536.50750000000005","UN","536.50750000000005","536.50750000000005"
"3991",2065,51,"545.75850000000003","UN","545.75850000000003","545.75850000000003"
"3992",2065,52,"558.91899999999998","UN","558.91899999999998","558.91899999999998"
"3993",2065,53,"572.87249999999995","UN","572.87249999999995","572.87249999999995"
"3994",2065,54,"584.02049999999997","UN","584.02049999999997","584.02049999999997"
"3995",2065,55,"595.44949999999994","UN","595.44949999999994","595.44949999999994"
"3996",2065,56,"602.46550000000002","UN","602.46550000000002","602.46550000000002"
"3997",2065,57,"604.50800000000004","UN","604.50800000000004","604.50800000000004"
"3998",2065,58,"602.44349999999997","UN","602.44349999999997","602.44349999999997"
"3999",2065,59,"596.70699999999999","UN","596.70699999999999","596.70699999999999"
"4000",2065,60,"590.17150000000004","UN","590.17150000000004","590.17150000000004"
"4001",2065,61,"580.14649999999995","UN","580.14649999999995","580.14649999999995"
"4002",2065,62,"564.0145","UN","564.0145","564.0145"
"4003",2065,63,"554.74350000000004","UN","554.74350000000004","554.74350000000004"
"4004",2065,64,"556.32249999999999","UN","556.32249999999999","556.32249999999999"
"4005",2065,65,"555.09550000000002","UN","555.09550000000002","555.09550000000002"
"4006",2065,66,"551.99300000000005","UN","551.99300000000005","551.99300000000005"
"4007",2065,67,"549.31399999999996","UN","549.31399999999996","549.31399999999996"
"4008",2065,68,"546.65300000000002","UN","546.65300000000002","546.65300000000002"
"4009",2065,69,"547.0145","UN","547.0145","547.0145"
"4010",2065,70,"548.16849999999999","UN","548.16849999999999","548.16849999999999"
"4011",2065,71,"554.46799999999996","UN","554.46799999999996","554.46799999999996"
"4012",2065,72,"573.86149999999998","UN","573.86149999999998","573.86149999999998"
"4013",2065,73,"587.78650000000005","UN","587.78650000000005","587.78650000000005"
"4014",2065,74,"592.16549999999995","UN","592.16549999999995","592.16549999999995"
"4015",2065,75,"591.39649999999995","UN","591.39649999999995","591.39649999999995"
"4016",2065,76,"592.08100000000002","UN","592.08100000000002","592.08100000000002"
"4017",2065,77,"573.19399999999996","UN","573.19399999999996","573.19399999999996"
"4018",2065,78,"553.48199999999997","UN","553.48199999999997","553.48199999999997"
"4019",2065,79,"557.72950000000003","UN","557.72950000000003","557.72950000000003"
"4020",2065,80,"560.44749999999999","UN","560.44749999999999","560.44749999999999"
"4021",2065,81,"562.96849999999995","UN","562.96849999999995","562.96849999999995"
"4022",2065,82,"564.76400000000001","UN","564.76400000000001","564.76400000000001"
"4023",2065,83,"566.947","UN","566.947","566.947"
"4024",2065,84,"557.06899999999996","UN","557.06899999999996","557.06899999999996"
"4025",2065,85,"543.22649999999999","UN","543.22649999999999","543.22649999999999"
"4026",2065,86,"533.75549999999998","UN","533.75549999999998","533.75549999999998"
"4027",2065,87,"522.52499999999998","UN","522.52499999999998","522.52499999999998"
"4028",2065,88,"505.74299999999999","UN","505.74299999999999","505.74299999999999"
"4029",2065,89,"482.6585","UN","482.6585","482.6585"
"4030",2065,90,"450.95299999999997","UN","450.95299999999997","450.95299999999997"
"4031",2065,91,"406.79750000000001","UN","406.79750000000001","406.79750000000001"
"4032",2065,92,"357.14749999999998","UN","357.14749999999998","357.14749999999998"
"4033",2065,93,"308.53100000000001","UN","308.53100000000001","308.53100000000001"
"4034",2065,94,"258.17","UN","258.17","258.17"
"4035",2065,95,"208.51900000000001","UN","208.51900000000001","208.51900000000001"
"4036",2065,96,"165.98750000000001","UN","165.98750000000001","165.98750000000001"
"4037",2065,97,"127.092","UN","127.092","127.092"
"4038",2065,98,"92.474999999999994","UN","92.474999999999994","92.474999999999994"
"4039",2065,99,"65.641499999999994","UN","65.641499999999994","65.641499999999994"
"4040",2065,100,"108.9285","UN","108.9285","108.9285"
"4041",2066,0,"300.61700000000002","UN","300.61700000000002","519.24400000000003"
"4042",2066,1,"301.54149999999998","UN","301.54149999999998","515.04300000000001"
"4043",2066,2,"302.43299999999999","UN","302.43299999999999","510.13400000000001"
"4044",2066,3,"303.78699999999998","UN","303.78699999999998","505.23849999999999"
"4045",2066,4,"305.62299999999999","UN","305.62299999999999","500.51499999999999"
"4046",2066,5,"307.709","UN","307.709","495.75900000000001"
"4047",2066,6,"309.82150000000001","UN","309.82150000000001","490.815"
"4048",2066,7,"312.23450000000003","UN","312.23450000000003","486.17399999999998"
"4049",2066,8,"315.36099999999999","UN","315.36099999999999","482.52100000000002"
"4050",2066,9,"318.86700000000002","UN","318.86700000000002","479.69400000000002"
"4051",2066,10,"322.58199999999999","UN","322.58199999999999","477.62599999999998"
"4052",2066,11,"326.80700000000002","UN","326.80700000000002","476.73099999999999"
"4053",2066,12,"331.60199999999998","UN","331.60199999999998","477.22"
"4054",2066,13,"337.20749999999998","UN","337.20749999999998","479.42700000000002"
"4055",2066,14,"343.22500000000002","UN","343.22500000000002","482.98750000000001"
"4056",2066,15,"349.26249999999999","UN","349.26249999999999","487.51400000000001"
"4057",2066,16,"356.45949999999999","UN","356.45949999999999","494.04899999999998"
"4058",2066,17,"365.92500000000001","UN","365.92500000000001","503.512"
"4059",2066,18,"377.7525","UN","377.7525","515.84299999999996"
"4060",2066,19,"391.94900000000001","UN","391.94900000000001","530.88499999999999"
"4061",2066,20,"408.12049999999999","UN","408.12049999999999","548.12049999999999"
"4062",2066,21,"424.13299999999998","UN","424.13299999999998","565.327"
"4063",2066,22,"437.99900000000002","UN","437.99900000000002","580.45249999999999"
"4064",2066,23,"448.47699999999998","UN","448.47699999999998","592.15"
"4065",2066,24,"455.34050000000002","UN","455.34050000000002","600.06550000000004"
"4066",2066,25,"459.19499999999999","UN","459.19499999999999","604.79899999999998"
"4067",2066,26,"460.488","UN","460.488","606.798"
"4068",2066,27,"459.83499999999998","UN","459.83499999999998","606.61900000000003"
"4069",2066,28,"457.58600000000001","UN","457.58600000000001","604.62"
"4070",2066,29,"454.3005","UN","454.3005","601.41999999999996"
"4071",2066,30,"450.40100000000001","UN","450.40100000000001","597.52250000000004"
"4072",2066,31,"446.61849999999998","UN","446.61849999999998","593.75549999999998"
"4073",2066,32,"443.20100000000002","UN","443.20100000000002","575.6825"
"4074",2066,33,"440.25150000000002","UN","440.25150000000002","558.18600000000004"
"4075",2066,34,"438.00850000000003","UN","438.00850000000003","556.31299999999999"
"4076",2066,35,"436.31549999999999","UN","436.31549999999999","555.21"
"4077",2066,36,"435.36","UN","435.36","555.00850000000003"
"4078",2066,37,"435.29300000000001","UN","435.29300000000001","533.16099999999994"
"4079",2066,38,"435.65649999999999","UN","435.65649999999999","511.72"
"4080",2066,39,"436.00799999999998","UN","436.00799999999998","512.88"
"4081",2066,40,"437.42200000000003","UN","437.42200000000003","515.16700000000003"
"4082",2066,41,"439.68400000000003","UN","439.68400000000003","518.34950000000003"
"4083",2066,42,"440.745","UN","440.745","480.30599999999998"
"4084",2066,43,"448.74349999999998","UN","448.74349999999998","448.74349999999998"
"4085",2066,44,"460.21850000000001","UN","460.21850000000001","460.21850000000001"
"4086",2066,45,"463.3075","UN","463.3075","463.3075"
"4087",2066,46,"466.88600000000002","UN","466.88600000000002","466.88600000000002"
"4088",2066,47,"480.48","UN","480.48","480.48"
"4089",2066,48,"499.72949999999997","UN","499.72949999999997","499.72949999999997"
"4090",2066,49,"516.10850000000005","UN","516.10850000000005","516.10850000000005"
"4091",2066,50,"526.14250000000004","UN","526.14250000000004","526.14250000000004"
"4092",2066,51,"535.84","UN","535.84","535.84"
"4093",2066,52,"545.0675","UN","545.0675","545.0675"
"4094",2066,53,"558.19349999999997","UN","558.19349999999997","558.19349999999997"
"4095",2066,54,"572.10199999999998","UN","572.10199999999998","572.10199999999998"
"4096",2066,55,"583.19399999999996","UN","583.19399999999996","583.19399999999996"
"4097",2066,56,"594.55050000000006","UN","594.55050000000006","594.55050000000006"
"4098",2066,57,"601.49","UN","601.49","601.49"
"4099",2066,58,"603.45699999999999","UN","603.45699999999999","603.45699999999999"
"4100",2066,59,"601.30999999999995","UN","601.30999999999995","601.30999999999995"
"4101",2066,60,"595.48649999999998","UN","595.48649999999998","595.48649999999998"
"4102",2066,61,"588.86300000000006","UN","588.86300000000006","588.86300000000006"
"4103",2066,62,"578.76","UN","578.76","578.76"
"4104",2066,63,"562.54600000000005","UN","562.54600000000005","562.54600000000005"
"4105",2066,64,"553.15650000000005","UN","553.15650000000005","553.15650000000005"
"4106",2066,65,"554.58849999999995","UN","554.58849999999995","554.58849999999995"
"4107",2066,66,"553.21","UN","553.21","553.21"
"4108",2066,67,"549.93349999999998","UN","549.93349999999998","549.93349999999998"
"4109",2066,68,"547.07849999999996","UN","547.07849999999996","547.07849999999996"
"4110",2066,69,"544.23749999999995","UN","544.23749999999995","544.23749999999995"
"4111",2066,70,"544.36950000000002","UN","544.36950000000002","544.36950000000002"
"4112",2066,71,"545.21900000000005","UN","545.21900000000005","545.21900000000005"
"4113",2066,72,"551.13300000000004","UN","551.13300000000004","551.13300000000004"
"4114",2066,73,"570.01850000000002","UN","570.01850000000002","570.01850000000002"
"4115",2066,74,"583.4135","UN","583.4135","583.4135"
"4116",2066,75,"587.27650000000006","UN","587.27650000000006","587.27650000000006"
"4117",2066,76,"585.87450000000001","UN","585.87450000000001","585.87450000000001"
"4118",2066,77,"585.89250000000004","UN","585.89250000000004","585.89250000000004"
"4119",2066,78,"566.40350000000001","UN","566.40350000000001","566.40350000000001"
"4120",2066,79,"545.92399999999998","UN","545.92399999999998","545.92399999999998"
"4121",2066,80,"548.82950000000005","UN","548.82950000000005","548.82950000000005"
"4122",2066,81,"549.89049999999997","UN","549.89049999999997","549.89049999999997"
"4123",2066,82,"550.38649999999996","UN","550.38649999999996","550.38649999999996"
"4124",2066,83,"549.78399999999999","UN","549.78399999999999","549.78399999999999"
"4125",2066,84,"549.04999999999995","UN","549.04999999999995","549.04999999999995"
"4126",2066,85,"536.04449999999997","UN","536.04449999999997","536.04449999999997"
"4127",2066,86,"518.72","UN","518.72","518.72"
"4128",2066,87,"505.08600000000001","UN","505.08600000000001","505.08600000000001"
"4129",2066,88,"489.08049999999997","UN","489.08049999999997","489.08049999999997"
"4130",2066,89,"467.32749999999999","UN","467.32749999999999","467.32749999999999"
"4131",2066,90,"439.76749999999998","UN","439.76749999999998","439.76749999999998"
"4132",2066,91,"404.62700000000001","UN","404.62700000000001","404.62700000000001"
"4133",2066,92,"358.90199999999999","UN","358.90199999999999","358.90199999999999"
"4134",2066,93,"308.9785","UN","308.9785","308.9785"
"4135",2066,94,"260.82549999999998","UN","260.82549999999998","260.82549999999998"
"4136",2066,95,"212.649","UN","212.649","212.649"
"4137",2066,96,"166.72800000000001","UN","166.72800000000001","166.72800000000001"
"4138",2066,97,"128.40600000000001","UN","128.40600000000001","128.40600000000001"
"4139",2066,98,"94.905000000000001","UN","94.905000000000001","94.905000000000001"
"4140",2066,99,"66.501000000000005","UN","66.501000000000005","66.501000000000005"
"4141",2066,100,"113.41","UN","113.41","113.41"
"4142",2067,0,"300.85199999999998","UN","300.85199999999998","523.93799999999999"
"4143",2067,1,"301.637","UN","301.637","520.23450000000003"
"4144",2067,2,"302.49700000000001","UN","302.49700000000001","515.98800000000006"
"4145",2067,3,"303.31099999999998","UN","303.31099999999998","511.00650000000002"
"4146",2067,4,"304.59100000000001","UN","304.59100000000001","506.03750000000002"
"4147",2067,5,"306.35950000000003","UN","306.35950000000003","501.2475"
"4148",2067,6,"308.38499999999999","UN","308.38499999999999","496.43200000000002"
"4149",2067,7,"310.44499999999999","UN","310.44499999999999","491.43450000000001"
"4150",2067,8,"312.8075","UN","312.8075","486.74349999999998"
"4151",2067,9,"315.88900000000001","UN","315.88900000000001","483.04649999999998"
"4152",2067,10,"319.35500000000002","UN","319.35500000000002","480.178"
"4153",2067,11,"323.03300000000002","UN","323.03300000000002","478.07400000000001"
"4154",2067,12,"327.22550000000001","UN","327.22550000000001","477.14600000000002"
"4155",2067,13,"331.99250000000001","UN","331.99250000000001","477.60599999999999"
"4156",2067,14,"337.60300000000001","UN","337.60300000000001","479.81900000000002"
"4157",2067,15,"343.87299999999999","UN","343.87299999999999","483.62950000000001"
"4158",2067,16,"350.89","UN","350.89","489.13299999999998"
"4159",2067,17,"360.09949999999998","UN","360.09949999999998","497.68"
"4160",2067,18,"372.27199999999999","UN","372.27199999999999","509.84750000000003"
"4161",2067,19,"386.74400000000003","UN","386.74400000000003","524.822"
"4162",2067,20,"402.7525","UN","402.7525","541.67449999999997"
"4163",2067,21,"419.26650000000001","UN","419.26650000000001","559.25199999999995"
"4164",2067,22,"433.95350000000002","UN","433.95350000000002","575.13300000000004"
"4165",2067,23,"445.31099999999998","UN","445.31099999999998","587.74950000000001"
"4166",2067,24,"452.923","UN","452.923","596.58050000000003"
"4167",2067,25,"457.23500000000001","UN","457.23500000000001","601.94399999999996"
"4168",2067,26,"459.1635","UN","459.1635","604.75049999999999"
"4169",2067,27,"459.17899999999997","UN","459.17899999999997","605.47149999999999"
"4170",2067,28,"457.77850000000001","UN","457.77850000000001","604.54549999999995"
"4171",2067,29,"455.16199999999998","UN","455.16199999999998","602.178"
"4172",2067,30,"451.75900000000001","UN","451.75900000000001","598.85950000000003"
"4173",2067,31,"447.89100000000002","UN","447.89100000000002","594.99450000000002"
"4174",2067,32,"444.2285","UN","444.2285","591.34400000000005"
"4175",2067,33,"440.97649999999999","UN","440.97649999999999","573.43700000000001"
"4176",2067,34,"438.20850000000002","UN","438.20850000000002","556.125"
"4177",2067,35,"436.15100000000001","UN","436.15100000000001","554.43449999999996"
"4178",2067,36,"434.63350000000003","UN","434.63350000000003","553.50649999999996"
"4179",2067,37,"433.84300000000002","UN","433.84300000000002","553.46699999999998"
"4180",2067,38,"433.9255","UN","433.9255","531.77149999999995"
"4181",2067,39,"434.423","UN","434.423","510.46850000000001"
"4182",2067,40,"434.89449999999999","UN","434.89449999999999","511.74549999999999"
"4183",2067,41,"436.4135","UN","436.4135","514.13599999999997"
"4184",2067,42,"438.76749999999998","UN","438.76749999999998","517.40800000000002"
"4185",2067,43,"439.91","UN","439.91","479.45699999999999"
"4186",2067,44,"447.97300000000001","UN","447.97300000000001","447.97300000000001"
"4187",2067,45,"459.49900000000002","UN","459.49900000000002","459.49900000000002"
"4188",2067,46,"462.63","UN","462.63","462.63"
"4189",2067,47,"466.24250000000001","UN","466.24250000000001","466.24250000000001"
"4190",2067,48,"479.85899999999998","UN","479.85899999999998","479.85899999999998"
"4191",2067,49,"499.11500000000001","UN","499.11500000000001","499.11500000000001"
"4192",2067,50,"515.49","UN","515.49","515.49"
"4193",2067,51,"525.51250000000005","UN","525.51250000000005","525.51250000000005"
"4194",2067,52,"535.18650000000002","UN","535.18650000000002","535.18650000000002"
"4195",2067,53,"544.38499999999999","UN","544.38499999999999","544.38499999999999"
"4196",2067,54,"557.46900000000005","UN","557.46900000000005","557.46900000000005"
"4197",2067,55,"571.32150000000001","UN","571.32150000000001","571.32150000000001"
"4198",2067,56,"582.34400000000005","UN","582.34400000000005","582.34400000000005"
"4199",2067,57,"593.61950000000002","UN","593.61950000000002","593.61950000000002"
"4200",2067,58,"600.47850000000005","UN","600.47850000000005","600.47850000000005"
"4201",2067,59,"602.35799999999995","UN","602.35799999999995","602.35799999999995"
"4202",2067,60,"600.11800000000005","UN","600.11800000000005","600.11800000000005"
"4203",2067,61,"594.20500000000004","UN","594.20500000000004","594.20500000000004"
"4204",2067,62,"587.495","UN","587.495","587.495"
"4205",2067,63,"577.29549999999995","UN","577.29549999999995","577.29549999999995"
"4206",2067,64,"560.98299999999995","UN","560.98299999999995","560.98299999999995"
"4207",2067,65,"551.48400000000004","UN","551.48400000000004","551.48400000000004"
"4208",2067,66,"552.76099999999997","UN","552.76099999999997","552.76099999999997"
"4209",2067,67,"551.20699999999999","UN","551.20699999999999","551.20699999999999"
"4210",2067,68,"547.75400000000002","UN","547.75400000000002","547.75400000000002"
"4211",2067,69,"544.7165","UN","544.7165","544.7165"
"4212",2067,70,"541.66899999999998","UN","541.66899999999998","541.66899999999998"
"4213",2067,71,"541.50750000000005","UN","541.50750000000005","541.50750000000005"
"4214",2067,72,"542.01350000000002","UN","542.01350000000002","542.01350000000002"
"4215",2067,73,"547.529","UN","547.529","547.529"
"4216",2067,74,"565.87599999999998","UN","565.87599999999998","565.87599999999998"
"4217",2067,75,"578.71050000000002","UN","578.71050000000002","578.71050000000002"
"4218",2067,76,"581.899","UN","581.899","581.899"
"4219",2067,77,"579.87249999999995","UN","579.87249999999995","579.87249999999995"
"4220",2067,78,"579.08699999999999","UN","579.08699999999999","579.08699999999999"
"4221",2067,79,"558.82749999999999","UN","558.82749999999999","558.82749999999999"
"4222",2067,80,"537.38850000000002","UN","537.38850000000002","537.38850000000002"
"4223",2067,81,"538.69200000000001","UN","538.69200000000001","538.69200000000001"
"4224",2067,82,"537.82650000000001","UN","537.82650000000001","537.82650000000001"
"4225",2067,83,"536.04449999999997","UN","536.04449999999997","536.04449999999997"
"4226",2067,84,"532.70950000000005","UN","532.70950000000005","532.70950000000005"
"4227",2067,85,"528.66949999999997","UN","528.66949999999997","528.66949999999997"
"4228",2067,86,"512.21799999999996","UN","512.21799999999996","512.21799999999996"
"4229",2067,87,"491.2115","UN","491.2115","491.2115"
"4230",2067,88,"473.1635","UN","473.1635","473.1635"
"4231",2067,89,"452.35399999999998","UN","452.35399999999998","452.35399999999998"
"4232",2067,90,"426.23599999999999","UN","426.23599999999999","426.23599999999999"
"4233",2067,91,"395.01850000000002","UN","395.01850000000002","395.01850000000002"
"4234",2067,92,"357.41199999999998","UN","357.41199999999998","357.41199999999998"
"4235",2067,93,"310.89299999999997","UN","310.89299999999997","310.89299999999997"
"4236",2067,94,"261.53100000000001","UN","261.53100000000001","261.53100000000001"
"4237",2067,95,"215.12700000000001","UN","215.12700000000001","215.12700000000001"
"4238",2067,96,"170.28149999999999","UN","170.28149999999999","170.28149999999999"
"4239",2067,97,"129.16499999999999","UN","129.16499999999999","129.16499999999999"
"4240",2067,98,"96.021000000000001","UN","96.021000000000001","96.021000000000001"
"4241",2067,99,"68.346999999999994","UN","68.346999999999994","68.346999999999994"
"4242",2067,100,"116.88549999999999","UN","116.88549999999999","116.88549999999999"
"4243",2068,0,"301.16800000000001","UN","301.16800000000001","528.13250000000005"
"4244",2068,1,"301.7955","UN","301.7955","524.85149999999999"
"4245",2068,2,"302.5215","UN","302.5215","521.10850000000005"
"4246",2068,3,"303.31049999999999","UN","303.31049999999999","516.79600000000005"
"4247",2068,4,"304.05599999999998","UN","304.05599999999998","511.74700000000001"
"4248",2068,5,"305.27350000000001","UN","305.27350000000001","506.71600000000001"
"4249",2068,6,"306.98700000000002","UN","306.98700000000002","501.87200000000001"
"4250",2068,7,"308.96300000000002","UN","308.96300000000002","497.00599999999997"
"4251",2068,8,"310.976","UN","310.976","491.96249999999998"
"4252",2068,9,"313.29700000000003","UN","313.29700000000003","487.23"
"4253",2068,10,"316.34100000000001","UN","316.34100000000001","483.49450000000002"
"4254",2068,11,"319.77249999999998","UN","319.77249999999998","480.59249999999997"
"4255",2068,12,"323.42149999999998","UN","323.42149999999998","478.45850000000002"
"4256",2068,13,"327.58699999999999","UN","327.58699999999999","477.50400000000002"
"4257",2068,14,"332.36099999999999","UN","332.36099999999999","477.97050000000002"
"4258",2068,15,"338.22250000000003","UN","338.22250000000003","480.43200000000002"
"4259",2068,16,"345.45949999999999","UN","345.45949999999999","485.20850000000002"
"4260",2068,17,"354.46350000000001","UN","354.46350000000001","492.69799999999998"
"4261",2068,18,"366.34449999999998","UN","366.34449999999998","503.91449999999998"
"4262",2068,19,"381.12799999999999","UN","381.12799999999999","518.69100000000003"
"4263",2068,20,"397.38549999999998","UN","397.38549999999998","535.45050000000003"
"4264",2068,21,"413.72449999999998","UN","413.72449999999998","552.63300000000004"
"4265",2068,22,"428.91550000000001","UN","428.91550000000001","568.88599999999997"
"4266",2068,23,"441.10449999999997","UN","441.10449999999997","582.26949999999999"
"4267",2068,24,"449.61250000000001","UN","449.61250000000001","592.03549999999996"
"4268",2068,25,"454.69","UN","454.69","598.33249999999998"
"4269",2068,26,"457.09199999999998","UN","457.09199999999998","601.78449999999998"
"4270",2068,27,"457.75749999999999","UN","457.75749999999999","603.32749999999999"
"4271",2068,28,"457.036","UN","457.036","603.31200000000001"
"4272",2068,29,"455.27749999999997","UN","455.27749999999997","602.02750000000003"
"4273",2068,30,"452.55149999999998","UN","452.55149999999998","599.54999999999995"
"4274",2068,31,"449.18799999999999","UN","449.18799999999999","596.26949999999999"
"4275",2068,32,"445.44600000000003","UN","445.44600000000003","592.52850000000001"
"4276",2068,33,"441.95350000000002","UN","441.95350000000002","589.04650000000004"
"4277",2068,34,"438.88749999999999","UN","438.88749999999999","571.32849999999996"
"4278",2068,35,"436.30950000000001","UN","436.30950000000001","554.20550000000003"
"4279",2068,36,"434.43200000000002","UN","434.43200000000002","552.69399999999996"
"4280",2068,37,"433.08249999999998","UN","433.08249999999998","551.93100000000004"
"4281",2068,38,"432.44450000000001","UN","432.44450000000001","552.04300000000001"
"4282",2068,39,"432.66449999999998","UN","432.66449999999998","530.48699999999997"
"4283",2068,40,"433.28300000000002","UN","433.28300000000002","509.30849999999998"
"4284",2068,41,"433.863","UN","433.863","510.69150000000002"
"4285",2068,42,"435.47649999999999","UN","435.47649999999999","513.17499999999995"
"4286",2068,43,"437.9135","UN","437.9135","516.52549999999997"
"4287",2068,44,"439.12549999999999","UN","439.12549999999999","478.65649999999999"
"4288",2068,45,"447.24200000000002","UN","447.24200000000002","447.24200000000002"
"4289",2068,46,"458.80799999999999","UN","458.80799999999999","458.80799999999999"
"4290",2068,47,"461.976","UN","461.976","461.976"
"4291",2068,48,"465.61849999999998","UN","465.61849999999998","465.61849999999998"
"4292",2068,49,"479.24700000000001","UN","479.24700000000001","479.24700000000001"
"4293",2068,50,"498.50049999999999","UN","498.50049999999999","498.50049999999999"
"4294",2068,51,"514.86149999999998","UN","514.86149999999998","514.86149999999998"
"4295",2068,52,"524.86400000000003","UN","524.86400000000003","524.86400000000003"
"4296",2068,53,"534.51099999999997","UN","534.51099999999997","534.51099999999997"
"4297",2068,54,"543.67449999999997","UN","543.67449999999997","543.67449999999997"
"4298",2068,55,"556.70699999999999","UN","556.70699999999999","556.70699999999999"
"4299",2068,56,"570.49","UN","570.49","570.49"
"4300",2068,57,"581.43600000000004","UN","581.43600000000004","581.43600000000004"
"4301",2068,58,"592.62800000000004","UN","592.62800000000004","592.62800000000004"
"4302",2068,59,"599.39449999999999","UN","599.39449999999999","599.39449999999999"
"4303",2068,60,"601.17700000000002","UN","601.17700000000002","601.17700000000002"
"4304",2068,61,"598.84100000000001","UN","598.84100000000001","598.84100000000001"
"4305",2068,62,"592.84","UN","592.84","592.84"
"4306",2068,63,"586.02750000000003","UN","586.02750000000003","586.02750000000003"
"4307",2068,64,"575.71349999999995","UN","575.71349999999995","575.71349999999995"
"4308",2068,65,"559.3125","UN","559.3125","559.3125"
"4309",2068,66,"549.69849999999997","UN","549.69849999999997","549.69849999999997"
"4310",2068,67,"550.79650000000004","UN","550.79650000000004","550.79650000000004"
"4311",2068,68,"549.06550000000004","UN","549.06550000000004","549.06550000000004"
"4312",2068,69,"545.42949999999996","UN","545.42949999999996","545.42949999999996"
"4313",2068,70,"542.18399999999997","UN","542.18399999999997","542.18399999999997"
"4314",2068,71,"538.86649999999997","UN","538.86649999999997","538.86649999999997"
"4315",2068,72,"538.37450000000001","UN","538.37450000000001","538.37450000000001"
"4316",2068,73,"538.52650000000006","UN","538.52650000000006","538.52650000000006"
"4317",2068,74,"543.62149999999997","UN","543.62149999999997","543.62149999999997"
"4318",2068,75,"561.39800000000002","UN","561.39800000000002","561.39800000000002"
"4319",2068,76,"573.52049999999997","UN","573.52049999999997","573.52049999999997"
"4320",2068,77,"576.04949999999997","UN","576.04949999999997","576.04949999999997"
"4321",2068,78,"573.26499999999999","UN","573.26499999999999","573.26499999999999"
"4322",2068,79,"571.48450000000003","UN","571.48450000000003","571.48450000000003"
"4323",2068,80,"550.25850000000003","UN","550.25850000000003","550.25850000000003"
"4324",2068,81,"527.64949999999999","UN","527.64949999999999","527.64949999999999"
"4325",2068,82,"527.08550000000002","UN","527.08550000000002","527.08550000000002"
"4326",2068,83,"524.04949999999997","UN","524.04949999999997","524.04949999999997"
"4327",2068,84,"519.66399999999999","UN","519.66399999999999","519.66399999999999"
"4328",2068,85,"513.22550000000001","UN","513.22550000000001","513.22550000000001"
"4329",2068,86,"505.52199999999999","UN","505.52199999999999","505.52199999999999"
"4330",2068,87,"485.41399999999999","UN","485.41399999999999","485.41399999999999"
"4331",2068,88,"460.51299999999998","UN","460.51299999999998","460.51299999999998"
"4332",2068,89,"438.02699999999999","UN","438.02699999999999","438.02699999999999"
"4333",2068,90,"412.98050000000001","UN","412.98050000000001","412.98050000000001"
"4334",2068,91,"383.26850000000002","UN","383.26850000000002","383.26850000000002"
"4335",2068,92,"349.31200000000001","UN","349.31200000000001","349.31200000000001"
"4336",2068,93,"309.9735","UN","309.9735","309.9735"
"4337",2068,94,"263.48450000000003","UN","263.48450000000003","263.48450000000003"
"4338",2068,95,"215.97499999999999","UN","215.97499999999999","215.97499999999999"
"4339",2068,96,"172.49199999999999","UN","172.49199999999999","172.49199999999999"
"4340",2068,97,"132.10400000000001","UN","132.10400000000001","132.10400000000001"
"4341",2068,98,"96.719499999999996","UN","96.719499999999996","96.719499999999996"
"4342",2068,99,"69.240499999999997","UN","69.240499999999997","69.240499999999997"
"4343",2068,100,"120.39149999999999","UN","120.39149999999999","120.39149999999999"
"4344",2069,0,"301.18299999999999","UN","301.18299999999999","531.33699999999999"
"4345",2069,1,"301.97550000000001","UN","301.97550000000001","528.91"
"4346",2069,2,"302.55549999999999","UN","302.55549999999999","525.601"
"4347",2069,3,"303.221","UN","303.221","521.803"
"4348",2069,4,"303.95100000000002","UN","303.95100000000002","517.43200000000002"
"4349",2069,5,"304.64299999999997","UN","304.64299999999997","512.33000000000004"
"4350",2069,6,"305.81299999999999","UN","305.81299999999999","507.25200000000001"
"4351",2069,7,"307.48349999999999","UN","307.48349999999999","502.36450000000002"
"4352",2069,8,"309.41950000000003","UN","309.41950000000003","497.459"
"4353",2069,9,"311.3965","UN","311.3965","492.38"
"4354",2069,10,"313.685","UN","313.685","487.61450000000002"
"4355",2069,11,"316.7","UN","316.7","483.85050000000001"
"4356",2069,12,"320.10599999999999","UN","320.10599999999999","480.92200000000003"
"4357",2069,13,"323.73149999999998","UN","323.73149999999998","478.76549999999997"
"4358",2069,14,"327.90750000000003","UN","327.90750000000003","477.82"
"4359",2069,15,"332.93049999999999","UN","332.93049999999999","478.53449999999998"
"4360",2069,16,"339.74450000000002","UN","339.74450000000002","481.94749999999999"
"4361",2069,17,"348.93700000000001","UN","348.93700000000001","488.67750000000001"
"4362",2069,18,"360.56849999999997","UN","360.56849999999997","498.79300000000001"
"4363",2069,19,"375.01600000000002","UN","375.01600000000002","512.57349999999997"
"4364",2069,20,"391.55149999999998","UN","391.55149999999998","529.10199999999998"
"4365",2069,21,"408.11950000000002","UN","408.11950000000002","546.17100000000005"
"4366",2069,22,"423.12799999999999","UN","423.12799999999999","562.02149999999995"
"4367",2069,23,"435.822","UN","435.822","575.77750000000003"
"4368",2069,24,"445.17","UN","445.17","586.31949999999995"
"4369",2069,25,"451.15550000000002","UN","451.15550000000002","593.56299999999999"
"4370",2069,26,"454.33749999999998","UN","454.33749999999998","597.96349999999995"
"4371",2069,27,"455.49200000000002","UN","455.49200000000002","600.16750000000002"
"4372",2069,28,"455.43599999999998","UN","455.43599999999998","600.98950000000002"
"4373",2069,29,"454.37200000000001","UN","454.37200000000001","600.63149999999996"
"4374",2069,30,"452.51799999999997","UN","452.51799999999997","599.25099999999998"
"4375",2069,31,"449.84500000000003","UN","449.84500000000003","596.82449999999994"
"4376",2069,32,"446.61950000000002","UN","446.61950000000002","593.68100000000004"
"4377",2069,33,"443.0575","UN","443.0575","590.11900000000003"
"4378",2069,34,"439.76249999999999","UN","439.76249999999999","586.83399999999995"
"4379",2069,35,"436.89499999999998","UN","436.89499999999998","569.31349999999998"
"4380",2069,36,"434.50599999999997","UN","434.50599999999997","552.38099999999997"
"4381",2069,37,"432.803","UN","432.803","551.04200000000003"
"4382",2069,38,"431.613","UN","431.613","550.4375"
"4383",2069,39,"431.11849999999998","UN","431.11849999999998","550.68899999999996"
"4384",2069,40,"431.46550000000002","UN","431.46550000000002","529.26250000000005"
"4385",2069,41,"432.19799999999998","UN","432.19799999999998","508.20150000000001"
"4386",2069,42,"432.87700000000001","UN","432.87700000000001","509.68200000000002"
"4387",2069,43,"434.57749999999999","UN","434.57749999999999","512.24800000000005"
"4388",2069,44,"437.08800000000002","UN","437.08800000000002","515.66899999999998"
"4389",2069,45,"438.35849999999999","UN","438.35849999999999","477.87349999999998"
"4390",2069,46,"446.5215","UN","446.5215","446.5215"
"4391",2069,47,"458.12400000000002","UN","458.12400000000002","458.12400000000002"
"4392",2069,48,"461.32400000000001","UN","461.32400000000001","461.32400000000001"
"4393",2069,49,"464.98849999999999","UN","464.98849999999999","464.98849999999999"
"4394",2069,50,"478.6225","UN","478.6225","478.6225"
"4395",2069,51,"497.86349999999999","UN","497.86349999999999","497.86349999999999"
"4396",2069,52,"514.20299999999997","UN","514.20299999999997","514.20299999999997"
"4397",2069,53,"524.18200000000002","UN","524.18200000000002","524.18200000000002"
"4398",2069,54,"533.79700000000003","UN","533.79700000000003","533.79700000000003"
"4399",2069,55,"542.91700000000003","UN","542.91700000000003","542.91700000000003"
"4400",2069,56,"555.88499999999999","UN","555.88499999999999","555.88499999999999"
"4401",2069,57,"569.59299999999996","UN","569.59299999999996","569.59299999999996"
"4402",2069,58,"580.45950000000005","UN","580.45950000000005","580.45950000000005"
"4403",2069,59,"591.55600000000004","UN","591.55600000000004","591.55600000000004"
"4404",2069,60,"598.22050000000002","UN","598.22050000000002","598.22050000000002"
"4405",2069,61,"599.90250000000003","UN","599.90250000000003","599.90250000000003"
"4406",2069,62,"597.47349999999994","UN","597.47349999999994","597.47349999999994"
"4407",2069,63,"591.36900000000003","UN","591.36900000000003","591.36900000000003"
"4408",2069,64,"584.4325","UN","584.4325","584.4325"
"4409",2069,65,"574.01400000000001","UN","574.01400000000001","574.01400000000001"
"4410",2069,66,"557.52149999999995","UN","557.52149999999995","557.52149999999995"
"4411",2069,67,"547.77200000000005","UN","547.77200000000005","547.77200000000005"
"4412",2069,68,"548.68799999999999","UN","548.68799999999999","548.68799999999999"
"4413",2069,69,"546.774","UN","546.774","546.774"
"4414",2069,70,"542.92949999999996","UN","542.92949999999996","542.92949999999996"
"4415",2069,71,"539.41250000000002","UN","539.41250000000002","539.41250000000002"
"4416",2069,72,"535.79049999999995","UN","535.79049999999995","535.79049999999995"
"4417",2069,73,"534.95799999999997","UN","534.95799999999997","534.95799999999997"
"4418",2069,74,"534.73800000000006","UN","534.73800000000006","534.73800000000006"
"4419",2069,75,"539.38900000000001","UN","539.38900000000001","539.38900000000001"
"4420",2069,76,"556.46100000000001","UN","556.46100000000001","556.46100000000001"
"4421",2069,77,"567.87300000000005","UN","567.87300000000005","567.87300000000005"
"4422",2069,78,"569.60699999999997","UN","569.60699999999997","569.60699999999997"
"4423",2069,79,"565.87900000000002","UN","565.87900000000002","565.87900000000002"
"4424",2069,80,"562.87900000000002","UN","562.87900000000002","562.87900000000002"
"4425",2069,81,"540.471","UN","540.471","540.471"
"4426",2069,82,"516.48599999999999","UN","516.48599999999999","516.48599999999999"
"4427",2069,83,"513.81399999999996","UN","513.81399999999996","513.81399999999996"
"4428",2069,84,"508.29300000000001","UN","508.29300000000001","508.29300000000001"
"4429",2069,85,"500.94499999999999","UN","500.94499999999999","500.94499999999999"
"4430",2069,86,"491.0625","UN","491.0625","491.0625"
"4431",2069,87,"479.43549999999999","UN","479.43549999999999","479.43549999999999"
"4432",2069,88,"455.44650000000001","UN","455.44650000000001","455.44650000000001"
"4433",2069,89,"426.66550000000001","UN","426.66550000000001","426.66550000000001"
"4434",2069,90,"400.29050000000001","UN","400.29050000000001","400.29050000000001"
"4435",2069,91,"371.73750000000001","UN","371.73750000000001","371.73750000000001"
"4436",2069,92,"339.30250000000001","UN","339.30250000000001","339.30250000000001"
"4437",2069,93,"303.30200000000002","UN","303.30200000000002","303.30200000000002"
"4438",2069,94,"263.0335","UN","263.0335","263.0335"
"4439",2069,95,"217.874","UN","217.874","217.874"
"4440",2069,96,"173.3895","UN","173.3895","173.3895"
"4441",2069,97,"133.995","UN","133.995","133.995"
"4442",2069,98,"99.058999999999997","UN","99.058999999999997","99.058999999999997"
"4443",2069,99,"69.836500000000001","UN","69.836500000000001","69.836500000000001"
"4444",2069,100,"123.29349999999999","UN","123.29349999999999","123.29349999999999"
"4445",2070,0,"301.209","UN","301.209","533.93150000000003"
"4446",2070,1,"301.91449999999998","UN","301.91449999999998","532.03899999999999"
"4447",2070,2,"302.666","UN","302.666","529.59"
"4448",2070,3,"303.19099999999997","UN","303.19099999999997","526.23149999999998"
"4449",2070,4,"303.803","UN","303.803","522.38"
"4450",2070,5,"304.48450000000003","UN","304.48450000000003","517.9615"
"4451",2070,6,"305.13249999999999","UN","305.13249999999999","512.81600000000003"
"4452",2070,7,"306.26350000000002","UN","306.26350000000002","507.69900000000001"
"4453",2070,8,"307.89800000000002","UN","307.89800000000002","502.77550000000002"
"4454",2070,9,"309.80149999999998","UN","309.80149999999998","497.83800000000002"
"4455",2070,10,"311.74849999999998","UN","311.74849999999998","492.72899999999998"
"4456",2070,11,"314.01150000000001","UN","314.01150000000001","487.93700000000001"
"4457",2070,12,"317.00200000000001","UN","317.00200000000001","484.14850000000001"
"4458",2070,13,"320.38799999999998","UN","320.38799999999998","481.2"
"4459",2070,14,"324.02499999999998","UN","324.02499999999998","479.05450000000002"
"4460",2070,15,"328.44799999999998","UN","328.44799999999998","478.35500000000002"
"4461",2070,16,"334.41250000000002","UN","334.41250000000002","480.0095"
"4462",2070,17,"343.15750000000003","UN","343.15750000000003","485.351"
"4463",2070,18,"354.94299999999998","UN","354.94299999999998","494.67349999999999"
"4464",2070,19,"369.10649999999998","UN","369.10649999999998","507.31900000000002"
"4465",2070,20,"385.28199999999998","UN","385.28199999999998","522.82749999999999"
"4466",2070,21,"402.11599999999999","UN","402.11599999999999","539.65300000000002"
"4467",2070,22,"417.35399999999998","UN","417.35399999999998","555.39099999999996"
"4468",2070,23,"429.87599999999998","UN","429.87599999999998","568.75549999999998"
"4469",2070,24,"439.74450000000002","UN","439.74450000000002","579.68600000000004"
"4470",2070,25,"446.5865","UN","446.5865","587.72149999999999"
"4471",2070,26,"450.6925","UN","450.6925","593.08399999999995"
"4472",2070,27,"452.64","UN","452.64","596.24850000000004"
"4473",2070,28,"453.08449999999999","UN","453.08449999999999","597.74400000000003"
"4474",2070,29,"452.69549999999998","UN","452.69549999999998","598.23299999999995"
"4475",2070,30,"451.54349999999999","UN","451.54349999999999","597.78650000000005"
"4476",2070,31,"449.74900000000002","UN","449.74900000000002","596.46450000000004"
"4477",2070,32,"447.22050000000002","UN","447.22050000000002","594.18050000000005"
"4478",2070,33,"444.18049999999999","UN","444.18049999999999","591.22149999999999"
"4479",2070,34,"440.82100000000003","UN","440.82100000000003","587.8605"
"4480",2070,35,"437.72800000000001","UN","437.72800000000001","584.77499999999998"
"4481",2070,36,"435.05349999999999","UN","435.05349999999999","567.44949999999994"
"4482",2070,37,"432.84199999999998","UN","432.84199999999998","550.69500000000005"
"4483",2070,38,"431.30149999999998","UN","431.30149999999998","549.51750000000004"
"4484",2070,39,"430.25799999999998","UN","430.25799999999998","549.05550000000005"
"4485",2070,40,"429.89350000000002","UN","429.89350000000002","549.43349999999998"
"4486",2070,41,"430.35649999999998","UN","430.35649999999998","528.12699999999995"
"4487",2070,42,"431.19049999999999","UN","431.19049999999999","507.17099999999999"
"4488",2070,43,"431.95850000000002","UN","431.95850000000002","508.73700000000002"
"4489",2070,44,"433.73450000000003","UN","433.73450000000003","511.37549999999999"
"4490",2070,45,"436.30500000000001","UN","436.30500000000001","514.85400000000004"
"4491",2070,46,"437.62799999999999","UN","437.62799999999999","477.12400000000002"
"4492",2070,47,"445.83049999999997","UN","445.83049999999997","445.83049999999997"
"4493",2070,48,"457.46199999999999","UN","457.46199999999999","457.46199999999999"
"4494",2070,49,"460.68650000000002","UN","460.68650000000002","460.68650000000002"
"4495",2070,50,"464.3655","UN","464.3655","464.3655"
"4496",2070,51,"477.99400000000003","UN","477.99400000000003","477.99400000000003"
"4497",2070,52,"497.21350000000001","UN","497.21350000000001","497.21350000000001"
"4498",2070,53,"513.52750000000003","UN","513.52750000000003","513.52750000000003"
"4499",2070,54,"523.47699999999998","UN","523.47699999999998","523.47699999999998"
"4500",2070,55,"533.05100000000004","UN","533.05100000000004","533.05100000000004"
"4501",2070,56,"542.11450000000002","UN","542.11450000000002","542.11450000000002"
"4502",2070,57,"555.01300000000003","UN","555.01300000000003","555.01300000000003"
"4503",2070,58,"568.64200000000005","UN","568.64200000000005","568.64200000000005"
"4504",2070,59,"579.41800000000001","UN","579.41800000000001","579.41800000000001"
"4505",2070,60,"590.40800000000002","UN","590.40800000000002","590.40800000000002"
"4506",2070,61,"596.96699999999998","UN","596.96699999999998","596.96699999999998"
"4507",2070,62,"598.55050000000006","UN","598.55050000000006","598.55050000000006"
"4508",2070,63,"596.01049999999998","UN","596.01049999999998","596.01049999999998"
"4509",2070,64,"589.78099999999995","UN","589.78099999999995","589.78099999999995"
"4510",2070,65,"582.73249999999996","UN","582.73249999999996","582.73249999999996"
"4511",2070,66,"572.20450000000005","UN","572.20450000000005","572.20450000000005"
"4512",2070,67,"555.601","UN","555.601","555.601"
"4513",2070,68,"545.71500000000003","UN","545.71500000000003","545.71500000000003"
"4514",2070,69,"546.44449999999995","UN","546.44449999999995","546.44449999999995"
"4515",2070,70,"544.32100000000003","UN","544.32100000000003","544.32100000000003"
"4516",2070,71,"540.20500000000004","UN","540.20500000000004","540.20500000000004"
"4517",2070,72,"536.38199999999995","UN","536.38199999999995","536.38199999999995"
"4518",2070,73,"532.44749999999999","UN","532.44749999999999","532.44749999999999"
"4519",2070,74,"531.25750000000005","UN","531.25750000000005","531.25750000000005"
"4520",2070,75,"530.64549999999997","UN","530.64549999999997","530.64549999999997"
"4521",2070,76,"534.73900000000003","UN","534.73900000000003","534.73900000000003"
"4522",2070,77,"551.09050000000002","UN","551.09050000000002","551.09050000000002"
"4523",2070,78,"561.65449999999998","UN","561.65449999999998","561.65449999999998"
"4524",2070,79,"562.40650000000005","UN","562.40650000000005","562.40650000000005"
"4525",2070,80,"557.51850000000002","UN","557.51850000000002","557.51850000000002"
"4526",2070,81,"553.04700000000003","UN","553.04700000000003","553.04700000000003"
"4527",2070,82,"529.24749999999995","UN","529.24749999999995","529.24749999999995"
"4528",2070,83,"503.71300000000002","UN","503.71300000000002","503.71300000000002"
"4529",2070,84,"498.62549999999999","UN","498.62549999999999","498.62549999999999"
"4530",2070,85,"490.2715","UN","490.2715","490.2715"
"4531",2070,86,"479.63049999999998","UN","479.63049999999998","479.63049999999998"
"4532",2070,87,"466.05799999999999","UN","466.05799999999999","466.05799999999999"
"4533",2070,88,"450.23149999999998","UN","450.23149999999998","450.23149999999998"
"4534",2070,89,"422.36200000000002","UN","422.36200000000002","422.36200000000002"
"4535",2070,90,"390.27249999999998","UN","390.27249999999998","390.27249999999998"
"4536",2070,91,"360.70850000000002","UN","360.70850000000002","360.70850000000002"
"4537",2070,92,"329.47899999999998","UN","329.47899999999998","329.47899999999998"
"4538",2070,93,"294.97800000000001","UN","294.97800000000001","294.97800000000001"
"4539",2070,94,"257.70100000000002","UN","257.70100000000002","257.70100000000002"
"4540",2070,95,"217.797","UN","217.797","217.797"
"4541",2070,96,"175.161","UN","175.161","175.161"
"4542",2070,97,"134.87100000000001","UN","134.87100000000001","134.87100000000001"
"4543",2070,98,"100.61450000000001","UN","100.61450000000001","100.61450000000001"
"4544",2070,99,"71.628","UN","71.628","71.628"
"4545",2070,100,"125.616","UN","125.616","125.616"
"4546",2071,0,"300.839","UN","300.839","535.40150000000006"
"4547",2071,1,"301.94450000000001","UN","301.94450000000001","534.63750000000005"
"4548",2071,2,"302.608","UN","302.608","532.72249999999997"
"4549",2071,3,"303.30450000000002","UN","303.30450000000002","530.22349999999994"
"4550",2071,4,"303.77550000000002","UN","303.77550000000002","526.81100000000004"
"4551",2071,5,"304.339","UN","304.339","522.91200000000003"
"4552",2071,6,"304.97649999999999","UN","304.97649999999999","518.45050000000003"
"4553",2071,7,"305.58550000000002","UN","305.58550000000002","513.26549999999997"
"4554",2071,8,"306.68049999999999","UN","306.68049999999999","508.113"
"4555",2071,9,"308.28149999999999","UN","308.28149999999999","503.15649999999999"
"4556",2071,10,"310.15550000000002","UN","310.15550000000002","498.18849999999998"
"4557",2071,11,"312.07650000000001","UN","312.07650000000001","493.05200000000002"
"4558",2071,12,"314.315","UN","314.315","488.23700000000002"
"4559",2071,13,"317.286","UN","317.286","484.428"
"4560",2071,14,"320.68299999999999","UN","320.68299999999999","481.4905"
"4561",2071,15,"324.56450000000001","UN","324.56450000000001","479.58800000000002"
"4562",2071,16,"329.92250000000001","UN","329.92250000000001","479.822"
"4563",2071,17,"337.80200000000002","UN","337.80200000000002","483.38900000000001"
"4564",2071,18,"349.11950000000002","UN","349.11950000000002","491.303"
"4565",2071,19,"363.41750000000002","UN","363.41750000000002","503.13600000000002"
"4566",2071,20,"379.2955","UN","379.2955","517.49599999999998"
"4567",2071,21,"395.76900000000001","UN","395.76900000000001","533.30050000000006"
"4568",2071,22,"411.28449999999998","UN","411.28449999999998","548.80849999999998"
"4569",2071,23,"424.06","UN","424.06","562.08399999999995"
"4570",2071,24,"433.78100000000001","UN","433.78100000000001","572.64750000000004"
"4571",2071,25,"441.166","UN","441.166","581.09400000000005"
"4572",2071,26,"446.14499999999998","UN","446.14499999999998","587.2645"
"4573",2071,27,"449.02600000000001","UN","449.02600000000001","591.40200000000004"
"4574",2071,28,"450.26900000000001","UN","450.26900000000001","593.86350000000004"
"4575",2071,29,"450.38249999999999","UN","450.38249999999999","595.02650000000006"
"4576",2071,30,"449.90499999999997","UN","449.90499999999997","595.42600000000004"
"4577",2071,31,"448.81150000000002","UN","448.81150000000002","595.03700000000003"
"4578",2071,32,"447.15949999999998","UN","447.15949999999998","593.85500000000002"
"4579",2071,33,"444.81349999999998","UN","444.81349999999998","591.75350000000003"
"4580",2071,34,"441.97300000000001","UN","441.97300000000001","588.99249999999995"
"4581",2071,35,"438.81349999999998","UN","438.81349999999998","585.82899999999995"
"4582",2071,36,"435.911","UN","435.911","582.93299999999999"
"4583",2071,37,"433.41199999999998","UN","433.41199999999998","565.7835"
"4584",2071,38,"431.36149999999998","UN","431.36149999999998","549.19100000000003"
"4585",2071,39,"429.96600000000001","UN","429.96600000000001","548.15549999999996"
"4586",2071,40,"429.05099999999999","UN","429.05099999999999","547.81899999999996"
"4587",2071,41,"428.80149999999998","UN","428.80149999999998","548.30899999999997"
"4588",2071,42,"429.36500000000001","UN","429.36500000000001","527.10599999999999"
"4589",2071,43,"430.28649999999999","UN","430.28649999999999","506.24200000000002"
"4590",2071,44,"431.12950000000001","UN","431.12950000000001","507.88"
"4591",2071,45,"432.9665","UN","432.9665","510.57600000000002"
"4592",2071,46,"435.58800000000002","UN","435.58800000000002","514.1"
"4593",2071,47,"436.95350000000002","UN","436.95350000000002","476.43"
"4594",2071,48,"445.18799999999999","UN","445.18799999999999","445.18799999999999"
"4595",2071,49,"456.839","UN","456.839","456.839"
"4596",2071,50,"460.07900000000001","UN","460.07900000000001","460.07900000000001"
"4597",2071,51,"463.76","UN","463.76","463.76"
"4598",2071,52,"477.37450000000001","UN","477.37450000000001","477.37450000000001"
"4599",2071,53,"496.56849999999997","UN","496.56849999999997","496.56849999999997"
"4600",2071,54,"512.84900000000005","UN","512.84900000000005","512.84900000000005"
"4601",2071,55,"522.7595","UN","522.7595","522.7595"
"4602",2071,56,"532.27850000000001","UN","532.27850000000001","532.27850000000001"
"4603",2071,57,"541.28200000000004","UN","541.28200000000004","541.28200000000004"
"4604",2071,58,"554.10649999999998","UN","554.10649999999998","554.10649999999998"
"4605",2071,59,"567.64449999999999","UN","567.64449999999999","567.64449999999999"
"4606",2071,60,"578.31949999999995","UN","578.31949999999995","578.31949999999995"
"4607",2071,61,"589.19899999999996","UN","589.19899999999996","589.19899999999996"
"4608",2071,62,"595.65300000000002","UN","595.65300000000002","595.65300000000002"
"4609",2071,63,"597.12","UN","597.12","597.12"
"4610",2071,64,"594.44799999999998","UN","594.44799999999998","594.44799999999998"
"4611",2071,65,"588.10500000000002","UN","588.10500000000002","588.10500000000002"
"4612",2071,66,"580.93799999999999","UN","580.93799999999999","580.93799999999999"
"4613",2071,67,"570.28049999999996","UN","570.28049999999996","570.28049999999996"
"4614",2071,68,"553.56700000000001","UN","553.56700000000001","553.56700000000001"
"4615",2071,69,"543.54399999999998","UN","543.54399999999998","543.54399999999998"
"4616",2071,70,"544.05849999999998","UN","544.05849999999998","544.05849999999998"
"4617",2071,71,"541.66399999999999","UN","541.66399999999999","541.66399999999999"
"4618",2071,72,"537.24300000000005","UN","537.24300000000005","537.24300000000005"
"4619",2071,73,"533.10599999999999","UN","533.10599999999999","533.10599999999999"
"4620",2071,74,"528.84500000000003","UN","528.84500000000003","528.84500000000003"
"4621",2071,75,"527.27949999999998","UN","527.27949999999998","527.27949999999998"
"4622",2071,76,"526.16549999999995","UN","526.16549999999995","526.16549999999995"
"4623",2071,77,"529.68949999999995","UN","529.68949999999995","529.68949999999995"
"4624",2071,78,"545.18550000000005","UN","545.18550000000005","545.18550000000005"
"4625",2071,79,"554.71249999999998","UN","554.71249999999998","554.71249999999998"
"4626",2071,80,"554.26400000000001","UN","554.26400000000001","554.26400000000001"
"4627",2071,81,"547.97199999999998","UN","547.97199999999998","547.97199999999998"
"4628",2071,82,"541.77800000000002","UN","541.77800000000002","541.77800000000002"
"4629",2071,83,"516.41","UN","516.41","516.41"
"4630",2071,84,"489.09649999999999","UN","489.09649999999999","489.09649999999999"
"4631",2071,85,"481.25049999999999","UN","481.25049999999999","481.25049999999999"
"4632",2071,86,"469.74400000000003","UN","469.74400000000003","469.74400000000003"
"4633",2071,87,"455.57100000000003","UN","455.57100000000003","455.57100000000003"
"4634",2071,88,"438.04599999999999","UN","438.04599999999999","438.04599999999999"
"4635",2071,89,"417.95850000000002","UN","417.95850000000002","417.95850000000002"
"4636",2071,90,"386.75650000000002","UN","386.75650000000002","386.75650000000002"
"4637",2071,91,"352.06450000000001","UN","352.06450000000001","352.06450000000001"
"4638",2071,92,"320.10899999999998","UN","320.10899999999998","320.10899999999998"
"4639",2071,93,"286.82049999999998","UN","286.82049999999998","286.82049999999998"
"4640",2071,94,"250.98050000000001","UN","250.98050000000001","250.98050000000001"
"4641",2071,95,"213.6885","UN","213.6885","213.6885"
"4642",2071,96,"175.36349999999999","UN","175.36349999999999","175.36349999999999"
"4643",2071,97,"136.45750000000001","UN","136.45750000000001","136.45750000000001"
"4644",2071,98,"101.4165","UN","101.4165","101.4165"
"4645",2071,99,"72.858500000000006","UN","72.858500000000006","72.858500000000006"
"4646",2071,100,"128.42099999999999","UN","128.42099999999999","128.42099999999999"
"4647",2072,0,"300.02449999999999","UN","300.02449999999999","535.77850000000001"
"4648",2072,1,"301.55950000000001","UN","301.55950000000001","536.09249999999997"
"4649",2072,2,"302.62400000000002","UN","302.62400000000002","535.3075"
"4650",2072,3,"303.23349999999999","UN","303.23349999999999","533.34299999999996"
"4651",2072,4,"303.87700000000001","UN","303.87700000000001","530.79100000000005"
"4652",2072,5,"304.30099999999999","UN","304.30099999999999","527.33249999999998"
"4653",2072,6,"304.82150000000001","UN","304.82150000000001","523.39099999999996"
"4654",2072,7,"305.4205","UN","305.4205","518.89049999999997"
"4655",2072,8,"305.99400000000003","UN","305.99400000000003","513.67100000000005"
"4656",2072,9,"307.05650000000003","UN","307.05650000000003","508.48599999999999"
"4657",2072,10,"308.62900000000002","UN","308.62900000000002","503.5"
"4658",2072,11,"310.47649999999999","UN","310.47649999999999","498.50549999999998"
"4659",2072,12,"312.37450000000001","UN","312.37450000000001","493.34699999999998"
"4660",2072,13,"314.59300000000002","UN","314.59300000000002","488.51100000000002"
"4661",2072,14,"317.57549999999998","UN","317.57549999999998","484.71300000000002"
"4662",2072,15,"321.21449999999999","UN","321.21449999999999","482.01650000000001"
"4663",2072,16,"326.02350000000001","UN","326.02350000000001","481.04"
"4664",2072,17,"333.279","UN","333.279","483.16899999999998"
"4665",2072,18,"343.709","UN","343.709","489.286"
"4666",2072,19,"357.51650000000001","UN","357.51650000000001","499.68849999999998"
"4667",2072,20,"373.51400000000001","UN","373.51400000000001","513.22050000000002"
"4668",2072,21,"389.68599999999998","UN","389.68599999999998","527.87300000000005"
"4669",2072,22,"404.851","UN","404.851","542.37"
"4670",2072,23,"417.923","UN","417.923","555.43399999999997"
"4671",2072,24,"427.91950000000003","UN","427.91950000000003","565.92999999999995"
"4672",2072,25,"435.17750000000001","UN","435.17750000000001","574.02949999999998"
"4673",2072,26,"440.714","UN","440.714","580.62699999999995"
"4674",2072,27,"444.4785","UN","444.4785","585.58349999999996"
"4675",2072,28,"446.66149999999999","UN","446.66149999999999","589.02300000000002"
"4676",2072,29,"447.577","UN","447.577","591.15549999999996"
"4677",2072,30,"447.6035","UN","447.6035","592.23149999999998"
"4678",2072,31,"447.18549999999999","UN","447.18549999999999","592.68949999999995"
"4679",2072,32,"446.23349999999999","UN","446.23349999999999","592.43949999999995"
"4680",2072,33,"444.76350000000002","UN","444.76350000000002","591.44000000000005"
"4681",2072,34,"442.61649999999997","UN","442.61649999999997","589.53499999999997"
"4682",2072,35,"439.97550000000001","UN","439.97550000000001","586.971"
"4683",2072,36,"437.00450000000001","UN","437.00450000000001","583.99599999999998"
"4684",2072,37,"434.27749999999997","UN","434.27749999999997","581.27350000000001"
"4685",2072,38,"431.93900000000002","UN","431.93900000000002","564.28449999999998"
"4686",2072,39,"430.03250000000003","UN","430.03250000000003","547.83699999999999"
"4687",2072,40,"428.76549999999997","UN","428.76549999999997","546.92650000000003"
"4688",2072,41,"427.96550000000002","UN","427.96550000000002","546.70150000000001"
"4689",2072,42,"427.81599999999997","UN","427.81599999999997","547.2885"
"4690",2072,43,"428.4665","UN","428.4665","526.17700000000002"
"4691",2072,44,"429.46350000000001","UN","429.46350000000001","505.392"
"4692",2072,45,"430.36849999999998","UN","430.36849999999998","507.08850000000001"
"4693",2072,46,"432.25599999999997","UN","432.25599999999997","509.83049999999997"
"4694",2072,47,"434.92","UN","434.92","513.39400000000001"
"4695",2072,48,"436.322","UN","436.322","475.77699999999999"
"4696",2072,49,"444.57900000000001","UN","444.57900000000001","444.57900000000001"
"4697",2072,50,"456.24099999999999","UN","456.24099999999999","456.24099999999999"
"4698",2072,51,"459.48399999999998","UN","459.48399999999998","459.48399999999998"
"4699",2072,52,"463.16199999999998","UN","463.16199999999998","463.16199999999998"
"4700",2072,53,"476.75749999999999","UN","476.75749999999999","476.75749999999999"
"4701",2072,54,"495.91800000000001","UN","495.91800000000001","495.91800000000001"
"4702",2072,55,"512.15499999999997","UN","512.15499999999997","512.15499999999997"
"4703",2072,56,"522.0145","UN","522.0145","522.0145"
"4704",2072,57,"531.47550000000001","UN","531.47550000000001","531.47550000000001"
"4705",2072,58,"540.4135","UN","540.4135","540.4135"
"4706",2072,59,"553.15250000000003","UN","553.15250000000003","553.15250000000003"
"4707",2072,60,"566.59050000000002","UN","566.59050000000002","566.59050000000002"
"4708",2072,61,"577.15899999999999","UN","577.15899999999999","577.15899999999999"
"4709",2072,62,"587.92899999999997","UN","587.92899999999997","587.92899999999997"
"4710",2072,63,"594.26","UN","594.26","594.26"
"4711",2072,64,"595.58950000000004","UN","595.58950000000004","595.58950000000004"
"4712",2072,65,"592.79600000000005","UN","592.79600000000005","592.79600000000005"
"4713",2072,66,"586.33349999999996","UN","586.33349999999996","586.33349999999996"
"4714",2072,67,"579.02700000000004","UN","579.02700000000004","579.02700000000004"
"4715",2072,68,"568.2405","UN","568.2405","568.2405"
"4716",2072,69,"551.41700000000003","UN","551.41700000000003","551.41700000000003"
"4717",2072,70,"541.23149999999998","UN","541.23149999999998","541.23149999999998"
"4718",2072,71,"541.471","UN","541.471","541.471"
"4719",2072,72,"538.77250000000004","UN","538.77250000000004","538.77250000000004"
"4720",2072,73,"534.0385","UN","534.0385","534.0385"
"4721",2072,74,"529.57299999999998","UN","529.57299999999998","529.57299999999998"
"4722",2072,75,"524.97","UN","524.97","524.97"
"4723",2072,76,"522.92150000000004","UN","522.92150000000004","522.92150000000004"
"4724",2072,77,"521.29949999999997","UN","521.29949999999997","521.29949999999997"
"4725",2072,78,"524.13499999999999","UN","524.13499999999999","524.13499999999999"
"4726",2072,79,"538.59050000000002","UN","538.59050000000002","538.59050000000002"
"4727",2072,80,"546.85550000000001","UN","546.85550000000001","546.85550000000001"
"4728",2072,81,"544.95650000000001","UN","544.95650000000001","544.95650000000001"
"4729",2072,82,"537.01850000000002","UN","537.01850000000002","537.01850000000002"
"4730",2072,83,"528.87300000000005","UN","528.87300000000005","528.87300000000005"
"4731",2072,84,"501.69799999999998","UN","501.69799999999998","501.69799999999998"
"4732",2072,85,"472.34949999999998","UN","472.34949999999998","472.34949999999998"
"4733",2072,86,"461.42649999999998","UN","461.42649999999998","461.42649999999998"
"4734",2072,87,"446.53149999999999","UN","446.53149999999999","446.53149999999999"
"4735",2072,88,"428.56450000000001","UN","428.56450000000001","428.56450000000001"
"4736",2072,89,"407.02949999999998","UN","407.02949999999998","407.02949999999998"
"4737",2072,90,"383.15550000000002","UN","383.15550000000002","383.15550000000002"
"4738",2072,91,"349.30250000000001","UN","349.30250000000001","349.30250000000001"
"4739",2072,92,"312.80200000000002","UN","312.80200000000002","312.80200000000002"
"4740",2072,93,"279.03800000000001","UN","279.03800000000001","279.03800000000001"
"4741",2072,94,"244.38149999999999","UN","244.38149999999999","244.38149999999999"
"4742",2072,95,"208.4205","UN","208.4205","208.4205"
"4743",2072,96,"172.30950000000001","UN","172.30950000000001","172.30950000000001"
"4744",2072,97,"136.82249999999999","UN","136.82249999999999","136.82249999999999"
"4745",2072,98,"102.76600000000001","UN","102.76600000000001","102.76600000000001"
"4746",2072,99,"73.542500000000004","UN","73.542500000000004","73.542500000000004"
"4747",2072,100,"131.1815","UN","131.1815","131.1815"
"4748",2073,0,"299.15649999999999","UN","299.15649999999999","535.64800000000002"
"4749",2073,1,"300.72500000000002","UN","300.72500000000002","536.45000000000005"
"4750",2073,2,"302.22000000000003","UN","302.22000000000003","536.74400000000003"
"4751",2073,3,"303.23200000000003","UN","303.23200000000003","535.91049999999996"
"4752",2073,4,"303.79050000000001","UN","303.79050000000001","533.89499999999998"
"4753",2073,5,"304.38799999999998","UN","304.38799999999998","531.29750000000001"
"4754",2073,6,"304.76949999999999","UN","304.76949999999999","527.79750000000001"
"4755",2073,7,"305.25299999999999","UN","305.25299999999999","523.81849999999997"
"4756",2073,8,"305.8175","UN","305.8175","519.28399999999999"
"4757",2073,9,"306.36","UN","306.36","514.03300000000002"
"4758",2073,10,"307.39400000000001","UN","307.39400000000001","508.81950000000001"
"4759",2073,11,"308.94150000000002","UN","308.94150000000002","503.80799999999999"
"4760",2073,12,"310.76650000000001","UN","310.76650000000001","498.79199999999997"
"4761",2073,13,"312.64499999999998","UN","312.64499999999998","493.613"
"4762",2073,14,"314.875","UN","314.875","488.7885"
"4763",2073,15,"318.09800000000001","UN","318.09800000000001","485.23050000000001"
"4764",2073,16,"322.65550000000002","UN","322.65550000000002","483.45100000000002"
"4765",2073,17,"329.346","UN","329.346","484.35300000000001"
"4766",2073,18,"339.12900000000002","UN","339.12900000000002","489.00900000000001"
"4767",2073,19,"352.0265","UN","352.0265","497.59249999999997"
"4768",2073,20,"367.51850000000002","UN","367.51850000000002","509.678"
"4769",2073,21,"383.80500000000001","UN","383.80500000000001","523.49850000000004"
"4770",2073,22,"398.678","UN","398.678","536.85199999999998"
"4771",2073,23,"411.41550000000001","UN","411.41550000000001","548.92200000000003"
"4772",2073,24,"421.73","UN","421.73","559.22749999999996"
"4773",2073,25,"429.28149999999999","UN","429.28149999999999","567.27850000000001"
"4774",2073,26,"434.70600000000002","UN","434.70600000000002","573.54349999999999"
"4775",2073,27,"439.0385","UN","439.0385","578.93650000000002"
"4776",2073,28,"442.11099999999999","UN","442.11099999999999","583.20150000000001"
"4777",2073,29,"443.97050000000002","UN","443.97050000000002","586.31700000000001"
"4778",2073,30,"444.80149999999998","UN","444.80149999999998","588.3655"
"4779",2073,31,"444.88850000000002","UN","444.88850000000002","589.5"
"4780",2073,32,"444.61200000000002","UN","444.61200000000002","590.09699999999998"
"4781",2073,33,"443.84249999999997","UN","443.84249999999997","590.03"
"4782",2073,34,"442.57100000000003","UN","442.57100000000003","589.226"
"4783",2073,35,"440.6225","UN","440.6225","587.51850000000002"
"4784",2073,36,"438.16950000000003","UN","438.16950000000003","585.14250000000004"
"4785",2073,37,"435.375","UN","435.375","582.34100000000001"
"4786",2073,38,"432.80799999999999","UN","432.80799999999999","579.77549999999997"
"4787",2073,39,"430.613","UN","430.613","562.92999999999995"
"4788",2073,40,"428.83550000000002","UN","428.83550000000002","546.61149999999998"
"4789",2073,41,"427.6825","UN","427.6825","545.8125"
"4790",2073,42,"426.983","UN","426.983","545.68499999999995"
"4791",2073,43,"426.9205","UN","426.9205","546.35649999999998"
"4792",2073,44,"427.64699999999999","UN","427.64699999999999","525.32299999999998"
"4793",2073,45,"428.70600000000002","UN","428.70600000000002","504.60500000000002"
"4794",2073,46,"429.66199999999998","UN","429.66199999999998","506.3485"
"4795",2073,47,"431.59300000000002","UN","431.59300000000002","509.13049999999998"
"4796",2073,48,"434.29300000000001","UN","434.29300000000001","512.72500000000002"
"4797",2073,49,"435.72250000000003","UN","435.72250000000003","475.15499999999997"
"4798",2073,50,"443.99299999999999","UN","443.99299999999999","443.99299999999999"
"4799",2073,51,"455.65499999999997","UN","455.65499999999997","455.65499999999997"
"4800",2073,52,"458.89600000000002","UN","458.89600000000002","458.89600000000002"
"4801",2073,53,"462.56450000000001","UN","462.56450000000001","462.56450000000001"
"4802",2073,54,"476.13499999999999","UN","476.13499999999999","476.13499999999999"
"4803",2073,55,"495.25150000000002","UN","495.25150000000002","495.25150000000002"
"4804",2073,56,"511.43450000000001","UN","511.43450000000001","511.43450000000001"
"4805",2073,57,"521.23800000000006","UN","521.23800000000006","521.23800000000006"
"4806",2073,58,"530.63599999999997","UN","530.63599999999997","530.63599999999997"
"4807",2073,59,"539.49800000000005","UN","539.49800000000005","539.49800000000005"
"4808",2073,60,"552.14250000000004","UN","552.14250000000004","552.14250000000004"
"4809",2073,61,"565.47450000000003","UN","565.47450000000003","565.47450000000003"
"4810",2073,62,"575.9375","UN","575.9375","575.9375"
"4811",2073,63,"586.58000000000004","UN","586.58000000000004","586.58000000000004"
"4812",2073,64,"592.76649999999995","UN","592.76649999999995","592.76649999999995"
"4813",2073,65,"593.96849999999995","UN","593.96849999999995","593.96849999999995"
"4814",2073,66,"591.04600000000005","UN","591.04600000000005","591.04600000000005"
"4815",2073,67,"584.44299999999998","UN","584.44299999999998","584.44299999999998"
"4816",2073,68,"576.99699999999996","UN","576.99699999999996","576.99699999999996"
"4817",2073,69,"566.07899999999995","UN","566.07899999999995","566.07899999999995"
"4818",2073,70,"549.12300000000005","UN","549.12300000000005","549.12300000000005"
"4819",2073,71,"538.71799999999996","UN","538.71799999999996","538.71799999999996"
"4820",2073,72,"538.649","UN","538.649","538.649"
"4821",2073,73,"535.63699999999994","UN","535.63699999999994","535.63699999999994"
"4822",2073,74,"530.57399999999996","UN","530.57399999999996","530.57399999999996"
"4823",2073,75,"525.7645","UN","525.7645","525.7645"
"4824",2073,76,"520.71550000000002","UN","520.71550000000002","520.71550000000002"
"4825",2073,77,"518.17700000000002","UN","518.17700000000002","518.17700000000002"
"4826",2073,78,"515.93550000000005","UN","515.93550000000005","515.93550000000005"
"4827",2073,79,"517.91600000000005","UN","517.91600000000005","517.91600000000005"
"4828",2073,80,"531.10550000000001","UN","531.10550000000001","531.10550000000001"
"4829",2073,81,"537.85","UN","537.85","537.85"
"4830",2073,82,"534.24850000000004","UN","534.24850000000004","534.24850000000004"
"4831",2073,83,"524.44000000000005","UN","524.44000000000005","524.44000000000005"
"4832",2073,84,"514.04150000000004","UN","514.04150000000004","514.04150000000004"
"4833",2073,85,"484.791","UN","484.791","484.791"
"4834",2073,86,"453.18400000000003","UN","453.18400000000003","453.18400000000003"
"4835",2073,87,"438.94049999999999","UN","438.94049999999999","438.94049999999999"
"4836",2073,88,"420.39550000000003","UN","420.39550000000003","420.39550000000003"
"4837",2073,89,"398.57249999999999","UN","398.57249999999999","398.57249999999999"
"4838",2073,90,"373.48950000000002","UN","373.48950000000002","373.48950000000002"
"4839",2073,91,"346.44049999999999","UN","346.44049999999999","346.44049999999999"
"4840",2073,92,"310.70800000000003","UN","310.70800000000003","310.70800000000003"
"4841",2073,93,"272.97699999999998","UN","272.97699999999998","272.97699999999998"
"4842",2073,94,"238.05950000000001","UN","238.05950000000001","238.05950000000001"
"4843",2073,95,"203.21299999999999","UN","203.21299999999999","203.21299999999999"
"4844",2073,96,"168.29499999999999","UN","168.29499999999999","168.29499999999999"
"4845",2073,97,"134.62350000000001","UN","134.62350000000001","134.62350000000001"
"4846",2073,98,"103.1845","UN","103.1845","103.1845"
"4847",2073,99,"74.623000000000005","UN","74.623000000000005","74.623000000000005"
"4848",2073,100,"133.524","UN","133.524","133.524"
"4849",2074,0,"298.02999999999997","UN","298.02999999999997","534.81100000000004"
"4850",2074,1,"299.84699999999998","UN","299.84699999999998","536.30999999999995"
"4851",2074,2,"301.375","UN","301.375","537.0915"
"4852",2074,3,"302.81900000000002","UN","302.81900000000002","537.33799999999997"
"4853",2074,4,"303.78050000000002","UN","303.78050000000002","536.45399999999995"
"4854",2074,5,"304.29300000000001","UN","304.29300000000001","534.39300000000003"
"4855",2074,6,"304.84899999999999","UN","304.84899999999999","531.75549999999998"
"4856",2074,7,"305.19450000000001","UN","305.19450000000001","528.21900000000005"
"4857",2074,8,"305.64350000000002","UN","305.64350000000002","524.20600000000002"
"4858",2074,9,"306.17750000000001","UN","306.17750000000001","519.64049999999997"
"4859",2074,10,"306.69200000000001","UN","306.69200000000001","514.36149999999998"
"4860",2074,11,"307.702","UN","307.702","509.12299999999999"
"4861",2074,12,"309.22699999999998","UN","309.22699999999998","504.09"
"4862",2074,13,"311.03300000000002","UN","311.03300000000002","499.05399999999997"
"4863",2074,14,"312.92250000000001","UN","312.92250000000001","493.88650000000001"
"4864",2074,15,"315.39249999999998","UN","315.39249999999998","489.3"
"4865",2074,16,"319.52600000000001","UN","319.52600000000001","486.65050000000002"
"4866",2074,17,"325.95","UN","325.95","486.7355"
"4867",2074,18,"335.1465","UN","335.1465","490.14350000000002"
"4868",2074,19,"347.3775","UN","347.3775","497.24599999999998"
"4869",2074,20,"361.94549999999998","UN","361.94549999999998","507.49849999999998"
"4870",2074,21,"377.7235","UN","377.7235","519.87049999999999"
"4871",2074,22,"392.72050000000002","UN","392.72050000000002","532.40049999999997"
"4872",2074,23,"405.18400000000003","UN","405.18400000000003","543.34550000000002"
"4873",2074,24,"415.185","UN","415.185","552.67849999999999"
"4874",2074,25,"423.07299999999998","UN","423.07299999999998","560.5575"
"4875",2074,26,"428.80549999999999","UN","428.80549999999999","566.78800000000001"
"4876",2074,27,"433.03500000000003","UN","433.03500000000003","571.85850000000005"
"4877",2074,28,"436.68200000000002","UN","436.68200000000002","576.56600000000003"
"4878",2074,29,"439.43400000000003","UN","439.43400000000003","580.51049999999998"
"4879",2074,30,"441.21050000000002","UN","441.21050000000002","583.54250000000002"
"4880",2074,31,"442.10199999999998","UN","442.10199999999998","585.649"
"4881",2074,32,"442.33","UN","442.33","586.92349999999999"
"4882",2074,33,"442.23500000000001","UN","442.23500000000001","587.702"
"4883",2074,34,"441.66250000000002","UN","441.66250000000002","587.83000000000004"
"4884",2074,35,"440.58850000000001","UN","440.58850000000001","587.22199999999998"
"4885",2074,36,"438.82749999999999","UN","438.82749999999999","585.70100000000002"
"4886",2074,37,"436.54950000000002","UN","436.54950000000002","583.49699999999996"
"4887",2074,38,"433.91399999999999","UN","433.91399999999999","580.85199999999998"
"4888",2074,39,"431.4905","UN","431.4905","578.42600000000004"
"4889",2074,40,"429.42349999999999","UN","429.42349999999999","561.70950000000005"
"4890",2074,41,"427.75900000000001","UN","427.75900000000001","545.505"
"4891",2074,42,"426.70699999999999","UN","426.70699999999999","544.80349999999999"
"4892",2074,43,"426.09449999999998","UN","426.09449999999998","544.76049999999998"
"4893",2074,44,"426.108","UN","426.108","545.50250000000005"
"4894",2074,45,"426.8965","UN","426.8965","524.53499999999997"
"4895",2074,46,"428.00700000000001","UN","428.00700000000001","503.87299999999999"
"4896",2074,47,"429.00700000000001","UN","429.00700000000001","505.65649999999999"
"4897",2074,48,"430.97399999999999","UN","430.97399999999999","508.47149999999999"
"4898",2074,49,"433.70150000000001","UN","433.70150000000001","512.08849999999995"
"4899",2074,50,"435.149","UN","435.149","474.55650000000003"
"4900",2074,51,"443.42349999999999","UN","443.42349999999999","443.42349999999999"
"4901",2074,52,"455.077","UN","455.077","455.077"
"4902",2074,53,"458.31","UN","458.31","458.31"
"4903",2074,54,"461.96499999999997","UN","461.96499999999997","461.96499999999997"
"4904",2074,55,"475.50099999999998","UN","475.50099999999998","475.50099999999998"
"4905",2074,56,"494.56349999999998","UN","494.56349999999998","494.56349999999998"
"4906",2074,57,"510.68599999999998","UN","510.68599999999998","510.68599999999998"
"4907",2074,58,"520.42899999999997","UN","520.42899999999997","520.42899999999997"
"4908",2074,59,"529.75350000000003","UN","529.75350000000003","529.75350000000003"
"4909",2074,60,"538.53150000000005","UN","538.53150000000005","538.53150000000005"
"4910",2074,61,"551.077","UN","551.077","551.077"
"4911",2074,62,"564.30200000000002","UN","564.30200000000002","564.30200000000002"
"4912",2074,63,"574.64400000000001","UN","574.64400000000001","574.64400000000001"
"4913",2074,64,"585.13549999999998","UN","585.13549999999998","585.13549999999998"
"4914",2074,65,"591.1875","UN","591.1875","591.1875"
"4915",2074,66,"592.25300000000004","UN","592.25300000000004","592.25300000000004"
"4916",2074,67,"589.18150000000003","UN","589.18150000000003","589.18150000000003"
"4917",2074,68,"582.43700000000001","UN","582.43700000000001","582.43700000000001"
"4918",2074,69,"574.84849999999994","UN","574.84849999999994","574.84849999999994"
"4919",2074,70,"563.77599999999995","UN","563.77599999999995","563.77599999999995"
"4920",2074,71,"546.63149999999996","UN","546.63149999999996","546.63149999999996"
"4921",2074,72,"535.97900000000004","UN","535.97900000000004","535.97900000000004"
"4922",2074,73,"535.59050000000002","UN","535.59050000000002","535.59050000000002"
"4923",2074,74,"532.25099999999998","UN","532.25099999999998","532.25099999999998"
"4924",2074,75,"526.84249999999997","UN","526.84249999999997","526.84249999999997"
"4925",2074,76,"521.58600000000001","UN","521.58600000000001","521.58600000000001"
"4926",2074,77,"516.08600000000001","UN","516.08600000000001","516.08600000000001"
"4927",2074,78,"512.94949999999994","UN","512.94949999999994","512.94949999999994"
"4928",2074,79,"509.92899999999997","UN","509.92899999999997","509.92899999999997"
"4929",2074,80,"510.85700000000003","UN","510.85700000000003","510.85700000000003"
"4930",2074,81,"522.524","UN","522.524","522.524"
"4931",2074,82,"527.48249999999996","UN","527.48249999999996","527.48249999999996"
"4932",2074,83,"521.94500000000005","UN","521.94500000000005","521.94500000000005"
"4933",2074,84,"509.97199999999998","UN","509.97199999999998","509.97199999999998"
"4934",2074,85,"496.983","UN","496.983","496.983"
"4935",2074,86,"465.4205","UN","465.4205","465.4205"
"4936",2074,87,"431.41800000000001","UN","431.41800000000001","431.41800000000001"
"4937",2074,88,"413.589","UN","413.589","413.589"
"4938",2074,89,"391.33100000000002","UN","391.33100000000002","391.33100000000002"
"4939",2074,90,"366.096","UN","366.096","366.096"
"4940",2074,91,"338.0575","UN","338.0575","338.0575"
"4941",2074,92,"308.54899999999998","UN","308.54899999999998","308.54899999999998"
"4942",2074,93,"271.49700000000001","UN","271.49700000000001","271.49700000000001"
"4943",2074,94,"233.1755","UN","233.1755","233.1755"
"4944",2074,95,"198.23500000000001","UN","198.23500000000001","198.23500000000001"
"4945",2074,96,"164.32650000000001","UN","164.32650000000001","164.32650000000001"
"4946",2074,97,"131.67850000000001","UN","131.67850000000001","131.67850000000001"
"4947",2074,98,"101.67100000000001","UN","101.67100000000001","101.67100000000001"
"4948",2074,99,"75.033500000000004","UN","75.033500000000004","75.033500000000004"
"4949",2074,100,"135.87899999999999","UN","135.87899999999999","135.87899999999999"
"4950",2075,0,"296.81849999999997","UN","296.81849999999997","533.55849999999998"
"4951",2075,1,"298.77050000000003","UN","298.77050000000003","535.524"
"4952",2075,2,"300.54250000000002","UN","300.54250000000002","536.99699999999996"
"4953",2075,3,"302.01549999999997","UN","302.01549999999997","537.72649999999999"
"4954",2075,4,"303.40449999999998","UN","303.40449999999998","537.91899999999998"
"4955",2075,5,"304.3175","UN","304.3175","536.98699999999997"
"4956",2075,6,"304.78649999999999","UN","304.78649999999999","534.88300000000004"
"4957",2075,7,"305.30349999999999","UN","305.30349999999999","532.20650000000001"
"4958",2075,8,"305.61149999999998","UN","305.61149999999998","528.63300000000004"
"4959",2075,9,"306.029","UN","306.029","524.58799999999997"
"4960",2075,10,"306.53300000000002","UN","306.53300000000002","519.99249999999995"
"4961",2075,11,"307.0215","UN","307.0215","514.68700000000001"
"4962",2075,12,"308.00749999999999","UN","308.00749999999999","509.42450000000002"
"4963",2075,13,"309.51150000000001","UN","309.51150000000001","504.37"
"4964",2075,14,"311.32749999999999","UN","311.32749999999999","499.34399999999999"
"4965",2075,15,"313.45549999999997","UN","313.45549999999997","494.41250000000002"
"4966",2075,16,"316.83150000000001","UN","316.83150000000001","490.73050000000001"
"4967",2075,17,"322.82299999999998","UN","322.82299999999998","489.93849999999998"
"4968",2075,18,"331.74349999999998","UN","331.74349999999998","492.51850000000002"
"4969",2075,19,"343.37900000000002","UN","343.37900000000002","498.36349999999999"
"4970",2075,20,"357.27499999999998","UN","357.27499999999998","507.13049999999998"
"4971",2075,21,"372.13400000000001","UN","372.13400000000001","517.67449999999997"
"4972",2075,22,"386.64100000000002","UN","386.64100000000002","528.774"
"4973",2075,23,"399.25549999999998","UN","399.25549999999998","538.923"
"4974",2075,24,"409.01049999999998","UN","409.01049999999998","547.15949999999998"
"4975",2075,25,"416.608","UN","416.608","554.08799999999997"
"4976",2075,26,"422.69200000000001","UN","422.69200000000001","560.16250000000002"
"4977",2075,27,"427.23700000000002","UN","427.23700000000002","565.20550000000003"
"4978",2075,28,"430.78250000000003","UN","430.78250000000003","569.59199999999998"
"4979",2075,29,"434.10599999999999","UN","434.10599999999999","573.976"
"4980",2075,30,"436.76949999999999","UN","436.76949999999999","577.83100000000002"
"4981",2075,31,"438.6","UN","438.6","580.91549999999995"
"4982",2075,32,"439.62599999999998","UN","439.62599999999998","583.15599999999995"
"4983",2075,33,"440.02850000000001","UN","440.02850000000001","584.60450000000003"
"4984",2075,34,"440.12450000000001","UN","440.12450000000001","585.572"
"4985",2075,35,"439.74349999999998","UN","439.74349999999998","585.8895"
"4986",2075,36,"438.85149999999999","UN","438.85149999999999","585.46249999999998"
"4987",2075,37,"437.2595","UN","437.2595","584.10799999999995"
"4988",2075,38,"435.13600000000002","UN","435.13600000000002","582.05700000000002"
"4989",2075,39,"432.64","UN","432.64","579.54750000000001"
"4990",2075,40,"430.34050000000002","UN","430.34050000000002","577.24350000000004"
"4991",2075,41,"428.3845","UN","428.3845","560.63750000000005"
"4992",2075,42,"426.81799999999998","UN","426.81799999999998","544.53150000000005"
"4993",2075,43,"425.85149999999999","UN","425.85149999999999","543.91250000000002"
"4994",2075,44,"425.31200000000001","UN","425.31200000000001","543.93799999999999"
"4995",2075,45,"425.38650000000001","UN","425.38650000000001","544.73599999999999"
"4996",2075,46,"426.22500000000002","UN","426.22500000000002","523.82249999999999"
"4997",2075,47,"427.37799999999999","UN","427.37799999999999","503.20850000000002"
"4998",2075,48,"428.4135","UN","428.4135","505.02449999999999"
"4999",2075,49,"430.4085","UN","430.4085","507.86200000000002"
"5000",2075,50,"433.15199999999999","UN","433.15199999999999","511.4905"
"5001",2075,51,"434.608","UN","434.608","473.98849999999999"
"5002",2075,52,"442.8775","UN","442.8775","442.8775"
"5003",2075,53,"454.51749999999998","UN","454.51749999999998","454.51749999999998"
"5004",2075,54,"457.73700000000002","UN","457.73700000000002","457.73700000000002"
"5005",2075,55,"461.36950000000002","UN","461.36950000000002","461.36950000000002"
"5006",2075,56,"474.8605","UN","474.8605","474.8605"
"5007",2075,57,"493.86149999999998","UN","493.86149999999998","493.86149999999998"
"5008",2075,58,"509.91750000000002","UN","509.91750000000002","509.91750000000002"
"5009",2075,59,"519.5915","UN","519.5915","519.5915"
"5010",2075,60,"528.83349999999996","UN","528.83349999999996","528.83349999999996"
"5011",2075,61,"537.52350000000001","UN","537.52350000000001","537.52350000000001"
"5012",2075,62,"549.96749999999997","UN","549.96749999999997","549.96749999999997"
"5013",2075,63,"563.07150000000001","UN","563.07150000000001","563.07150000000001"
"5014",2075,64,"573.26800000000003","UN","573.26800000000003","573.26800000000003"
"5015",2075,65,"583.61900000000003","UN","583.61900000000003","583.61900000000003"
"5016",2075,66,"589.52700000000004","UN","589.52700000000004","589.52700000000004"
"5017",2075,67,"590.43550000000005","UN","590.43550000000005","590.43550000000005"
"5018",2075,68,"587.21299999999997","UN","587.21299999999997","587.21299999999997"
"5019",2075,69,"580.32449999999994","UN","580.32449999999994","580.32449999999994"
"5020",2075,70,"572.57000000000005","UN","572.57000000000005","572.57000000000005"
"5021",2075,71,"561.28449999999998","UN","561.28449999999998","561.28449999999998"
"5022",2075,72,"543.92600000000004","UN","543.92600000000004","543.92600000000004"
"5023",2075,73,"533.02099999999996","UN","533.02099999999996","533.02099999999996"
"5024",2075,74,"532.29899999999998","UN","532.29899999999998","532.29899999999998"
"5025",2075,75,"528.61249999999995","UN","528.61249999999995","528.61249999999995"
"5026",2075,76,"522.75049999999999","UN","522.75049999999999","522.75049999999999"
"5027",2075,77,"517.04100000000005","UN","517.04100000000005","517.04100000000005"
"5028",2075,78,"510.9855","UN","510.9855","510.9855"
"5029",2075,79,"507.09500000000003","UN","507.09500000000003","507.09500000000003"
"5030",2075,80,"503.11149999999998","UN","503.11149999999998","503.11149999999998"
"5031",2075,81,"502.76049999999998","UN","502.76049999999998","502.76049999999998"
"5032",2075,82,"512.63900000000001","UN","512.63900000000001","512.63900000000001"
"5033",2075,83,"515.56299999999999","UN","515.56299999999999","515.56299999999999"
"5034",2075,84,"507.7835","UN","507.7835","507.7835"
"5035",2075,85,"493.31799999999998","UN","493.31799999999998","493.31799999999998"
"5036",2075,86,"477.41950000000003","UN","477.41950000000003","477.41950000000003"
"5037",2075,87,"443.3965","UN","443.3965","443.3965"
"5038",2075,88,"406.84649999999999","UN","406.84649999999999","406.84649999999999"
"5039",2075,89,"385.35649999999998","UN","385.35649999999998","385.35649999999998"
"5040",2075,90,"359.815","UN","359.815","359.815"
"5041",2075,91,"331.738","UN","331.738","331.738"
"5042",2075,92,"301.43900000000002","UN","301.43900000000002","301.43900000000002"
"5043",2075,93,"269.98450000000003","UN","269.98450000000003","269.98450000000003"
"5044",2075,94,"232.23650000000001","UN","232.23650000000001","232.23650000000001"
"5045",2075,95,"194.43","UN","194.43","194.43"
"5046",2075,96,"160.54400000000001","UN","160.54400000000001","160.54400000000001"
"5047",2075,97,"128.76900000000001","UN","128.76900000000001","128.76900000000001"
"5048",2075,98,"99.598500000000001","UN","99.598500000000001","99.598500000000001"
"5049",2075,99,"74.041499999999999","UN","74.041499999999999","74.041499999999999"
"5050",2075,100,"137.79400000000001","UN","137.79400000000001","137.79400000000001"
