"Year","y_France","y_Germany","y_Italy","y_Netherlands","y_Spain","y_US","dy_France","dy_Germany","dy_Italy","dy_Netherlands","dy_Spain","dy_US","ypot_France","ypot_Germany","ypot_Italy","ypot_Netherlands","ypot_Spain","ypot_US","dypot_France","dypot_Germany","dypot_Italy","dypot_Netherlands","dypot_Spain","dypot_US","ygap_France","ygap_Germany","ygap_Italy","ygap_Netherlands","ygap_Spain","ygap_US","ygap_lag_France","ygap_lag_Germany","ygap_lag_Italy","ygap_lag_Netherlands","ygap_lag_Spain","ygap_lag_US","pi_France","pi_Germany","pi_Italy","pi_Netherlands","pi_Spain","pi_US","MY_France","MY_Germany","MY_Italy","MY_Netherlands","MY_Spain","MY_US","D_France","D_Germany","D_Italy","D_Netherlands","D_Spain","D_US","D_Y_France","D_Y_Germany","D_Y_Italy","D_Y_Netherlands","D_Y_Spain","D_Y_US","D_R_France","D_R_Germany","D_R_Italy","D_R_Netherlands","D_R_Spain","D_R_US","IR_France","IR_Germany","IR_Italy","IR_Netherlands","IR_Spain","IR_US","PTR_France","PTR_Germany","PTR_Italy","PTR_Netherlands","PTR_Spain","PTR_US","Total_Debt_France","Total_Debt_Germany","Total_Debt_Italy","Total_Debt_Netherlands","Total_Debt_Spain","Total_Debt_US","GDP_France","GDP_Germany","GDP_Italy","GDP_Netherlands","GDP_Spain","GDP_US","Surplus_France","Surplus_Germany","Surplus_Italy","Surplus_Netherlands","Surplus_Spain","Surplus_US","Primary_Surplus_France","Primary_Surplus_Germany","Primary_Surplus_Italy","Primary_Surplus_Netherlands","Primary_Surplus_Spain","Primary_Surplus_US","SFA_France","SFA_Germany","SFA_Italy","SFA_Netherlands","SFA_Spain","SFA_US","Social_Surplus_France","Social_Surplus_Germany","Social_Surplus_Italy","Social_Surplus_Netherlands","Social_Surplus_Spain","Social_Surplus_US","Expenditure_Interest_France","Expenditure_Interest_Germany","Expenditure_Interest_Italy","Expenditure_Interest_Netherlands","Expenditure_Interest_Spain","Expenditure_Interest_US","pi_target_France","pi_target_Germany","pi_target_Italy","pi_target_Netherlands","pi_target_Spain","pi_target_US","b_France","b_Germany","b_Italy","b_Netherlands","b_Spain","b_US","b_lag_France","b_lag_Germany","b_lag_Italy","b_lag_Netherlands","b_lag_Spain","b_lag_US","s_star_France","s_star_Germany","s_star_Italy","s_star_Netherlands","s_star_Spain","s_star_US","s_star_lag_France","s_star_lag_Germany","s_star_lag_Italy","s_star_lag_Netherlands","s_star_lag_Spain","s_star_lag_US","s_France","s_Germany","s_Italy","s_Netherlands","s_Spain","s_US","s_social_France","s_social_Germany","s_social_Italy","s_social_Netherlands","s_social_Spain","s_social_US","lag_s_social_France","lag_s_social_Germany","lag_s_social_Italy","lag_s_social_Netherlands","lag_s_social_Spain","lag_s_social_US","s_non_social_France","s_non_social_Germany","s_non_social_Italy","s_non_social_Netherlands","s_non_social_Spain","s_non_social_US","s_ratio_social_France","s_ratio_social_Germany","s_ratio_social_Italy","s_ratio_social_Netherlands","s_ratio_social_Spain","s_ratio_social_US","s_ex_France","s_ex_Germany","s_ex_Italy","s_ex_Netherlands","s_ex_Spain","s_ex_US","sfa_France","sfa_Germany","sfa_Italy","sfa_Netherlands","sfa_Spain","sfa_US","dy_lag_France","dy_lag_Germany","dy_lag_Italy","dy_lag_Netherlands","dy_lag_Spain","dy_lag_US","log_IR_France","log_IR_Germany","log_IR_Italy","log_IR_Netherlands","log_IR_Spain","log_IR_US","lag_IR_France","lag_IR_Germany","lag_IR_Italy","lag_IR_Netherlands","lag_IR_Spain","lag_IR_US","snowball_effect_France","snowball_effect_Germany","snowball_effect_Italy","snowball_effect_Netherlands","snowball_effect_Spain","snowball_effect_US","snowball_share_France","snowball_share_Germany","snowball_share_Italy","snowball_share_Netherlands","snowball_share_Spain","snowball_share_US","deficit_share_France","deficit_share_Germany","deficit_share_Italy","deficit_share_Netherlands","deficit_share_Spain","deficit_share_US","Spread_Netherlands","b_diff_Netherlands","b_diff_lag_Netherlands","Spread_France","b_diff_France","b_diff_lag_France","Spread_Spain","b_diff_Spain","b_diff_lag_Spain","Spread_Italy","b_diff_Italy","b_diff_lag_Italy","ygap_plus_US","ygap_minus_US","ygap_plus_Germany","ygap_minus_Germany","ygap_plus_Netherlands","ygap_minus_Netherlands","ygap_plus_France","ygap_minus_France","ygap_plus_Spain","ygap_minus_Spain","ygap_plus_Italy","ygap_minus_Italy"
1950,NA,NA,NA,NA,NA,7.81533484002481,NA,NA,NA,NA,NA,0.12550773518478,NA,NA,NA,NA,NA,7.78203603208129,NA,NA,NA,NA,NA,0.0507876338678672,NA,NA,NA,NA,NA,0.0332988079435168,NA,NA,NA,NA,NA,-0.0414212933733955,NA,NA,NA,NA,NA,-0.0298489603067931,0.689876262381293,0.707306052503162,0.524533639565339,0.535832912772215,0.48844169624991,0.533409405681455,0.712474951859139,0.688643143148927,0.76829199008824,0.820028368217447,0.76870160757104,0.733210261433476,0.517521171849131,0.536986254806137,0.625213131246081,0.679162550929714,0.640475939097857,0.594992158090486,0.194953780010008,0.15165688834279,0.14307885884216,0.140865817287733,0.128225668473183,0.13821810334299,NA,NA,NA,NA,NA,NA,NA,NA,NA,NA,NA,NA,NA,NA,NA,NA,NA,NA,NA,NA,NA,NA,NA,299.827,NA,NA,NA,NA,NA,NA,NA,NA,NA,NA,NA,NA,NA,NA,NA,NA,NA,NA,NA,NA,NA,NA,NA,NA,NA,NA,NA,NA,NA,NA,0.02,0.02,0.02,0.02,0.02,0.02,NA,NA,NA,NA,NA,NA,NA,NA,NA,NA,NA,NA,NA,NA,NA,NA,NA,NA,NA,NA,NA,NA,NA,NA,NA,NA,NA,NA,NA,NA,NA,NA,NA,NA,NA,NA,NA,NA,NA,NA,NA,NA,NA,NA,NA,NA,NA,NA,NA,NA,NA,NA,NA,NA,NA,NA,NA,NA,NA,NA,NA,NA,NA,NA,NA,NA,NA,NA,NA,NA,NA,0.12550773518478,NA,NA,NA,NA,NA,NA,NA,NA,NA,NA,NA,NA,NA,NA,NA,NA,NA,NA,NA,NA,NA,NA,NA,NA,NA,NA,NA,NA,NA,NA,NA,NA,NA,NA,NA,NA,NA,NA,NA,NA,NA,NA,0.0332988079435168,0,NA,NA,NA,NA,NA,NA,NA,NA,NA,NA
1951,NA,NA,NA,NA,NA,7.86857379147752,NA,NA,NA,NA,NA,0.0532389514527161,NA,NA,NA,NA,NA,7.83453625497346,NA,NA,NA,NA,NA,0.052500222892168,NA,NA,NA,NA,NA,0.0340375365040648,NA,NA,NA,NA,NA,0.0332988079435168,NA,NA,NA,NA,NA,0.0926323175070016,0.695898647175598,0.731762324359204,0.531365766840242,0.543452180736982,0.49234272349931,0.53972448472364,0.718101435271856,0.687068437286984,0.76071681726398,0.82383435247895,0.756479763077318,0.746104425200238,0.522208060847267,0.530539852072769,0.616122381532062,0.680490497643167,0.627219457621394,0.605218974741186,0.195893374424589,0.156528585214215,0.144594435731918,0.143343854835782,0.129260305455925,0.140885450459052,NA,NA,NA,NA,NA,NA,NA,NA,NA,NA,NA,NA,NA,NA,NA,NA,NA,NA,NA,NA,NA,NA,NA,346.914,NA,NA,NA,NA,NA,NA,NA,NA,NA,NA,NA,NA,NA,NA,NA,NA,NA,NA,NA,NA,NA,NA,NA,NA,NA,NA,NA,NA,NA,NA,0.02,0.02,0.02,0.02,0.02,0.02,NA,NA,NA,NA,NA,NA,NA,NA,NA,NA,NA,NA,NA,NA,NA,NA,NA,NA,NA,NA,NA,NA,NA,NA,NA,NA,NA,NA,NA,NA,NA,NA,NA,NA,NA,NA,NA,NA,NA,NA,NA,NA,NA,NA,NA,NA,NA,NA,NA,NA,NA,NA,NA,NA,NA,NA,NA,NA,NA,NA,NA,NA,NA,NA,NA,NA,NA,NA,NA,NA,NA,0.0532389514527161,NA,NA,NA,NA,NA,NA,NA,NA,NA,NA,NA,NA,NA,NA,NA,NA,NA,NA,NA,NA,NA,NA,NA,NA,NA,NA,NA,NA,NA,NA,NA,NA,NA,NA,NA,NA,NA,NA,NA,NA,NA,NA,0.0340375365040648,0,NA,NA,NA,NA,NA,NA,NA,NA,NA,NA
1952,NA,NA,NA,NA,NA,7.92082542622391,NA,NA,NA,NA,NA,0.0522516347463888,NA,NA,NA,NA,NA,7.89255217484502,NA,NA,NA,NA,NA,0.0580159198715613,NA,NA,NA,NA,NA,0.0282732513788924,NA,NA,NA,NA,NA,0.0340375365040648,NA,NA,NA,NA,NA,0.00496202661085831,0.701589128065821,0.756266887614505,0.540041806743644,0.55322354603471,0.495944788926274,0.547444076404895,0.723955815028459,0.68865471006011,0.753219652287509,0.828942536776211,0.749584993083834,0.760127375786642,0.527308657992984,0.527248925288701,0.607084385371109,0.68250806745615,0.619543672240866,0.616528177491762,0.196647157035475,0.161405784771409,0.1461352669164,0.146434469320061,0.130041320842968,0.14359919829488,NA,NA,NA,NA,NA,NA,NA,NA,NA,NA,NA,NA,NA,NA,NA,NA,NA,NA,NA,NA,NA,NA,NA,367.341,NA,NA,NA,NA,NA,NA,NA,NA,NA,NA,NA,NA,NA,NA,NA,NA,NA,NA,NA,NA,NA,NA,NA,NA,NA,NA,NA,NA,NA,NA,0.02,0.02,0.02,0.02,0.02,0.02,NA,NA,NA,NA,NA,NA,NA,NA,NA,NA,NA,NA,NA,NA,NA,NA,NA,NA,NA,NA,NA,NA,NA,NA,NA,NA,NA,NA,NA,NA,NA,NA,NA,NA,NA,NA,NA,NA,NA,NA,NA,NA,NA,NA,NA,NA,NA,NA,NA,NA,NA,NA,NA,NA,NA,NA,NA,NA,NA,NA,NA,NA,NA,NA,NA,NA,NA,NA,NA,NA,NA,0.0522516347463888,NA,NA,NA,NA,NA,NA,NA,NA,NA,NA,NA,NA,NA,NA,NA,NA,NA,NA,NA,NA,NA,NA,NA,NA,NA,NA,NA,NA,NA,NA,NA,NA,NA,NA,NA,NA,NA,NA,NA,NA,NA,NA,0.0282732513788924,0,NA,NA,NA,NA,NA,NA,NA,NA,NA,NA
1953,NA,NA,NA,NA,NA,7.92605235703718,NA,NA,NA,NA,NA,0.0052269308132642,NA,NA,NA,NA,NA,7.93069699177529,NA,NA,NA,NA,NA,0.0381448169302701,NA,NA,NA,NA,NA,-0.0046446347381135,NA,NA,NA,NA,NA,0.0282732513788924,NA,NA,NA,NA,NA,0.0526220951741343,0.707833680868602,0.780559178775819,0.549740309871487,0.563671841511672,0.499151023580844,0.556425977751672,0.730771978784411,0.69150274353254,0.744848991677546,0.835151384465415,0.742078775308034,0.775507315178712,0.533271279264789,0.525292869717804,0.596935132980884,0.685553534770058,0.61050124492446,0.629140489814896,0.197500699519622,0.166209873814736,0.147913858696662,0.149597849695356,0.131577530383573,0.146366825363816,NA,NA,NA,NA,NA,NA,NA,NA,NA,NA,NA,NA,NA,NA,NA,NA,NA,NA,NA,NA,NA,NA,NA,389.218,NA,NA,NA,NA,NA,NA,NA,NA,NA,NA,NA,NA,NA,NA,NA,NA,NA,NA,NA,NA,NA,NA,NA,NA,NA,NA,NA,NA,NA,NA,0.02,0.02,0.02,0.02,0.02,0.02,NA,NA,NA,NA,NA,NA,NA,NA,NA,NA,NA,NA,NA,NA,NA,NA,NA,NA,NA,NA,NA,NA,NA,NA,NA,NA,NA,NA,NA,NA,NA,NA,NA,NA,NA,NA,NA,NA,NA,NA,NA,NA,NA,NA,NA,NA,NA,NA,NA,NA,NA,NA,NA,NA,NA,NA,NA,NA,NA,NA,NA,NA,NA,NA,NA,NA,NA,NA,NA,NA,NA,0.0052269308132642,NA,NA,NA,NA,NA,NA,NA,NA,NA,NA,NA,NA,NA,NA,NA,NA,NA,NA,NA,NA,NA,NA,NA,NA,NA,NA,NA,NA,NA,NA,NA,NA,NA,NA,NA,NA,NA,NA,NA,NA,NA,NA,0,-0.0046446347381135,NA,NA,NA,NA,NA,NA,NA,NA,NA,NA
1954,NA,NA,NA,NA,NA,7.95297291931786,NA,NA,NA,NA,NA,0.0269205622806803,NA,NA,NA,NA,NA,7.95553242521917,NA,NA,NA,NA,NA,0.0248354334438785,NA,NA,NA,NA,NA,-0.00255950590131171,NA,NA,NA,NA,NA,-0.0046446347381135,NA,NA,NA,NA,NA,-0.0235067186769919,0.71464780844787,0.800454621731703,0.561460424262226,0.573872897019668,0.503459820514557,0.565872365297613,0.73818524154432,0.691222450195184,0.738338841722595,0.841760924234525,0.736937432713814,0.791955665596205,0.539769183806365,0.520754484933016,0.588134594635544,0.68930837687297,0.604176583508994,0.642719613164507,0.198416057737955,0.170467965262168,0.150204247087051,0.152452547361554,0.13276084920482,0.149236052431699,NA,NA,NA,NA,NA,NA,NA,NA,NA,NA,NA,NA,NA,NA,NA,NA,NA,NA,NA,NA,NA,NA,NA,390.549,NA,NA,NA,NA,NA,NA,NA,NA,NA,NA,NA,NA,NA,NA,NA,NA,NA,NA,NA,NA,NA,NA,NA,NA,NA,NA,NA,NA,NA,NA,0.02,0.02,0.02,0.02,0.02,0.02,NA,NA,NA,NA,NA,NA,NA,NA,NA,NA,NA,NA,NA,NA,NA,NA,NA,NA,NA,NA,NA,NA,NA,NA,NA,NA,NA,NA,NA,NA,NA,NA,NA,NA,NA,NA,NA,NA,NA,NA,NA,NA,NA,NA,NA,NA,NA,NA,NA,NA,NA,NA,NA,NA,NA,NA,NA,NA,NA,NA,NA,NA,NA,NA,NA,NA,NA,NA,NA,NA,NA,0.0269205622806803,NA,NA,NA,NA,NA,NA,NA,NA,NA,NA,NA,NA,NA,NA,NA,NA,NA,NA,NA,NA,NA,NA,NA,NA,NA,NA,NA,NA,NA,NA,NA,NA,NA,NA,NA,NA,NA,NA,NA,NA,NA,NA,0,-0.00255950590131171,NA,NA,NA,NA,NA,NA,NA,NA,NA,NA
1955,NA,NA,NA,NA,NA,8.01668938948277,NA,NA,NA,NA,NA,0.0637164701649136,NA,NA,NA,NA,NA,7.98061085425684,NA,NA,NA,NA,NA,0.0250784290376762,NA,NA,NA,NA,NA,0.0360785352259256,NA,NA,NA,NA,NA,-0.00255950590131171,NA,NA,NA,NA,NA,0.0219433310726203,0.72193911615305,0.813077321242909,0.57449117789025,0.582861069556373,0.511591585860975,0.575455207005783,0.745800294083048,0.686378624723738,0.734281088207755,0.84813489944417,0.735544766868727,0.808927534966812,0.546453041525485,0.512528096758707,0.581484368764662,0.693143456189302,0.600905133224817,0.656773998618761,0.199347252557563,0.173850527965031,0.152796719443094,0.154991443254869,0.13463963364391,0.152153536348051,NA,NA,NA,NA,NA,NA,NA,NA,NA,NA,NA,NA,NA,NA,NA,NA,NA,NA,NA,NA,NA,NA,NA,425.478,NA,NA,NA,NA,NA,NA,NA,NA,NA,NA,NA,NA,NA,NA,NA,NA,NA,NA,NA,NA,NA,NA,NA,NA,NA,NA,NA,NA,NA,NA,0.02,0.02,0.02,0.02,0.02,0.02,NA,NA,NA,NA,NA,NA,NA,NA,NA,NA,NA,NA,NA,NA,NA,NA,NA,NA,NA,NA,NA,NA,NA,NA,NA,NA,NA,NA,NA,NA,NA,NA,NA,NA,NA,NA,NA,NA,NA,NA,NA,NA,NA,NA,NA,NA,NA,NA,NA,NA,NA,NA,NA,NA,NA,NA,NA,NA,NA,NA,NA,NA,NA,NA,NA,NA,NA,NA,NA,NA,NA,0.0637164701649136,NA,NA,NA,NA,NA,NA,NA,NA,NA,NA,NA,NA,NA,NA,NA,NA,NA,NA,NA,NA,NA,NA,NA,NA,NA,NA,NA,NA,NA,NA,NA,NA,NA,NA,NA,NA,NA,NA,NA,NA,NA,NA,0.0360785352259256,0,NA,NA,NA,NA,NA,NA,NA,NA,NA,NA
1956,NA,NA,NA,NA,NA,8.03646089500123,NA,NA,NA,NA,NA,0.0197715055184648,NA,NA,NA,NA,NA,8.0064579703968,NA,NA,NA,NA,NA,0.0258471161399516,NA,NA,NA,NA,NA,0.0300029246044389,NA,NA,NA,NA,NA,0.0360785352259256,NA,NA,NA,NA,NA,0.0348240220749103,0.72786805917648,0.819757766149019,0.588205677142573,0.589544020527774,0.52035198909285,0.585052778834759,0.753594659078804,0.681140888044479,0.731173120257405,0.85483030455035,0.734816619048991,0.826439432051796,0.553609127993439,0.504312854620979,0.576546250368508,0.697331942890795,0.598934558328187,0.671508875280657,0.199985531085366,0.1768280334235,0.154626869888897,0.157498361659555,0.135882060720804,0.154930556771139,NA,NA,NA,NA,NA,NA,NA,NA,NA,NA,NA,NA,NA,NA,NA,NA,NA,NA,NA,NA,NA,NA,NA,449.353,NA,NA,NA,NA,NA,NA,NA,NA,NA,NA,NA,NA,NA,NA,NA,NA,NA,NA,NA,NA,NA,NA,NA,NA,NA,NA,NA,NA,NA,NA,0.02,0.02,0.02,0.02,0.02,0.02,NA,NA,NA,NA,NA,NA,NA,NA,NA,NA,NA,NA,NA,NA,NA,NA,NA,NA,NA,NA,NA,NA,NA,NA,NA,NA,NA,NA,NA,NA,NA,NA,NA,NA,NA,NA,NA,NA,NA,NA,NA,NA,NA,NA,NA,NA,NA,NA,NA,NA,NA,NA,NA,NA,NA,NA,NA,NA,NA,NA,NA,NA,NA,NA,NA,NA,NA,NA,NA,NA,NA,0.0197715055184648,NA,NA,NA,NA,NA,NA,NA,NA,NA,NA,NA,NA,NA,NA,NA,NA,NA,NA,NA,NA,NA,NA,NA,NA,NA,NA,NA,NA,NA,NA,NA,NA,NA,NA,NA,NA,NA,NA,NA,NA,NA,NA,0.0300029246044389,0,NA,NA,NA,NA,NA,NA,NA,NA,NA,NA
1957,NA,NA,NA,NA,NA,8.04000160494047,NA,NA,NA,NA,NA,0.00354070993923905,NA,NA,NA,NA,NA,8.03949093552074,NA,NA,NA,NA,NA,0.0330329651239492,NA,NA,NA,NA,NA,0.000510669419728771,NA,NA,NA,NA,NA,0.0300029246044389,NA,NA,NA,NA,NA,0.049940116459839,0.733566336849792,0.834534738086984,0.60235071207187,0.597044952721266,0.527653904849851,0.594244095820637,0.761718477933493,0.680370513751404,0.729356885084143,0.862037329811966,0.737738147400806,0.844821316067363,0.561014081992492,0.498358109438136,0.572978839765726,0.701851630609382,0.601407663640244,0.687045864998046,0.200704395941001,0.182012404313268,0.156378045318416,0.160185699202584,0.136330483760562,0.157775451069317,NA,NA,NA,NA,NA,NA,NA,NA,NA,NA,NA,NA,NA,NA,NA,NA,NA,NA,NA,NA,NA,NA,NA,474.039,NA,NA,NA,NA,NA,NA,NA,NA,NA,NA,NA,NA,NA,NA,NA,NA,NA,NA,NA,NA,NA,NA,NA,NA,NA,NA,NA,NA,NA,NA,0.02,0.02,0.02,0.02,0.02,0.02,NA,NA,NA,NA,NA,NA,NA,NA,NA,NA,NA,NA,NA,NA,NA,NA,NA,NA,NA,NA,NA,NA,NA,NA,NA,NA,NA,NA,NA,NA,NA,NA,NA,NA,NA,NA,NA,NA,NA,NA,NA,NA,NA,NA,NA,NA,NA,NA,NA,NA,NA,NA,NA,NA,NA,NA,NA,NA,NA,NA,NA,NA,NA,NA,NA,NA,NA,NA,NA,NA,NA,0.00354070993923905,NA,NA,NA,NA,NA,NA,NA,NA,NA,NA,NA,NA,NA,NA,NA,NA,NA,NA,NA,NA,NA,NA,NA,NA,NA,NA,NA,NA,NA,NA,NA,NA,NA,NA,NA,NA,NA,NA,NA,NA,NA,NA,0.000510669419728771,0,NA,NA,NA,NA,NA,NA,NA,NA,NA,NA
1958,NA,NA,NA,NA,NA,8.0662279564877,NA,NA,NA,NA,NA,0.0262263515472299,NA,NA,NA,NA,NA,8.07515978176087,NA,NA,NA,NA,NA,0.0356688462401245,NA,NA,NA,NA,NA,-0.00893182527316583,NA,NA,NA,NA,NA,0.000510669419728771,NA,NA,NA,NA,NA,-0.0111727000523665,0.740718333469007,0.846648195090444,0.616849383560356,0.604874133118776,0.53566722850252,0.602922509367088,0.770705886725962,0.679836292593414,0.726884428774932,0.870182442695835,0.747177179135294,0.863785328385842,0.568585990469127,0.492803797564968,0.568155686608823,0.707015618040273,0.608782805894417,0.70306583610054,0.202119896256835,0.187032495028446,0.158728742166109,0.163166824655562,0.138394373240877,0.160719492285302,NA,NA,NA,NA,NA,NA,NA,NA,NA,NA,NA,NA,NA,NA,NA,NA,NA,NA,NA,NA,NA,NA,NA,481.229,NA,NA,NA,NA,NA,NA,NA,NA,NA,NA,NA,NA,NA,NA,NA,NA,NA,NA,NA,NA,NA,NA,NA,NA,NA,NA,NA,NA,NA,NA,0.02,0.02,0.02,0.02,0.02,0.02,NA,NA,NA,NA,NA,NA,NA,NA,NA,NA,NA,NA,NA,NA,NA,NA,NA,NA,NA,NA,NA,NA,NA,NA,NA,NA,NA,NA,NA,NA,NA,NA,NA,NA,NA,NA,NA,NA,NA,NA,NA,NA,NA,NA,NA,NA,NA,NA,NA,NA,NA,NA,NA,NA,NA,NA,NA,NA,NA,NA,NA,NA,NA,NA,NA,NA,NA,NA,NA,NA,NA,0.0262263515472299,NA,NA,NA,NA,NA,NA,NA,NA,NA,NA,NA,NA,NA,NA,NA,NA,NA,NA,NA,NA,NA,NA,NA,NA,NA,NA,NA,NA,NA,NA,NA,NA,NA,NA,NA,NA,NA,NA,NA,NA,NA,NA,0,-0.00893182527316583,NA,NA,NA,NA,NA,NA,NA,NA,NA,NA
1959,NA,NA,NA,NA,NA,8.11105729291051,NA,NA,NA,NA,NA,0.0448293364228061,NA,NA,NA,NA,NA,8.11582703569381,NA,NA,NA,NA,NA,0.0406672539329396,NA,NA,NA,NA,NA,-0.00476974278329934,NA,NA,NA,NA,NA,-0.00893182527316583,NA,NA,NA,NA,NA,0.0358319481521225,0.746403268595426,0.841224985838524,0.62959929672994,0.611645656935212,0.544888583361705,0.611829619346139,0.780320095178129,0.674861115490335,0.72383943925344,0.878196084175456,0.762166431663061,0.883932273190281,0.5761227880288,0.485322187487249,0.562551779027071,0.711816448879494,0.620847419055302,0.719725607823167,0.204197307149329,0.189538928003086,0.161287660226368,0.166379635295963,0.14131901260776,0.164206665367114,NA,NA,NA,NA,NA,NA,NA,NA,NA,NA,NA,NA,NA,NA,NA,NA,NA,NA,NA,NA,NA,NA,NA,521.654,NA,NA,NA,NA,NA,NA,NA,NA,NA,NA,NA,NA,NA,NA,NA,NA,NA,NA,NA,NA,NA,NA,NA,NA,NA,NA,NA,NA,NA,NA,0.02,0.02,0.02,0.02,0.02,0.02,NA,NA,NA,NA,NA,NA,NA,NA,NA,NA,NA,NA,NA,NA,NA,NA,NA,NA,NA,NA,NA,NA,NA,NA,NA,NA,NA,NA,NA,NA,NA,NA,NA,NA,NA,NA,NA,NA,NA,NA,NA,NA,NA,NA,NA,NA,NA,NA,NA,NA,NA,NA,NA,NA,NA,NA,NA,NA,NA,NA,NA,NA,NA,NA,NA,NA,NA,NA,NA,NA,NA,0.0448293364228061,NA,NA,NA,NA,NA,NA,NA,NA,NA,NA,NA,NA,NA,NA,NA,NA,NA,NA,NA,NA,NA,NA,NA,NA,NA,NA,NA,NA,NA,NA,NA,NA,NA,NA,NA,NA,NA,NA,NA,NA,NA,NA,0,-0.00476974278329934,NA,NA,NA,NA,NA,NA,NA,NA,NA,NA
1960,6.13230749844905,NA,6.07377332213194,5.03414394722391,5.16468843135519,8.11986936595057,NA,NA,NA,NA,NA,0.00881207304005649,NA,NA,NA,NA,NA,8.15631502493235,NA,NA,NA,NA,NA,0.0404879892385459,NA,NA,NA,NA,NA,-0.0364456589817888,NA,NA,NA,NA,NA,-0.00476974278329934,NA,NA,-3.75549685560357,-2.17615936046177,-3.88923412851473,0.0301539443335668,0.741283591918192,0.821715645850435,0.639193969631412,0.616729452963336,0.550641192363497,0.620304027986885,0.790921871373736,0.668450963083083,0.722025361385563,0.884923286457393,0.773220191877918,0.904677640450882,0.584741870163668,0.476988143334788,0.558346988255257,0.715275102147979,0.628568055168051,0.736467522508863,0.206180001210068,0.191462819748295,0.163678373130306,0.169648184309414,0.144652136709867,0.168210117942019,NA,NA,NA,NA,NA,NA,NA,NA,NA,NA,NA,NA,NA,NA,NA,NA,NA,NA,46.37339,NA,12.71065,23.0323,4.55451,542.382,NA,NA,NA,NA,NA,NA,NA,NA,NA,NA,NA,NA,NA,NA,NA,NA,NA,NA,NA,NA,NA,NA,NA,NA,NA,NA,NA,NA,NA,NA,0.02,0.02,0.02,0.02,0.02,0.02,NA,NA,NA,NA,NA,NA,NA,NA,NA,NA,NA,NA,NA,NA,NA,NA,NA,NA,NA,NA,NA,NA,NA,NA,NA,NA,NA,NA,NA,NA,NA,NA,NA,NA,NA,NA,NA,NA,NA,NA,NA,NA,NA,NA,NA,NA,NA,NA,NA,NA,NA,NA,NA,NA,NA,NA,NA,NA,NA,NA,NA,NA,NA,NA,NA,NA,NA,NA,NA,NA,NA,0.00881207304005649,NA,NA,NA,NA,NA,NA,NA,NA,NA,NA,NA,NA,NA,NA,NA,NA,NA,NA,NA,NA,NA,NA,NA,NA,NA,NA,NA,NA,NA,NA,NA,NA,NA,NA,NA,NA,NA,NA,NA,NA,NA,NA,0,-0.0364456589817888,NA,NA,NA,NA,NA,NA,NA,NA,NA,NA
1961,6.1805872986888,NA,6.15504820762114,5.06431433750697,5.27656664796483,8.18188125086062,0.048279800239758,NA,0.0812748854891954,0.0301703902830601,0.111878216609644,0.0620118849100546,NA,NA,NA,NA,NA,8.19228102688901,NA,NA,NA,NA,NA,0.0359660019566608,NA,NA,NA,NA,NA,-0.0103997760283949,NA,NA,NA,NA,NA,-0.0364456589817888,0.0325148630756908,NA,0.0394290736412919,0.0240904533452118,0.018305837342099,-0.0261087682626866,0.720910091566126,0.788265517633029,0.641625091037251,0.618808516473141,0.552568691412066,0.626871318641806,0.805295218913219,0.664408730651146,0.722881568368779,0.892313673955913,0.779808362950603,0.922455468141275,0.595920601301627,0.469928515667473,0.556535669989196,0.719279379345781,0.63154281214098,0.75073694507736,0.209374617611592,0.194480214983672,0.166345898379583,0.173034294610132,0.148265550809623,0.171718523063915,NA,NA,NA,NA,NA,NA,NA,NA,NA,NA,NA,NA,NA,NA,6.2644878911397,17.8102306075045,NA,339.175,50.27563,NA,14.34131,24.31658,5.18776,562.209,NA,NA,-0.1115016056034,NA,NA,-20.71,NA,NA,0.0479265107069811,NA,NA,-2.86000000000001,NA,NA,NA,NA,NA,NA,0.54610100704548,NA,0.30331827537243,NA,NA,NA,0.537269826034793,NA,0.159428116310381,NA,NA,17.85,0.02,0.02,0.02,0.02,0.02,0.02,NA,NA,0.436814202547724,0.73243155935187,NA,0.603289879742231,NA,NA,NA,NA,NA,NA,NA,NA,NA,NA,NA,NA,NA,NA,NA,NA,NA,NA,NA,NA,0.00334185027078984,NA,NA,-0.00508707615851046,0.0108621414996785,NA,0.0211499699380622,NA,NA,NA,0.0108621414996785,NA,0.0211499699380622,NA,NA,NA,NA,NA,-0.0178081196672723,NA,NA,NA,NA,NA,6.328820331338,NA,NA,NA,NA,NA,NA,NA,NA,NA,NA,NA,NA,NA,NA,NA,0.048279800239758,NA,0.0812748854891954,0.0301703902830601,0.111878216609644,0.0620118849100546,NA,NA,NA,NA,NA,NA,NA,NA,NA,NA,NA,NA,NA,NA,NA,NA,NA,NA,NA,NA,NA,NA,NA,NA,NA,NA,NA,NA,NA,NA,NA,NA,NA,NA,NA,NA,NA,NA,NA,NA,NA,NA,0,-0.0103997760283949,NA,NA,NA,NA,NA,NA,NA,NA,NA,NA
1962,6.24690172302184,NA,6.22253726351117,5.10329056215254,5.36553320204658,8.22407683103857,0.0663144243330391,NA,0.0674890558900314,0.0389762246455634,0.0889665540817415,0.0421955801779497,NA,NA,NA,NA,NA,8.23439365455785,NA,NA,NA,NA,NA,0.0421126276688337,NA,NA,NA,NA,NA,-0.010316823519279,NA,NA,NA,NA,NA,-0.0103997760283949,0.0476822187123558,NA,0.0520462737767282,0.0347759304725086,0.0556422169918675,0.0293758034626665,0.695410005627728,0.751600357937329,0.632997445403314,0.618857401639129,0.556004880865287,0.631279698836502,0.81976086284707,0.668085434545796,0.725758062225901,0.899431966525743,0.788508211178081,0.93354168445796,0.606332778320997,0.469531484240592,0.556827303490166,0.723466984451831,0.637257801000904,0.759321760120959,0.213428084526074,0.198553950305204,0.168930758735735,0.175964982073912,0.151250410177176,0.174219924337001,NA,NA,0.027417600122533,NA,NA,0.0579656519495835,NA,NA,NA,NA,NA,NA,NA,NA,7.1443017068215,18.9037108246244,NA,352.389,56.34633,NA,16.16227,26.17777,5.99491,603.922,NA,NA,-0.15809147836727,NA,NA,-21.749,NA,NA,0.013665745604448,NA,NA,-2.0885,NA,NA,0.72172233731453,NA,NA,-8.535,0.420741951924851,NA,0.36079245878403,NA,NA,NA,0.616971434418999,NA,0.171757223971718,NA,NA,19.6605,0.02,0.02,0.02,0.02,0.02,0.02,NA,NA,0.442035784999353,0.722128386972015,NA,0.583500849447445,NA,NA,0.436814202547724,0.73243155935187,NA,0.603289879742231,NA,NA,-0.0359419944195469,NA,NA,-0.00765996587908233,NA,NA,NA,NA,NA,NA,NA,NA,0.000845533802148338,NA,NA,-0.00345822804931762,0.00746706931799907,NA,0.0223231302771226,NA,NA,NA,0.00746706931799907,NA,0.0223231302771226,NA,NA,NA,NA,NA,-0.0214775964749742,NA,NA,NA,NA,NA,26.4012275090645,NA,NA,NA,NA,NA,0.0367875282216952,NA,NA,0.00420173782976471,NA,NA,0.0446547630570786,NA,NA,-0.0141326197754015,0.0663144243330391,NA,0.0674890558900314,0.0389762246455634,0.0889665540817415,0.0421955801779497,NA,NA,-3.59657013156187,NA,NA,-2.8479046516258,NA,NA,NA,NA,NA,NA,NA,NA,-0.0359419944195469,NA,NA,-0.00765996587908233,NA,NA,-6.88335284418063,NA,NA,0.387081416571513,NA,NA,-0.161930566065176,NA,NA,-0.174754800907491,NA,NA,NA,NA,NA,NA,NA,NA,NA,NA,NA,NA,0,-0.010316823519279,NA,NA,NA,NA,NA,NA,NA,NA,NA,NA
1963,6.30614506826053,NA,6.28284979499605,5.13889535273893,5.44949358018987,8.27438783668313,0.0592433452386878,NA,0.060312531484878,0.0356047905863885,0.0839603781432929,0.0503110056445593,NA,NA,NA,NA,NA,8.27737256648276,NA,NA,NA,NA,NA,0.042978911924914,NA,NA,NA,NA,NA,-0.00298472979963371,NA,NA,NA,NA,NA,-0.010316823519279,0.0550150671899678,NA,0.0817204829063316,0.0458959601059061,0.0816991163807734,0.00371978641677239,0.670517479869859,0.716225825255784,0.617797944846768,0.61580387001569,0.559237939317855,0.634743230225948,0.83190439628983,0.677360412415308,0.729180143035348,0.903062572721355,0.792214282387419,0.93913927847035,0.615283394274126,0.474680698246486,0.558212920504589,0.724872317279596,0.639357779487949,0.763189534362623,0.216621002015704,0.202679714168822,0.170967222530758,0.17819025544176,0.152856502899471,0.175949744107727,NA,NA,0.0250527818191417,NA,NA,0.0603161562931874,NA,NA,NA,NA,NA,NA,NA,NA,8.65206868162753,20.0555252374275,NA,363.367,63.16659,NA,18.62887,28.40063,7.07502,637.45,NA,NA,-0.20625179628047,NA,NA,-18.34175,NA,NA,-0.027267164369349,NA,NA,2.91299999999998,NA,NA,1.30151517852556,NA,NA,-7.36375000000001,0.46212756626662,NA,0.5160047993046,NA,NA,NA,0.620329370831716,NA,0.178984631911121,NA,NA,21.25475,0.02,0.02,0.02,0.02,0.02,0.02,NA,NA,0.464444095730312,0.706164801183196,NA,0.57003215938505,NA,NA,0.442035784999353,0.722128386972015,NA,0.583500849447445,NA,NA,-0.0452784186470879,NA,NA,0.00347951444682367,NA,NA,-0.0359419944195469,NA,NA,-0.00765996587908233,NA,NA,-0.00146370468897732,NA,NA,0.00456977017805315,0.0073160125671913,NA,0.0276992001825446,NA,NA,NA,0.0073160125671913,NA,0.0276992001825446,NA,NA,NA,NA,NA,-0.0291629048715219,NA,NA,NA,NA,NA,-18.9240359692349,NA,NA,NA,NA,NA,0.0438147139581106,NA,NA,0.00109025573122949,NA,NA,0.0698654925674805,NA,NA,-0.0115518864224645,0.0592433452386878,NA,0.060312531484878,0.0356047905863885,0.0839603781432929,0.0503110056445593,NA,NA,-3.68677040695259,NA,NA,-2.80815527924268,NA,NA,0.027417600122533,NA,NA,0.0579656519495835,NA,NA,-0.0452784186470879,NA,NA,0.00347951444682367,NA,NA,-2.02060829978288,NA,NA,-0.258340969367057,NA,NA,0.0653197247463702,NA,NA,0.339288390844479,NA,NA,NA,NA,NA,NA,NA,NA,NA,NA,NA,NA,0,-0.00298472979963371,NA,NA,NA,NA,NA,NA,NA,NA,NA,NA
1964,6.36989707732356,NA,6.32168100939462,5.21840110639225,5.50952891764692,8.32467985146726,0.063752009063025,NA,0.038831214398571,0.0795057536533248,0.0600353374570517,0.0502920147841319,NA,NA,NA,NA,NA,8.32057066040558,NA,NA,NA,NA,NA,0.0431980939228129,NA,NA,NA,NA,NA,0.00410919106168528,NA,NA,NA,NA,NA,-0.00298472979963371,0.0398120685684042,NA,0.0591303198528932,0.0832030303695412,0.0613135255667396,0.0208623488375497,0.648982782507686,0.690783390433029,0.605700608832174,0.610382564121869,0.561816857320718,0.638903302926301,0.845478263659356,0.68856077784187,0.734927733303971,0.90333792516149,0.79456164735018,0.94395792904982,0.625094490883578,0.480981690220674,0.561372538444677,0.723103505810201,0.640576302544136,0.76623676647156,0.220383772775779,0.207579087621196,0.173555194859294,0.180234419351289,0.153985344806044,0.17772116257826,NA,NA,0.0213748436039062,NA,NA,0.0630822281605099,NA,NA,NA,NA,NA,NA,NA,NA,9.7599644020917,22.1303925113349,NA,376.365,70.05913,NA,20.54616,33.41885,7.98783,684.46,NA,NA,-0.156521033217919,NA,-0.03430042774681,-22.9095,NA,NA,0.0284155817021242,NA,0.00991960376173443,0.0124999999999922,NA,NA,0.951374687246252,NA,NA,-9.91150000000002,0.56487831068427,NA,0.65692096302067,NA,0.098474098049522,NA,0.590502994459932,NA,0.184936614920043,NA,0.0442200315085444,22.922,0.02,0.02,0.02,0.02,0.02,0.02,NA,NA,0.475026204511777,0.662212868226612,NA,0.54987143149344,NA,NA,0.464444095730312,0.706164801183196,NA,0.57003215938505,NA,NA,-0.0323966142466295,NA,NA,-0.00429571774531414,NA,NA,-0.0452784186470879,NA,NA,0.00347951444682367,NA,NA,0.0013830117989018,NA,0.00124183961873681,1.82625719545221e-05,0.00806287932328406,NA,0.0319729313419476,NA,0.012328016250912,NA,0.00806287932328406,NA,0.0319729313419476,NA,0.012328016250912,NA,NA,NA,-0.0305899195430458,NA,-0.0110861766321751,NA,NA,NA,23.1183359153813,NA,9.92722092684718,NA,NA,NA,0.0337796260455313,NA,NA,0.00431398031726866,NA,NA,0.046304257693226,NA,NA,-0.0144807585541887,0.063752009063025,NA,0.038831214398571,0.0795057536533248,0.0600353374570517,0.0502920147841319,NA,NA,-3.8455405809624,NA,NA,-2.76331619473831,NA,NA,0.0250527818191417,NA,NA,0.0603161562931874,NA,NA,-0.0323966142466295,NA,NA,-0.00429571774531414,NA,NA,-3.06145163649905,NA,NA,0.213073544189934,NA,NA,-0.130693402181245,NA,NA,0.00090584883902542,NA,NA,NA,NA,NA,NA,NA,NA,NA,NA,NA,NA,0.00410919106168528,0,NA,NA,NA,NA,NA,NA,NA,NA,NA,NA
1965,6.41715034786242,NA,6.3666948361601,5.26955627536362,5.57018542843859,8.40591204212135,0.0472532705388602,NA,0.0450138267654783,0.0511551689713734,0.0606565107916657,0.081232190654088,6.42071085252015,NA,6.41605470400577,5.25655173174506,5.58301097634433,8.36388879841872,NA,NA,NA,NA,NA,0.0433181380131415,-0.00356050465773627,NA,-0.0493598678456788,0.0130045436185631,-0.0128255479057469,0.0420232437026318,NA,NA,NA,NA,NA,0.00410919106168528,0.0297941964995951,NA,0.0327836073162058,0.0593612703578259,0.0877545582789863,-0.000123741652611642,0.644292929205866,0.683810162462009,0.608432910162607,0.609610588587473,0.565071487766148,0.642789364699012,0.859381253114793,0.705326158345649,0.742748809210413,0.903274679153482,0.799737897252629,0.950077941063602,0.634469487111036,0.492039875068699,0.565912914197222,0.721101610564653,0.64244444160468,0.769543142927884,0.224911766003756,0.21328628327695,0.17683589501319,0.182173068588829,0.157293455647949,0.180534798135718,NA,NA,0.0210393609390382,NA,NA,0.0649914311904667,NA,NA,NA,NA,NA,NA,NA,NA,11.109044604847,24.5609839981339,NA,386.326,75.6704,NA,22.20842,37.324,9.2658,742.289,NA,NA,-0.78522257467183,NA,-0.0797400232432699,-21.51175,NA,NA,-0.579879160864059,NA,-0.0224408274857194,2.94875000000002,NA,NA,0.563857628083469,NA,NA,-11.55075,0.652631434969669,NA,0.27154538865687,NA,0.092921759636686,NA,0.663291204347366,NA,0.205343413807771,NA,0.0572991957575505,24.4605,0.02,0.02,0.02,0.02,0.02,0.02,NA,NA,0.500217692426881,0.658048011953003,NA,0.52045227667391,NA,NA,0.475026204511777,0.662212868226612,NA,0.54987143149344,NA,NA,-0.0250154353756882,NA,NA,-0.00819740856093621,NA,NA,-0.0323966142466295,NA,NA,-0.00429571774531414,NA,NA,-0.0261107796441196,NA,-0.00242189853932951,0.00397250935956214,0.00862465950979073,NA,0.0122271367642034,NA,0.0100284659324274,NA,0.00862465950979073,NA,0.0122271367642034,NA,0.0100284659324274,NA,NA,NA,-0.038337916408323,NA,-0.0124503644717569,NA,NA,NA,-0.468279267446426,NA,-4.14074568755624,NA,NA,NA,-0.00109534426843143,NA,NA,0.0121699179204984,NA,NA,0.025389362596865,NA,NA,-0.0155609877015555,0.0472532705388602,NA,0.0450138267654783,0.0511551689713734,0.0606565107916657,0.081232190654088,NA,NA,-3.86136026519378,NA,NA,-2.73349984561553,NA,NA,0.0213748436039062,NA,NA,0.0630822281605099,NA,NA,-0.0250154353756882,NA,NA,-0.00819740856093621,NA,NA,-0.993011427510396,NA,NA,0.278641878436777,NA,NA,1.03649215687909,NA,NA,0.135031389716368,NA,NA,NA,NA,NA,NA,NA,NA,NA,NA,NA,NA,0.0420232437026318,0,NA,NA,0.0130045436185631,0,0,-0.00356050465773627,0,-0.0128255479057469,0,-0.0493598678456788
1966,6.46749686480793,NA,6.43138660572815,5.29660047040085,5.64013988444939,8.44997105964082,0.0503465169455168,NA,0.0646917695680589,0.0270441950372247,0.0699544560108052,0.0440590175194711,6.47107754112107,NA,6.47083314237628,5.31156362114237,5.64234560934461,8.40698912940773,0.0503666886009153,NA,0.0547784383705041,0.0550118893973099,0.0593346330002795,0.043100330989013,-0.00358067631313475,NA,-0.039446536648124,-0.0149631507415222,-0.0022057248952212,0.0429819302330898,-0.00356050465773627,NA,-0.0493598678456788,0.0130045436185631,-0.0128255479057469,0.0420232437026318,0.0301248001770427,NA,0.0238441048720759,0.0581156090624217,0.0785336504042657,0.047442532302203,0.648122180324873,0.686808126962438,0.618496231693807,0.607137612844612,0.571783112382854,0.644616081338378,0.866359031172835,0.726552922292913,0.747322084868676,0.893320813765813,0.8067959668114,0.948860650664326,0.63735582147579,0.506516832616496,0.567181988985683,0.710177328387785,0.64519672906765,0.76626714261436,0.229003209697045,0.220036089676416,0.180140095882994,0.183143485378028,0.16159923774375,0.182593508049966,NA,NA,0.0234211577208917,NA,NA,0.0691009665412113,NA,NA,NA,NA,NA,NA,NA,NA,12.265953670807,27.1883104193938,NA,399.041,82.01141,NA,24.26433,40.64177,10.74906,813.414,NA,NA,-0.83914119146597,NA,-0.0648182083636901,-25.899,NA,NA,-0.578954505647427,NA,-0.00938746464171191,0.796499999999998,NA,NA,0.31776787449403,NA,NA,-13.184,0.731230557867461,NA,0.22524519459373,NA,0.104292105911418,NA,0.657365434207276,NA,0.260186685818543,NA,0.0554307437219782,26.6955,0.02,0.02,0.02,0.02,0.02,0.02,NA,NA,0.505513800331886,0.668974565315285,NA,0.490575524886466,NA,NA,0.500217692426881,0.658048011953003,NA,0.52045227667391,NA,NA,-0.0299223333884906,NA,NA,-0.0106810975843736,NA,NA,-0.0250154353756882,NA,NA,-0.00819740856093621,NA,NA,-0.0238603128809832,NA,-0.000873328890313377,0.000979206160700453,0.00891620517032277,NA,0.00928297606378293,NA,0.00970243964694755,NA,0.00891620517032277,NA,0.00928297606378293,NA,0.00970243964694755,NA,NA,NA,-0.0331432889447661,NA,-0.0105757685372609,NA,NA,NA,-0.389055085324615,NA,-11.1097202377744,NA,NA,NA,0.00606202050750738,NA,NA,0.0116603037450741,NA,NA,0.0130960910313217,NA,NA,-0.0162082285281542,0.0503465169455168,NA,0.0646917695680589,0.0270441950372247,0.0699544560108052,0.0440590175194711,NA,NA,-3.75411548903298,NA,NA,-2.67218656073454,NA,NA,0.0210393609390382,NA,NA,0.0649914311904667,NA,NA,-0.0299223333884906,NA,NA,-0.0106810975843736,NA,NA,-5.64987230721128,NA,NA,0.357505315851053,NA,NA,4.50525429408913,NA,NA,0.0327748534267363,NA,NA,NA,NA,NA,NA,NA,NA,NA,NA,NA,NA,0.0429819302330898,0,NA,NA,0,-0.0149631507415222,0,-0.00358067631313475,0,-0.0022057248952212,0,-0.039446536648124
1967,6.51439733301825,NA,6.50569937497474,5.34804986819028,5.68262746802037,8.4763298660359,0.0469004682103167,NA,0.0743127692465864,0.0514493977894332,0.0424875835709742,0.0263588063950788,6.52082899008011,NA,6.52561855638248,5.36599718441984,5.70104474391939,8.45214645259018,0.0497514489590438,NA,0.0547854140062043,0.0544335632774651,0.0586991345747805,0.0451573231824529,-0.00643165706186188,NA,-0.019919181407742,-0.017947316229554,-0.0184172758990275,0.0241834134457157,-0.00358067631313475,NA,-0.039446536648124,-0.0149631507415222,-0.0022057248952212,0.0429819302330898,0.0310988142467954,NA,0.0303725771712302,0.0412111615900685,0.0818471275025852,0.0292857022684458,0.644472469844425,0.689016451500207,0.625698700996811,0.599835367837262,0.581125177176546,0.643656287221134,0.865089118786757,0.747134789110434,0.747727301983982,0.876779702407105,0.813791908611736,0.937600775256907,0.63256877455858,0.51921165149198,0.564453143881321,0.692630989468802,0.648753799543274,0.754525066108829,0.232520344228176,0.227923137618455,0.183274158102661,0.184148712938303,0.165038109068462,0.183075709148077,NA,NA,0.0262031873841721,NA,NA,0.0728997772158751,NA,NA,NA,NA,NA,NA,NA,NA,13.8494244267748,30.0398231613185,NA,420.017,88.66433,NA,26.94217,44.58765,12.17218,859.959,NA,NA,-0.54651491197159,NA,-0.0133035299694599,-40.21375,NA,NA,-0.225107829489861,NA,0.0471097525140444,-11.12375,NA,NA,1.03695584399621,NA,NA,-19.23775,0.954009464251,NA,0.50228322088288,NA,0.257815153553685,NA,0.897260362045238,NA,0.321407082481729,NA,0.0604132824835043,29.09,0.02,0.02,0.02,0.02,0.02,0.02,NA,NA,0.514042648635013,0.673725194337861,NA,0.48841514537321,NA,NA,0.505513800331886,0.668974565315285,NA,0.490575524886466,NA,NA,-0.0359141312048722,NA,NA,0.00801880970123473,NA,NA,-0.0299223333884906,NA,NA,-0.0106810975843736,NA,NA,-0.00835522266728556,NA,0.00387028063288945,-0.0129352097018579,0.0107597887927535,NA,0.018643012826468,NA,0.0211806885499298,NA,0.0107597887927535,NA,0.018643012826468,NA,0.0211806885499298,NA,NA,NA,-0.0269982354937535,NA,-0.0173104079170404,NA,NA,NA,-2.2313005372632,NA,5.47264928799668,NA,NA,NA,0.0275589085375866,NA,NA,-0.0209540194030926,NA,NA,0.0384882080395236,NA,NA,-0.0223705432468292,0.0469004682103167,NA,0.0743127692465864,0.0514493977894332,0.0424875835709742,0.0263588063950788,NA,NA,-3.64187421973013,NA,NA,-2.61866969599586,NA,NA,0.0234211577208917,NA,NA,0.0691009665412113,NA,NA,-0.0359141312048722,NA,NA,0.00801880970123473,NA,NA,-4.21090045554034,NA,NA,-3.71175974037425,NA,NA,0.97964254613629,NA,NA,-5.98747100798036,NA,NA,NA,NA,NA,NA,NA,NA,NA,NA,NA,NA,0.0241834134457157,0,NA,NA,0,-0.017947316229554,0,-0.00643165706186188,0,-0.0184172758990275,0,-0.019919181407742
1968,6.55883535665201,NA,6.57634147776122,5.41024338311523,5.74651160445548,8.52471857967946,0.044438023633762,NA,0.0706421027864828,0.0621935149249451,0.0638841364351181,0.0483887136435612,6.57010111829659,NA,6.57815734434986,5.41723006912306,5.76094184655598,8.4967926821719,0.0492721282164785,NA,0.0525387879673742,0.0512328847032197,0.0598971026365911,0.044646229581712,-0.0112657616445784,NA,-0.00181586658863342,-0.0069866860078287,-0.0144302421005005,0.0279258975075649,-0.00643165706186188,NA,-0.019919181407742,-0.017947316229554,-0.0184172758990275,0.0241834134457157,0.0425482959906187,NA,0.0127781808343259,0.0411018995267924,0.057426229453843,0.041298761415193,0.638644237079062,0.684060636160106,0.632702463526585,0.59544304589902,0.589249015770244,0.641069536646151,0.86015151255866,0.762248045232139,0.74681197895514,0.865400859974719,0.818677697269613,0.925208838258329,0.625195487266134,0.527994603216029,0.560742571187175,0.679715821963842,0.650008619086385,0.741710932212335,0.234956025292526,0.23425344201611,0.186069407767965,0.185685038010877,0.168669078183228,0.183497906045994,NA,NA,0.0254788613032986,NA,NA,0.07806350695329,NA,NA,NA,NA,NA,0.0196026666666667,NA,NA,15.7784150044555,33.4254941264596,NA,441.251,96.7223,NA,29.2861,49.43963,13.74209,940.651,NA,NA,-0.73758573847508,NA,-0.0607925053196503,-33.31475,NA,NA,-0.384718174374768,NA,0.0176824801743862,-0.526750000000007,NA,NA,1.19140483920562,NA,NA,-12.08075,1.3191357606014,NA,0.59149354589298,NA,0.232423625025379,NA,1.06288563746074,NA,0.352867564100311,NA,0.0784749854940365,32.788,0.02,0.02,0.02,0.02,0.02,0.02,NA,NA,0.538768050524156,0.676087060652752,NA,0.469091086917465,NA,NA,0.514042648635013,0.673725194337861,NA,0.48841514537321,NA,NA,-0.0274910509282999,NA,NA,-0.0052100461847905,NA,NA,-0.0359141312048722,NA,NA,0.00801880970123473,NA,NA,-0.0131365451314708,NA,0.00128673878386666,-0.000559984521358088,0.0136383828817284,NA,0.020197074581217,NA,0.0169132661062021,NA,0.0136383828817284,NA,0.020197074581217,NA,0.0169132661062021,NA,NA,NA,-0.0333336197126879,NA,-0.0156265273223355,NA,NA,NA,-1.53747232465494,NA,13.1442887385252,NA,NA,NA,0.014354505796829,NA,NA,0.00465006166343241,NA,NA,0.0406815806544955,NA,NA,-0.0128429672641607,0.044438023633762,NA,0.0706421027864828,0.0621935149249451,0.0638841364351181,0.0483887136435612,NA,NA,-3.66990613910024,NA,NA,-2.55023259185797,NA,NA,0.0262031873841721,NA,NA,0.0728997772158751,NA,NA,-0.0274910509282999,NA,NA,-0.0052100461847905,NA,NA,-1.11185456364093,NA,NA,0.26961449100986,NA,NA,0.531297537260218,NA,NA,-0.0289786186809843,NA,NA,NA,NA,NA,NA,NA,NA,NA,NA,NA,NA,0.0279258975075649,0,NA,NA,0,-0.0069866860078287,0,-0.0112657616445784,0,-0.0144302421005005,0,-0.00181586658863342
1969,6.62736882777689,NA,6.6402014798626,5.4725506614191,5.83184098394028,8.54495451846227,0.0685334711248764,NA,0.0638600021013715,0.0623072783038703,0.0853293794847971,0.0202359387828057,6.61979396612302,NA,6.63072971071446,5.46576384488588,5.81950691950708,8.53587404240296,0.0496928478264316,NA,0.0525723663646023,0.0485337757628193,0.0585650729510911,0.0390813602310676,0.00757486165386645,NA,0.00947176914813586,0.00678681653322233,0.0123340644332055,0.00908047605930307,-0.0112657616445784,NA,-0.00181586658863342,-0.0069866860078287,-0.0144302421005005,0.0279258975075649,0.071500346763985,NA,0.0367979992521159,0.0621599315398385,0.0500788769054488,0.0584088055092065,0.631709463475954,0.668537423135526,0.63930669362314,0.590936424526724,0.596598140317634,0.638301672253886,0.853470429590188,0.769014113628192,0.747539749674964,0.857206651094178,0.822621459995676,0.914895522668575,0.617199423876082,0.531116820480759,0.55829278256749,0.670232476519884,0.650810504135335,0.730758144373259,0.236271005714107,0.237897293147434,0.189246967107474,0.186974174574293,0.17181095586034,0.184137378295316,NA,NA,0.0257858950160206,0.0434318599521373,NA,0.0830236078785091,NA,NA,NA,NA,NA,0.02582325,55.0624645944826,NA,17.5424101616554,36.3296220252749,NA,452.145,111.26089,NA,32.38745,55.9926,15.73475,1017.615,NA,NA,-0.91190515005218,-0.902392323843802,-0.0168488817419803,-22.6475,NA,NA,-0.505044597228085,0.549339055887578,0.0734596333106808,13.98675,NA,NA,0.852090007147721,2.0017355749715,NA,-11.7535,1.9646981023828,NA,0.51890536820945,0.52789427144833,0.256421808984748,NA,1.19522783725608,NA,0.406860552824094,1.45173137973138,0.0903085150526611,36.63425,0.02,0.02,0.02,0.02,0.02,0.02,0.494895057863393,NA,0.541642215168388,0.648828988567684,NA,0.444318332571749,NA,NA,0.538768050524156,0.676087060652752,NA,0.469091086917465,NA,NA,-0.0366496211543182,-0.0487225870506039,NA,0.00190432103815735,NA,NA,-0.0274910509282999,NA,NA,-0.0052100461847905,NA,NA,-0.0155938364158983,0.00981092244131506,0.00466862411609214,0.0137446381981397,0.0176584791150134,NA,0.016021803760699,0.00942792925222851,0.0162965289556395,NA,0.0176584791150134,NA,0.016021803760699,0.00942792925222851,0.0162965289556395,NA,NA,NA,-0.0316156401765973,0.000382993189086547,-0.0116279048395473,NA,NA,NA,-1.02744464757655,0.960962570912424,3.49064918280044,NA,NA,NA,0.0210557847384199,0.058533509491919,NA,0.0118403171599824,NA,NA,0.0263092650748275,0.0357500022319289,NA,-0.0115500459407537,0.0685334711248764,NA,0.0638600021013715,0.0623072783038703,0.0853293794847971,0.0202359387828057,NA,NA,-3.65792764135753,-3.13656200691593,NA,-2.48863027935754,NA,NA,0.0254788613032986,NA,NA,0.07806350695329,NA,NA,-0.0366496211543182,-0.0487225870506039,NA,0.00190432103815735,NA,NA,-12.7513993423715,1.78745535995903,NA,-0.0768715909253211,NA,NA,5.42551953215225,0.35992723222306,NA,0.554828825504284,NA,NA,NA,NA,NA,NA,NA,NA,NA,NA,NA,NA,0.00908047605930307,0,NA,NA,0.00678681653322233,0,0.00757486165386645,0,0.0123340644332055,0,0.00947176914813586,0
1970,6.68752439264948,7.13937870494681,6.6988063132453,5.53214116643748,5.87342076206972,8.54327959177764,0.060155564872586,NA,0.0586048333827058,0.0595905050183791,0.041579778129436,-0.00167492668462899,6.66967091109321,7.13753505010671,6.67883934953477,5.51497719450254,5.87455108439586,8.56810074009525,0.0498769449701841,NA,0.0481096388203062,0.0492133496166645,0.0550441648887796,0.032226697692284,0.0178534815562683,0.00184365484009774,0.0199669637105355,0.017163971934937,-0.00113032232613808,-0.02482114831761,0.00757486165386645,NA,0.00947176914813586,0.00678681653322233,0.0123340644332055,0.00908047605930307,0.0519652317078516,NA,0.0630899949381143,0.0549133145675271,0.0577518917227426,0.0549540822428085,0.624962589871823,0.656438053026272,0.645597793605109,0.584711374783004,0.605065345074706,0.634427916831422,0.847519257386562,0.773934137873392,0.750550060961596,0.850852944287844,0.829398050178874,0.906466998621631,0.609969982810312,0.531564593682001,0.557033785844211,0.662647622791277,0.653665135933861,0.721186110715682,0.23754927457625,0.242369544191391,0.193516275117385,0.188205321496567,0.175732914245013,0.185280887905949,0.020797381446799,NA,0.0269494045122193,0.0472690574945225,NA,0.0981615410985414,NA,NA,NA,NA,NA,0.0271785,56.6779892280615,NA,19.9037857971257,39.3801573171775,NA,481.58,124.46177,403.898488487074,36.57869,62.78545,17.37797,1073.303,NA,NA,-1.159512001932,-1.2040145532894,0.0106221734154204,-50.78525,NA,NA,-0.686754494366281,0.513252438977593,0.109650131300752,-6.40200000000002,NA,NA,1.2018636335383,1.8465207386132,NA,-21.35025,2.5504097333809,NA,0.75305757626131,0.70817686536038,0.257034293621303,NA,1.14515507957232,NA,0.472757507565718,1.71726699226699,0.0990279578853319,44.38325,0.02,0.02,0.02,0.02,0.02,0.02,0.455384727599981,NA,0.544136102116443,0.627217887538872,NA,0.448689698994599,0.494895057863393,NA,0.541642215168388,0.648828988567684,NA,0.444318332571749,-0.0406390267638303,NA,-0.0457505196003993,-0.0391419588858384,NA,0.0189333156361266,NA,NA,-0.0366496211543182,-0.0487225870506039,NA,0.00190432103815735,NA,NA,-0.0187747153975793,0.00817470351773528,0.00630972037014405,-0.00596476484273315,0.0204915110349218,NA,0.0205873303899432,0.0112793149584877,0.0147908123688384,NA,0.0204915110349218,NA,0.0205873303899432,0.0112793149584877,0.0147908123688384,NA,NA,NA,-0.0393620457875225,-0.00310461144075239,-0.00848109199869436,NA,NA,NA,-1.0965455376542,1.37978275713814,2.34413119776665,NA,NA,NA,0.02697580420282,0.0473166624035737,NA,-0.0248980804788598,NA,NA,0.0328569348311354,0.0294100104182291,NA,-0.0198920994351083,0.060155564872586,NA,0.0586048333827058,0.0595905050183791,0.041579778129436,-0.00167492668462899,-3.87292819218074,NA,-3.6137940778928,-3.05189937314196,NA,-2.32114077883983,NA,NA,0.0257858950160206,0.0434318599521373,NA,0.0830236078785091,-0.0406390267638303,NA,-0.0457505196003993,-0.0391419588858384,NA,0.0189333156361266,1.02856712391148,NA,-18.3450655756794,1.81119688597333,NA,4.3312122125378,NA,NA,7.52829450116899,0.378264092460487,NA,1.36450808871885,NA,NA,NA,NA,NA,NA,NA,NA,NA,NA,NA,NA,0,-0.02482114831761,0.00184365484009774,0,0.017163971934937,0,0.0178534815562683,0,0,-0.00113032232613808,0.0199669637105355,0
1971,6.73910538481756,7.17026767990535,6.71482565159955,5.57440511213354,5.91886354554281,8.58600907649511,0.0515809921680885,0.0308889749585424,0.0160193383542486,0.0422639456960647,0.0454427834730939,0.0427294847174764,6.71822484054341,7.16808275455317,6.72368667807929,5.56087256189478,5.92685366963749,8.60146334451281,0.0485539294502049,0.030547704446457,0.044847328544523,0.0458953673922373,0.052302585241633,0.0333626044175652,0.020880544274152,0.00218492535218306,-0.00886102647973885,0.0135325502387644,-0.00799012409467714,-0.0154542680176988,0.0178534815562683,0.00184365484009774,0.0199669637105355,0.017163971934937,-0.00113032232613808,-0.02482114831761,0.0575496958493211,0.0734060814521902,0.0721249801301611,0.0842494787521972,0.0755128643954301,0.0391220290263994,0.620175193798495,0.647933600399679,0.651504839669099,0.578302483656068,0.61319037478936,0.628243352808942,0.844286925741945,0.778633968468141,0.754766878174693,0.844513745294402,0.835647522603164,0.89604621706122,0.60505153106417,0.531435771051435,0.556395045904427,0.655181124908129,0.65616771869139,0.710024367576026,0.239235394677775,0.247198197416706,0.198371832270266,0.189332620386273,0.179479803911774,0.186021849485194,0.0194343857502558,NA,0.0296901750491349,0.0486320342428338,NA,0.100960899539017,NA,NA,NA,NA,NA,0.030976,59.2359032312282,NA,23.3716013111147,43.0494926064251,NA,529.71,138.81322,448.298200310778,39.94926,71.25299,19.61234,1164.85,NA,NA,-1.8494609042104,-1.5258359319471,-0.323654355906109,-64.94475,NA,NA,-1.25851401975325,0.389301227190064,-0.220889493949633,-16.324,NA,NA,1.6183546097786,2.14349935730051,NA,-16.8147499999999,3.1270942731401,NA,0.778308777913621,0.8615096379653,0.29844286291269,NA,1.10150190620699,NA,0.590946884457147,1.91513715913716,0.102764861956476,48.62075,0.02,0.02,0.02,0.02,0.02,0.02,0.4267309931376,NA,0.585032146055139,0.604178050723557,NA,0.454745246169035,0.455384727599981,NA,0.544136102116443,0.627217887538872,NA,0.448689698994599,-0.0368273338894508,NA,-0.0292305066718791,-0.0433626444062698,NA,0.00792547262860665,-0.0406390267638303,NA,-0.0457505196003993,-0.0391419588858384,NA,0.0189333156361266,NA,NA,-0.0315028118106131,0.0054636475913511,-0.0112627811851943,-0.0140138215220844,0.0225273520284314,NA,0.0194824329139919,0.0120908559481546,0.0152170961197231,NA,0.0225273520284314,NA,0.0194824329139919,0.0120908559481546,0.0152170961197231,NA,NA,NA,-0.050985244724605,-0.0066272083568035,-0.0264798773049174,NA,NA,NA,-0.61843472992555,2.21296409513935,-1.35109577905385,NA,NA,NA,-0.00227230513873395,0.0488262919976209,NA,-0.021939294150691,NA,NA,0.0405102524997609,0.0300829390780725,NA,-0.0144351204017684,0.0515809921680885,0.0308889749585424,0.0160193383542486,0.0422639456960647,0.0454427834730939,0.0427294847174764,-3.94071132051542,NA,-3.51693909432843,-3.02347282441452,NA,-2.29302197037337,0.020797381446799,NA,0.0269494045122193,0.0472690574945225,NA,0.0981615410985414,-0.0368273338894508,NA,-0.0292305066718791,-0.0433626444062698,NA,0.00792547262860665,1.28525424627638,NA,-0.714751449203653,1.88207254911829,NA,1.30879545651381,NA,NA,0.770314406396779,0.2371391618416,NA,2.31421226165082,NA,NA,NA,NA,NA,NA,NA,NA,NA,NA,NA,NA,0,-0.0154542680176988,0.00218492535218306,0,0.0135325502387644,0,0.020880544274152,0,0,-0.00799012409467714,0,-0.00886102647973885
1972,6.78325726207907,7.21241127544031,6.74850676851738,5.60913378675978,5.99720468486151,8.65265605532987,0.0441518772615046,0.0421435955349603,0.0336811169178262,0.0347286746262361,0.0783411393187023,0.0666469788347577,6.76406194268313,7.19772597740823,6.76400942422593,5.60037076983095,5.98048529935344,8.63260200621097,0.0458371021397159,0.0296432228550607,0.0403227461466455,0.0394982079361688,0.0536316297159569,0.0311386616981579,0.0191953193959407,0.0146852980320826,-0.0155026557085582,0.00876301692883175,0.0167193855080683,0.020054049118901,0.020880544274152,0.00218492535218306,-0.00886102647973885,0.0135325502387644,-0.00799012409467714,-0.0154542680176988,0.0658081528543528,0.0442825446096995,0.0583904956339332,0.0784564124117226,0.081787280270456,0.0269252213917492,0.616505640234939,0.636558144096581,0.657284236281904,0.572559835619554,0.619903575255703,0.620358457396672,0.84248900633788,0.78021424375948,0.761036291018064,0.837584274262659,0.839083708954139,0.881079247601081,0.601520220942547,0.529131409006885,0.557997322563483,0.647014108654829,0.656646461604494,0.694893270060758,0.240968785395333,0.251082834752595,0.203038968454581,0.190570165607831,0.182437247349645,0.186185977540323,0.016681136219073,NA,0.0311603653344662,0.0472970678825351,NA,0.100930225972702,NA,NA,NA,NA,NA,0.034937,62.0630713399913,NA,28.2996262963594,45.9867909302368,NA,562.617,154.94796,488.766454301455,43.8021,79.79189,23.01825,1279.11,NA,NA,-2.933591538974,-0.873593078659503,-0.12140940415351,-54.475,NA,NA,-2.20532390366818,1.16252169545528,-0.00245129122207364,-1.01124999999997,NA,NA,1.9944334462707,2.06370524515219,NA,-21.568,3.4975022280401,NA,0.582264321262801,0.613926095826699,0.41072004584736,NA,0.988122170859945,NA,0.728267635305823,2.03611477411478,0.118958112931436,53.46375,0.02,0.02,0.02,0.02,0.02,0.02,0.40054139041257,NA,0.646079213013974,0.57633414787188,NA,0.43985036470671,0.4267309931376,NA,0.585032146055139,0.604178050723557,NA,0.454745246169035,-0.0358616472227354,NA,-0.032630678491095,-0.0357605356403798,NA,0.00305972228315474,-0.0368273338894508,NA,-0.0292305066718791,-0.0433626444062698,NA,0.00792547262860665,NA,NA,-0.0503474468956552,0.0145694217226246,-0.000106493379039399,-0.000790588768753249,0.0225721089070169,NA,0.0132930686259974,0.00769409141488814,0.0178432350785729,NA,0.0225721089070169,NA,0.0132930686259974,0.00769409141488814,0.0178432350785729,NA,NA,NA,-0.0636405155216525,0.00687533030773651,-0.0179497284576123,NA,NA,NA,-0.264026667599396,0.528098613752123,-167.552529927438,NA,NA,NA,-0.0177167684045602,0.0503299573630045,NA,-0.00385031105190799,NA,NA,0.045532827108077,0.0258635964776896,NA,-0.0168617241675853,0.0441518772615046,0.0421435955349603,0.0336811169178262,0.0347286746262361,0.0783411393187023,0.0666469788347577,-4.09347676572204,NA,-3.46860833357893,-3.05130697520411,NA,-2.29332583282867,0.0194343857502558,NA,0.0296901750491349,0.0486320342428338,NA,0.100960899539017,-0.0358616472227354,NA,-0.032630678491095,-0.0357605356403798,NA,0.00305972228315474,1.36930856108258,NA,-0.534516728102564,1.284321951232,NA,-0.205421056279908,NA,NA,0.824731627640763,0.523253575485997,NA,-0.0530778825432737,NA,NA,NA,NA,NA,NA,NA,NA,NA,NA,NA,NA,0.020054049118901,0,0.0146852980320826,0,0.00876301692883175,0,0.0191953193959407,0,0.0167193855080683,0,0,-0.0155026557085582
1973,6.84336018610689,7.25899821524782,6.81354204666659,5.66214576483457,6.0722074116967,8.69210804233166,0.0601029240278219,0.0465869398075016,0.0650352781492094,0.0530119780747889,0.0750027268351916,0.0394519870017849,6.81023314945471,7.22651911862865,6.80518517894916,5.63743759753297,6.0336858911684,8.66535392067781,0.0461712067715787,0.0287931412204134,0.0411757547232252,0.0370668277020201,0.0532005918149494,0.0327519144668393,0.0331270366521839,0.0324790966191708,0.00835686771742594,0.0247081673016005,0.0385215205283105,0.0267541216538465,0.0191953193959407,0.0146852980320826,-0.0155026557085582,0.00876301692883175,0.0167193855080683,0.020054049118901,0.0770715016487569,0.0611723281850267,0.122117772995679,0.0814048424176974,0.111928436357783,0.0688191279734376,0.612941056863088,0.62753072400444,0.661726818915462,0.567747602313427,0.626793062666462,0.610641159642728,0.840398226109099,0.779130260772214,0.767887031733972,0.829316822666013,0.842163098296146,0.863277261763677,0.597648200555956,0.524314126246874,0.560567568620575,0.637182001594122,0.656547958037434,0.676848792555344,0.242750025553143,0.25481613452534,0.207319463113397,0.192134821071891,0.185615140258712,0.186428469208334,0.0167614803075725,NA,0.0340868949641493,0.0507413671237143,NA,0.110163752606125,NA,NA,NA,NA,NA,0.039173,65.5633747127457,NA,36.4144893001271,48.3293092196317,NA,588.981,177.72968,544.378101426755,52.81709,91.27151,27.74952,1425.376,NA,NA,-3.2848477707106,0.138422704011198,0.1428722218202,-43.281,NA,NA,-2.32020138162192,2.47185534544384,0.302936279534227,18.699,NA,NA,4.8300152330571,2.48094099340609,NA,-16.917,3.809141575458,NA,0.85718086530336,1.4176024620046,0.49844199992067,NA,1.04026894809273,NA,0.96464638908868,2.33343264143264,0.160064057714027,61.98,0.02,0.02,0.02,0.02,0.02,0.02,0.36889378697326,NA,0.689445202303404,0.529511445791044,NA,0.413210970298363,0.40054139041257,NA,0.646079213013974,0.57633414787188,NA,0.43985036470671,-0.0424124632710406,NA,-0.0833025376373785,-0.0425108480797635,NA,0.000751149552633212,-0.0358616472227354,NA,-0.032630678491095,-0.0357605356403798,NA,0.00305972228315474,NA,NA,-0.0439289893029306,0.0270824416671077,0.0109168115172524,0.0131186437824125,0.0214322198490314,NA,0.016229233100562,0.0155317082187487,0.0179621845682617,NA,0.0214322198490314,NA,0.016229233100562,0.0155317082187487,0.0179621845682617,NA,NA,NA,-0.0601582224034926,0.011550733448359,-0.00704537305100927,NA,NA,NA,-0.369442442407371,0.573497338595297,1.64536912081656,NA,NA,NA,0.0393735483344479,0.0695932897468712,NA,0.0123674942297793,NA,NA,0.0914479618823585,0.0271819869464863,NA,-0.0118684473430168,0.0601029240278219,0.0465869398075016,0.0650352781492094,0.0530119780747889,0.0750027268351916,0.0394519870017849,-4.08867186398768,NA,-3.37884228046119,-2.98101378146656,NA,-2.20578736008997,0.016681136219073,NA,0.0311603653344662,0.0472970678825351,NA,0.100930225972702,-0.0424124632710406,NA,-0.0833025376373785,-0.0425108480797635,NA,0.000751149552633212,1.34014770983762,NA,-1.9209186508212,0.907911038674594,NA,-0.0281969455130654,NA,NA,1.01298252438664,0.578404074595085,NA,0.492452778066987,NA,NA,NA,NA,NA,NA,NA,NA,NA,NA,NA,NA,0.0267541216538465,0,0.0324790966191708,0,0.0247081673016005,0,0.0331270366521839,0,0.0385215205283105,0,0.00835686771742594,0
1974,6.88656060207422,7.26789821207796,6.86280470521734,5.6959548768005,6.12687147545988,8.67245861629616,0.0432004159673252,0.00889999683014597,0.0492626585507532,0.0338091119659314,0.0546640637631732,-0.0196494260354925,6.85393720185909,7.25452068642243,6.84611006359582,5.66973598109009,6.08280336812301,8.69920777308987,0.0437040524043804,0.0280015677937868,0.040924884646663,0.032298383557122,0.0491174769546117,0.0338538524120597,0.0326234002151287,0.01337752565553,0.0166946416215161,0.0262188957104099,0.0440681073368721,-0.0267491567937057,0.0331270366521839,0.0324790966191708,0.00835686771742594,0.0247081673016005,0.0385215205283105,0.0267541216538465,0.110740919245192,0.0701894626812654,0.185538990422951,0.121293766523679,0.147996920093501,0.100394967006249,0.609509939211838,0.622525388530323,0.664795545840543,0.563011858164384,0.631732909685894,0.599223005273218,0.837145018630119,0.778083832329938,0.774243306829777,0.819919599468345,0.845202116011617,0.844263509092652,0.5924698091585,0.518981997182812,0.562390417740208,0.625943250678426,0.65752795308035,0.657483234244332,0.244675209471619,0.259101835147126,0.211852889089569,0.193976348789918,0.187674162931266,0.18678027484832,0.0204128477523147,NA,0.039718581777906,0.0588674753676957,NA,0.118044554917731,NA,NA,NA,NA,NA,0.0452256666666667,71.4869650358686,NA,45.7954495157613,52.1176005157626,NA,621.683,207.30789,589.181039694872,66.79555,106.58487,33.98365,1545.243,NA,NA,-4.0758286442632,-0.540957602876802,-0.18668587448725,-56.2667500000001,NA,NA,-2.62949677309542,2.30406681714762,-0.0284902688087945,13.2592499999999,NA,NA,5.30513157137099,3.24733369325411,NA,-23.56475,4.8608338131982,NA,1.20147602396568,1.6133042106846,0.63600811267536,NA,1.33833518613924,NA,1.44633187116778,2.84502442002442,0.158195605678455,69.526,0.02,0.02,0.02,0.02,0.02,0.02,0.344834752965112,NA,0.685606294367833,0.488977474155221,NA,0.402320541170547,0.36889378697326,NA,0.689445202303404,0.529511445791044,NA,0.413210970298363,-0.042686597580746,NA,-0.108923635500944,-0.0441153324022534,NA,0.0142608608223888,-0.0424124632710406,NA,-0.0833025376373785,-0.0425108480797635,NA,0.000751149552633212,NA,NA,-0.0393663466068537,0.0216172034281002,-0.000838352231405234,0.00858068925081682,0.023447413473738,NA,0.0179873662836174,0.0151363341784308,0.0187151207323334,NA,0.023447413473738,NA,0.0179873662836174,0.0151363341784308,0.0187151207323334,NA,NA,NA,-0.057353712890471,0.00648086924966947,-0.0195534729637386,NA,NA,NA,-0.456922418106378,0.700198535336676,-22.3236964503134,NA,NA,NA,0.0695572888940899,0.0657325358303536,NA,-0.00568017157157197,NA,NA,0.0794234282279432,0.0304671168924267,NA,-0.0152498668494211,0.0432004159673252,0.00889999683014597,0.0492626585507532,0.0338091119659314,0.0546640637631732,-0.0196494260354925,-3.89159078458745,NA,-3.22593614593341,-2.83246654173167,NA,-2.13669314173482,0.0167614803075725,NA,0.0340868949641493,0.0507413671237143,NA,0.110163752606125,-0.042686597580746,NA,-0.108923635500944,-0.0441153324022534,NA,0.0142608608223888,1.77424403516323,NA,28.3735992967318,1.0883545485897,NA,-1.30948566443208,NA,NA,-10.2545690773372,0.533310765160643,NA,0.787911031797653,NA,NA,NA,NA,NA,NA,NA,NA,NA,NA,NA,NA,0,-0.0267491567937057,0.01337752565553,0,0.0262188957104099,0,0.0326234002151287,0,0.0440681073368721,0,0.0166946416215161,0
1975,6.87705952284355,7.25919339221797,6.83838756379455,5.6959751915639,6.13227775024597,8.69768567258501,-0.00950107923066223,-0.00870481985999394,-0.0244171414227861,2.03147634012524e-05,0.00540627478608702,0.0252270562888484,6.8927162436013,7.28180365568262,6.87807386912862,5.69689556250061,6.12225534257013,8.73040402159746,0.038779041742214,0.027282969260189,0.0319638055327971,0.0271595814105234,0.0394519744471253,0.031196248507591,-0.0156567207577476,-0.022610263464653,-0.039686305334067,-0.000920370936712267,0.0100224076758337,-0.0327183490124483,0.0326234002151287,0.01337752565553,0.0166946416215161,0.0262188957104099,0.0440681073368721,-0.0267491567937057,0.128718647472997,0.0551185428399981,0.160585406231999,0.0778438793528844,0.155093279395941,0.0613003530630101,0.607572464226535,0.621871761441942,0.6683996698162,0.558254730440648,0.637452599669055,0.587313965156666,0.83284355067415,0.777173309797222,0.77898133939875,0.808690670009739,0.848359305894157,0.825343332428239,0.586076329926625,0.513471348834562,0.56268620158529,0.613512827787974,0.658210206478134,0.637856916808182,0.246767220747525,0.26370196096266,0.21629513781346,0.195177842221764,0.190149099416022,0.187486415620057,0.0314661888926096,NA,0.0462689191520346,0.0614342530953146,NA,0.124505978127116,NA,NA,NA,NA,NA,0.0509506666666667,81.1801128373423,NA,61.4399270612383,57.8252012306459,NA,730.744,233.55618,617.171675377878,76.53933,115.21567,39.90011,1684.904,NA,NA,-7.6611549202148,-3.6946698526486,-0.345681611408599,-128.694,NA,NA,-5.54224896903896,-0.492863991842742,-0.168801485374421,-51.29075,NA,NA,7.9833226252622,2.01293086223469,NA,-19.6329999999999,5.4199349854803,NA,1.10034243751377,0.622009320589704,0.95087699350626,NA,2.24942234517802,NA,2.11890595117584,3.20180586080586,0.176880126034178,77.40325,0.02,0.02,0.02,0.02,0.02,0.02,0.347582807859515,NA,0.802723607081984,0.501886603017158,NA,0.433700673747584,0.344834752965112,NA,0.685606294367833,0.488977474155221,NA,0.402320541170547,-0.0270364994966361,NA,-0.0542486171733208,-0.00745350954675736,NA,0.0140627454135365,-0.042686597580746,NA,-0.108923635500944,-0.0441153324022534,NA,0.0142608608223888,NA,NA,-0.0724104714404863,-0.0042777513843624,-0.00423060200521806,-0.0304413485872192,0.0232061296150686,NA,0.0143761702318765,0.00539865211554734,0.0238314378959421,NA,0.0232061296150686,NA,0.0143761702318765,0.00539865211554734,0.0238314378959421,NA,NA,NA,-0.0867866416723628,-0.00967640349990974,-0.0280620399011602,NA,NA,NA,-0.198537172122849,-1.26203035905323,-5.63310797530665,NA,NA,NA,-0.0181618542671655,0.00317575816239496,NA,-0.0445040940007557,NA,NA,0.10430353421257,0.0174709817009673,NA,-0.0116522959171561,-0.00950107923066223,-0.00870481985999394,-0.0244171414227861,2.03147634012524e-05,0.00540627478608702,0.0252270562888484,-3.45884167811164,NA,-3.07328483592037,-2.78978773137768,NA,-2.08340154714489,0.0204128477523147,NA,0.039718581777906,0.0588674753676957,NA,0.118044554917731,-0.0270364994966361,NA,-0.0542486171733208,-0.00745350954675736,NA,0.0140627454135365,-9.83841318152042,NA,-0.463198957661587,-0.577382844843567,NA,0.44814168260803,NA,NA,0.618272992800126,0.331374132996341,NA,0.970083491919184,NA,NA,NA,NA,NA,NA,NA,NA,NA,NA,NA,NA,0,-0.0327183490124483,0,-0.022610263464653,0,-0.000920370936712267,0,-0.0156567207577476,0.0100224076758337,0,0,-0.039686305334067
1976,6.91952070562516,7.30753552875168,6.90276580193325,5.73957390602791,6.16478147143053,8.73989725470735,0.0424611827816062,0.0483421365337167,0.0643782381386941,0.0435987144640126,0.0325037211845656,0.0422115821223414,6.92997415236024,7.30844243292375,6.90790010354104,5.72396596662444,6.1569825960129,8.76046314579203,0.0372579087589404,0.0266387772411338,0.0298262344124218,0.0270704041238252,0.0347272534427665,0.0300591241945707,-0.0104534467350819,-0.000906904172070178,-0.00513430160779471,0.0156079394034752,0.0077988754176328,-0.0205658910846775,-0.0156567207577476,-0.022610263464653,-0.039686305334067,-0.000920370936712267,0.0100224076758337,-0.0327183490124483,0.102282095701924,0.0324918114397401,0.163313005512906,0.0861156342713341,0.152649404087908,0.0638411962285175,0.606959533401892,0.620425675588572,0.671692204549284,0.554187901651192,0.646182715951186,0.574661797987952,0.826745576315378,0.773635531744678,0.781205689191105,0.795760970327808,0.851626947965468,0.806752016525522,0.578607522947884,0.506471190796293,0.560952466904345,0.600055970030179,0.658150499212696,0.618420775580496,0.248138053367493,0.267164340948385,0.22025322228676,0.19570500029763,0.193476448752772,0.188331240945026,0.0291470402569996,NA,0.0490048289970465,0.063384330053471,NA,0.118679387035679,NA,NA,NA,NA,NA,0.04730325,88.9884818996405,NA,76.9456143412519,64.7200743988455,NA,817.096,269.93088,669.131883034327,96.11025,131.1734,48.0159,1873.412,NA,NA,-7.3753339030343,-2.65236891329919,-0.546763114635299,-103.64125,NA,NA,-4.36448078380731,1.01284272691245,-0.344970294793491,-16.917,NA,NA,8.13035337697931,4.24250425490041,NA,-17.28925,7.9644287073758,NA,1.3917407932267,-0.0695859471477007,1.18075274741807,NA,2.36616001693779,NA,3.01085311922699,3.66521164021164,0.201792819841808,86.72425,0.02,0.02,0.02,0.02,0.02,0.02,0.329671365868331,NA,0.800597380001112,0.493393282470726,NA,0.436153926632262,0.347582807859515,NA,0.802723607081984,0.501886603017158,NA,0.433700673747584,-0.0350989307524053,NA,-0.116833775633538,-0.0294677568640052,NA,0.00495109166663682,-0.0270364994966361,NA,-0.0542486171733208,-0.00745350954675736,NA,0.0140627454135365,NA,NA,-0.0454111895849538,0.00772140332500681,-0.00718450127548356,-0.00903004784852452,0.0295054374933901,NA,0.0144806697852383,-0.000530488247980922,0.0245908698455734,NA,0.0295054374933901,NA,0.0144806697852383,-0.000530488247980922,0.0245908698455734,NA,NA,NA,-0.0598918593701921,0.00825189157298773,-0.031775371121057,NA,NA,NA,-0.318878891250984,-0.0687036055043083,-3.42276643884628,NA,NA,NA,0.0714225860485841,0.037189160189012,NA,-0.0139811395151613,NA,NA,0.0845940300538113,0.0323427177682397,NA,-0.00922874946888353,0.0424611827816062,0.0483421365337167,0.0643782381386941,0.0435987144640126,0.0325037211845656,0.0422115821223414,-3.53540190626348,NA,-3.0158364347672,-2.75853860812792,NA,-2.13132964842221,0.0314661888926096,NA,0.0462689191520346,0.0614342530953146,NA,0.124505978127116,-0.0350989307524053,NA,-0.116833775633538,-0.0294677568640052,NA,0.00495109166663682,1.95958152167093,NA,54.9488700828989,3.46952133772735,NA,2.01817419539558,NA,NA,-21.357638604784,0.909114790004034,NA,3.68084672596233,NA,NA,NA,NA,NA,NA,NA,NA,NA,NA,NA,NA,0,-0.0205658910846775,0,-0.000906904172070178,0.0156079394034752,0,0,-0.0104534467350819,0.0077988754176328,0,0,-0.00513430160779471
1977,6.95444523887778,7.34034934864174,6.92441898787729,5.76446587401705,6.19277627126258,8.78881380347725,0.0349245332526174,0.0328138198900554,0.0216531859440385,0.0248919679891415,0.0279947998320491,0.0489165487698955,6.9645812296978,7.3344915398572,6.93631893340384,5.74862909359976,6.18669369999495,8.79278837878429,0.0346070773375615,0.0260491069334492,0.0284188298627974,0.0246631269753248,0.0297111039820503,0.0323252329922585,-0.010135990820026,0.00585780878453601,-0.0118999455265536,0.0158367804172919,0.00608257126763156,-0.0039745753070406,-0.0104534467350819,-0.000906904172070178,-0.00513430160779471,0.0156079394034752,0.0077988754176328,-0.0205658910846775,0.083244831215211,0.0306465340271713,0.173290455252863,0.0520672237414144,0.210111669523383,0.0565674772050149,0.605363009081591,0.61387414699946,0.672495641175338,0.549866312185059,0.653641450402163,0.560974817898923,0.820038819548255,0.768894685037188,0.782113565506271,0.783087099198153,0.852603473812396,0.789054507033767,0.570545079296208,0.498470788638811,0.557829255427869,0.58613881206293,0.656154956000803,0.599742498405254,0.249493740252047,0.270423896398377,0.224284310078402,0.196948287135223,0.196448517811593,0.189312008628512,0.0338312043919102,NA,0.0516995074018655,0.0624612656744701,NA,0.117186352643998,NA,NA,NA,NA,NA,0.04616,98.8162567539125,NA,97.5501453947727,70.034205244807,NA,885.032,303.78958,712.97155812968,116.79726,141.66701,60.9247,2081.826,NA,NA,-7.91242614410981,-1.03185875756569,-1.0476454648888,-88.47625,NA,NA,-3.93437578593317,3.01063900393207,-0.754921312649139,7.27624999999995,NA,NA,12.692104909411,4.28227208839583,NA,-20.54025,9.89629343649251,NA,1.7709732536556,-0.3470001031707,1.76816412822611,NA,3.01058751967254,NA,3.97805035817664,4.04249776149776,0.29272415223966,95.7525,0.02,0.02,0.02,0.02,0.02,0.02,0.325278624612182,NA,0.835209194075038,0.494357897754791,NA,0.425122944953133,0.329671365868331,NA,0.800597380001112,0.493393282470726,NA,0.436153926632262,-0.0248655322803291,NA,-0.095971788344734,-0.00664201520424896,NA,0.00461699636315844,-0.0350989307524053,NA,-0.116833775633538,-0.0294677568640052,NA,0.00495109166663682,NA,NA,-0.033685514419886,0.0212515179358418,-0.0123910550671425,0.00349512879558616,0.0325761450952087,NA,0.015162797942825,-0.00244940655676081,0.0290221228537212,NA,0.0325761450952087,NA,0.015162797942825,-0.00244940655676081,0.0290221228537212,NA,NA,NA,-0.048848312362711,0.0237009244926026,-0.0414131779208638,NA,NA,NA,-0.450128139764249,-0.115257957768267,-2.34218334891267,NA,NA,NA,0.062286273924848,0.0278935331400907,NA,-0.00112186756757228,NA,NA,0.108667830986883,0.0302277297191197,NA,-0.00986645858011189,0.0349245332526174,0.0328138198900554,0.0216531859440385,0.0248919679891415,0.0279947998320491,0.0489165487698955,-3.38637169552526,NA,-2.96230702552348,-2.77320866357218,NA,-2.14398985363656,0.0291470402569996,NA,0.0490048289970465,0.063384330053471,NA,0.118679387035679,-0.0248655322803291,NA,-0.095971788344734,-0.00664201520424896,NA,0.00461699636315844,5.66059570331505,NA,-2.77280434188605,-6.88566241274404,NA,-0.418548094581063,NA,NA,0.973237471689251,-22.0310814963164,NA,0.316846577870651,NA,NA,NA,NA,NA,NA,NA,NA,NA,NA,NA,NA,0,-0.0039745753070406,0.00585780878453601,0,0.0158367804172919,0,0,-0.010135990820026,0.00608257126763156,0,0,-0.0118999455265536
1978,6.99317893118093,7.37006152464344,6.95299423982264,5.79107129942047,6.2072956403338,8.85328569476646,0.038733692303154,0.0297121760016967,0.0285752519453597,0.0266054254034165,0.0145193690712206,0.064471891289207,6.9970960896698,7.36000038789497,6.96681228888697,5.77162678957315,6.20965597424916,8.82727527815013,0.032514859972002,0.0255088480377621,0.0304933554831344,0.0229976959733884,0.0229622742542075,0.0344868993658434,-0.00391715848887397,0.0100611367484706,-0.0138180490643283,0.0194445098473199,-0.00236033391535528,0.0260104166163231,-0.010135990820026,0.00585780878453601,-0.0118999455265536,0.0158367804172919,0.00608257126763156,-0.0039745753070406,0.0890155779866566,0.034773322710322,0.134751589242321,0.0519744915689286,0.187589221878418,0.0573782378009904,0.602065564525198,0.604475604173699,0.671807203861326,0.544045814846423,0.660983513785338,0.546568787110476,0.814435511783343,0.763156989216149,0.782294343357039,0.770794116346303,0.850720771248505,0.77235597651932,0.563041430513514,0.489935069782742,0.553604130895596,0.572201927262891,0.651410179760534,0.581885373101392,0.251394081269829,0.273221919433407,0.228690212461444,0.198592189083412,0.199310591487971,0.190470603417929,0.0376886141263715,NA,0.0568220244618557,0.0654950964726932,NA,0.127053315586329,NA,NA,NA,NA,NA,0.0517980833333333,116.428265687632,NA,121.673931711021,78.3496876490557,NA,975.748,345.1864,760.462672693884,137.5196,153.24826,74.57067,2351.599,NA,NA,-11.3354730879626,-3.36066225529581,-2.2978419391256,-81.87925,NA,NA,-5.79247634008325,1.22623477360122,-1.90982673307175,30.567,NA,NA,12.7883132282857,4.95482014895288,NA,8.83675000000005,9.54067534501539,NA,1.070584599595,-0.834703433067101,1.77298825803503,NA,3.72424777021066,NA,5.54299674787935,4.58689702889703,0.388015206053847,112.44625,0.02,0.02,0.02,0.02,0.02,0.02,0.337290998972242,NA,0.884775200851522,0.511259884119113,NA,0.414929586209213,0.325278624612182,NA,0.835209194075038,0.494357897754791,NA,0.425122944953133,-0.0259763469950957,NA,-0.0764650130928554,-0.00599731577875521,NA,0.0019717374977438,-0.0248655322803291,NA,-0.095971788344734,-0.00664201520424896,NA,0.00461699636315844,NA,NA,-0.0421210964843066,0.00800162281517078,-0.025610963842376,0.0129983896063912,0.027639198256407,NA,0.00778496010455965,-0.00544674003520237,0.023775946468431,NA,0.027639198256407,NA,0.00778496010455965,-0.00544674003520237,0.023775946468431,NA,NA,NA,-0.0499060565888662,0.0134483628503731,-0.049386910310807,NA,NA,NA,-0.184823301251433,-0.680704422217397,-0.928350319603793,NA,NA,NA,0.0343439166085488,0.013998938593926,NA,0.0110266521086474,NA,NA,0.0929926587067276,0.032331983077347,NA,0.00375776227154377,0.038733692303154,0.0297121760016967,0.0285752519453597,0.0266054254034165,0.0145193690712206,0.064471891289207,-3.27839724270624,NA,-2.86783127380229,-2.72578000215562,NA,-2.0631484728518,0.0338312043919102,NA,0.0516995074018655,0.0624612656744701,NA,0.117186352643998,-0.0259763469950957,NA,-0.0764650130928554,-0.00599731577875521,NA,0.0019717374977438,-2.16246565553807,NA,-1.54269060724765,-0.354829050827714,NA,-0.193433543082161,NA,NA,0.84979806168873,-0.473413162376073,NA,1.27518219783498,NA,NA,NA,NA,NA,NA,NA,NA,NA,NA,NA,NA,0.0260104166163231,0,0.0100611367484706,0,0.0194445098473199,0,0,-0.00391715848887397,0,-0.00236033391535528,0,-0.0138180490643283
1979,7.02946564037767,7.41079267527724,7.00708764398778,5.81101275129213,6.20771568087707,8.86604483125827,0.0362867091967392,0.0407311506338015,0.0540934041651369,0.0199414518716567,0.000420040543266609,0.0127591364918178,7.02774440383188,7.38501783130641,6.99445036459286,5.79366762169709,6.22977642846131,8.86051007041726,0.0306483141620744,0.0250174434114472,0.0276380757058821,0.0220408321239427,0.0201204542121554,0.0332347922671232,0.00172123654579082,0.025774843970825,0.0126372793949265,0.017345129595034,-0.022060747584244,0.00553476084101767,-0.00391715848887397,0.0100611367484706,-0.0138180490643283,0.0194445098473199,-0.00236033391535528,0.0260104166163231,0.0972240421929755,0.0418258924448867,0.147860912110581,0.0466074028284487,0.156407253631567,0.0981146044380394,0.598186666408173,0.599660896111403,0.671322716275652,0.5368188720672,0.666709562582779,0.532652012734828,0.80816978195036,0.754445027753529,0.78002663933328,0.758025634583314,0.846824092087691,0.75699922184052,0.555406556450348,0.480183892329724,0.547235029946339,0.558133329562904,0.644813519509991,0.565196131494847,0.252763225500012,0.274261135423805,0.232791609386942,0.19989230502041,0.2020105725777,0.191803090345674,0.0397152459141956,NA,0.0550042203598971,0.0655576636046025,NA,0.131652332364504,NA,NA,NA,NA,NA,0.0616761666666667,133.662260722608,NA,146.61104839411,87.7769511945602,NA,1056.755,394.4906,825.908564769035,168.2954,163.79376,87.23229,2627.333,NA,NA,-13.4733724179358,-3.63787733566919,-2.5783049697392,-77.489,NA,NA,-6.78079266604773,1.49854513075328,-2.07506855482506,50.9705,NA,NA,11.4637442651532,5.78938620983531,NA,3.51800000000003,14.4486689779711,NA,3.0976188081476,-0.617398238801098,1.781126482053,NA,4.62397720314761,NA,6.69257975188807,5.13642246642247,0.503236414914139,128.4595,0.02,0.02,0.02,0.02,0.02,0.02,0.338822422442025,NA,0.871153034450793,0.535899238130685,NA,0.402215859200185,0.337290998972242,NA,0.884775200851522,0.511259884119113,NA,0.414929586209213,-0.0279100835189761,NA,-0.108171998609676,-0.000475136457550481,NA,0.00776114514937719,-0.0259763469950957,NA,-0.0764650130928554,-0.00599731577875521,NA,0.0019717374977438,NA,NA,-0.0402910160708357,0.00914897570428374,-0.0237878491419297,0.0194000912712625,0.0366261426203086,NA,0.0184058435830546,-0.00376936361190498,0.0204182015862819,NA,0.0366261426203086,NA,0.0184058435830546,-0.00376936361190498,0.0204182015862819,NA,NA,NA,-0.0586968596538903,0.0129183393161887,-0.0442060507282116,NA,NA,NA,-0.456822522189443,-0.411998428429544,-0.858345849784784,NA,NA,NA,0.0678809825388403,0.00962411216183422,NA,0.0116389461218853,NA,NA,0.0681168009651672,0.0353455846537458,NA,0.00133900042362351,0.0362867091967392,0.0407311506338015,0.0540934041651369,0.0199414518716567,0.000420040543266609,0.0127591364918178,-3.22602013694352,NA,-2.90034536287724,-2.72482516325523,NA,-2.02759067679338,0.0376886141263715,NA,0.0568220244618557,0.0654950964726932,NA,0.127053315586329,-0.0279100835189761,NA,-0.108171998609676,-0.000475136457550481,NA,0.00776114514937719,-18.224928682157,NA,7.94088072539508,-0.019283641012964,NA,-0.610453971826347,NA,NA,-2.95775392001367,-0.371315566957926,NA,1.5259169288035,NA,NA,NA,NA,NA,NA,NA,NA,NA,NA,NA,NA,0.00553476084101767,0,0.025774843970825,0,0.017345129595034,0,0.00172123654579082,0,0,-0.022060747584244,0.0126372793949265,0
1980,7.04609080696637,7.42464894060335,7.03760896917089,5.82434269264269,6.22063764039738,8.86565423967243,0.0166251665887005,0.0138562653261074,0.0305213251831065,0.0133299413505599,0.0129219595203125,-0.000390591585844646,7.05552790045185,7.4095947542133,7.02457741294494,5.81545421615919,6.24697329430059,8.88253268058034,0.027783496619973,0.0245769229068822,0.0301270483520808,0.0217865944620996,0.0171968658392805,0.022022610163086,-0.00943709348548172,0.0150541863900502,0.0130315562259522,0.00888847648349422,-0.026335653903212,-0.016878440907913,0.00172123654579082,0.025774843970825,0.0126372793949265,0.017345129595034,-0.022060747584244,0.00553476084101767,0.109267661120087,0.0532117038817272,0.191797811583483,0.0603927945440708,0.125962843763091,0.0843009012009928,0.597911745168801,0.604005080767848,0.668808691232904,0.530006221426215,0.671354526714474,0.519890423459589,0.797482820447661,0.739924123541997,0.771644373670619,0.745132714902178,0.842189836434681,0.743057483734762,0.54715958647645,0.468555523753311,0.537552785616262,0.544568192696588,0.637403556957578,0.549991523910629,0.250323233971211,0.271368599788686,0.234091588054357,0.20056452220559,0.204786279477103,0.193065959824133,0.0422797686226497,NA,0.0613973102048121,0.0704420274575406,NA,0.140766544752568,NA,NA,NA,NA,NA,0.067167,149.143646108293,NA,178.644423999821,98.9290768398732,26.9132741528036,1167.721,447.4157,883.20032207939,210.19589,176.32534,100.22918,2857.307,NA,NA,-14.2507427668608,-6.3359709635393,-3.5210492614469,-126.9125,NA,NA,-5.24921874915492,-0.152784557352886,-2.79173015022851,21.8432500000001,NA,NA,17.7826328388502,4.81615468177371,NA,-15.9465,16.8757075021385,NA,3.6268270636989,-1.3862958560618,1.6041288155954,NA,5.65120945693214,NA,9.00152401770589,6.18318640618641,0.729319111218387,148.75575,0.02,0.02,0.02,0.02,0.02,0.02,0.333344686179526,NA,0.849894943235194,0.561059895531029,0.268517353457382,0.408678871398838,0.338822422442025,NA,0.871153034450793,0.535899238130685,NA,0.402215859200185,-0.02516223438869,NA,-0.114689800152762,-0.00163741447693252,NA,0.0210981289354142,-0.0279100835189761,NA,-0.108171998609676,-0.000475136457550481,NA,0.00776114514937719,NA,NA,-0.0249729847198959,-0.00086649234507579,-0.0278534669267823,0.007644698312082,0.0377181835642748,NA,0.017254509894075,-0.00786214764175018,0.016004608793521,NA,0.0377181835642748,NA,0.017254509894075,-0.00786214764175018,0.016004608793521,NA,NA,NA,-0.0422274946139709,0.00699565529667439,-0.0438580757203033,NA,NA,NA,-0.690927019241251,9.07353387070315,-0.574600240450925,NA,NA,NA,0.0897168154328662,0.000770922131856729,NA,-0.0134534306233322,NA,NA,0.084600288040124,0.0273140246420266,NA,-0.00558095437417121,0.0166251665887005,0.0138562653261074,0.0305213251831065,0.0133299413505599,0.0129219595203125,-0.000390591585844646,-3.16344659049626,NA,-2.79038925252784,-2.6529652130094,NA,-1.96065247178294,0.0397152459141956,NA,0.0550042203598971,0.0655576636046025,NA,0.131652332364504,-0.02516223438869,NA,-0.114689800152762,-0.00163741447693252,NA,0.0210981289354142,4.59354616266429,NA,5.39511280620542,-0.0650783662318019,NA,3.26444207235309,NA,NA,-1.17475197874637,0.0344383825624494,NA,-1.18283829228657,NA,NA,NA,NA,NA,NA,NA,NA,NA,NA,NA,NA,0,-0.016878440907913,0.0150541863900502,0,0.00888847648349422,0,0,-0.00943709348548172,0,-0.026335653903212,0.0130315562259522,0
1981,7.05790390419781,7.42999338064747,7.0431609168855,5.81647570755807,6.21930134974302,8.87856873758913,0.0118130972314408,0.00534444004411938,0.00555194771461398,-0.00786698508462091,-0.00133629065435592,0.0129144979167037,7.07691019422577,7.43379340859806,7.04411912259893,5.83004057814558,6.25864853283051,8.90574366801303,0.0213822937739216,0.0241986543847617,0.0195417096539954,0.0145863619863906,0.0116752385299188,0.0232109874326838,-0.0190062900279626,-0.00380002795059209,-0.000958205713429194,-0.0135648705875173,-0.0393471830874867,-0.0271749304238931,-0.00943709348548172,0.0150541863900502,0.0130315562259522,0.00888847648349422,-0.026335653903212,-0.016878440907913,0.108681977053666,0.0408382931671682,0.175650589950858,0.0619422536478105,0.116448031036784,0.102554634397936,0.602108159484562,0.616433198817199,0.668474762464636,0.524432429101577,0.674875082336458,0.50727573381421,0.780268311690443,0.718051073010476,0.757791345147331,0.731316895316833,0.833990401415015,0.729957056089555,0.537444476345947,0.454620209901372,0.524938198763117,0.53057364976066,0.627157848853995,0.536075794090949,0.242823835344495,0.263430863109103,0.232853146384214,0.200743245556173,0.206832552561021,0.193881261998606,0.0593350544611778,NA,0.0694506178740257,0.0777767427450627,0.0331344069653921,0.15422605228475,NA,NA,NA,NA,NA,0.0736665,163.439442540645,NA,224.364655015069,113.224386205526,32.9022150772139,1284.086,504.7096,924.945459810708,251.95297,186.12269,112.45702,3207.041,NA,NA,-26.6426929989135,-8.04993884147289,-5.1077034704364,-128.06075,NA,NA,-14.2357273723765,-0.355557482091534,-4.21594809188623,52.0322499999999,NA,NA,19.0775380163345,6.2453705241799,0.88123745397391,-11.6957500000001,14.3560692108824,NA,-0.614013973218903,-1.7854498477289,0.742216549731502,NA,8.84944636437419,NA,12.406965626537,7.69438135938136,0.891755378550164,180.093,0.02,0.02,0.02,0.02,0.02,0.02,0.323828677997496,NA,0.890502124325302,0.608331988998902,0.292575911021063,0.400395878942614,0.333344686179526,NA,0.849894943235194,0.561059895531029,0.268517353457382,0.408678871398838,-0.0181949640679578,NA,-0.0804073717241488,0.0126157467355624,-0.019740027672103,0.0141995272243998,-0.02516223438869,NA,-0.114689800152762,-0.00163741447693252,NA,0.0210981289354142,NA,NA,-0.0565015263458752,-0.00191033926111606,-0.0374894167735036,0.0162243794201571,0.0284442166562364,NA,-0.00243701819914607,-0.00959286504901094,0.00660000193613082,NA,0.0284442166562364,NA,-0.00243701819914607,-0.00959286504901094,0.00660000193613082,NA,NA,NA,-0.0540645081467292,0.00768252578789488,-0.0440894187096345,NA,NA,NA,0.0431319002645665,5.02155048805654,-0.176049736276385,NA,NA,NA,0.0239058453782736,-0.0145260859966785,-0.0177493891014007,0.00202485219575724,NA,NA,0.075718647080582,0.0335551271270574,0.00783621559573524,-0.00364689756071098,0.0118130972314408,0.00534444004411938,0.00555194771461398,-0.00786698508462091,-0.00133629065435592,0.0129144979167037,-2.82455501000622,NA,-2.66713931314712,-2.55391282892698,-3.40718305113064,-1.8693358808606,0.0422797686226497,NA,0.0613973102048121,0.0704420274575406,NA,0.140766544752568,-0.0181949640679578,NA,-0.0804073717241488,0.0126157467355624,-0.019740027672103,0.0141995272243998,1.91203745519227,NA,-1.98012690281859,0.266875143664548,-0.820499218203462,-1.71429918588539,NA,NA,1.39141710478493,0.040411564645733,1.55825704322767,1.95875820313775,NA,NA,NA,NA,NA,NA,NA,NA,NA,NA,NA,NA,0,-0.0271749304238931,0,-0.00380002795059209,0,-0.0135648705875173,0,-0.0190062900279626,0,-0.0393471830874867,0,-0.000958205713429194
1982,7.08203550761685,7.42600425016656,7.04471704063996,5.80399050590274,6.23168698807585,8.86403174814136,0.0241316034190397,-0.00398913048090233,0.00155612375446257,-0.0124852016553261,0.0123856383328249,-0.0145369894477749,7.09516421529846,7.45767983223809,7.06144259263871,5.8391738590727,6.26995168950476,8.93600597014342,0.0182540210726847,0.0238864236400316,0.0173234700397789,0.00913328092711563,0.0113031566742459,0.030262302130394,-0.0131287076816076,-0.031675582071526,-0.0167255519987455,-0.035183353169959,-0.0382647014289077,-0.071974222002062,-0.0190062900279626,-0.00380002795059209,-0.000958205713429194,-0.0135648705875173,-0.0393471830874867,-0.0271749304238931,0.113620726622707,0.0448251720573411,0.164580296151143,0.0451995268549545,0.127368625717086,0.0562928794302073,0.606724571260051,0.634105198253875,0.674492531432777,0.520537305503406,0.673598303628522,0.495171897686389,0.762578220444473,0.691824906423096,0.7403509453968,0.716321989951172,0.821776401783581,0.71863802030535,0.527968287908231,0.438463632994232,0.510430935200012,0.515450986984827,0.613555125611236,0.523907413250781,0.234609932536242,0.253361273428864,0.229920010196788,0.200871002966346,0.208221276172344,0.194730607054568,0.0640885006854384,NA,0.0841839502048468,0.081693190713097,0.0380764009145032,0.160553888135218,NA,NA,NA,NA,NA,0.0670389306557377,212.924891972315,NA,275.674348539431,130.904222728563,43.26032677242,1494.401,579.2508,963.498388190422,297.48948,192.31226,129.32458,3343.789,NA,NA,-28.952101905797,-10.4905833573972,-8.0498802745785,-219.217,NA,NA,-10.0641989602808,-1.24092198173582,-6.79708234232329,-13.0520000000001,NA,NA,22.3575916185651,7.18925316563981,2.3082314206276,-8.90200000000004,16.1196323334061,NA,0.171691527528296,-2.4572678335857,0.9119074843506,NA,10.4745888252938,NA,18.8879029455162,9.24966137566138,1.25279793225521,206.165,0.02,0.02,0.02,0.02,0.02,0.02,0.36758670332836,NA,0.926669233948814,0.680685790539631,0.334509702427953,0.446918450895077,0.323828677997496,NA,0.890502124325302,0.608331988998902,0.292575911021063,0.400395878942614,-0.0209663033393316,NA,-0.062581741824115,0.0288515516340479,-0.0261007959135077,0.0456596687807639,-0.0181949640679578,NA,-0.0804073717241488,0.0126157467355624,-0.019740027672103,0.0141995272243998,NA,NA,-0.0338304364923452,-0.00645264104189623,-0.0525583175473935,-0.00390335634216157,0.0278284161772519,NA,0.000577134786508403,-0.0127774892437211,0.00705130830002,NA,0.0278284161772519,NA,0.000577134786508403,-0.0127774892437211,0.00705130830002,NA,NA,NA,-0.0344075712788536,0.00632484820182488,-0.0596096258474135,NA,NA,NA,-0.0170596316910954,1.98019526590095,-0.134161606175114,NA,NA,NA,0.0287513053317698,-0.0353041926759441,-0.0264575216338857,-0.0495630251229255,NA,NA,0.0751542260202447,0.0373832285348829,0.0178483581437311,-0.00266224932254997,0.0241316034190397,-0.00398913048090233,0.00155612375446257,-0.0124852016553261,0.0123856383328249,-0.0145369894477749,-2.74749032763201,NA,-2.47475099104757,-2.5047846255945,-3.26816058732549,-1.82912564114273,0.0593350544611778,NA,0.0694506178740257,0.0777767427450627,0.0331344069653921,0.15422605228475,-0.0209663033393316,NA,-0.062581741824115,0.0288515516340479,-0.0261007959135077,0.0456596687807639,-0.479141898675749,NA,-1.73034954895678,0.398756541047908,-0.622428715310947,0.981451946109489,NA,NA,0.935392317619762,0.0891817831888756,1.25336431035801,0.0839024193707522,NA,NA,NA,NA,NA,NA,NA,NA,NA,NA,NA,NA,0,-0.071974222002062,0,-0.031675582071526,0,-0.035183353169959,0,-0.0131287076816076,0,-0.0382647014289077,0,-0.0167255519987455
1983,7.0945771158957,7.44157349026482,7.05392512333068,5.82447879068159,6.24924544782585,8.9400633201421,0.0125416082788439,0.0155692400982552,0.00920808269071038,0.0204882847788523,0.0175584597500063,0.0760315720007387,7.11070750069272,7.48131217860294,7.08195546614925,5.85438513342154,6.28690485390557,8.96771887391338,0.0155432853942594,0.0236323463648551,0.0205128735105369,0.015211274348844,0.016953164400813,0.0317129037699644,-0.0161303847970231,-0.0397386883381259,-0.028030342818572,-0.0299063427399506,-0.0376594060797144,-0.0276555537712877,-0.0131287076816076,-0.031675582071526,-0.0167255519987455,-0.035183353169959,-0.0382647014289077,-0.071974222002062,0.0917815647420994,0.0277249056782818,0.143901028884857,0.0137950746618714,0.112285888548175,0.00720825956992499,0.608847062374209,0.65416796842746,0.684615309865049,0.517727160487741,0.664913736489704,0.484195988560714,0.746411989812476,0.664040853086242,0.718897274121215,0.700404440853404,0.8075901906879,0.709060013644492,0.518757952639621,0.420686270387691,0.494207143459722,0.499793722527094,0.598202642217582,0.513210822233423,0.227654037172855,0.243354582698551,0.224690130661493,0.200610718326309,0.209387548470319,0.19584919141107,0.0683480451224215,NA,0.0948536290271306,0.0800894189928642,0.0441461530200038,0.152545903007292,NA,NA,NA,NA,NA,0.061324995,243.320641935016,NA,269.128397872177,149.274919137729,57.289319145151,1730.171,642.9447,1006.12838395254,346.70975,199.01969,147.25558,3634.038,NA,NA,-34.05271713524,-9.26119228969698,-7.9514723513586,-262.06525,NA,NA,-7.90400474658489,1.22285085234612,-6.04169534596798,-34.1005000000001,NA,NA,-40.598667802494,9.10950411946901,6.0775200213724,-26.2952500000001,19.27310032846,NA,-0.805521077438897,0.244835376091601,0.9701737668783,NA,14.5530001242105,NA,26.1487123886551,10.4840431420431,1.90977700539062,227.96475,0.02,0.02,0.02,0.02,0.02,0.02,0.378447231830383,NA,0.776235447293239,0.750051008207927,0.389046847291974,0.476101515724382,0.36758670332836,NA,0.926669233948814,0.680685790539631,0.334509702427953,0.446918450895077,-0.0119747361905471,NA,-0.0468156593721798,0.0301460267857487,-0.0253724133278137,0.0285940021603248,-0.0209663033393316,NA,-0.062581741824115,0.0288515516340479,-0.0261007959135077,0.0456596687807639,NA,NA,-0.0227971804847856,0.00614437120440757,-0.0410286343374423,-0.00938363880619853,0.0299762955172661,NA,-0.0023233297518714,0.00123020680060149,0.0065883667490108,NA,0.0299762955172661,NA,-0.0023233297518714,0.00123020680060149,0.0065883667490108,NA,NA,NA,-0.0204738507329142,0.00491416440380608,-0.0476170010864531,NA,NA,NA,0.101913030579459,0.200216874872244,-0.160579723293357,NA,NA,NA,0.0240184788873942,-0.0240016555813411,-0.0156562210096286,-0.0379776409665233,NA,NA,-0.117096989059275,0.0457718737250018,0.0412719166321059,-0.00723582141958893,0.0125416082788439,0.0155692400982552,0.00920808269071038,0.0204882847788523,0.0175584597500063,0.0760315720007387,-2.68314231720991,NA,-2.35542032263582,-2.52461153110083,-3.12024949004333,-1.88028972490058,0.0640885006854384,NA,0.0841839502048468,0.081693190713097,0.0380764009145032,0.160553888135218,-0.0119747361905471,NA,-0.0468156593721798,0.0301460267857487,-0.0253724133278137,0.0285940021603248,-1.10259240038975,NA,0.311204420316603,0.434598604302041,-0.46523178635544,0.979814914148845,NA,NA,-0.151542954489211,-0.0885800032199124,0.752306238981532,0.321543979739098,NA,NA,NA,NA,NA,NA,NA,NA,NA,NA,NA,NA,0,-0.0276555537712877,0,-0.0397386883381259,0,-0.0299063427399506,0,-0.0161303847970231,0,-0.0376594060797144,0,-0.028030342818572
1984,7.11054368366945,7.4694443784658,7.08360717746146,5.85463623677596,6.2669216125286,8.99432083274339,0.0159665677737504,0.0278708882009875,0.0296820541307801,0.0301574460943677,0.0176761647027481,0.0542575126012945,7.12632982289329,7.50472506686623,7.10158154179696,5.86673309171755,6.299358388141,9.00271777151348,0.0156223222005751,0.0234128882632838,0.0196260756477118,0.0123479582960089,0.0124535342354273,0.034998897600099,-0.0157861392238479,-0.0352806884004222,-0.0179743643355037,-0.0120968549415919,-0.0324367756123936,-0.00839693877009218,-0.0161303847970231,-0.0397386883381259,-0.028030342818572,-0.0299063427399506,-0.0376594060797144,-0.0276555537712877,0.0683432251252523,0.0196636951133309,0.104814716274969,0.0228090006975146,0.103152661179438,0.0510517364557082,0.607998273452657,0.673199032755522,0.695444423150744,0.514554139594005,0.650030617551751,0.473885361484439,0.731282715929646,0.639979642756876,0.697242256869464,0.683501753656511,0.791375676246082,0.700659927890017,0.509005731938655,0.403050642847445,0.477054120181633,0.483414847815254,0.580907382351655,0.503520625655702,0.222276983990992,0.236928999909431,0.220188136687831,0.200086905841258,0.210468293894427,0.197139302234315,0.0685740722170773,NA,0.119235794107106,0.0786327966058008,0.058463668502602,0.150311154215393,NA,NA,NA,NA,NA,0.0604561437704918,278.132281024318,NA,318.726506549374,166.210136809986,74.7505063055026,1989.159,699.5019,1055.10919621415,396.62242,209.84522,166.16787,4037.613,NA,NA,-44.213713989476,-9.31496959931999,-10.0783111258215,-245.34975,NA,NA,-12.1239757524138,2.42293475558441,-6.72896736257962,14.7142500000002,NA,NA,5.38439468772106,7.62024807293699,7.3828760345301,13.6382500000002,22.29053773409,NA,-2.661515264926,-0.353723434337894,0.132916516865002,NA,16.6854872719574,NA,32.0897382370622,11.7379043549044,3.34934376324188,260.064,0.02,0.02,0.02,0.02,0.02,0.02,0.397614761338487,NA,0.803601840131413,0.792060628352583,0.4498493379346,0.492657171452539,0.378447231830383,NA,0.776235447293239,0.750051008207927,0.389046847291974,0.476101515724382,-0.00549210195456146,NA,-0.0104417315873644,0.0182827018027022,-0.0216473446249011,0.0193841454549245,-0.0119747361905471,NA,-0.0468156593721798,0.0301460267857487,-0.0253724133278137,0.0285940021603248,NA,NA,-0.0305680545048709,0.0115462947194337,-0.0404949967919768,0.00364429428972023,0.0318663004833725,NA,-0.00671045087397228,-0.00168563970310067,0.000799893004977449,NA,0.0318663004833725,NA,-0.00671045087397228,-0.00168563970310067,0.000799893004977449,NA,NA,NA,-0.0238576036308986,0.0132319344225344,-0.0412948897969543,NA,NA,NA,0.219524957759513,-0.145989665434708,-0.0197528847597274,NA,NA,NA,-0.0201263229175065,-0.00673640708326854,-0.0188476521670757,-0.0157398511652043,NA,NA,0.0135756185636734,0.0363136604824117,0.0444302260992459,0.00337780020026689,0.0159665677737504,0.0278708882009875,0.0296820541307801,0.0301574460943677,0.0176761647027481,0.0542575126012945,-2.67984077171296,NA,-2.12665228329431,-2.54296640695978,-2.8393497689141,-1.89504777196693,0.0683480451224215,NA,0.0948536290271306,0.0800894189928642,0.0441461530200038,0.152545903007292,-0.00549210195456146,NA,-0.0104417315873644,0.0182827018027022,-0.0216473446249011,0.0193841454549245,-0.286531550779117,NA,-0.381553084073214,0.435202740223488,-0.356027267898218,1.17084733901276,NA,NA,1.11699246172593,-0.274848824618626,0.666008848716265,-0.220123826537544,NA,NA,NA,NA,NA,NA,NA,NA,NA,NA,NA,NA,0,-0.00839693877009218,0,-0.0352806884004222,0,-0.0120968549415919,0,-0.0157861392238479,0,-0.0324367756123936,0,-0.0179743643355037
1985,7.12611259266742,7.49242599343413,7.10947967087684,5.88011078279744,6.28986986520154,9.03529443233692,0.0155689089979756,0.0229816149683231,0.0258724934153838,0.0254745460214814,0.0229482526729372,0.0409735995935261,7.14426744909436,7.52792703122186,7.12346559316387,5.88366959050778,6.31902512088868,9.03777093938397,0.0179376262010686,0.0232019643556365,0.0218840513669063,0.0169364987902236,0.0196667327476838,0.0350531678704868,-0.0181548564269409,-0.0355010377877356,-0.0139859222870262,-0.00355880771033412,-0.0291552556871402,-0.00247650704705293,-0.0157861392238479,-0.0352806884004222,-0.0179743643355037,-0.0120968549415919,-0.0324367756123936,-0.00839693877009218,0.0535800328017846,0.0210555873927909,0.0902068683223534,0.00862155870776959,0.0824631921115326,0.0310117916129022,0.598861991177242,0.686168229071563,0.697177754682323,0.510366471737259,0.638490779250052,0.464940017222798,0.724119093296778,0.624035401163426,0.68256257276897,0.669232961238416,0.776007071394858,0.694418322589651,0.501808498652922,0.388037215097409,0.46120602111502,0.468469043040821,0.563655401730439,0.495833266205915,0.222310594643856,0.235998186066018,0.22135655165395,0.200763918197595,0.21235166966442,0.198585056383736,0.069551362486255,NA,0.113558378439605,0.0766472986670004,0.0791798033369521,0.143668379450813,NA,NA,NA,NA,NA,0.0515584733262712,311.569324261635,NA,386.270778887755,182.588320103856,90.0203894620818,2339.158,749.5833,1102.61151151293,445.44069,217.1235,184.64037,4338.979,NA,NA,-53.520752585027,-5.779802862631,-13.9130631193722,-270.87325,NA,NA,-17.3266873355598,6.959755134927,-7.99433273076491,14.9060000000001,NA,NA,14.023519753354,10.598380431239,1.35682003720702,79.1257499999999,22.075863598948,NA,-4.0568271532364,2.0679538789342,-0.324203616976899,NA,19.3444790966513,NA,36.1940652494672,12.739557997558,5.91873038860729,285.77925,0.02,0.02,0.02,0.02,0.02,0.02,0.415656704547226,NA,0.867165455602529,0.840942229209901,0.487544459871272,0.539103323615993,0.397614761338487,NA,0.803601840131413,0.792060628352583,0.4498493379346,0.492657171452539,0.000149659602102757,NA,-0.00181516376592155,0.0325918696080097,-0.0106750175183906,0.0329436749040022,-0.00549210195456146,NA,-0.0104417315873644,0.0182827018027022,-0.0216473446249011,0.0193841454549245,NA,NA,-0.0388978549210666,0.0320543613884586,-0.0432967759475618,0.00343537039474036,0.0294508476895736,NA,-0.00910744627581375,0.0095243208539573,-0.00175586529087273,NA,0.0294508476895736,NA,-0.00910744627581375,0.0095243208539573,-0.00175586529087273,NA,NA,NA,-0.0297904086452528,0.0225300405345013,-0.041540910656689,NA,NA,NA,0.234137494067347,0.297130263758322,0.0405541810549432,NA,NA,NA,-0.037082691155145,-0.00053750821955105,-0.0326217584291712,-0.0295083045092619,NA,NA,0.0314823501044639,0.048812682327058,0.00734844734771174,0.0182360297203559,0.0155689089979756,0.0229816149683231,0.0258724934153838,0.0254745460214814,0.0229482526729372,0.0409735995935261,-2.66568977077933,NA,-2.1754382268065,-2.568540916725,-2.53603402105374,-1.94024755568615,0.0685740722170773,NA,0.119235794107106,0.0786327966058008,0.058463668502602,0.150311154215393,0.000149659602102757,NA,-0.00181516376592155,0.0325918696080097,-0.0106750175183906,0.0329436749040022,0.00829509329295857,NA,-0.0285566475800353,0.666751273206923,-0.283193606226412,0.709287494646833,NA,NA,0.611951580047267,-0.6557551476684,1.14860421516344,-0.0739645855409187,NA,NA,NA,NA,NA,NA,NA,NA,NA,NA,NA,NA,0,-0.00247650704705293,0,-0.0355010377877356,0,-0.00355880771033412,0,-0.0181548564269409,0,-0.0291552556871402,0,-0.0139859222870262
1986,7.14972692211653,7.51507262636729,7.13621775169463,5.90759924541445,6.32189141695639,9.06395224305623,0.0236143294491074,0.0226466329331627,0.0267380808177888,0.027488462617006,0.032021551754851,0.0286578107193094,7.16600015092229,7.55090540533955,7.14575134757447,5.90451905484026,6.34798369520445,9.07072728348624,0.0217327018279292,0.0229783741176837,0.0222857544106017,0.0208494643324801,0.0289585743157659,0.0329563441022724,-0.0162732288057628,-0.0358327789722566,-0.00953359587983904,0.00308019057419173,-0.026092278248055,-0.00677504043001598,-0.0181548564269409,-0.0355010377877356,-0.0139859222870262,-0.00355880771033412,-0.0291552556871402,-0.00247650704705293,0.0510677112254978,0.0295234521218344,0.0754926818073054,0.00211476326740811,0.103253550196085,0.0253215494957875,0.582256124620859,0.692380417645874,0.6930181344961,0.505252290988212,0.627914092312569,0.458779079041419,0.723111200251614,0.612597519020328,0.672405847317393,0.658626805174228,0.762180060223289,0.690944610998407,0.496718103583637,0.37553574418748,0.446658398533731,0.456170088220297,0.546816168024891,0.490516456226482,0.226393096667977,0.237061774832848,0.225747448783662,0.202456716953931,0.215363892198398,0.200428154771925,0.0673523616191357,NA,0.107963543195005,0.0719057326321813,0.0866149506844487,0.129398270659784,NA,NA,NA,NA,NA,0.0491467711424037,342.49773014234,NA,446.225747164666,184.371516399348,104.744700524033,2626.769,807.7071,1161.6617841503,493.3875,223.64714,211.38584,4579.631,NA,NA,-57.132724442438,-8.459965378334,-13.9190715799071,-295.0195,NA,NA,-15.4295625210215,4.669181548813,-6.12195998605403,7.66350000000011,NA,NA,2.822243834473,-6.67676908284199,0.805239482044087,-7.4085,21.698121630034,NA,-3.64117539957471,2.0151232534116,-0.174876740288898,NA,20.9849297970994,NA,41.7031619214165,13.129146927147,7.79711159385308,302.683,0.02,0.02,0.02,0.02,0.02,0.02,0.424037042812104,NA,0.904412347626695,0.824385755164801,0.49551427155212,0.573576561081013,0.415656704547226,NA,0.867165455602529,0.840942229209901,0.487544459871272,0.539103323615993,-0.00283491314293556,NA,0.0045101891939004,0.0345511391488471,-0.0208971262786483,0.0385762632732489,0.000149659602102757,NA,-0.00181516376592155,0.0325918696080097,-0.0106750175183906,0.0329436749040022,NA,NA,-0.0312727065866515,0.0208774480586382,-0.0289610694172043,0.00167338809611519,0.0268638490735491,NA,-0.0073799506464487,0.00901027955649959,-0.000827286918976683,NA,0.0268638490735491,NA,-0.0073799506464487,0.00901027955649959,-0.000827286918976683,NA,NA,NA,-0.0238927559402028,0.0118671685021386,-0.0281337824982276,NA,NA,NA,0.235986950026218,0.431579546082094,0.0285654824087827,NA,NA,NA,-0.0357828957805519,-0.0136736910902088,-0.00806394313855595,-0.0369028751771337,NA,NA,0.00572013647381216,-0.0298540329326008,0.00380933501526917,-0.00161770675410312,0.0236143294491074,0.0226466329331627,0.0267380808177888,0.027488462617006,0.032021551754851,0.0286578107193094,-2.69781731186843,NA,-2.22596167185434,-2.63239928680506,-2.44628283761642,-2.04486026130306,0.069551362486255,NA,0.113558378439605,0.0766472986670004,0.0791798033369521,0.143668379450813,-0.00283491314293556,NA,0.0045101891939004,0.0345511391488471,-0.0208971262786483,0.0385762632732489,-0.338281469474447,NA,0.121089007667383,-2.08686578161081,-2.62203513903163,1.11902061163803,NA,NA,0.839605800300377,1.26098395115818,3.63384614053046,-0.0485416577950711,NA,NA,NA,NA,NA,NA,NA,NA,NA,NA,NA,NA,0,-0.00677504043001598,0,-0.0358327789722566,0.00308019057419173,0,0,-0.0162732288057628,0,-0.026092278248055,0,-0.00953359587983904
1987,7.17493399953186,7.52899674136777,7.16642667059356,5.92672759344291,6.37587746522396,9.10772561223615,0.0252070774153337,0.0139241150004796,0.0302089188989365,0.0191283480284659,0.0539860482675651,0.0437733691799203,7.19116370497347,7.57362808375391,7.16834402017046,5.92707072978568,6.37739254242506,9.10247213318739,0.025163554051181,0.0227226784143637,0.022592672595998,0.0225516749454213,0.0294088472206164,0.031744849701143,-0.0162297054416101,-0.0446313423861406,-0.00191734957690048,-0.000343136342763728,-0.00151507720110633,0.00525347904876128,-0.0162732288057628,-0.0358327789722566,-0.00953359587983904,0.00308019057419173,-0.026092278248055,-0.00677504043001598,0.0244026437462566,0.0127154594288639,0.0609253332606565,-0.0105315825352727,0.0577419590621631,0.0146615886311454,0.568397154099159,0.696012025904759,0.686071753757184,0.50090738839064,0.615395848223117,0.456888386856713,0.721854502795545,0.601609276008398,0.663492113431293,0.649150091061972,0.749927349116546,0.68943145888604,0.491734818740646,0.36385262555773,0.432904239606333,0.445246927935913,0.530535778871069,0.48686558174225,0.230119684054899,0.237756650450667,0.230587873824959,0.203903163126058,0.219391570245477,0.20256587714379,0.0618608364958872,NA,0.0919966386371575,0.070865514764669,0.073123339751596,0.119789463786119,NA,NA,NA,NA,NA,0.0489169335580007,373.288676347679,NA,506.447619798237,185.34947203286,113.498659684186,2871.88,848.7878,1193.02384093799,540.46459,225.57807,236.37348,4855.215,NA,NA,-60.182431674872,-10.357715835663,-8.8341268939872,-263.951,NA,NA,-19.1311628623686,2.70786658191941,-1.17484457038916,50.70825,NA,NA,0.0394409586990037,-9.379760202151,-0.0801677338342017,-18.8399999999997,27.024426220781,NA,-3.67505074876722,3.5498655387302,0.130230402635199,NA,21.1871960845478,NA,41.0512688125034,13.0655824175824,7.65928232359804,314.65925,0.02,0.02,0.02,0.02,0.02,0.02,0.439790341411221,NA,0.937059761488235,0.82166441105228,0.48016664003164,0.591504186735294,0.424037042812104,NA,0.904412347626695,0.824385755164801,0.49551427155212,0.573576561081013,0.00494938891358223,NA,0.000714809362085301,0.0508959295206858,-0.0172066940900738,0.0332486245699732,-0.00283491314293556,NA,0.0045101891939004,0.0345511391488471,-0.0208971262786483,0.0385762632732489,NA,NA,-0.0353976249625689,0.0120041215971012,-0.00497028926590734,0.010444079201436,0.031838848556472,NA,-0.00679979931482138,0.0157367493157921,0.000550951835354791,NA,0.031838848556472,NA,-0.00679979931482138,0.0157367493157921,0.000550951835354791,NA,NA,NA,-0.0285978256477475,-0.00373262771869087,-0.00552124110126213,NA,NA,NA,0.192097614515432,1.310945510548,-0.110849048391193,NA,NA,NA,-0.0361124343246542,-0.0388918079235846,0.0122364048241664,-0.0228045453685372,NA,NA,7.2976027345295e-05,-0.0415809932328573,-0.000339157057019263,-0.00388036369141216,0.0252070774153337,0.0139241150004796,0.0302089188989365,0.0191283480284659,0.0539860482675651,0.0437733691799203,-2.78286798941303,NA,-2.38600323915321,-2.64697135637118,-2.61560767793954,-2.12201954553142,0.0673523616191357,NA,0.107963543195005,0.0719057326321813,0.0866149506844487,0.129398270659784,0.00494938891358223,NA,0.000714809362085301,0.0508959295206858,-0.0172066940900738,0.0332486245699732,0.314181114668871,NA,0.0218948234343109,-18.7024967869781,1.12113025824947,1.85460279075123,NA,NA,1.084239784281,4.41110021399713,-0.323847315416379,-0.58256901403683,NA,NA,NA,NA,NA,NA,NA,NA,NA,NA,NA,NA,0.00525347904876128,0,0,-0.0446313423861406,0,-0.000343136342763728,0,-0.0162297054416101,0,-0.00151507720110633,0,-0.00191734957690048
1988,7.22195330142796,7.56536971087774,7.20592646792865,5.96056094222351,6.42556329094433,9.14501502737123,0.0470193018961025,0.0363729695099719,0.0394997973350888,0.0338333487805977,0.0496858257203749,0.0372894151350867,7.21897809012656,7.59604505422214,7.19282433490677,5.95352783433177,6.41377929972149,9.13359684783352,0.0278143851530848,0.0224169704682255,0.0244803147363024,0.0264571045460906,0.0363867572964249,0.0311247146461344,0.00297521130140765,-0.0306753433443943,0.0131021330218859,0.00703310789174338,0.0117839912228437,0.0114181795377135,-0.0162297054416101,-0.0446313423861406,-0.00191734957690048,-0.000343136342763728,-0.00151507720110633,0.00525347904876128,0.0312954515859918,0.0167920523347975,0.06714164298447,0.00816293722764882,0.0576609720154075,0.0382986960506186,0.559223126165216,0.695652726153434,0.676480209507124,0.498971410792524,0.608081470922011,0.458395206269936,0.720415426406668,0.591223510135748,0.65596659848199,0.640357813619378,0.739475012743873,0.689023830276388,0.486828280089097,0.353992211700508,0.420069722871997,0.434937003670522,0.515602295616309,0.484498862517886,0.233587146317571,0.23723129843524,0.235896875609993,0.205420809948856,0.223872717127564,0.204524967758503,0.0589417444498756,NA,0.0945470897986066,0.0726211807871304,0.0723194438713815,0.116205151329443,NA,NA,NA,NA,NA,0.04685,400.316666687164,NA,576.70558152288,197.224484181541,117.494366545158,3126.7,917.9326,1258.16731317983,601.28592,235.25325,263.15939,5236.438,NA,NA,-64.157511814245,-8.49485013653202,-10.1469220195759,-246.2795,NA,NA,-16.2743632268905,4.96544738076548,-1.93876207106838,87.4477499999999,NA,NA,6.10044991039808,3.38016201214897,-6.1512151586039,8.54049999999961,29.346782729487,NA,-3.53290890268771,4.0661595377199,-0.476715411133899,NA,22.0022857673172,NA,47.8831485873545,13.4602975172975,8.20815994850752,333.72725,0.02,0.02,0.02,0.02,0.02,0.02,0.436106819484529,NA,0.959120382401238,0.838349668629619,0.44647605599465,0.597104367510892,0.439790341411221,NA,0.937059761488235,0.82166441105228,0.48016664003164,0.591504186735294,-0.00790127579069946,NA,-0.0102410128534911,0.0241492090422197,-0.0151885270708859,0.0223367560946089,0.00494938891358223,NA,0.000714809362085301,0.0508959295206858,-0.0172066940900738,0.0332486245699732,NA,NA,-0.0270659310081475,0.0211068173585933,-0.00736725400932255,0.0166998539847125,0.0319705201988545,NA,-0.00587558894225847,0.0172841800813374,-0.00181150826931883,NA,0.0319705201988545,NA,-0.00587558894225847,0.0172841800813374,-0.00181150826931883,NA,NA,NA,-0.021190342065889,0.00382263727725581,-0.00555574574000372,NA,NA,NA,0.217084309440151,0.81889087244603,0.245886495433243,NA,NA,NA,-0.0168249181546563,-0.00304239168362642,0.0078212730615633,-0.00563690210989642,NA,NA,0.0101456723124301,0.0143681841256134,-0.0233744847888723,0.00163097510177713,0.0470193018961025,0.0363729695099719,0.0394997973350888,0.0338333487805977,0.0496858257203749,0.0372894151350867,-2.83120570506484,NA,-2.35865726384786,-2.62249865332188,-2.62666225275934,-2.15239810396826,0.0618608364958872,NA,0.0919966386371575,0.070865514764669,0.073123339751596,0.119789463786119,-0.00790127579069946,NA,-0.0102410128534911,0.0241492090422197,-0.0151885270708859,0.0223367560946089,2.14503291902343,NA,-0.464221423951637,1.44733810253056,0.450824095367718,3.98857768876645,NA,NA,1.22688890375679,-1.26499799363356,-0.2186739773117,-2.98202051931606,NA,NA,NA,NA,NA,NA,NA,NA,NA,NA,NA,NA,0.0114181795377135,0,0,-0.0306753433443943,0.00703310789174338,0,0.00297521130140765,0,0.0117839912228437,0,0.0131021330218859,0
1989,7.26506231032672,7.60367928003765,7.2379327104754,6.00381309690687,6.4727110996219,9.17207762863584,0.0431090088987558,0.0383095691599102,0.0320062425467418,0.0432521546833593,0.0471478086775674,0.0270626012646087,7.24748313684365,7.61808490216101,7.21528557392815,5.98247145656367,6.45159365849002,9.16412198594461,0.0285050467170906,0.0220398479388697,0.0224612390213785,0.028943622231905,0.0378143587685287,0.030525138111086,0.0175791734830728,-0.0144056221233537,0.0226471365472491,0.0213416403431976,0.0211174411318824,0.00795564269123616,0.00297521130140765,-0.0306753433443943,0.0131021330218859,0.00703310789174338,0.0117839912228437,0.0114181795377135,0.0313435525864332,0.0282999571550313,0.0622436738020262,0.0133906675666875,0.0666935156511776,0.047460070665406,0.552010047993795,0.690215191874682,0.66852289715815,0.499840958264169,0.603821665284405,0.460251373811586,0.718083344334335,0.582481267575927,0.648481798645258,0.631155349200859,0.729302686120915,0.688974087743801,0.481405650499254,0.346986258170369,0.407711384913808,0.424571460055193,0.500924498444474,0.482617403078865,0.236677693835081,0.235495009405558,0.240770413731449,0.206583889145666,0.228378187676441,0.206356684664936,0.0612459515979761,NA,0.100726396474068,0.0686748745399146,0.080999016648556,0.115808120382512,NA,NA,NA,NA,NA,0.0425671195652174,430.128213395865,NA,612.70612642986,210.673375805909,133.094460921196,3375.67,988.8835,1344.82739652493,660.71361,248.96328,294.88965,5641.58,NA,NA,-72.885186502842,-10.911914144547,-10.539298471568,-252.5605,NA,NA,-14.7957114495604,2.63245256281969,-1.0223703196652,109.53675,NA,NA,-36.884641595862,2.53697747982099,5.06079590447,-3.59049999999934,35.278237498033,NA,-7.33880084223762,1.9163039102944,0.113403840703597,NA,24.5177751917852,NA,58.0894750532816,13.5443667073667,9.5169281519028,362.09725,0.02,0.02,0.02,0.02,0.02,0.02,0.434963484976607,NA,0.927339950557186,0.846202603877604,0.451336494587708,0.598355425253209,0.436106819484529,NA,0.959120382401238,0.838349668629619,0.44647605599465,0.597104367510892,-0.00536039732282281,NA,0.00567669597373034,0.0095463356564191,-0.0131646255912173,0.022942020889474,-0.00790127579069946,NA,-0.0102410128534911,0.0241492090422197,-0.0151885270708859,0.0223367560946089,NA,NA,-0.0223935321228821,0.010573657941925,-0.00346695897826595,0.0194159703487321,0.0356748165967305,NA,-0.0111073856072643,0.0076971347352686,0.000384563651873158,NA,0.0356748165967305,NA,-0.0111073856072643,0.0076971347352686,0.000384563651873158,NA,NA,NA,-0.0112861465156178,0.00287652320665635,-0.00385152263013911,NA,NA,NA,0.496008648672023,0.727953824262573,-0.110922469600579,NA,NA,NA,-0.0280702280966124,0.00102732228550586,0.00969766661295138,-0.00352605054074193,NA,NA,-0.0558254605892893,0.0101901673203413,0.0171616599784699,-0.000636435183051439,0.0431090088987558,0.0383095691599102,0.0320062425467418,0.0432521546833593,0.0471478086775674,0.0270626012646087,-2.79285752810133,NA,-2.29534738377578,-2.67837187386938,-2.51331826452467,-2.15582059210052,0.0589417444498756,NA,0.0945470897986066,0.0726211807871304,0.0723194438713815,0.116205151329443,-0.00536039732282281,NA,0.00567669597373034,0.0095463356564191,-0.0131646255912173,0.022942020889474,4.68838934335064,NA,-0.178622367423647,1.2156391661155,-2.70852626551474,18.3380991248076,NA,NA,-0.704632719680099,-1.34645933119574,0.713301672655252,-15.5196436519127,NA,NA,NA,NA,NA,NA,NA,NA,NA,NA,NA,NA,0.00795564269123616,0,0,-0.0144056221233537,0.0213416403431976,0,0.0175791734830728,0,0.0211174411318824,0,0.0226471365472491,0
1990,7.29296563115213,7.65478725900674,7.25756328735289,6.04479403121466,6.50984472487337,9.17809014452232,0.0279033208254145,0.0511079789690845,0.0196305768774936,0.0409809343077905,0.0371336252514718,0.00601251588647855,7.27535655208621,7.6396646371183,7.23826885944648,6.0127808208531,6.4864574387545,9.19247832264463,0.0278734152425626,0.0215797349572933,0.0229832855183316,0.0303093642894261,0.0348637802644873,0.0283563367000248,0.0176090790659247,0.0151226218884375,0.0192944279064111,0.032013210361562,0.0233872861188669,-0.0143881781223101,0.0175791734830728,-0.0144056221233537,0.0226471365472491,0.0213416403431976,0.0211174411318824,0.00795564269123616,0.0263107804638487,0.0335101845953618,0.0812997238738329,0.0154771087709031,0.0706779377098767,0.0494211747597006,0.545394945943728,0.6779978826324,0.661858724721322,0.500561437571566,0.600540938639165,0.460277954783583,0.714839420734543,0.577484303297776,0.641083178222602,0.621517521210244,0.718484101430408,0.688006752096641,0.475057352773535,0.342954878311069,0.395521539732444,0.414566633761745,0.485724439156573,0.480296173970684,0.239782067961007,0.234529424986707,0.245561638490157,0.206950887448499,0.232759662273835,0.207710578125957,0.0654641451360161,NA,0.115414881173565,0.068714446621111,0.0855448938588592,0.113554568426416,NA,NA,NA,NA,NA,0.0385487704918033,449.176674950953,NA,691.518130145139,221.884736996181,154.312009867417,3662.908,1043.9748,1463.57758440458,730.88109,263.42362,328.45925,5963.144,NA,NA,-80.729733569383,-12.436622533972,-15.910393933732,-326.34825,NA,NA,-10.0143287931657,2.03968190233241,-4.52484240102621,56.9744999999998,NA,NA,-1.91772985410392,-1.22526134369997,5.307155012489,-39.1102500000006,36.846612867873,NA,-4.48358346617201,-4.79699335304059,-0.188836620501,-364.156216,28.1579757888422,NA,70.7154047762173,14.4763044363044,11.3855515327058,383.32275,0.02,0.02,0.02,0.02,0.02,0.02,0.430256242728228,NA,0.946143140938479,0.842311471523248,0.469805645197744,0.614257847873538,0.434963484976607,NA,0.927339950557186,0.846202603877604,0.451336494587708,0.598355425253209,0.00464171203149236,NA,0.0122007088763322,0.00981714386076737,-0.00907172367112454,0.0329503812968028,-0.00536039732282281,NA,0.00567669597373034,0.0095463356564191,-0.0131646255912173,0.022942020889474,NA,NA,-0.0137017210188947,0.00774297271570566,-0.0137759627747619,0.00955443973850032,0.0352945424236993,NA,-0.00613449099657512,-0.0182101868960748,-0.000574916433320116,-0.061067821940909,0.0352945424236993,NA,-0.00613449099657512,-0.0182101868960748,-0.000574916433320116,-0.061067821940909,NA,NA,-0.00756723002231959,0.0259531596117805,-0.0132010463414418,0.0706222616794093,NA,NA,0.447716822442643,-2.35183405194464,0.0417333033429348,-6.39156492816965,NA,NA,-0.0259024298952269,-0.00207417114506172,-0.00470423910363736,-0.0233959415583025,NA,NA,-0.0026238602699434,-0.00465129643158032,0.0161577273664511,-0.00655866267861394,0.0279033208254145,0.0511079789690845,0.0196305768774936,0.0409809343077905,0.0371336252514718,0.00601251588647855,-2.72625268872395,NA,-2.1592219802447,-2.67779581625506,-2.45871396647011,-2.17547177851055,0.0612459515979761,NA,0.100726396474068,0.0686748745399146,0.080999016648556,0.115808120382512,0.00464171203149236,NA,0.0122007088763322,0.00981714386076737,-0.00907172367112454,0.0329503812968028,-0.986078851813946,NA,0.648863763485088,-2.52295295218581,-0.491182505501634,2.07203531710203,NA,NA,0.728691288076651,1.98990217000413,0.745890434575594,-0.600816615594572,NA,NA,NA,NA,NA,NA,NA,NA,NA,NA,NA,NA,0,-0.0143881781223101,0.0151226218884375,0,0.032013210361562,0,0.0176090790659247,0,0.0233872861188669,0,0.0192944279064111,0
1991,7.3052564139105,7.71409038293804,7.27185055529163,6.0688926438799,6.53496066921954,9.18968665596939,0.012290782758364,0.059303123931306,0.0142872679387374,0.0240986126652389,0.0251159443461733,0.0115965114470686,7.30149549924792,7.67452010967445,7.26085150945888,6.04420661934837,6.52071651114011,9.21777147570775,0.0261389471617104,0.0348554725561536,0.0225826500123993,0.031425798495273,0.0342590723856091,0.0252931530631191,0.00376091466257833,0.0395702732635899,0.0109990458327491,0.0246860245315279,0.014244158079431,-0.0280848197383605,0.0176090790659247,0.0151226218884375,0.0192944279064111,0.032013210361562,0.0233872861188669,-0.0143881781223101,0.0242546208394554,0.0245591199432234,0.0743635568611447,0.0306945757113475,0.06708567531944,0.020578627427966,0.545836180251806,0.662837238422222,0.657418433050287,0.509058369986556,0.595194304148471,0.463841009424665,0.711103347071083,0.575113800139842,0.627792409428879,0.613231120411367,0.707129362156687,0.687345420662726,0.468013399960269,0.340389532892898,0.378255464335956,0.406116414239099,0.470565315344249,0.478925640030033,0.243089947110814,0.234724267246945,0.249536945092923,0.207114706172267,0.236564046812438,0.208419780632693,0.0680731588820047,NA,0.125663735194261,0.0714524990806009,0.0853308451681241,0.111575556907244,NA,NA,NA,NA,NA,0.0385764101139205,476.949696160612,583.51,776.944994379756,236.721932466607,175.870813920507,4067.78,1082.833,1591.61,798.63307,278.2602,360.18378,6158.129,NA,-51.086,-87.724345737702,-6.36065944344,-19.894481757276,-387.403,NA,-8.43600000000001,-0.825594549112552,9.493559522779,-6.72690753569743,21.288,NA,NA,-2.29748150308512,8.476536026986,1.66432229581395,17.4690000000005,33.511880679263,22.716,-2.88839467353098,-1.9061054693668,-1.7697613126922,-432.99573,30.5768751600268,42.65,86.8987511885895,15.854218966219,13.1675742215786,408.691,0.02,0.02,0.02,0.02,0.02,0.02,0.440464684915044,0.366616193665534,0.972843504188671,0.850721491850459,0.488280771334309,0.660554528818737,0.430256242728228,NA,0.946143140938479,0.842311471523248,0.469805645197744,0.614257847873538,0.0130867528649925,NA,0.0321678085370025,0.0133033931848369,-0.0029554329417579,0.0472519905428851,0.00464171203149236,NA,0.0122007088763322,0.00981714386076737,-0.00907172367112454,0.0329503812968028,NA,-0.00530029341358751,-0.00103375953253795,0.0341175616303697,-0.0186763200044639,0.00345689413131812,0.0309483370743808,0.0142723405859476,-0.00361667301547002,-0.00685008301354919,-0.004913495307013,-0.0703128710035142,0.0309483370743808,0.0142723405859476,-0.00361667301547002,-0.00685008301354919,-0.004913495307013,-0.0703128710035142,NA,-0.0195726339995351,0.00258291348293207,0.0409676446439189,-0.0137628246974509,0.0737697651348323,NA,-2.6927453769559,3.49856315867853,-0.200778797962267,0.263086909296832,-20.339897125141,NA,NA,-0.0332015680695405,0.0208141684455328,-0.015720887062706,-0.043795096411567,NA,NA,-0.00287676730326873,0.0304626246476715,0.00462075859111131,0.00283673823656512,0.012290782758364,0.059303123931306,0.0142872679387374,0.0240986126652389,0.0251159443461733,0.0115965114470686,-2.68717228622316,NA,-2.07414570784094,-2.63872239858251,-2.46121928178184,-2.19305327715285,0.0654641451360161,NA,0.115414881173565,0.068714446621111,0.0855448938588592,0.113554568426416,0.0130867528649925,NA,0.0321678085370025,0.0133033931848369,-0.0029554329417579,0.0472519905428851,1.28195395786178,NA,1.20477044583921,1.58185030086005,-0.159968214555713,1.02063451586987,NA,NA,0.0387170587475257,-4.05677516854309,1.01088998615824,-0.0746682928612097,NA,0.84176929638348,NA,NA,0.183514764704716,NA,NA,0.286575084493293,NA,NA,0.975907723796883,NA,0,-0.0280848197383605,0.0395702732635899,0,0.0246860245315279,0,0.00376091466257833,0,0.014244158079431,0,0.0109990458327491,0
1992,7.32030325149154,7.73402647023466,7.27905307981975,6.0858094554383,6.54422022750541,9.23257989970559,0.0150468375810453,0.0199360872966192,0.00720252452812264,0.0169168115583949,0.00925955828586211,0.0428932437361969,7.32568183546271,7.70630299764105,7.28106702123366,6.07600823748114,6.55302087368976,9.24267547938131,0.0241863362147914,0.031782887966596,0.0202155117747793,0.0318016181327732,0.0323043625496453,0.0249040036735622,-0.00537858397116775,0.0277234725936131,-0.00201394141390754,0.00980121795714961,-0.00880064618435217,-0.0100955796757258,0.00376091466257833,0.0395702732635899,0.0109990458327491,0.0246860245315279,0.014244158079431,-0.0280848197383605,0.0200021211855823,0.0517468711268947,0.0443771570057683,0.0246510552753607,0.0649431923387427,0.0142582866762062,0.554409145375521,0.653062501346985,0.657903176915093,0.526101852296302,0.588478024474677,0.474116302919455,0.706652453179446,0.573731172660353,0.616807255807753,0.607032309093983,0.69556655384495,0.689350983418458,0.460525125588095,0.338493337995843,0.363104451640791,0.399551124954227,0.455778381672901,0.480095467201258,0.246127327591351,0.23523783466451,0.253702804166962,0.207481184139755,0.239788172172048,0.2092555162172,0.0706127287866338,0.0904354681153708,0.12680157117321,0.0723400816521281,0.0856517414562925,0.102566018811243,NA,NA,NA,NA,NA,0.034375,547.220580612489,674.99,869.15850848327,256.482586627807,199.070177814257,4457.305,1121.4581,1709.89,840.90718,290.07065,387.92699,6520.327,NA,-44.998,-84.058058514015,-10.897143699939,-17.294574419665,-474.802,NA,7.77199999999996,14.4597874884987,6.22734022354491,-2.230932936038,-57.5860000000001,NA,46.482,8.15545558949907,8.863510461261,5.90478947408502,-85.277,33.298234149652,18.644,-8.42554728226202,-0.444947409692595,-1.5043159888939,-497.18235,33.6787195398567,52.77,98.5178460025137,17.1244839234839,15.063641483627,417.216,0.02,0.02,0.02,0.02,0.02,0.02,0.487954548290738,0.394756387837814,1.03359625075775,0.884207301317134,0.51316403072201,0.683601451276907,0.440464684915044,0.366616193665534,0.972843504188671,0.850721491850459,0.488280771334309,0.660554528818737,0.0151341486058004,0.00641511901525236,0.0695897115486916,0.0251338250069182,0.0052041591506309,0.0283769593315892,0.0130867528649925,NA,0.0321678085370025,0.0133033931848369,-0.0029554329417579,0.0472519905428851,NA,0.00454532162887668,0.0171954620348214,0.0214683568418415,-0.0057509093039337,-0.00883176564610949,0.0296919110483503,0.0109036253794104,-0.0100195925099153,-0.00153392771620498,-0.00387783275634908,-0.0762511374046118,0.0296919110483503,0.0109036253794104,-0.0100195925099153,-0.00153392771620498,-0.00387783275634908,-0.0762511374046118,NA,-0.00635830375053369,0.0272150545447367,0.0230022845580465,-0.00187307654758463,0.0674193717585023,NA,2.39886773031396,-0.582688181895044,-0.0714506344153635,0.674299063227546,8.63373649845447,NA,-0.00186979738637568,-0.0523942495138702,-0.00366546816507668,-0.0109550684545646,-0.0372087249776987,NA,0.0271842048318898,0.00969840165890731,0.0305563850091728,0.0152213937836216,-0.0130786385406744,0.0150468375810453,0.0199360872966192,0.00720252452812264,0.0169168115583949,0.00925955828586211,0.0428932437361969,-2.65054485630579,-2.40311874212276,-2.06513184609987,-2.62637692373159,-2.45746572217945,-2.27724860177466,0.0680731588820047,NA,0.125663735194261,0.0714524990806009,0.0853308451681241,0.111575556907244,0.0151341486058004,0.00641511901525236,0.0695897115486916,0.0251338250069182,0.0052041591506309,0.0283769593315892,0.318681662359686,0.227969962679632,1.14545786781125,0.750581377820082,0.209142985231389,1.23126892031217,NA,-0.161524174319808,-0.283040076472428,-0.641118049220411,0.231115595201168,0.383208025372547,-0.0180953864632427,0.806422703910463,0.84176929638348,-0.019822739328737,0.211953427779089,0.183514764704716,-0.00478372665907822,0.262326707070507,0.286575084493293,0.036366103057839,0.96253067067101,0.975907723796883,0,-0.0100955796757258,0.0277234725936131,0,0.00980121795714961,0,0,-0.00537858397116775,0,-0.00880064618435217,0,-0.00201394141390754
1993,7.31670681395088,7.72424849039656,7.27066797939017,6.09830656708644,6.53385350861235,9.25832279723591,-0.00359643754066674,-0.00977797983810103,-0.00838510042957807,0.0124971116481483,-0.0103667188930512,0.0257428975303231,7.34698695263689,7.73181521556075,7.29362346788121,6.10685452680924,6.57447527399885,9.26873893054475,0.021305117174176,0.0255122179196956,0.0125564466475501,0.0308462893280925,0.021454400309092,0.0260634511634343,-0.0302801386860105,-0.00756672516418355,-0.0229554884910357,-0.00854795972279465,-0.0406217653864953,-0.0104161333088371,-0.00537858397116775,0.0277234725936131,-0.00201394141390754,0.00980121795714961,-0.00880064618435217,-0.0100955796757258,0.0154571621165722,0.0371502410296216,0.0387163995302,0.0158487983501416,0.0443636482293872,0.0248299357779409,0.565221221508242,0.649527905583797,0.661701211055223,0.541624509362877,0.584374802340025,0.486309116207919,0.702357112119878,0.57606394767686,0.612466916065928,0.603611076913202,0.684006953878698,0.692356325657958,0.453204804064315,0.338910069060794,0.354138640603623,0.395579183749195,0.441017296528888,0.482395145307201,0.249152308055563,0.237153878616065,0.258328275462306,0.208031893164007,0.24298965734981,0.209961180350757,0.0672105271938972,0.0826027052252626,0.120832711596096,0.0670824387639424,0.0971517093019571,0.0948426796012389,NA,NA,NA,NA,NA,0.031625,640.921107316939,783.51,973.658843325475,276.970192262503,259.192837205699,4819.545,1134.8386,1757.34,866.80374,298.41061,401.34206,6858.559,NA,-54.655,-83.714061194261,-7.66786968588599,-30.590080774603,-441.977,NA,1.10100000000003,21.308718192591,9.53760772559141,-11.2500727289034,-19.2342499999999,NA,53.865,20.786273647944,12.81973594881,29.532578616839,-79.7370000000001,27.219417961838,11.454,-11.241535359042,-0.564152138054901,-2.9691405949549,-543.768446,36.7789837143159,55.756,105.022779386852,17.2054774114774,19.3400080456996,422.74275,0.02,0.02,0.02,0.02,0.02,0.02,0.564768511854407,0.445849977807368,1.12327485265058,0.928151288798019,0.645815285857901,0.702705189238731,0.487954548290738,0.394756387837814,1.03359625075775,0.884207301317134,0.51316403072201,0.683601451276907,0.0266916061454637,0.0212216850785444,0.090788196694845,0.0333070042183841,0.0313431892562013,0.0288061238728066,0.0151341486058004,0.00641511901525236,0.0695897115486916,0.0251338250069182,0.0052041591506309,0.0283769593315892,NA,0.000626515073918552,0.0245830944298776,0.0319613559504182,-0.0280311331658172,-0.0028044156214155,0.0239852768154326,0.00651780531940319,-0.0129689511480903,-0.0018905230549775,-0.00739802998707611,-0.0792831914109071,0.0239852768154326,0.00651780531940319,-0.0129689511480903,-0.0018905230549775,-0.00739802998707611,-0.0792831914109071,NA,-0.00589129024548464,0.0375520455779679,0.0338518790053957,-0.0206331031787411,0.0764787757894917,NA,10.4032697547681,-0.527555682018951,-0.0591502769128533,0.263921902240388,28.2708421695675,NA,-0.0205951700046259,-0.0662051022649674,-0.00134564826796597,-0.0593743224220185,-0.0316105394942221,NA,0.0306514391068319,0.0239803691293995,0.0429600540973056,0.0735845593079355,-0.0116259115070673,-0.00359643754066674,-0.00977797983810103,-0.00838510042957807,0.0124971116481483,-0.0103667188930512,0.0257428975303231,-2.69992538905101,-2.49371284808033,-2.11334823878037,-2.70183298663638,-2.33148150885174,-2.3555357642697,0.0706127287866338,0.0904354681153708,0.12680157117321,0.0723400816521281,0.0856517414562925,0.102566018811243,0.0266916061454637,0.0212216850785444,0.090788196694845,0.0333070042183841,0.0313431892562013,0.0288061238728066,0.347483776479515,0.415349265753106,1.01237301628915,0.757942238010891,0.236282643719372,1.50787892559936,NA,-0.012262107131088,-0.274124416650179,-0.727320340793409,0.211314496324226,0.146799313674619,-0.0155202664613203,0.73321222341591,0.806422703910463,-0.0153921780313654,0.236433410854015,0.211953427779089,0.0145490040766945,0.370531004885968,0.262326707070507,0.0382300063708335,0.92402115056328,0.96253067067101,0,-0.0104161333088371,0,-0.00756672516418355,0,-0.00854795972279465,0,-0.0302801386860105,0,-0.0406217653864953,0,-0.0229554884910357
1994,7.34026376593353,7.74988559044681,7.29119832171377,6.12748755748836,6.55740371954927,9.29865987761003,0.0235569519826555,0.0256371000502469,0.0205303423235961,0.0291809904019154,0.0235502109369143,0.040337080374119,7.36783717029738,7.75240682606155,7.30890135673302,6.13815447998324,6.59950944803286,9.2958168521813,0.0208502176604943,0.0205916105008033,0.0152778888518101,0.031299953174007,0.0250341740340128,0.0270779216365504,-0.0275734043638494,-0.00252123561473994,-0.0177030350192497,-0.0106669224948863,-0.0421057284835937,0.00284302542873149,-0.0302801386860105,-0.00756672516418355,-0.0229554884910357,-0.00854795972279465,-0.0406217653864953,-0.0104161333088371,0.00948341934958296,0.0192505030652574,0.0357951012537274,0.0204174787239903,0.0380721197514378,0.0202898828677851,0.577846273306038,0.652678047419498,0.664689140863485,0.556426187070623,0.57982715254982,0.498521323303155,0.70019522390025,0.580956446015514,0.614514501093232,0.603126881561915,0.671934330720737,0.694401805399101,0.447517095135903,0.340364018601179,0.344677084027925,0.394004189438656,0.425627532415846,0.48416990696711,0.252678128764347,0.240592427414336,0.269837417065307,0.209122692123259,0.246306798304891,0.210231898431991,0.0610529616414741,0.0775854807213692,0.102384582517914,0.0594958842068054,0.0779080472983688,0.0900666452953546,NA,NA,NA,NA,NA,0.03075,712.010735418505,831.58,1072.68327133031,260.792790578691,270.485693795715,5035.019,1172.9604,1838.02,917.02802,313.58451,426.8516,7287.236,NA,-46.727,-80.187585746731,-10.217123822541,-30.548837109295,-368.2295,NA,14.062,19.5000684420224,6.2614626650455,-10.355629288875,65.8507500000001,NA,1.34300000000007,18.8368422581041,-26.394525506353,-19.255980519279,-152.7555,26.706605183386,16.255,-16.281652608255,5.779382759111,-2.977227288573,-570.098419,39.1301317802322,60.789,99.6876541887534,16.4785864875865,20.19320782042,434.08025,0.02,0.02,0.02,0.02,0.02,0.02,0.607020267196152,0.452432508895442,1.16973881706506,0.831650742502208,0.633676185811919,0.69093672827393,0.564768511854407,0.445849977807368,1.12327485265058,0.928151288798019,0.645815285857901,0.702705189238731,0.0153146279479199,0.0139520728942091,0.0489783454722938,0.00875220270734221,0.00990706810121369,0.0195048948079399,0.0266916061454637,0.0212216850785444,0.090788196694845,0.0333070042183841,0.0313431892562013,0.0288061238728066,NA,0.00765062404108771,0.0212644194252891,0.0199673850760215,-0.0242604907393459,0.00903645085736211,0.0227685480118391,0.00884375578067703,-0.0177548038371336,0.0184300645434017,-0.00697485329461808,-0.0782324627609151,0.0227685480118391,0.00884375578067703,-0.0177548038371336,0.0184300645434017,-0.00697485329461808,-0.0782324627609151,NA,-0.00119313173958932,0.0390192232624226,0.00153732053261977,-0.0172856374447279,0.0872689136182772,NA,1.15595221163419,-0.83495361345339,0.923008419641994,0.287498442202003,-8.65743243622889,NA,-0.00630144885312135,-0.0277139260470047,0.0112151823686793,-0.0341675588405596,-0.0104684439505778,NA,0.000730677576957854,0.020541185053543,-0.0841703740607372,-0.0451116512607168,-0.0209620629824531,0.0235569519826555,0.0256371000502469,0.0205303423235961,0.0291809904019154,0.0235502109369143,0.040337080374119,-2.79601356786622,-2.55637497340519,-2.27901913906073,-2.82184814181798,-2.55222602850925,-2.40720537940743,0.0672105271938972,0.0826027052252626,0.120832711596096,0.0670824387639424,0.0971517093019571,0.0948426796012389,0.0153146279479199,0.0139520728942091,0.0489783454722938,0.00875220270734221,0.00990706810121369,0.0195048948079399,0.362461342115865,2.11956050150484,1.05411464754478,-0.0906958876741833,-0.81612871330546,-1.65738705054795,NA,-1.16226174076853,-0.45765400549132,0.206914736159252,-1.99854113133994,0.767853237937395,-0.0180895965145638,0.608773971638773,0.73321222341591,-0.0165325190798951,0.293923579219118,0.236433410854015,0.00032256657699957,0.336899475626856,0.370531004885968,0.0247991017965444,0.949897169190325,0.92402115056328,0.00284302542873149,0,0,-0.00252123561473994,0,-0.0106669224948863,0,-0.0275734043638494,0,-0.0421057284835937,0,-0.0177030350192497
1995,7.3630501020883,7.76482339823807,7.31767258241759,6.1581722898896,6.58460422460567,9.32041933054357,0.0227863361547724,0.014937807791263,0.0264742607038233,0.0306847324012427,0.0272005050564053,0.021759452933539,7.38805705818954,7.76915688681254,7.32476067364048,6.17053334942819,6.62444930190599,9.32391725279672,0.0202198878921589,0.0167500607509927,0.0158593169074646,0.0323788694449467,0.0249398538731276,0.0281004006154255,-0.0250069561012358,-0.00433348857446969,-0.007088091222891,-0.0123610595385903,-0.0398450773003161,-0.00349792225315504,-0.0275734043638494,-0.00252123561473994,-0.0177030350192497,-0.0106669224948863,-0.0421057284835937,0.00284302542873149,0.0114407660137053,0.0181903303300697,0.0506186777154554,0.0204359939313257,0.048152457616836,0.0254809716967399,0.591990859560496,0.659480777966332,0.666361713902789,0.570926434573355,0.572643686519389,0.510959275243093,0.701559464510648,0.585990639026782,0.610471729352591,0.604739554613276,0.659524603764307,0.695542180855961,0.444610027583723,0.34178297626662,0.335983288765984,0.393760973279467,0.40965809210308,0.48520407473351,0.256949436926925,0.244207662760162,0.274488440586607,0.21097858133381,0.249866511661227,0.210338106122451,0.0589634368017267,0.0800656581447365,0.10233775703788,0.0676130653798862,0.0840709897846739,0.0939432403333532,NA,NA,NA,NA,NA,0.029375,838.599,1030.294,1174.121,283.915,314.206,5246.45,1213.8024,1899.93,990.5209,330.032,460.259,7639.749,-62.0387000000001,-179.291,-71.303,-28.791,-31.267,-358.229,-20.0561000000001,-112.71,38.473,-11.158,-8.52700000000003,114.777,64.549564581495,19.4230000000002,30.1347286696899,-5.66879057869099,12.453306204285,-146.798,27.4,17.846,-15.484,5.636,-4.235,-592.071235,41.9826,66.581,109.776,17.633,22.74,473.006,0.02,0.02,0.02,0.02,0.02,0.02,0.690885930032763,0.542279978736059,1.18535711866352,0.860265065205798,0.682672147638612,0.686730676623015,0.607020267196152,0.452432508895442,1.16973881706506,0.831650742502208,0.633676185811919,0.69093672827393,0.0145185292737399,0.0205551075049944,0.0274162453532399,0.0130488017890729,0.00513729571548709,0.0308130682545555,0.0153146279479199,0.0139520728942091,0.0489783454722938,0.00875220270734221,0.00990706810121369,0.0195048948079399,-0.0165233649233187,-0.0593232382245661,0.0388411794238769,-0.0338088427788821,-0.018526525282504,0.0150236611176624,0.0225736907424141,0.00939297763601817,-0.0156321789878437,0.017077131914481,-0.00920134098409808,-0.0774987810463407,0.0225736907424141,0.00939297763601817,-0.0156321789878437,0.017077131914481,-0.00920134098409808,-0.0774987810463407,-0.0390970556657328,-0.0687162158605843,0.0544733584117205,-0.0508859746933631,-0.00932518429840595,0.092522442164003,-1.36616789904318,-0.158335551415136,-0.402464065708419,-0.505108442373184,0.496657675618622,-5.15844842607839,-0.0310418941970586,-0.0798783457295605,0.011424934070637,-0.046857644567955,-0.0236638209979911,-0.0157894071368932,0.0531796316941662,0.0102230082160923,0.0304231123943876,-0.0171764876699562,0.0270571704285739,-0.0192150291848594,0.0227863361547724,0.014937807791263,0.0264742607038233,0.0306847324012427,0.0272005050564053,0.021759452933539,-2.83083774240424,-2.52490825411113,-2.27947659261417,-2.69395403975801,-2.47609372056447,-2.36506450532954,0.0610529616414741,0.0775854807213692,0.102384582517914,0.0594958842068054,0.0779080472983688,0.0900666452953546,0.0145185292737399,0.0205551075049944,0.0274162453532399,0.0130488017890729,0.00513729571548709,0.0308130682545555,0.173116491096305,0.22877781134469,1.75539223521777,0.456023437082279,0.104851410686835,-7.32588917395974,0.197021812794943,0.66026609686173,-2.48690161212453,1.18153566411829,0.378123514505859,3.57191550759801,-0.0124525927648503,0.461458123115457,0.608773971638773,-0.0211022213430098,0.242192296594085,0.293923579219118,0.00400533163993741,0.230232292227476,0.336899475626856,0.0222720988931438,0.78201694012933,0.949897169190325,0,-0.00349792225315504,0,-0.00433348857446969,0,-0.0123610595385903,0,-0.0250069561012358,0,-0.0398450773003161,0,-0.007088091222891
1996,7.376924208736,7.7751486683185,7.33103870421407,6.19180606469881,6.610344202382,9.36368428206556,0.0138741066476982,0.0103252700804255,0.0133661217964773,0.0336337748092053,0.025739977776329,0.043264951521989,7.40781757790243,7.784075340413,7.33958540067827,6.20428587474832,6.64563253555181,9.35563391562965,0.0197605197128858,0.0149184536004601,0.0148247270377846,0.0337525253201241,0.0211832336458198,0.0317166628329275,-0.0308933691664235,-0.00892667209450426,-0.00854669646419826,-0.0124798100495092,-0.0352883331698068,0.0080503664359064,-0.0250069561012358,-0.00433348857446969,-0.007088091222891,-0.0123610595385903,-0.0398450773003161,-0.00349792225315504,0.0130875575311524,0.00463129697671593,0.0427988082684605,0.0115902101305032,0.034722701641015,0.0119105716431687,0.605986401583468,0.667218548222083,0.667282771570839,0.584729081405478,0.564802537696761,0.524466303981924,0.704956080267854,0.590191560297572,0.601776873275853,0.607023110421768,0.647139562911731,0.695612518416013,0.443593770203329,0.343062079678634,0.329000007299643,0.394145267343091,0.393776578311138,0.48555552936751,0.261362310064526,0.247129480618939,0.27277686597621,0.212877843078677,0.253362984600593,0.210056989048504,0.0537484542671766,0.0648057738859005,0.0984310816346867,0.060750576757128,0.0782925851193166,0.091369116259566,NA,NA,NA,NA,NA,0.026,922.65,1105.731,1305.748,292.655,365.161,5477.339,1246.9737,1928.56,1047.7454,345.3,488.946,8073.122,-48.5840000000001,-70.169,-69.238,-6.58199999999999,-28.681,-285.7045,-3.51060000000006,-3.39999999999998,46.332,10.666,-4.08100000000001,193.659,35.4669999999999,5.26799999999992,62.3889999999999,2.15799999999996,22.274,-54.8154999999997,28.8897,14.821,-15.7,5.83199999999999,-4.897,-616.129197,45.0734,66.769,115.57,17.248,24.6,479.3635,0.02,0.02,0.02,0.02,0.02,0.02,0.739911354986877,0.573345397602356,1.24624550964385,0.847538372429771,0.746832983601461,0.678466025906706,0.690885930032763,0.542279978736059,1.18535711866352,0.860265065205798,0.682672147638612,0.686730676623015,0.0180207470524844,0.0266338754745817,0.0474362310426581,0.0127790643103226,0.0114779899887164,0.0235555603115054,0.0145185292737399,0.0205551075049944,0.0274162453532399,0.0130488017890729,0.00513729571548709,0.0308130682545555,-0.00281529594409253,-0.00176297341021279,0.0442206665856037,0.0308890819577179,-0.00834652497412804,0.0239881176080332,0.0231678502922716,0.00768500850375408,-0.0149845563626431,0.016889661164205,-0.0100154209258282,-0.0763185787357109,0.0231678502922716,0.00768500850375408,-0.0149845563626431,0.016889661164205,-0.0100154209258282,-0.0763185787357109,-0.0259831462363641,-0.00944798191396687,0.0592052229482468,0.0139994207935129,0.00166889595170016,0.100306696343744,-8.22927704665855,-4.35911764705884,-0.338858672192006,0.546784174010875,1.19995099240382,-3.18151594813564,-0.0208360429965769,-0.0283968488847945,-0.00321556445705442,0.0181100176473953,-0.0198245149628444,0.000432557296527785,0.0284424603341673,0.00273157174264732,0.059545954580187,0.00624963799594543,0.0455551328776592,-0.00678987633284864,0.0138741066476982,0.0103252700804255,0.0133661217964773,0.0336337748092053,0.025739977776329,0.043264951521989,-2.92344037020785,-2.73636057641588,-2.31839865452923,-2.80097870286205,-2.547302378818,-2.39284775412557,0.0589634368017267,0.0800656581447365,0.10233775703788,0.0676130653798862,0.0840709897846739,0.0939432403333532,0.0180207470524844,0.0266338754745817,0.0474362310426581,0.0127790643103226,0.0114779899887164,0.0235555603115054,0.367579619541311,0.857348023833555,0.779068559357804,-1.00411509378101,0.178894021819829,-2.85015799458092,0.0574252226620684,0.0567503505360883,-0.726257762335867,2.42710989424546,0.130087534691115,2.90249623746325,-0.00405519712877252,0.3908477921852,0.461458123115457,-0.011057319618724,0.255042065216786,0.242192296594085,0.0134868112334161,0.264353254023913,0.230232292227476,0.0336253077487862,0.776402394927661,0.78201694012933,0.0080503664359064,0,0,-0.00892667209450426,0,-0.0124798100495092,0,-0.0308933691664235,0,-0.0352883331698068,0,-0.00854669646419826
1997,7.40188080242114,7.79352206282617,7.35011284295321,6.23341316864761,6.64558874916368,9.40754376577506,0.0249565936851326,0.0183733945076723,0.0190741387391391,0.0416071039488086,0.0352445467816818,0.0438594837095003,7.4280070979898,7.79811034628463,7.35676692760097,6.23880472971451,6.66791840551221,9.39386151847148,0.0201895200873725,0.0140350058716274,0.017181526922708,0.0345188549661959,0.0222858699603972,0.0382276028418342,-0.0261262955686634,-0.00458828345845941,-0.00665408464776718,-0.00539156106689642,-0.0223296563485222,0.0136822473035725,-0.0308933691664235,-0.00892667209450426,-0.00854669646419826,-0.0124798100495092,-0.0352883331698068,0.0080503664359064,0.00870958183706616,0.00145404018046058,0.0251232565455357,0.0265629559097791,0.0243514042078727,0.0167488019943169,0.619392135082142,0.67641380721669,0.66842837847273,0.599048243296296,0.558839433005775,0.53948038087931,0.707747680615944,0.59438962035605,0.601898866659681,0.609495102944293,0.635505759392941,0.693818606342097,0.442365419070663,0.344878875542249,0.323811479741128,0.39485966659701,0.378691672296867,0.48456002385795,0.265382261545281,0.249510744813801,0.278087386918553,0.214635436347284,0.256814087096073,0.209258582484147,0.0496356148051807,0.0604134278590362,0.0764818326353936,0.0587210196306231,0.0644729311180548,0.0886034715032245,NA,NA,NA,NA,NA,0.025625,987.8,1154.6,1384.062,293.873,382.63,5616.935,1289.6692,1967.18,1095.0916,369.66,518.971,8577.552,-47.8653,-59.55,-32.637,-5.92000000000002,-20.028,-179.90525,-2.06900000000005,7.25100000000005,67.2289999999999,11.265,3.51499999999998,305.406,17.2846999999999,-10.681,45.6769999999998,-4.702,-2.55900000000003,-40.3092499999998,22.936,19.861,-20.34,9.107,-2.409,-620.265018,45.7963,66.801,99.8659999999999,17.185,23.543,485.31125,0.02,0.02,0.02,0.02,0.02,0.02,0.765932845414933,0.586931546681036,1.26387783451174,0.794981875236704,0.737285898441339,0.654841264733808,0.739911354986877,0.573345397602356,1.24624550964385,0.847538372429771,0.746832983601461,0.678466025906706,0.011431127126011,0.0228173822356271,0.0385313497825213,-0.00749733069366574,0.00343743255807213,0.0179083858855953,0.0180207470524844,0.0266338754745817,0.0474362310426581,0.0127790643103226,0.0114779899887164,0.0235555603115054,-0.00160428736299203,0.00368598704744866,0.0613912114749121,0.0304739490342476,0.00677301814552254,0.0356052635996844,0.0177844054894077,0.0100961782856678,-0.0185737887131999,0.0246361521398041,-0.0046418778698617,-0.0723125919842864,0.0177844054894077,0.0100961782856678,-0.0185737887131999,0.0246361521398041,-0.0046418778698617,-0.0723125919842864,-0.0193886928523997,-0.00641019123821918,0.079965000188112,0.0058377968944435,0.0114148960153842,0.107917855583971,-11.0855485741902,2.73907047303819,-0.302548007556263,0.808433200177542,-0.685348506401142,-2.0309522995619,-0.013035414489003,-0.0191313951881784,0.0228598616923908,0.0379712797279134,0.00333558558745041,0.0176968777140891,0.0134024290880172,-0.0054295997315955,0.0417106660301292,-0.0127197965698209,-0.00493091136113584,-0.00469938859012452,0.0249565936851326,0.0183733945076723,0.0190741387391391,0.0416071039488086,0.0352445467816818,0.0438594837095003,-3.00304666249191,-2.80654388320285,-2.57070204824322,-2.83495753054491,-2.7415098158559,-2.42358424038672,0.0537484542671766,0.0648057738859005,0.0984310816346867,0.060750576757128,0.0782925851193166,0.091369116259566,0.011431127126011,0.0228173822356271,0.0385313497825213,-0.00749733069366574,0.00343743255807213,0.0179083858855953,0.439295633646199,1.6794591391194,2.18526768711509,0.14265278498535,-0.360050476184091,-0.758034578827363,0.0616524010193652,-0.271304769740307,-3.48174230765804,0.579832193197752,0.709433092082707,1.5071163403137,-0.00169240822841316,0.303411118456932,0.3908477921852,-0.0107778130538555,0.266186299233205,0.255042065216786,0.00405950325901853,0.228067541375384,0.264353254023913,0.0160684047763573,0.767031722631189,0.776402394927661,0.0136822473035725,0,0,-0.00458828345845941,0,-0.00539156106689642,0,-0.0261262955686634,0,-0.0223296563485222,0,-0.00665408464776718
1998,7.4358240985392,7.81426162666531,7.3679957197056,6.27884324755639,6.68770888428674,9.45522022971079,0.0339432961180659,0.0207395638391441,0.0178828767523918,0.0454300789087752,0.0421201351230502,0.0476764639357334,7.4488524752181,7.81282977517319,7.37301457893227,6.27417754788409,6.69249001635147,9.43562053350358,0.0208453772282962,0.0147194288885633,0.0162476513313008,0.0353728181695825,0.0245716108392644,0.0417590150320919,-0.0130283766788937,0.00143185149212144,-0.00501885922667622,0.00466569967229624,-0.0047811320647364,0.019599696207214,-0.0261262955686634,-0.00458828345845941,-0.00665408464776718,-0.00539156106689642,-0.0223296563485222,0.0136822473035725,0.00904411428570561,0.00689981342503465,0.023409221798083,0.0204643437117094,0.0260066740189542,0.00735497683906505,0.632770965265538,0.692023843048891,0.670810021346547,0.613752756399383,0.554327846322231,0.555963070477571,0.708677794390904,0.596537089555028,0.602821654067945,0.612031867027775,0.625073759572391,0.69058247343957,0.439960051947991,0.343815321955185,0.320069649878856,0.395982098592188,0.364684569890547,0.482615673664825,0.268717742442913,0.252721767599843,0.282752004189089,0.216049768435586,0.260389189681844,0.207966799774745,0.0461488155497064,0.0586913216698424,0.0645801994419325,0.0585525039728046,0.0590361445783133,0.0853291875373313,NA,NA,NA,NA,NA,0.021625,1056.933,1236.273,1457.787,305.239,409.436,5641.851,1346.3176,2022.31,1141.2568,394.839,555.559,9062.817,-32.1947,-53.581,-34.077,-5.27199999999999,-14.594,-85.1667499999999,13.3911,14.184,55.306,11.935,7.99499999999998,394.12175,36.9383,28.092,39.6480000000001,6.09399999999999,12.212,-60.2507500000006,1.16559999999998,19.478,-43.531,11.97,0.558000000000007,-658.515292,45.5858,67.765,89.383,17.207,22.589,479.2885,0.02,0.02,0.02,0.02,0.02,0.02,0.785054730028041,0.611317256009217,1.27735230142769,0.773072062283614,0.73698023072257,0.622527300286434,0.765932845414933,0.586931546681036,1.26387783451174,0.794981875236704,0.737285898441339,0.654841264733808,0.00232162345852088,0.0177351765227117,0.0282661460367932,-0.00547586339744465,-0.0062749279700729,0.0188053303833213,0.011431127126011,0.0228173822356271,0.0385313497825213,-0.00749733069366574,0.00343743255807213,0.0179083858855953,0.0099464643409549,0.00701376149057265,0.0484606093913307,0.030227510453628,0.0143909107763531,0.043487775379333,0.000865768968629678,0.00963155994877143,-0.038143036694283,0.0303161541792984,0.00100439377275862,-0.072661214719441,0.000865768968629678,0.00963155994877143,-0.038143036694283,0.0303161541792984,0.00100439377275862,-0.072661214719441,0.00908069537232523,-0.00261779845819878,0.0866036460856137,-8.86437256704571e-05,0.0133865170035945,0.116148990098774,0.0870428866933997,1.37323745064862,-0.78709362456153,1.00293255131965,0.0697936210131343,-1.6708423019029,0.00762484088243403,-0.010721415032139,0.0201944633545375,0.0357033738510726,0.020665838746426,0.0246824449960116,0.0274365424621947,0.0138910453886892,0.0347406473284542,0.0154341389781658,0.0219814637149249,-0.00664812607382457,0.0339432961180659,0.0207395638391441,0.0178828767523918,0.0454300789087752,0.0421201351230502,0.0476764639357334,-3.0758839835911,-2.83546340515885,-2.73984742536423,-2.83783142345142,-2.82960540268002,-2.4612387078978,0.0496356148051807,0.0604134278590362,0.0764818326353936,0.0587210196306231,0.0644729311180548,0.0886034715032245,0.00232162345852088,0.0177351765227117,0.0282661460367932,-0.00547586339744465,-0.0062749279700729,0.0188053303833213,0.121411853773524,0.727277451069096,2.09775616453829,0.249927437042426,20.5285922744483,-0.581956770236215,-0.520161299066544,-0.287617694288974,-3.59647692881867,1.37963343266996,47.0802439796429,1.34578892200483,-0.000138817697037795,0.234756203395461,0.303411118456932,-0.012542506120136,0.250137370115919,0.266186299233205,0.000344822908470876,0.186945002826786,0.228067541375384,0.00588887777209014,0.73692863505598,0.767031722631189,0.019599696207214,0,0.00143185149212144,0,0.00466569967229624,0,0,-0.0130283766788937,0,-0.0047811320647364,0,-0.00501885922667622
1999,7.46925218299855,7.83533374353398,7.38463640803771,6.32804592060736,6.73085328827459,9.50232873564465,0.033428084459346,0.0210721168686661,0.0166406883321164,0.0492026730509654,0.0431444039878581,0.0471085059338634,7.47032940069534,7.82898661642148,7.38926408346703,6.3094819495687,6.72076561680387,9.47858679167016,0.021476925477244,0.0161568412482831,0.0162495045347564,0.0353044016846074,0.0282756004523987,0.0429662581665848,-0.0010772176967917,0.0063471271125044,-0.00462767542931619,0.0185639710386543,0.010087671470723,0.0237419439744926,-0.0130283766788937,0.00143185149212144,-0.00501885922667622,0.00466569967229624,-0.0047811320647364,0.019599696207214,0.00219925659248598,0.00572755022775606,0.0146649544652639,0.0129143695930409,0.0258488274967963,0.0137164166030059,0.64650467347753,0.706038313799175,0.674214384364596,0.62846892520902,0.551161993020929,0.573555034250218,0.708805424197205,0.599366094950157,0.605258108876683,0.614473046992524,0.615457068829072,0.686533309139879,0.437431405374383,0.341671874881441,0.317578372920571,0.397426515104442,0.352140242733441,0.480086981495431,0.271374018822822,0.257694220068716,0.287679735956112,0.217046531888083,0.263316826095631,0.206446327644448,0.0406301061656699,0.0519901348650339,0.0514457873475343,0.0555957790452727,0.0495974950908078,0.0825300951762108,NA,NA,NA,NA,NA,0.0205,1048.138,1269.427,1438.827,288.667,406.577,5653.462,1395.148,2077.24,1177.5497,420.143,595.242,9631.172,-21.5443,-38.7719999999999,-20.898,1.18800000000002,-7.382,-50.8889999999997,21.399,25.5020000000001,54.099,18.158,12.925,414.7335,-30.3393000000001,-5.61799999999994,-39.8580000000001,-15.384,-10.241,-39.2779999999989,5.74379999999999,11.927,-47.641,17.278,3.501,-674.38194,42.9433,64.274,74.997,16.97,20.307,465.6225,0.02,0.02,0.02,0.02,0.02,0.02,0.751273699994553,0.611112341376057,1.22188218467552,0.687068450503757,0.683044879225592,0.586996265875015,0.785054730028041,0.611317256009217,1.27735230142769,0.773072062283614,0.73698023072257,0.622527300286434,0.00379233365145503,0.0149974412023746,0.0249451364606563,-0.00474656417000719,-0.0133717163603728,0.0127373162511183,0.00232162345852088,0.0177351765227117,0.0282661460367932,-0.00547586339744465,-0.0062749279700729,0.0188053303833213,0.0153381576721609,0.0122768673817181,0.0459420099211099,0.0432186184227751,0.0217138575570944,0.0430615817057364,0.00411698257102472,0.00574175348058001,-0.0404577403399619,0.041124093463416,0.00588164141643232,-0.0700207555217579,0.00411698257102472,0.00574175348058001,-0.0404577403399619,0.041124093463416,0.00588164141643232,-0.0700207555217579,0.0112211751011362,0.00653511390113807,0.0863997502610718,0.00209452495935913,0.0158322161406621,0.113082337227494,0.268414411888406,0.467688808720884,-0.880626259265421,0.951536512831808,0.270870406189556,-1.62606092828286,0.0115458240207059,-0.00272057382065647,0.0209968734604536,0.0479651825927823,0.0350855739174673,0.030324265454618,-0.0217462950167295,-0.00270455026862565,-0.0338482528593061,-0.0366161045167954,-0.0172047671367276,-0.00407821602604531,0.033428084459346,0.0210721168686661,0.0166406883321164,0.0492026730509654,0.0431444039878581,0.0471085059338634,-3.20324595599872,-2.95670129253268,-2.96722669862507,-2.88964799705933,-3.00381494872799,-2.49459226214653,0.0461488155497064,0.0586913216698424,0.0645801994419325,0.0585525039728046,0.0590361445783133,0.0853291875373313,0.00379233365145503,0.0149974412023746,0.0249451364606563,-0.00474656417000719,-0.0133717163603728,0.0127373162511183,-0.112262226690411,-73.1887272815412,-0.449704055466579,0.0551902887771381,0.247921186925467,-0.358484250799767,0.454046476882312,59.912106775251,0.828229912087054,0.502520970089042,0.402590452355008,1.21194281053346,0.00360564418023886,0.117153117048045,0.234756203395461,-0.0113600286993639,0.206489225722385,0.250137370115919,-0.00239263977422602,0.11127975933757,0.186945002826786,-0.000544347517499551,0.692866916154651,0.73692863505598,0.0237419439744926,0,0.0063471271125044,0,0.0185639710386543,0,0,-0.0010772176967917,0.010087671470723,0,0,-0.00462767542931619
2000,7.50982774681193,7.86369302202055,7.42272281320905,6.36937741792806,6.78155249815651,9.53097055748629,0.0405755638133822,0.0283592784865725,0.0380864051713354,0.0413314973207006,0.0506992098819152,0.0286418218416387,7.49181742876446,7.8456594389792,7.40490645241329,6.34233006635854,6.74842520236474,9.51892277783692,0.021488028069121,0.016672822557724,0.0156423689462608,0.0328481167898342,0.0276595855608743,0.0403359861667578,0.0180103180474696,0.0180335830413529,0.0178163607957584,0.0270473515695207,0.0331272957917639,0.0120477796493734,-0.0010772176967917,0.0063471271125044,-0.00462767542931619,0.0185639710386543,0.010087671470723,0.0237419439744926,0.0140761972308079,-0.003437025414037,0.0174078877021282,0.0321780301081613,0.0335580961753799,0.0337238360624132,0.660614603216881,0.711466765791854,0.679288558953856,0.643279539408804,0.550486037020308,0.591333955425221,0.708594383593934,0.605443036657929,0.608656664924795,0.616602593186571,0.607047734438094,0.681869631652325,0.435071560082014,0.341175370893324,0.315611431034819,0.398671958043204,0.341115445349381,0.476920076320556,0.273522823511921,0.264267665764605,0.293045233889975,0.217930635143367,0.265932289088713,0.204949555331768,0.0416032049214893,0.0532051075012585,0.052793699312009,0.0538648338743258,0.0503840600919383,0.08221723255591,NA,NA,NA,NA,NA,0.021,1081.878,1334.942,1470.633,283.043,424.11,5419.157,1473.5173,2129.66,1244.7442,452.191,647.569,10250.952,-19.342199999999,-36.5079999999999,-30.124,5.136,-7.51999999999998,31.319,24.263700000001,31.0320000000001,45.837,20.685,12.965,496.131,14.397800000001,29.0070000000001,1.68200000000002,-0.487999999999971,10.013,-202.986,10.0966,13.621,-49.851,20.799,5.20099999999999,-716.458965,43.6059,67.54,75.961,15.549,20.485,464.812,0.02,0.02,0.02,0.02,0.02,0.02,0.734214657676567,0.626833391245551,1.18147407314692,0.625936827579496,0.654926347617011,0.528649144001455,0.751273699994553,0.611112341376057,1.22188218467552,0.687068450503757,0.683044879225592,0.586996265875015,-0.00929504638401417,0.0168637195054754,-0.0031263145457731,-0.0125730129228226,-0.0213389820572381,0.0109687282393613,0.00379233365145503,0.0149974412023746,0.0249451364606563,-0.00474656417000719,-0.0133717163603728,0.0127373162511183,0.0164665185810855,0.0145713400261075,0.0368244334860126,0.0457439444836363,0.0200210325077328,0.0483985292292852,0.00685204035269894,0.00639585661561002,-0.0400491924364861,0.0459960503415592,0.00803157655786487,-0.069891944182355,0.00685204035269894,0.00639585661561002,-0.0400491924364861,0.0459960503415592,0.00803157655786487,-0.069891944182355,0.00961447822838658,0.00817548341049747,0.0768736259224987,-0.000252105857922874,0.0119894559498679,0.11829047341164,0.416119553077214,0.438934003609178,-1.08757117612409,1.00551124002901,0.401156961048977,-1.44409231634387,0.0257615649650997,-0.00229237947936786,0.0399507480317857,0.058316957406459,0.0413600145649709,0.037429800989924,0.00977104238952674,0.0136204840209236,0.00135128165288902,-0.00107918998830134,0.0154624449286486,-0.0198016730543661,0.0405755638133822,0.0283592784865725,0.0380864051713354,0.0413314973207006,0.0506992098819152,0.0286418218416387,-3.1795780733005,-2.93360088158003,-2.94136342660241,-2.92127744675239,-2.98808042194519,-2.49839035709238,0.0406301061656699,0.0519901348650339,0.0514457873475343,0.0555957790452727,0.0495974950908078,0.0825300951762108,-0.00929504638401417,0.0168637195054754,-0.0031263145457731,-0.0125730129228226,-0.0213389820572381,0.0109687282393613,0.544875041092697,1.07268405389378,0.0773684893331455,0.205671178375225,0.758893897956093,-0.187990904900688,0.965266295384306,-0.926868125670307,0.911312904587197,0.748286112742515,0.712022689748938,0.829493001114369,0.000659726373067333,-0.00143133003267226,0.117153117048045,-0.0116019025797691,0.158120653379416,0.206489225722385,-0.00282104740932015,0.043842001295621,0.11127975933757,-0.000411408189249438,0.633837370740911,0.692866916154651,0.0120477796493734,0,0.0180335830413529,0,0.0270473515695207,0,0.0180103180474696,0,0.0331272957917639,0,0.0178163607957584,0
2001,7.52864427053704,7.87992203338325,7.44258851006902,6.39234733319754,6.81999491628686,9.53264234221246,0.018816523725107,0.0162290113626966,0.0198656968599717,0.0229699152694876,0.0384424181303471,0.00167178472616847,7.51151319364186,7.8612654560219,7.41822173773259,6.37290096825438,6.78060911464959,9.55053716720033,0.0196957648773948,0.0156060170426953,0.0133152853192939,0.0305709018958407,0.0321839122848484,0.031614389363412,0.0171310768951818,0.0186565773613543,0.0243667723364362,0.0194463649431675,0.0393858016372626,-0.0178948249878701,0.0180103180474696,0.0180335830413529,0.0178163607957584,0.0270473515695207,0.0331272957917639,0.0120477796493734,0.0188452865948605,0.0142321213100951,0.0301797719316257,0.0428199207647779,0.040780201098567,0.0301053709062549,0.674450208365949,0.715713215476361,0.686351901354539,0.658460689619488,0.552643128051572,0.610284420862671,0.707877224458666,0.611080018175063,0.611736030420105,0.618204396350409,0.601754619108521,0.676708905358067,0.432581985843736,0.339521120369756,0.313359176549241,0.399446282619355,0.332494688112093,0.473139334539766,0.275295238614929,0.271558897805307,0.298376853870864,0.218758113731054,0.269259930996428,0.203569570818301,0.0431715960579659,0.0495909185567613,0.0537741231156924,0.0513667534614882,0.0490792483082219,0.0848503743294391,NA,NA,NA,NA,NA,0.021,1111.179,1346.328,1530.486,282.68,427.01,5592.977,1530.0709,2195.53,1308.6231,482.941,700.958,10581.929,-21.686600000001,-68.6020000000001,-41.625,-2.25900000000001,-3.18900000000002,-202.19625,25.019799999999,-2.4010000000001,37.457,12.28,17.626,257.62125,7.61439999999914,-57.2160000000001,18.2280000000001,-2.62200000000001,-0.289000000000044,-28.3762500000003,8.90530000000001,5.67700000000002,-49.097,17.225,8.21900000000001,-806.248074,46.7064,66.201,79.082,14.539,20.815,459.8175,0.02,0.02,0.02,0.02,0.02,0.02,0.726227131043405,0.613213210477652,1.16953918970252,0.585330299146273,0.609180578579601,0.528540401282224,0.734214657676567,0.626833391245551,1.18147407314692,0.625936827579496,0.654926347617011,0.528649144001455,0.00389853939815738,0.0116367208614141,0.00419535014680361,-0.00847065551226657,-0.0182925074680688,0.0271929955808935,-0.00929504638401417,0.0168637195054754,-0.0031263145457731,-0.0125730129228226,-0.0213389820572381,0.0109687282393613,0.0163520527055308,-0.0010935856034762,0.0286232147361605,0.0254275366970292,0.0251455864688041,0.024345395815829,0.00582018780959759,0.0025857082344582,-0.0375180600128486,0.0356668827040984,0.0117253815492512,-0.0761910303877488,0.00582018780959759,0.0025857082344582,-0.0375180600128486,0.0356668827040984,0.0117253815492512,-0.0761910303877488,0.0105318648959332,-0.0036792938379344,0.0661412747490091,-0.0102393460070692,0.0134202049195529,0.100536426203578,0.355930103358155,-2.36443148688038,-1.31075633392957,1.40268729641694,0.466299784409396,-3.12958684114761,0.0124535133073734,-0.0127303064648903,0.0244278645893569,0.0338981922092958,0.0434380939368729,-0.00284759976506447,0.00497650141571815,-0.0260602223608879,0.013929144304422,-0.00542923462700416,-0.000412292890586945,-0.0026815762986125,0.018816523725107,0.0162290113626966,0.0198656968599717,0.0229699152694876,0.0384424181303471,0.00167178472616847,-3.14257249863731,-3.00394755562862,-2.92296291050351,-2.96876413561461,-3.01431897490011,-2.4668658756506,0.0416032049214893,0.0532051075012585,0.052793699312009,0.0538648338743258,0.0503840600919383,0.08221723255591,0.00389853939815738,0.0116367208614141,0.00419535014680361,-0.00847065551226657,-0.0182925074680688,0.0271929955808935,-0.488078422420692,-0.854373452138066,-0.351519993165367,0.208603292108468,0.399873209107266,-250.067275981019,2.04719852045813,-0.0802915630939098,2.39828188264377,0.626193316152205,0.549681139871989,223.880697374204,0.00177583490472692,-0.0465363884485924,-0.00143133003267226,-0.00641932249879539,0.169150128302237,0.158120653379416,-0.000511670248539334,-0.00659794996260915,0.043842001295621,0.00418320455893109,0.645652404984226,0.633837370740911,0,-0.0178948249878701,0.0186565773613543,0,0.0194463649431675,0,0.0171310768951818,0,0.0393858016372626,0,0.0243667723364362,0
2002,7.53926517126731,7.87763686722083,7.44528417014837,6.39480217569517,6.84717668314746,9.55237168076618,0.0106209007302729,-0.00228516616241681,0.00269566007934774,0.00245484249762296,0.0271817668606014,0.0197293385537183,7.52964050280117,7.87485236524149,7.42890022136473,6.39740169812607,6.81043815633045,9.57606767310682,0.0181273091593122,0.0135869092195948,0.0106784836321445,0.0245007298716962,0.0298290416808547,0.0255305059064899,0.00962466846614252,0.00278450197934266,0.0163839487836395,-0.00259952243090567,0.0367385268170093,-0.0236959923406417,0.0171310768951818,0.0186565773613543,0.0243667723364362,0.0194463649431675,0.0393858016372626,-0.0178948249878701,0.0204326045374374,0.014881256113263,0.0325156654851222,0.0380439961630588,0.040102077237278,0.0125526151046831,0.688843984410119,0.720774115130199,0.692893605527316,0.675624306460414,0.555999684050755,0.630796258091989,0.707267015129543,0.616733270527603,0.614822510953506,0.620092888482894,0.596120081174267,0.671183661889657,0.430431779968325,0.337603681759098,0.311255423320167,0.40026786950495,0.326081853873207,0.4687487046856,0.276835235161218,0.279129588768504,0.30356708763334,0.219825018977944,0.27003822730106,0.202434957204057,0.043011521996006,0.0491225020945862,0.0480089331101363,0.0479199094382344,0.0461628533289619,0.0808556427104921,NA,NA,NA,NA,NA,0.021125,1204.842,1425.025,1570.204,296.585,446.589,6038.233,1578.3304,2223.36,1355.5223,502.901,749.744,10929.108,-50.1209,-90.8509999999999,-39.0359999999999,-11.215,-2.35599999999999,-585.57325,-2.3274,-24.7159999999999,34.4410000000001,2.3310000000001,17.356,-133.3495,43.5421,-12.1539999999998,0.681999999999903,2.68999999999997,17.223,-140.31725,6.3546,-3.685,-52.587,14.834,7.874,-929.15451,47.7935,66.135,73.477,13.5460000000001,19.712,452.22375,0.02,0.02,0.02,0.02,0.02,0.02,0.763364882283203,0.640933092256765,1.15837563129725,0.589748280476674,0.595655317014874,0.552490926066427,0.726227131043405,0.613213210477652,1.16953918970252,0.585330299146273,0.609180578579601,0.528540401282224,0.00842268237020774,0.0221198547774167,0.014458210791819,0.0041747068010204,-0.0120553660096476,0.0248702953804089,0.00389853939815738,0.0116367208614141,0.00419535014680361,-0.00847065551226657,-0.0182925074680688,0.0271929955808935,-0.00147459619354731,-0.0111165083477259,0.0254079184090148,0.00463510710855635,0.0231492349388591,-0.0122013159719897,0.00402615320594472,-0.00165740141047784,-0.0387946402652321,0.0294968592227894,0.0105022514351565,-0.0850164999741973,0.00402615320594472,-0.00165740141047784,-0.0387946402652321,0.0294968592227894,0.0105022514351565,-0.0850164999741973,-0.00550074939949203,-0.00945910693724807,0.0642025586742468,-0.024861752114233,0.0126469835037026,0.0728151840022076,-2.73034287187419,0.149093704482927,-1.52687204204291,6.3637923637921,0.453675962203272,6.9678139775552,-0.00989727856375505,-0.0332363631251426,0.0109497076171958,0.000460400307535943,0.0352046009485067,-0.0370716113523986,0.027587443034741,-0.00546650115141037,0.000503127097208141,0.00534896530331013,0.0229718410550802,-0.0128388565654214,0.0106209007302729,-0.00228516616241681,0.00269566007934774,0.00245484249762296,0.0271817668606014,0.0197293385537183,-3.14628724578618,-3.01343805803287,-3.03636817892873,-3.03822421502993,-3.07557984480704,-2.51508990305683,0.0431715960579659,0.0495909185567613,0.0537741231156924,0.0513667534614882,0.0490792483082219,0.0848503743294391,0.00842268237020774,0.0221198547774167,0.014458210791819,0.0041747068010204,-0.0120553660096476,0.0248702953804089,0.226795702190545,0.797977962304465,-1.29512564604786,0.944935365003184,0.891322208591328,1.03840294125045,0.0397061250161827,0.401030149995174,2.27596949705743,-1.04914592478255,1.71155543484877,0.509438356024539,-0.00120259265635177,-0.083229268616254,-0.0465363884485924,-0.00611098009858013,0.174811066310091,0.169150128302237,-0.00295964876562432,-0.0732628986045699,-0.00659794996260915,-0.00111356898444991,0.591848913673908,0.645652404984226,0,-0.0236959923406417,0.00278450197934266,0,0,-0.00259952243090567,0.00962466846614252,0,0.0367385268170093,0,0.0163839487836395,0
2003,7.54889690862801,7.87232476903435,7.44594948686484,6.39578002562005,6.8761458999908,9.59447708161824,0.00963173736070289,-0.00531209818648648,0.000665316716474074,0.000977849924888474,0.0289692168433424,0.0421054008520656,7.54788855856282,7.8871531748056,7.43800292464225,6.41805209372369,6.84487817492098,9.60049834685873,0.0182480557616511,0.012300809564108,0.00910270327752194,0.0206503955976203,0.0344400185905354,0.0244306737519118,0.00100835006519429,-0.0148284057712518,0.0079465622225916,-0.0222720681036375,0.0312677250698163,-0.00602126524048785,0.00962466846614252,0.00278450197934266,0.0163839487836395,-0.00259952243090567,0.0367385268170093,-0.0236959923406417,0.0178534686073792,0.0131299406416927,0.0311814109604178,0.0226034676071709,0.0392588346178924,0.00501780070989177,0.704233286563479,0.727008539098849,0.696906694657116,0.694722569432104,0.562387271832206,0.651879268538515,0.707346584091164,0.623628289965093,0.617846452458084,0.622846131654707,0.587910094042107,0.66633886575718,0.429333843597695,0.335949658033356,0.3096051966149,0.401170424697259,0.320913311213104,0.464660023661006,0.278012740493469,0.287678631931737,0.308241255843184,0.221675706957448,0.266996782829004,0.201678842096174,0.0387254926372089,0.0456658655111314,0.0440312214209109,0.0429826188107962,0.0413333064629895,0.0787623216924554,NA,NA,NA,NA,NA,0.020875,1301.302,1496.074,1590.148,308.754,440.817,6686.201,1622.3128,2240.81,1399.386,514.901,802.683,11456.45,-66.317,-85.8120000000001,-45.1469999999999,-16.435,-3.00900000000001,-743.26775,-19.6589,-20.7370000000001,23.9910000000001,-3.687,15.45,-267.6825,30.1429999999998,-14.7630000000001,-25.203,-4.26599999999996,-8.78100000000001,-95.2997500000001,7.38569999999999,-7.09199999999998,-55.632,16.62,9.027,-1006.200708,46.6581,65.075,69.138,12.748,18.459,475.58525,0.02,0.02,0.02,0.02,0.02,0.02,0.802127678460036,0.667648752013781,1.13631835676504,0.599637600237716,0.549179439454928,0.583618922091922,0.763364882283203,0.640933092256765,1.15837563129725,0.589748280476674,0.595655317014874,0.552490926066427,0.00835091353157052,0.0240698759549076,0.0136786019223439,0.0111782853713394,-0.0149967957086038,0.0166936677124058,0.00842268237020774,0.0221198547774167,0.014458210791819,0.0041747068010204,-0.0120553660096476,0.0248702953804089,-0.0121178233938609,-0.00925424288538525,0.0171439474169386,-0.00716059980462264,0.0192479471970877,-0.0233652222110689,0.00455257457131571,-0.00316492696837304,-0.0397545780792433,0.0322780495668099,0.0112460336147645,-0.0878283157522618,0.00455257457131571,-0.00316492696837304,-0.0397545780792433,0.0322780495668099,0.0112460336147645,-0.0878283157522618,-0.0166703979651766,-0.00608931591701221,0.056898525496182,-0.0394386493714326,0.00800191358232326,0.064463093541193,-0.375692434469883,0.341997395958911,-2.31886957609103,-4.50772986167616,0.584271844660195,3.75893346782102,-0.0204687369254314,-0.0333241188402929,0.0034653454945947,-0.0183388851759621,0.0342447429056915,-0.0400588899234746,0.0185802639293728,-0.00658824264440097,-0.0180100415467926,-0.00828508781299699,-0.0109395614458012,-0.0083184363393547,0.00963173736070289,-0.00531209818648648,0.000665316716474074,0.000977849924888474,0.0289692168433424,0.0421054008520656,-3.25125717133446,-3.08640418552788,-3.12285631894716,-3.14695945870737,-3.18608665213439,-2.54132054757997,0.043011521996006,0.0491225020945862,0.0480089331101363,0.0479199094382344,0.0461628533289619,0.0808556427104921,0.00835091353157052,0.0240698759549076,0.0136786019223439,0.0111782853713394,-0.0149967957086038,0.0166936677124058,0.215436303755649,0.900965058464865,-0.620140167470298,1.13033915794449,0.322679129388366,0.536291115519714,0.312614790186454,0.346397692198293,0.777246862113559,0.724074049342758,0.41414919325108,0.75061761739921,-0.00268324670033515,-0.107436741774904,-0.083229268616254,-0.00694037287392252,0.183505580364385,0.174811066310091,-0.00433255904814192,-0.195336978976399,-0.0732628986045699,-0.00163464409022047,0.531786588745381,0.591848913673908,0,-0.00602126524048785,0,-0.0148284057712518,0,-0.0222720681036375,0.00100835006519429,0,0.0312677250698163,0,0.0079465622225916,0
2004,7.57717577097946,7.8838786337878,7.4605821228208,6.41574254590261,6.90681603079908,9.62743887298239,0.0282788623514429,0.011553864753453,0.0146326359559543,0.0199625202825553,0.0306701308082795,0.0329617913641478,7.56700982132034,7.89914761147151,7.44836701629541,6.43631273791375,6.87756494251719,9.62568372692468,0.0191212627575199,0.0119944366659173,0.0103640916531544,0.0182606441900592,0.0326867675962088,0.0251853800659489,0.0101659496591173,-0.015268977683716,0.0122151065253915,-0.0205701920111414,0.029251088281887,0.00175514605771099,0.00100835006519429,-0.0148284057712518,0.0079465622225916,-0.0222720681036375,0.0312677250698163,-0.00602126524048785,0.0162043899248108,0.0114871757204513,0.0259577673344431,0.0119033660240619,0.0383709943464696,0.0313297859744708,0.72027763481225,0.735067035580753,0.701046188085191,0.715473147082835,0.573867812683367,0.673368179693625,0.708440720187456,0.632922800765843,0.622498152241058,0.62578897540219,0.57857332197085,0.662325563834375,0.428842446081249,0.334656287356924,0.308882042636137,0.401203289869926,0.316214376315795,0.461001332747499,0.279598274106207,0.298266513408919,0.31361610960492,0.224585685532263,0.262358945655055,0.201324231086877,0.0365100491661428,0.0426556440389981,0.0419765958891877,0.0414828633799076,0.0388006814619218,0.0718879450378473,NA,NA,NA,NA,NA,0.021,1385.396,1574.005,1685.297,320.146,456.06,8045.873,1696.1077,2293.04,1457.3562,531.573,860.059,12217.196,-60.2998,-78.444,-50.438,-9.70099999999999,-0.940999999999974,-710.51475,-12.7892,-14.628,16.311,3.10700000000001,16.163,-229.8575,23.7942,-0.51299999999992,44.7110000000001,1.691,14.302,649.15725,3.58799999999997,-9.51600000000002,-57.882,16.075,9.4880000000001,-1050.228501,47.5106,63.816,66.749,12.808,17.104,480.65725,0.02,0.02,0.02,0.02,0.02,0.02,0.816808979759953,0.686427188361302,1.15640706095051,0.60226158965937,0.530265946871087,0.658569527737789,0.802127678460036,0.667648752013781,1.13631835676504,0.599637600237716,0.549179439454928,0.583618922091922,-0.00612314930532944,0.0128007236008964,0.00151371384075471,0.00558861488716317,-0.0155348840426426,0.00416557268969841,0.00835091353157052,0.0240698759549076,0.0136786019223439,0.0111782853713394,-0.0149967957086038,0.0166936677124058,-0.00754032305849446,-0.00637930432962354,0.0111921848618752,0.00584491687877301,0.0187928967663847,-0.0188142598350718,0.00211543170283347,-0.00414994941213412,-0.039717126121946,0.0302404373435069,0.0110318013066547,-0.0859631376135735,0.00211543170283347,-0.00414994941213412,-0.039717126121946,0.0302404373435069,0.0110318013066547,-0.0859631376135735,-0.00965575476132794,-0.00222935491748942,0.0509093109838213,-0.0243955204647339,0.00776109545973,0.0671488777785017,-0.280549213398802,0.650533223954064,-3.54864815155416,5.17380109430318,0.587019736435073,4.56904169322298,-0.00141717375316502,-0.0191800279305199,0.00967847102112051,0.000256301991609842,0.0343277808090273,-0.0229798325247702,0.0140287082005465,-0.000223720475874786,0.030679527764043,0.00318112469971199,0.0166290917251026,0.0531347168368258,0.0282788623514429,0.011553864753453,0.0146326359559543,0.0199625202825553,0.0306701308082795,0.0329617913641478,-3.31016773666683,-3.15459567994287,-3.17064305674871,-3.18247486762944,-3.24931746905555,-2.63264669120716,0.0387254926372089,0.0456658655111314,0.0440312214209109,0.0429826188107962,0.0413333064629895,0.0787623216924554,-0.00612314930532944,0.0128007236008964,0.00151371384075471,0.00558861488716317,-0.0155348840426426,0.00416557268969841,-0.417071292267803,0.68167143227482,0.0753514923998749,2.12981608883201,0.821365169535888,0.0555775721063588,0.513600457102328,0.339714351693909,-0.55713821850047,-2.22749254647882,0.993623820829384,0.251022118806713,-0.00117278065909043,-0.130808272228761,-0.107436741774904,-0.00614559487285523,0.173905103146769,0.183505580364385,-0.00385496257707622,-0.25812149023016,-0.195336978976399,-0.000679048149810381,0.521572958626654,0.531786588745381,0.00175514605771099,0,0,-0.015268977683716,0,-0.0205701920111414,0.0101659496591173,0,0.029251088281887,0,0.0122151065253915,0
2005,7.59588530931753,7.89269451240866,7.46817731297441,6.43587808719786,6.94171226826204,9.65673294789346,0.0187095383380713,0.0088158786208643,0.00759519015361576,0.0201355412952529,0.0348962374629629,0.0292940749110677,7.58603194712286,7.91148010282399,7.45347331985809,6.45213176338727,6.91224180058031,9.64910850408086,0.0190221258025218,0.0123324913524785,0.00510630356268571,0.0158190254735144,0.0346768580631194,0.0234247771561797,0.00985336219466681,-0.0187855904153302,0.0147039931163215,-0.016253676189403,0.0294704676817306,0.00762444381259897,0.0101659496591173,-0.015268977683716,0.0122151065253915,-0.0205701920111414,0.029251088281887,0.00175514605771099,0.019431022607125,0.00533104202507228,0.0206278213392643,0.0196025152419077,0.0412659606541199,0.0358214324250285,0.736997519521986,0.744317419299386,0.71130024069567,0.737375928554504,0.584030136469975,0.694568068890488,0.708149651904228,0.643443112263265,0.630078918852006,0.628428434546453,0.572928378686029,0.658559333544619,0.427368592877772,0.333511351721928,0.310009085258533,0.400147348369711,0.312673621159214,0.457364009829481,0.280781059026456,0.309931760541337,0.320069833593473,0.228281086176742,0.260254757526815,0.201195323715138,0.0345353241961143,0.0403391348820366,0.0398885181662342,0.0389197428673168,0.0355238345831689,0.0648179507680521,NA,NA,NA,NA,NA,0.020875,1464.489,1651.476,1775.222,328.807,468.129,8502.751,1762.0477,2325.71,1499.0731,553.122,928.122,13039.197,-61.8014000000001,-78.395,-61.44,-2.84700000000001,11.421,-587.8565,-13.9563000000001,-14.901,5.78399999999995,9.61299999999999,27.622,-66.3394999999998,17.2916,-0.923999999999978,28.4849999999999,5.81399999999999,23.49,-130.978499999999,1.97429999999997,-11.378,-60.189,17.041,10.816,-1110.458781,47.8451,63.494,67.224,12.46,16.201,521.517,0.02,0.02,0.02,0.02,0.02,0.02,0.831129032431982,0.710095411723732,1.18421309808041,0.594456557504493,0.504383044470447,0.652091612696702,0.816808979759953,0.686427188361302,1.15640706095051,0.60226158965937,0.530265946871087,0.658569527737789,-0.00283660022697662,0.0177282478593848,0.0131197941845764,-0.000474002936164038,-0.0200240636182036,-0.000183981631233785,-0.00612314930532944,0.0128007236008964,0.00151371384075471,0.00558861488716317,-0.0155348840426426,0.00416557268969841,-0.00792050067657082,-0.00640707568871441,0.00385838422422492,0.0173795292901024,0.0297611736388104,-0.005087698268536,0.00112045774924253,-0.00489226945749899,-0.0401508105241832,0.0308087546689519,0.0116536403619352,-0.0851631263029464,0.00112045774924253,-0.00489226945749899,-0.0401508105241832,0.0308087546689519,0.0116536403619352,-0.0851631263029464,-0.00904095842581335,-0.00151480623121541,0.0440091947484082,-0.0134292253788495,0.0181075332768752,0.0800754280344104,-0.141462995206463,0.763572914569492,-10.4061203319503,1.77270363050037,0.391571935413801,16.7390284973508,-0.0050839004495942,-0.0241353235480992,-0.00926140996035152,0.0178535322262664,0.049785237257014,-0.00490371663730222,0.00981335522301696,-0.000397298029418964,0.0190017418096555,0.0105112434508119,0.0253091727165179,-0.010044982064463,0.0187095383380713,0.0088158786208643,0.00759519015361576,0.0201355412952529,0.0348962374629629,0.0292940749110677,-3.36577258901996,-3.210433192347,-3.22166676175597,-3.24625362838408,-3.33755141107772,-2.73617269596082,0.0365100491661428,0.0426556440389981,0.0419765958891877,0.0414828633799076,0.0388006814619218,0.0718879450378473,-0.00283660022697662,0.0177282478593848,0.0131197941845764,-0.000474002936164038,-0.0200240636182036,-0.000183981631233785,-0.198085879426766,0.74903162725455,0.47183257805798,0.0607304270832341,0.773640579725268,0.0284013652644214,0.553105554705209,0.270703702200346,-0.138760665757582,2.22670822428878,1.14983911688647,-0.785391323638407,-0.00141939201471981,-0.177751704259711,-0.130808272228761,-0.00580381068592226,0.157385712770138,0.173905103146769,-0.0048153002988677,-0.342063355435486,-0.25812149023016,-0.000450616715802384,0.511434437019762,0.521572958626654,0.00762444381259897,0,0,-0.0187855904153302,0,-0.016253676189403,0.00985336219466681,0,0.0294704676817306,0,0.0147039931163215,0
2006,7.62266417818599,7.93063250337195,7.48601212227184,6.4706405505042,6.98135053995688,9.68273748369557,0.0267788688684609,0.0379379909632824,0.0178348092974261,0.0347624633063424,0.0396382716948382,0.0260045358021088,7.60452815552696,7.92559043275976,7.45921666848902,6.47045001941313,6.94645574054267,9.66902937724472,0.0184962084040956,0.014110329935769,0.00574334863092751,0.0183182560258635,0.0342139399623571,0.0199208731638585,0.0181360226590321,0.0050420706121832,0.0267954537828201,0.000190531091075918,0.0348947994142117,0.0137081064508493,0.00985336219466681,-0.0187855904153302,0.0147039931163215,-0.016253676189403,0.0294704676817306,0.00762444381259897,0.0197769360971449,0.00435464424838283,0.0219169731174436,0.0254398670012055,0.0399174782535692,0.0318326473417558,0.754592775061719,0.762488773657322,0.726080254565976,0.761059456677992,0.594025032270901,0.714901435194433,0.705407155275021,0.652746661127705,0.638758086347194,0.630381827019715,0.570657063808749,0.656088385729408,0.425007526623248,0.330533418095412,0.31206190585207,0.398315088902524,0.310934483803954,0.454310575290264,0.280399628651773,0.322213243032293,0.326696180495124,0.232066738117191,0.259722580004796,0.201777810439144,0.032816975750586,0.0394907343491519,0.0387957111842913,0.0372650217300727,0.0345374885982283,0.0659632100246144,NA,NA,NA,NA,NA,0.021,1446.692,1658.161,1799.537,311.664,462.718,8835.025,1846.0208,2426.18,1559.8642,587.444,1004.976,13815.583,-49.0625999999991,-42.5839999999998,-56.24,0.170999999999992,21.322,-475.69875,-1.00249999999907,22.6340000000002,12.631,12.424,37.49,85.1699999999995,-66.8595999999991,-35.8989999999999,-31.925,-16.972,15.911,-143.424750000001,3.24900000000002,-3.928,-67.685,24.272,13.071,-1190.207305,48.0601,65.218,68.871,12.253,16.168,560.86875,0.02,0.02,0.02,0.02,0.02,0.02,0.78368131063312,0.683445168948718,1.15364978566724,0.530542485751833,0.460426915667638,0.639497080941137,0.831129032431982,0.710095411723732,1.18421309808041,0.594456557504493,0.504383044470447,0.652091612696702,-0.0109107797004699,-0.00190888516272731,-0.0010889061149952,-0.0128609729535577,-0.0210331404539828,0.00500919617680351,-0.00283660022697662,0.0177282478593848,0.0131197941845764,-0.000474002936164038,-0.0200240636182036,-0.000183981631233785,-0.000543059969854655,0.00932906874180818,0.00809749976953121,0.0211492499710611,0.0373043734377736,0.00616477784542277,0.00176000183746577,-0.00161900600944695,-0.0433915978070399,0.0413179809479712,0.0130062807470029,-0.0861496257523117,0.00176000183746577,-0.00161900600944695,-0.0433915978070399,0.0413179809479712,0.0130062807470029,-0.0861496257523117,-0.00230306180732042,0.0109480747512551,0.0514890975765711,-0.0201687309769102,0.0242980926907707,0.0923144035977345,-3.24089775561401,-0.173544225501457,-5.35864143773257,1.95363811976819,0.348652974126434,-13.9744899025479,0.0103677197306152,0.0112379539045355,0.00918640588452641,0.0340102229246187,0.0583375138917565,0.00115558166861926,-0.0362182267935438,-0.0147965113882729,-0.0204665252270037,-0.0288912645290445,0.0158322188788588,-0.0103813751471799,0.0267788688684609,0.0379379909632824,0.0178348092974261,0.0347624633063424,0.0396382716948382,0.0260045358021088,-3.41680934410507,-3.23168920803091,-3.24944557494985,-3.28970014752581,-3.36570991885996,-2.71865811624363,0.0345353241961143,0.0403391348820366,0.0398885181662342,0.0389197428673168,0.0355238345831689,0.0648179507680521,-0.0109107797004699,-0.00190888516272731,-0.0010889061149952,-0.0128609729535577,-0.0210331404539828,0.00500919617680351,0.229953710880412,0.0716273085705995,0.0356278828771869,0.201222870032882,0.478503021690998,-0.397727861108468,-0.011445438247947,0.350055675686178,0.26494182502426,0.330901308445915,0.848672857546767,0.489480511468706,-0.00222571261907925,-0.253246390859214,-0.177751704259711,-0.00667375859856587,0.136856014221565,0.157385712770138,-0.00495324575092364,-0.394992295325573,-0.342063355435486,-0.000695023164860586,0.52353949043514,0.511434437019762,0.0137081064508493,0,0.0050420706121832,0,0.000190531091075918,0,0.0181360226590321,0,0.0348947994142117,0,0.0267954537828201,0
2007,7.647654135274,7.95911419577582,7.50052915887177,6.5087578283276,7.01607558707314,9.70384675384888,0.0249899570880086,0.0284816924038758,0.0145170365999281,0.0381172778233951,0.034725047116261,0.021109270153314,7.62240549581898,7.93965880896129,7.46649730916853,6.49029168467202,6.98349312502916,9.68854094548309,0.0178773402920287,0.0140683762015295,0.00728064067951095,0.0198416652588946,0.0370373844864877,0.0195115682383662,0.025248639455012,0.0194553868145295,0.0340318497032372,0.0184661436555764,0.032582462043985,0.0153058083657971,0.0181360226590321,0.0050420706121832,0.0267954537828201,0.000190531091075918,0.0348947994142117,0.0137081064508493,0.0235703220312429,0.0182380186680406,0.0243681201475869,0.020287097707179,0.0349928855707882,0.0254632605584799,0.771285717561213,0.789499147792494,0.742647962120882,0.785256269340237,0.605841654039206,0.732606175308607,0.703181700386305,0.65685448505303,0.644714909584215,0.631747005020245,0.567261924130369,0.655998850999549,0.422799021348506,0.325629487598477,0.313738764477095,0.395888601593601,0.309724208565819,0.452143604790149,0.280382679037799,0.331224997454553,0.33097614510712,0.235858403426644,0.257537715564549,0.2038552462094,0.0360098763247464,0.0408199203816758,0.0426092933904665,0.0413105138867498,0.0367588898638047,0.0679134467644404,NA,NA,NA,NA,NA,0.0205,1500.959,1671.273,1796.277,313.716,455.521,9313.482,1937.8763,2542.22,1621.7145,622.775,1077.541,14474.228,-57.9357000000001,3.93599999999992,-21.503,-1.618,20.287,-593.62325,-5.84050000000011,71.6219999999999,55.174,11.257,37.296,6.39375000000041,-3.66870000000017,17.0479999999998,-24.763,0.434000000000026,13.09,-115.166249999999,1.4341,2.80199999999996,-61.24,23.611,12.562,-1276.984666,52.0952,67.686,76.677,12.875,17.009,600.017,0.02,0.02,0.02,0.02,0.02,0.02,0.774538085841702,0.657406912068979,1.10764070987834,0.503738910521456,0.422741222839781,0.643452763076552,0.78368131063312,0.683445168948718,1.15364978566724,0.530542485751833,0.460426915667638,0.639497080941137,-0.00938001973451895,-0.00385220933780285,0.0041355383817277,-0.00856857743342772,-0.0141861980310501,0.0130401411462571,-0.0109107797004699,-0.00190888516272731,-0.0010889061149952,-0.0128609729535577,-0.0210331404539828,0.00500919617680351,-0.00301386626174236,0.0281730141372501,0.0340220180555825,0.0180755489542772,0.0346121400484993,0.000441733403674476,0.000740036915668973,0.00110218627813484,-0.0377625038192604,0.0379125687447312,0.011658025077468,-0.088224716786277,0.000740036915668973,0.00110218627813484,-0.0377625038192604,0.0379125687447312,0.011658025077468,-0.088224716786277,-0.00375390317741133,0.0270708278591152,0.0717845218748429,-0.019837019790454,0.0229541149710313,0.0886664501899514,-0.245544045886478,0.0391220574683752,-1.10994308913619,2.09745047525984,0.336818961818961,-199.723896930583,0.00636615347277659,0.0320252234750529,0.0298864796738548,0.026644126387705,0.0487983380795495,-0.0125984077425826,-0.00189315489332326,0.0067059499177883,-0.0152696420979155,0.000696880895989765,0.0121480296341392,-0.00795664197081871,0.0249899570880086,0.0284816924038758,0.0145170365999281,0.0381172778233951,0.034725047116261,0.021109270153314,-3.32396203579694,-3.19858507207574,-3.1556828947933,-3.18663823788444,-3.30337518152072,-2.68952122625648,0.032816975750586,0.0394907343491519,0.0387957111842913,0.0372650217300727,0.0345374885982283,0.0659632100246144,-0.00938001973451895,-0.00385220933780285,0.0041355383817277,-0.00856857743342772,-0.0141861980310501,0.0130401411462571,1.0258984054864,0.147944209767759,-0.0898852739555704,0.319680391879841,0.376434582106547,3.29655940488969,-0.329628367506768,1.08198541351562,0.739463192255473,0.674370818031464,0.918442449939891,-0.11167060156822,0.000490593505073994,-0.266245076261014,-0.253246390859214,-0.00481004405692945,0.16396365796867,0.136856014221565,-0.0040610305178711,-0.441542949921728,-0.394992295325573,0.00178937300879071,0.52168437023137,0.52353949043514,0.0153058083657971,0,0.0194553868145295,0,0.0184661436555764,0,0.025248639455012,0,0.032582462043985,0,0.0340318497032372,0
2008,7.65144864136286,7.96795403234496,7.49024507335982,6.52970505595014,7.02371796703452,9.6781067676479,0.00379450608886778,0.00883983656914022,-0.0102840855119455,0.0209472276225391,0.00764237996137851,-0.0257399862009873,7.63849250242063,7.95268803162509,7.46944285171163,6.5078503004779,7.01283408025172,9.70765478532215,0.0160870066016434,0.0130292226637998,0.00294554254309709,0.0175586158058776,0.0293409552225681,0.0191138398390613,0.0129561389422364,0.0152660007198699,0.0208022216481947,0.0218547554722379,0.0108838867827954,-0.0295480176742515,0.025248639455012,0.0194553868145295,0.0340318497032372,0.0184661436555764,0.032582462043985,0.0153058083657971,0.0227472991516864,0.00950229316817541,0.0237613983494223,0.0238363046810877,0.0242246363173235,0.0459590507338019,0.786590194848293,0.816630609952544,0.761474023357663,0.806829018776743,0.618625500519711,0.746896921167114,0.703019498958152,0.656854982914038,0.646820925038726,0.63373857399883,0.56764730997749,0.656809434532051,0.421186900900855,0.320723598084248,0.314091643988727,0.393503398836074,0.309865226736176,0.449929260121823,0.281832598057297,0.33613138482979,0.332729281049998,0.240235175162756,0.257782083241314,0.206880174410227,0.0380885154091484,0.0413433352899257,0.0449140082515113,0.0444064057937753,0.0385097503737479,0.0635963810312835,NA,NA,NA,NA,NA,0.02175,1663.682,1818.691,1867.86,407.016,529.082,10811.145,1989.9997,2589.28,1643.7188,651.299,1112.432,14769.862,-69.6900999999999,-6.80899999999997,-42.473,-0.0229999999999677,-50.731,-1106.3795,-12.5207999999999,62.287,38.205,13.908,-33.189,-514.07575,93.0329000000002,140.609,29.1099999999999,93.277,22.83,391.2835,-0.708500000000015,7.38499999999999,-64.249,24.055,4.715,-1395.091689,57.1693,69.096,80.678,13.931,17.542,592.30375,0.02,0.02,0.02,0.02,0.02,0.02,0.83602123156099,0.702392557004264,1.13636225368962,0.624929563840878,0.475608396737958,0.731973325140073,0.774538085841702,0.657406912068979,1.10764070987834,0.503738910521456,0.422741222839781,0.643452763076552,0.00871213110473974,0.0148487930280423,0.0343575166247597,-0.000181830294340954,0.00272143356657183,0.0273580989868751,-0.00938001973451895,-0.00385220933780285,0.0041355383817277,-0.00856857743342772,-0.0141861980310501,0.0130401411462571,-0.00629186024500401,0.0240557220540073,0.023243026726956,0.021354247434742,-0.0298346325887785,-0.0348057246574139,-0.000356030204426672,0.00285214422542174,-0.0390875860274884,0.0369338813663156,0.00423846131718613,-0.0944552961293748,-0.000356030204426672,0.00285214422542174,-0.0390875860274884,0.0369338813663156,0.00423846131718613,-0.0944552961293748,-0.00593583004057734,0.0212035778285856,0.0623306127544444,-0.0155796339315736,-0.0340730939059646,0.059649571471961,0.0565858411603108,0.11856406633808,-1.68169087815731,1.72958009778544,-0.142065142065142,2.71378622508453,-0.0150039913497437,0.00920692902596496,-0.0111144898978037,0.021536077729083,-0.0325560661553503,-0.062163823644289,0.0467502080527953,0.0543042853611815,0.0177098418537282,0.143216863529654,0.0205226027298747,0.0264920213878776,0.00379450608886778,0.00883983656914022,-0.0102840855119455,0.0209472276225391,0.00764237996137851,-0.0257399862009873,-3.26784247512024,-3.18584404849755,-3.10300554510778,-3.11437154531596,-3.25684381329142,-2.75519871227889,0.0360098763247464,0.0408199203816758,0.0426092933904665,0.0413105138867498,0.0367588898638047,0.0679134467644404,0.00871213110473974,0.0148487930280423,0.0343575166247597,-0.000181830294340954,0.00272143356657183,0.0273580989868751,0.141699501592136,0.33007847390881,1.19622805969318,-0.0015003656582468,0.0514768119024735,0.309059255263694,0.102334715821644,-0.534742184726112,-0.809254087443168,-0.176203748802795,0.564331898017478,0.393193669877945,0.00306307050384955,-0.116853500213712,-0.266245076261014,-0.0032548198807773,0.17416156362163,0.16396365796867,-0.00283358491617785,-0.389897626041896,-0.441542949921728,0.00357067296158561,0.481094987993511,0.52168437023137,0,-0.0295480176742515,0.0152660007198699,0,0.0218547554722379,0,0.0129561389422364,0,0.0108838867827954,0,0.0208022216481947,0
2009,7.62279654264352,7.9109120932829,7.43573446145397,6.49236355760712,6.98530834093942,9.67916193599675,-0.0286520987193448,-0.0570419390620582,-0.0545106119058536,-0.0373414983430234,-0.0384096260951035,0.00105516834885577,7.65038188337553,7.96084755553243,7.46728644413099,6.51890187643711,7.02512877828477,9.72283973917824,0.0118893809549068,0.00815952390733976,-0.00215640758063618,0.0110515759592049,0.0122946980330472,0.015184953856096,-0.0275853407320152,-0.049935462249528,-0.0315519826770227,-0.0265383188299904,-0.0398204373453552,-0.0436778031814917,0.0129561389422364,0.0152660007198699,0.0208022216481947,0.0218547554722379,0.0108838867827954,-0.0295480176742515,0.0010590548620728,0.0195379125918311,0.0175700914923977,0.0043670530462343,0.00231016044111509,-0.0210090380138723,0.802309614382916,0.84225894444961,0.783903928301783,0.826710831118554,0.637841834331193,0.759415254800719,0.704277759534211,0.657182589371144,0.648675713519857,0.636889731439768,0.572508629164698,0.656646651112262,0.420339473834771,0.317102279514404,0.31377170199344,0.391469344035877,0.31108750530806,0.446731412631153,0.28393828569944,0.340080309856741,0.334904011526417,0.245420387403892,0.261421123856638,0.209915238481109,0.0296219469826565,0.0358439119124689,0.0372078207146146,0.032551545885174,0.0346921649196155,0.0574919215309757,NA,NA,NA,NA,NA,0.02205,1899.337,1915.338,2001.847,409.588,672.247,12501.307,1935.8402,2493.97,1584.1068,630.173,1072.99,14478.067,-142.8339,-79.2059999999999,-80.101,-32.148,-120.576,-1916.635,-93.5523999999999,-14.0169999999999,-10.602,-18.899,-102.221,-1295.0815,92.8211000000001,17.441,53.8860000000001,-29.576,22.589,-226.472999999999,-17.0276,-11.646,-79.472,17.879,-16.184,-1696.52463,49.2815,65.189,69.499,13.249,18.355,621.5535,0.02,0.02,0.02,0.02,0.02,0.02,0.981143484880622,0.767987586057571,1.26370709348637,0.649961201130483,0.626517488513406,0.863465198772737,0.83602123156099,0.702392557004264,1.13636225368962,0.624929563840878,0.475608396737958,0.731973325140073,0.0491902559968185,0.0535265054696038,0.0874913521102713,0.0423454467055455,0.0349300500620859,0.057842433682645,0.00871213110473974,0.0148487930280423,0.0343575166247597,-0.000181830294340954,0.00272143356657183,0.0273580989868751,-0.0483265095951618,-0.0056203562993941,-0.00669273056589367,-0.029990177300519,-0.0952674302649605,-0.089451271361018,-0.00879597396520643,-0.00466966322770523,-0.0501683346097624,0.0283715741550336,-0.0150830855832766,-0.117178945918678,-0.00879597396520643,-0.00466966322770523,-0.0501683346097624,0.0283715741550336,-0.0150830855832766,-0.117178945918678,-0.0395305356299553,-0.000950693071688871,0.0434756040438688,-0.0583617514555526,-0.0801843446816839,0.0277276745576603,0.182011364753871,0.830848255689526,7.49594416147897,-0.946028890417484,0.158323632130384,1.30997518688978,-0.0975167655919802,-0.0591468617689979,-0.094184082676165,-0.0723356240060645,-0.130197480327046,-0.147293705043663,0.0479487408103211,0.00699326776184158,0.0340166458473634,-0.0469331437557622,0.0210523863223329,-0.0156424887383101,-0.0286520987193448,-0.0570419390620582,-0.0545106119058536,-0.0373414983430234,-0.0384096260951035,0.00105516834885577,-3.51923974027517,-3.32858154748832,-3.29123630553533,-3.42493041882322,-3.36124141234857,-2.85611083616266,0.0380885154091484,0.0413433352899257,0.0449140082515113,0.0444064057937753,0.0385097503737479,0.0635963810312835,0.0491902559968185,0.0535265054696038,0.0874913521102713,0.0423454467055455,0.0349300500620859,0.057842433682645,0.338957360925735,0.816014662118747,0.687042774955869,1.6916770651327,0.231464185829582,0.439893600149266,0.333005507354702,0.085682655843122,0.0525559620364323,1.19809091804685,0.631290196926754,0.680279844600199,-0.00329236602729487,-0.166860898489853,-0.116853500213712,-0.00622196492981237,0.244945143734966,0.17416156362163,-0.00115174699285343,-0.203596880456632,-0.389897626041896,0.00136390880214567,0.49803124898707,0.481094987993511,0,-0.0436778031814917,0,-0.049935462249528,0,-0.0265383188299904,0,-0.0275853407320152,0,-0.0398204373453552,0,-0.0315519826770227
2010,7.64260235386003,7.95142656326052,7.45090978882602,6.50547048847297,6.98624912138306,9.70654323238949,0.019805811216508,0.040514469977615,0.015175327372047,0.013106930865856,0.000940780443640321,0.0273812963927416,7.66205964922734,7.96607836817749,7.46710783250572,6.52611318583155,7.03795591425331,9.73740900361676,0.0116777658518092,0.00523081264505887,-0.000178611625267777,0.00721130939444325,0.0128271359685357,0.0145692644385154,-0.0194572953673164,-0.0146518049169719,-0.016198043679708,-0.0206426973585776,-0.0517067928702506,-0.0308657712272655,-0.0275853407320152,-0.049935462249528,-0.0315519826770227,-0.0265383188299904,-0.0398204373453552,-0.0436778031814917,0.010835547090104,0.00697323066681843,0.00596059732089671,0.00707762254180011,0.00292409796821235,0.0112934368003907,0.817887554809958,0.870503672629251,0.809371903768979,0.845984365805717,0.661493857894092,0.769224409444835,0.706316910964396,0.652259856520359,0.650732551818151,0.639396719062893,0.579199957843472,0.654755919546814,0.419957998158409,0.312465258710571,0.313009819360058,0.388912120925979,0.312434233676154,0.442206465564823,0.286358912805987,0.339794597809788,0.337722732458093,0.250484598136915,0.266765724167318,0.212549453981992,0.0266976845078046,0.0333366747801171,0.0343967346155825,0.0295077004209108,0.0304010281935063,0.051871276339346,NA,NA,NA,NA,NA,0.021125,2022.365,2247.051,2021.865,445.169,725.007,14281.96,1996.0751,2615.26,1617.9447,643.022,1077.145,15048.971,-142.7605,-115.619,-67.329,-33.932,-102.193,-1885.62225,-92.0526000000001,-51.7679999999999,1.52800000000005,-21.846,-81.756,-1237.1635,-19.7325000000001,216.094,-47.3109999999999,1.64899999999994,-49.433,-104.969250000001,-20.8178,-4.72399999999999,-84.977,19.018,-24.894,-1850.732648,50.7079,63.851,68.857,12.086,20.437,648.45875,0.02,0.02,0.02,0.02,0.02,0.02,1.01317079703063,0.859207497533706,1.24965025071623,0.69230757268025,0.673082082727952,0.949032329187158,0.981143484880622,0.767987586057571,1.26370709348637,0.649961201130483,0.626517488513406,0.863465198772737,-0.00375427380534373,-0.0103751215284804,0.0164109196037269,0.00593979178650598,0.0165613542953301,0.0109704755364831,0.0491902559968185,0.0535265054696038,0.0874913521102713,0.0423454467055455,0.0349300500620859,0.057842433682645,-0.0461168019179239,-0.0197945902128278,0.000944408050534761,-0.0339739542348474,-0.0759006447599905,-0.0822091756306793,-0.0104293671114879,-0.00180632136001774,-0.0525215725852682,0.0295759709621133,-0.0231110946065757,-0.122980677416416,-0.0104293671114879,-0.00180632136001774,-0.0525215725852682,0.0295759709621133,-0.0231110946065757,-0.122980677416416,-0.035687434806436,-0.01798826885281,0.053465980635803,-0.0635499251969606,-0.0527895501534148,0.0407715017857368,0.226151135329148,0.0912532838819347,-55.6132198952862,-0.87054838414355,0.30449141347424,1.4959483107932,-0.0423625281125801,-0.00941946868434734,-0.0154665115531921,-0.0399137460213533,-0.0924619990553206,-0.0931796511671624,-0.00988565009402706,0.0826281134571706,-0.0292414196851103,0.00256445347126528,-0.0458926142719875,-0.00697517790419033,0.019805811216508,0.040514469977615,0.015175327372047,0.013106930865856,0.000940780443640321,0.0273812963927416,-3.62317843989069,-3.40109714328268,-3.36979364307397,-3.52310401848177,-3.49327884898711,-2.95899008441788,0.0296219469826565,0.0358439119124689,0.0372078207146146,0.032551545885174,0.0346921649196155,0.0574919215309757,-0.00375427380534373,-0.0103751215284804,0.0164109196037269,0.00593979178650598,0.0165613542953301,0.0109704755364831,-0.117221007737374,-0.113737465434778,-1.16746839045441,0.140266841505542,0.355664095751031,0.128208991973326,1.43992108054275,0.216998568541764,0.0671849337705378,0.802287256062066,1.63000764938011,0.960756487129126,-0.00382897435920638,-0.215980123834742,-0.166860898489853,-0.00663899027231258,0.164829645303585,0.244945143734966,-0.00293564658661088,-0.244143162268368,-0.203596880456632,0.00106005983546537,0.374608541821817,0.49803124898707,0,-0.0308657712272655,0,-0.0146518049169719,0,-0.0206426973585776,0,-0.0194572953673164,0,-0.0517067928702506,0,-0.016198043679708
2011,7.66668577153656,7.98831734157719,7.45784034846351,6.52304853959612,6.97982935232659,9.72185614767779,0.0240834176765334,0.0368907783166721,0.00693055963749423,0.0175780511231434,-0.00641976905646668,0.0153129152882965,7.67350623224629,7.97475313125676,7.47048521814716,6.53443702075082,7.04463301667018,9.75350011625261,0.0114465830189436,0.00867476307927184,0.00337738564144008,0.00832383491926958,0.00667710241687658,0.0160911126358521,-0.00682046070972664,0.0135642103204283,-0.0126448696836539,-0.0113884811547038,-0.0648036643435939,-0.0316439685748211,-0.0194572953673164,-0.0146518049169719,-0.016198043679708,-0.0206426973585776,-0.0517067928702506,-0.0308657712272655,0.00847873733497728,0.0122223462849043,0.0171401026747002,0.0024236164264737,-0.00146065395400007,0.0206312025680626,0.828320184335627,0.902271387142595,0.833572714261714,0.858212939944982,0.687118729017633,0.772931092273082,0.712047137415553,0.643968809354571,0.654053741921152,0.64557592203721,0.586054025646178,0.653746559781681,0.420049417019101,0.306601780849718,0.311864197335515,0.386722119259467,0.313749081168227,0.437662569220857,0.291997720396452,0.337367028504853,0.342189544585637,0.258853802777744,0.272304944477951,0.216083990560824,0.0276882264081904,0.030252984912225,0.0378689971882396,0.0273693810665163,0.0366368876438434,0.0483972437956695,NA,NA,NA,NA,NA,0.02155,2135.437,2333.568,1965.592,482.495,835.595,15480.026,2062.1414,2746.91,1657.3622,656.013,1068.69,15599.732,-109.3855,-23.0740000000001,-58.412,-28.995,-103.575,-1730.76,-53.3898000000001,44.9059999999999,18.154,-16.811,-77.013,-1039.5525,3.6864999999998,63.4430000000002,-114.685,8.33100000000002,7.01300000000009,-532.694,-17.8653,17.351,-88.071,18.018,-27.33,-1977.971935,55.9957,67.98,76.566,12.184,26.562,691.2075,0.02,0.02,0.02,0.02,0.02,0.02,1.03554344042557,0.849524738706401,1.1859761251946,0.735496095351769,0.781887170273887,0.99232640663314,1.01317079703063,0.859207497533706,1.24965025071623,0.69230757268025,0.673082082727952,0.949032329187158,-0.00478239697603616,-0.015446164046206,0.0168377957419306,0.00500070149232365,0.0302018071889801,0.0114083558293667,-0.00375427380534373,-0.0103751215284804,0.0164109196037269,0.00593979178650598,0.0165613542953301,0.0109704755364831,-0.0258904651252335,0.0163478235544666,0.0109535501654376,-0.0256260165575987,-0.0720629930101339,-0.0666391255952346,-0.00866346992500126,0.00631655205303414,-0.0531392594811201,0.0274659191205052,-0.0255733655222749,-0.1267952510338,-0.00866346992500126,0.00631655205303414,-0.0531392594811201,0.0274659191205052,-0.0255733655222749,-0.1267952510338,-0.0172269952002322,0.0100312715014325,0.0640928096465576,-0.053091935678104,-0.0464896274878589,0.0601561254385652,0.334620095973387,0.386384892887365,-4.85132753112263,-1.07179822735114,0.354875150948541,1.90271480757345,-0.0211080681491973,0.0317939876006727,-0.00588424557649304,-0.0306267180499224,-0.102264800199114,-0.0780474814246013,0.00178770476166173,0.0230961334736122,-0.069197306418597,0.012699443456151,0.00656223975147151,-0.0341476379209591,0.0240834176765334,0.0368907783166721,0.00693055963749423,0.0175780511231434,-0.00641976905646668,0.0153129152882965,-3.58674799555921,-3.49816042458903,-3.27362251779297,-3.5983303697579,-3.30669968700242,-3.02831241325152,0.0266976845078046,0.0333366747801171,0.0343967346155825,0.0295077004209108,0.0304010281935063,0.051871276339346,-0.00478239697603616,-0.015446164046206,0.0168377957419306,0.00500070149232365,0.0302018071889801,0.0114083558293667,-0.213760926306926,1.59522346076086,-0.264437015883485,0.115787741348732,0.277577159948791,0.263508463567589,1.1572376436793,1.68834356468393,0.172025136987809,0.593352468953475,0.66231271565965,1.53922036284019,-0.00288360384570865,-0.144131830986445,-0.215980123834742,-0.00256475850403455,0.198004568936399,0.164829645303585,0.00638390273161848,-0.082966615580514,-0.244143162268368,0.00761601227601462,0.333644386649007,0.374608541821817,0,-0.0316439685748211,0.0135642103204283,0,0,-0.0113884811547038,0,-0.00682046070972664,0,-0.0648036643435939,0,-0.0126448696836539
2012,7.66852243648414,7.99294175285307,7.4260891853941,6.51322164471178,6.95075975943295,9.73725548694351,0.00183666494757517,0.0046244112758842,-0.0317511630694103,-0.0098268948843323,-0.0290695928936406,0.0153993392657252,7.68374657889631,7.99050818238929,7.46335694929573,6.53974927357377,7.04185610716006,9.77088494454772,0.0102403466500238,0.0157550511325315,-0.0071282688514307,0.00531225282295189,-0.00277690951012843,0.0173848282951123,-0.0152241424121753,0.00243357046378101,-0.0372677639016334,-0.026527628861988,-0.0910963477271061,-0.0336294576042082,-0.00682046070972664,0.0135642103204283,-0.0126448696836539,-0.0113884811547038,-0.0648036643435939,-0.0316439685748211,0.0107623466325251,0.0142611864190183,0.0168805172171709,0.0132037418323856,-0.00203161224960535,0.0256841127433214,0.832631330063925,0.937473632879796,0.85410302003293,0.865120969306541,0.715400513903867,0.771316350184782,0.722685717922335,0.640816379873966,0.659410206970536,0.656027209248662,0.592774848449366,0.655777365692563,0.421506920603867,0.302190447662335,0.310989745427816,0.385432521652687,0.314731834914142,0.434290517500794,0.301178797318468,0.338625932211632,0.348420461542719,0.270594687595974,0.278043013535224,0.221486848191769,0.0257281296521508,0.0275050909165707,0.0425225580893695,0.0237391061047265,0.0375217659272734,0.0454615999998966,NA,NA,NA,NA,NA,0.02175,2329.887,2446.682,2240.248,521.193,1001.775,16709.229,2088.2867,2799.28,1632.8985,658.232,1035.964,16253.97,-107.9872,-1.52099999999996,-48.7499999999991,-25.256,-119.094,-1516.88325,-53.0464,62.664,34.8320000000009,-13.802,-87.741,-813.136500000001,86.4628000000002,111.593,225.906000000001,13.442,47.086,-287.680250000001,-20.8869,22.917,-95.842,18.781,-38.068,-2018.842902,54.9408,64.185,83.582,11.454,31.353,703.74675,0.02,0.02,0.02,0.02,0.02,0.02,1.11569307030495,0.874039753079363,1.37194565369495,0.791807447829944,0.966997887957497,1.02800909562402,1.03554344042557,0.849524738706401,1.1859761251946,0.735496095351769,0.781887170273887,0.99232640663314,0.0134266100821779,0.00718674671963703,0.0690944487001485,0.0149259594217538,0.0553777349615218,0.00417310625299476,-0.00478239697603616,-0.015446164046206,0.0168377957419306,0.00500070149232365,0.0302018071889801,0.0114083558293667,-0.0254018760929713,0.0223857563373439,0.0213313932249928,-0.0209682908153964,-0.0846950280125564,-0.0500269472627303,-0.0100019312482333,0.00818674802091967,-0.0586944013972699,0.0285324931027358,-0.0367464506488642,-0.124206141761059,-0.0100019312482333,0.00818674802091967,-0.0586944013972699,0.0285324931027358,-0.0367464506488642,-0.124206141761059,-0.0153999448447381,0.0141990083164242,0.0800257946222627,-0.0495007839181323,-0.0479485773636922,0.0741791944983287,0.393747737829522,0.36571237073918,-2.75155029857595,-1.36074481959136,0.433867861091166,2.48278475016187,-0.0388284861751493,0.0151990096177069,-0.0477630554751557,-0.0358942502371503,-0.140072762974078,-0.0542000535157251,0.0414037018959132,0.0398648938298418,0.138346627178603,0.020421371188274,0.0454513863416103,-0.0176990759795915,0.00183666494757517,0.0046244112758842,-0.0317511630694103,-0.0098268948843323,-0.0290695928936406,0.0153993392657252,-3.66017034665784,-3.59338416720405,-3.15772056529149,-3.74063154405938,-3.28283408965976,-3.09088726540286,0.0276882264081904,0.030252984912225,0.0378689971882396,0.0273693810665163,0.0366368876438434,0.0483972437956695,0.0134266100821779,0.00718674671963703,0.0690944487001485,0.0149259594217538,0.0553777349615218,0.00417310625299476,0.167519302364631,0.293156944976684,0.371536397695496,0.265061284534742,0.299160068387683,0.116950442105441,0.316930672433523,-0.913144736396056,-0.114703701176255,0.372363473662315,0.457537138164612,1.40199487980045,-0.0037659848118442,-0.0988076178648812,-0.144131830986445,-0.00177696126441985,0.244105219812374,0.198004568936399,0.0100166750107027,0.101070452638834,-0.082966615580514,0.0150174671727988,0.450859337798116,0.333644386649007,0,-0.0336294576042082,0.00243357046378101,0,0,-0.026527628861988,0,-0.0152241424121753,0,-0.0910963477271061,0,-0.0372677639016334
2013,7.67630960646816,7.99690384611343,7.40774164285196,6.51291927340327,6.93638369475122,9.76690307126493,0.00778716998402729,0.00396209326035191,-0.0183475425421351,-0.000302371308509741,-0.0143760646817244,0.0296475843214115,7.69384765814769,8.00588636626414,7.45813287311926,6.54440752594553,7.03679943489763,9.78922983731465,0.0101010792513758,0.0153781838748515,-0.00522407617646881,0.00465825237175821,-0.00505667226242767,0.0183448927669243,-0.0175380516795238,-0.00898252015071854,-0.0503912302672997,-0.031488252542256,-0.100415740146403,-0.0223267660497211,-0.0152241424121753,0.00243357046378101,-0.0372677639016334,-0.026527628861988,-0.0910963477271061,-0.0336294576042082,0.00745092646745071,0.0197604616746512,0.0111949425000244,0.0113842274905327,0.00437217840998815,0.00818517948335006,0.836343799224394,0.968512070416515,0.874919665334135,0.874617276052979,0.744354811902093,0.768705347268443,0.73536417167013,0.640790118967616,0.665519988788869,0.664741269927861,0.601789949518057,0.659001668015435,0.424220698655952,0.299292863426072,0.310253375884998,0.383730219312928,0.315857332494959,0.431698652294318,0.311143473014178,0.341497255541545,0.35526661290387,0.281011050614933,0.285932617023098,0.227303015721117,0.021213904365319,0.0212132185547611,0.0346653584781685,0.0214431122444085,0.0364882333857403,0.0410875331231621,NA,NA,NA,NA,NA,0.02025,2395.961,2377.131,2343.214,523.389,1135.99,17568.463,2120.3519,2866.48,1621.2607,665.567,1025.652,16880.683,-104.7118,3.51200000000017,-46.6039999999999,-19.042,-76.805,-1005.152,-55.2858,55.4140000000002,31.0550000000001,-7.86600000000003,-40.252,-318.611,-38.6378000000004,-66.0389999999998,56.362,-16.846,57.41,-145.918,-21.2503,25.25,-104.584,18.485,-43.551,-1971.307929,49.426,51.902,77.659,11.176,36.553,686.541,0.02,0.02,0.02,0.02,0.02,0.02,1.12998271654814,0.829285744187994,1.4453036454902,0.786380634857197,1.10757839891113,1.040743612092,1.11569307030495,0.874039753079363,1.37194565369495,0.791807447829944,0.966997887957497,1.02800909562402,0.00656709741512794,-0.00214243570155491,0.057785281444788,0.00811419932907299,0.0454120787869952,0.00322396110449178,0.0134266100821779,0.00718674671963703,0.0690944487001485,0.0149259594217538,0.0553777349615218,0.00417310625299476,-0.026073879529148,0.0193317239262092,0.0191548465956154,-0.011818494606854,-0.0392452800755032,-0.0188742955483496,-0.0100220628472095,0.00880871312550585,-0.0645078240655559,0.0277733120782731,-0.042461770659054,-0.116778919964317,-0.0100220628472095,0.00880871312550585,-0.0645078240655559,0.0277733120782731,-0.042461770659054,-0.116778919964317,-0.0160518166819385,0.0105230108007034,0.0836626706611713,-0.0395918066851272,0.00321649058355076,0.0979046244159671,0.384371755495986,0.455661024289889,-3.36770246337143,-2.34998728705822,1.08195866043923,6.18719356519392,-0.0326409769442759,0.0214741596277641,-0.0386304348491726,-0.019932693935927,-0.0846573588624984,-0.0220982566528413,-0.0182223526198649,-0.0230383606374368,0.0347643040998896,-0.0253107500822607,0.0559741510765834,-0.00864408152205688,0.00778716998402729,0.00396209326035191,-0.0183475425421351,-0.000302371308509741,-0.0143760646817244,0.0296475843214115,-3.85309844600184,-3.85313077487595,-3.36201440542758,-3.84235179266094,-3.31076544336045,-3.19205053383059,0.0257281296521508,0.0275050909165707,0.0425225580893695,0.0237391061047265,0.0375217659272734,0.0454615999998966,0.00656709741512794,-0.00214243570155491,0.057785281444788,0.00811419932907299,0.0454120787869952,0.00322396110449178,0.459570328290084,0.0478713696186458,0.787716239643912,-1.49520526500933,0.323032534730028,0.253167139294155,1.82466935048095,0.431955134413382,-0.261114653316534,-2.17779655687499,0.279165865946004,1.4821368047867,0.000229893689647397,-0.0531238376592252,-0.0988076178648812,6.85810557898847e-07,0.309392835364718,0.244105219812374,0.0152750148309792,0.289366507363854,0.101070452638834,0.0134521399234074,0.555509932623993,0.450859337798116,0,-0.0223267660497211,0,-0.00898252015071854,0,-0.031488252542256,0,-0.0175380516795238,0,-0.100415740146403,0,-0.0503912302672997
2014,7.68623847677209,8.01847144765268,7.40772776658264,6.5289167383423,6.95147411876609,9.79340706768563,0.00992887030392531,0.021567601539255,-1.38762693202565e-05,0.0159974649390264,0.015090424014863,0.0265039964207041,7.70271290142523,8.02178618581108,7.45378722688265,6.55093864931381,7.03562291519404,9.80830606993625,0.00886524327753957,0.015899819546938,-0.00434564623660982,0.00653112336828432,-0.00117651970358601,0.0190762326216021,-0.0164744246531381,-0.00331473815840155,-0.0460594603000102,-0.0220219109715138,-0.0841487964279537,-0.014899002250619,-0.0175380516795238,-0.00898252015071854,-0.0503912302672997,-0.031488252542256,-0.100415740146403,-0.0223267660497211,0.00569172627136715,0.0187697789096672,0.00898502062414241,0.00343486546701843,-0.00220930668884467,0.0156872346848536,0.841382621852752,0.985118899385609,0.898803510694678,0.887067276659048,0.773951279840969,0.767542380820712,0.74904672988109,0.643233591606513,0.672779705498237,0.671782543353106,0.611506117852156,0.662715086320511,0.427434234733602,0.298833707341124,0.309822072569685,0.38168746968192,0.317315284353287,0.429786550296558,0.321612495147488,0.344399884265388,0.362957632928552,0.290095073671186,0.29419083349887,0.232928536023953,0.0197481511593887,0.0200018425572676,0.0317691854009066,0.0196966309953018,0.0323119041540859,0.0399212782586615,NA,NA,NA,NA,NA,0.02,2605.139,2469.915,2572.767,563.083,1281.56,18307.768,2153.7331,2984.47,1635.8707,678.627,1038.949,17608.138,-98.5040000000001,21.8319999999999,-46.107,-15.213,-62.716,-938.989,-51.1882000000001,69.3789999999999,28.335,-4.90399999999997,-26.01,-237.6335,110.674,114.616,183.446,24.481,82.8539999999999,-199.684,-19.7906,29.573,-112.581,18.092,-41.743,-2049.403364,47.3158,47.547,74.442,10.309,36.706,701.3555,0.02,0.02,0.02,0.02,0.02,0.02,1.20959231206504,0.827589153182977,1.57272026450501,0.829738575093534,1.23351579336426,1.03973333239437,1.12998271654814,0.829285744187994,1.4453036454902,0.786380634857197,1.10757839891113,1.040743612092,0.00459233040110167,-0.0162100987534129,0.032657120095353,0.000203879020680262,0.0212474291370242,-0.00226679984886373,0.00656709741512794,-0.00214243570155491,0.057785281444788,0.00811419932907299,0.0454120787869952,0.00322396110449178,-0.0237671975232215,0.0232466736137404,0.0173210511075234,-0.00722635556793344,-0.0250349150920786,-0.0134956631984597,-0.00918897517988649,0.00990896206026532,-0.0688202313300189,0.0266597114467889,-0.0401781030637692,-0.116389556010976,-0.00918897517988649,0.00990896206026532,-0.0688202313300189,0.0266597114467889,-0.0401781030637692,-0.116389556010976,-0.014578222343335,0.0133377115534751,0.0861412824375423,-0.0338860670147223,0.0151431879716906,0.102893892812517,0.386624261060165,0.426252900733653,-3.97321334039174,-3.68923327895598,1.60488273740869,8.62421907685573,-0.0283595279243232,0.0394567723671534,-0.0153360689878296,-0.0074302345886137,-0.0462823442291029,-0.011228863349596,0.0513870544126383,0.0384041387583055,0.112139669718395,0.0360743088618637,0.0797478990787805,-0.0113404381542217,0.00992887030392531,0.021567601539255,-1.38762693202565e-05,0.0159974649390264,0.015090424014863,0.0265039964207041,-3.92469540419975,-3.91193088180828,-3.44925847154229,-3.92730767332992,-3.43231956698917,-3.22084580754397,0.021213904365319,0.0212132185547611,0.0346653584781685,0.0214431122444085,0.0364882333857403,0.0410875331231621,0.00459233040110167,-0.0162100987534129,0.032657120095353,0.000203879020680262,0.0212474291370242,-0.00226679984886373,0.0576856391655281,9.55451178597769,0.256301888622218,0.00470223030819613,0.168714218912421,2.24373493220943,0.298546894616182,13.7019903706938,-0.135940281899258,0.166667409211408,0.198788574281621,-13.3583434668465,-0.000305211561965796,0.00259384197705353,-0.0531238376592252,-0.000253691397878911,0.379521810205363,0.309392835364718,0.0123100615968183,0.399106900154323,0.289366507363854,0.0117673428436391,0.642045212149124,0.555509932623993,0,-0.014899002250619,0,-0.00331473815840155,0,-0.0220219109715138,0,-0.0164744246531381,0,-0.0841487964279537,0,-0.0460594603000102
2015,7.69684952739924,8.03496474262792,7.41654545262431,6.54990106855335,6.99127991769194,9.81438411598789,0.0106110506271504,0.0164932949752412,0.00881768604166311,0.0209843302110535,0.0398057989258547,0.0209770483022567,7.70990171539123,8.03870983947186,7.45392340918545,6.56577839722377,7.03706405446918,9.8279879852391,0.00718881396599969,0.0169236536607773,0.00013618230279544,0.01483974790996,0.00144113927513612,0.0196819153028525,-0.0130521879919874,-0.00374509684393765,-0.0373779565611425,-0.0158773286704204,-0.0457841367772351,-0.0136038692512148,-0.0164744246531381,-0.00331473815840155,-0.0460594603000102,-0.0220219109715138,-0.0841487964279537,-0.014899002250619,0.0112805357396102,0.0172939920294963,0.00779728677315016,0.00884509898527508,0.00550921453088815,0.0172906071633845,0.847121474809771,0.987788874237572,0.924757054663888,0.900101130530127,0.804351119385722,0.768667095119888,0.761847901713952,0.64798399793514,0.679180182910903,0.677762926928345,0.618633690476005,0.667151323884862,0.42971090764823,0.301028098232857,0.309281546235933,0.379847749834785,0.318510603588624,0.428578223119856,0.332136994065722,0.346955899702283,0.36989863667497,0.29791517709356,0.30012308688738,0.238573100765006,0.0171612340070914,0.0173742821109228,0.0264757749147124,0.0166423067292033,0.026037017385062,0.0381269715674789,NA,NA,NA,NA,NA,0.01995,2675.807,2426.221,2623.42,552.422,1307.839,19097.603,2201.4016,3087.03,1663.2777,699.175,1087.112,18295.019,-85.681,28.2379999999998,-40.9019999999999,-12.434,-57.248,-856.6385,-40.9736,71.1509999999998,27.2140000000001,-3.06300000000003,-23.88,-158.61875,-15.0130000000004,-15.4560000000001,9.75100000000032,-23.095,-30.969,-66.8035000000009,-22.3834,29.585,-113.753,16.516,-38.741,-2139.786112,44.7074,42.913,68.116,9.371,33.368,698.01975,0.02,0.02,0.02,0.02,0.02,0.02,1.21550152411991,0.785940207902094,1.57725916724549,0.790105481460293,1.20303979718741,1.04386898969605,1.20959231206504,0.827589153182977,1.57272026450501,0.829738575093534,1.23351579336426,1.03973333239437,-0.00559922199570886,-0.0131392840596984,0.0152548247876436,-0.0106249286486165,-0.0227488482540737,-0.000140882495453311,0.00459233040110167,-0.0162100987534129,0.032657120095353,0.000203879020680262,0.0212474291370242,-0.00226679984886373,-0.018612505778137,0.023048366876901,0.0163616694915107,-0.00438087746272396,-0.0219664579178594,-0.00867005112156484,-0.0101677949175653,0.00958364512168653,-0.0683908646162935,0.0236221260771624,-0.0356366225375122,-0.116960037702065,-0.0101677949175653,0.00958364512168653,-0.0683908646162935,0.0236221260771624,-0.0356366225375122,-0.116960037702065,-0.00844471086057173,0.0134647217552145,0.0847525341078042,-0.0280030035398863,0.0136701646196528,0.1082899865805,0.546288341761525,0.415805821422047,-4.17994414639523,-5.39209924910214,1.62231993299832,13.4901208841956,-0.0130132837824281,0.0361876509365994,0.00110684470386711,0.00624405118589253,0.000782390336214262,-0.00852916862611153,-0.00681974611084155,-0.00500675406458639,0.00586252073240705,-0.0330317874637966,-0.0284874051615657,-0.00365145835596021,0.0106110506271504,0.0164932949752412,0.00881768604166311,0.0209843302110535,0.0398057989258547,0.0209770483022567,-4.06510227567269,-4.05276420574183,-3.63152511824549,-4.09580722764362,-3.64823600794611,-3.2668333321463,0.0197481511593887,0.0200018425572676,0.0317691854009066,0.0196966309953018,0.0323119041540859,0.0399212782586615,-0.00559922199570886,-0.0131392840596984,0.0152548247876436,-0.0106249286486165,-0.0227488482540737,-0.000140882495453311,-0.947541219323065,0.315476993981145,3.36090585321208,0.268082243262104,0.746451342297961,-0.0340653214656541,3.14974409537424,0.553396171774845,-3.60476318330983,-0.110535844192832,-0.720778995718239,2.09641430349053,-0.000731975381719506,0.00528573921951644,0.00259384197705353,-0.000213048103831475,0.436031329494807,0.379521810205363,0.00866273527413912,0.425726078882038,0.399106900154323,0.0091014928037896,0.696563197240006,0.642045212149124,0,-0.0136038692512148,0,-0.00374509684393765,0,-0.0158773286704204,0,-0.0130521879919874,0,-0.0457841367772351,0,-0.0373779565611425
2016,7.70541307039108,8.05694364584676,7.42883187531381,6.57385472957095,7.02001465219124,9.83596522264635,0.00856354299184403,0.0219789032188409,0.0122864226895079,0.0239536610175941,0.0287347344993014,0.021581106658461,7.71701224956848,8.05366461174772,7.45349507679947,6.57971813759383,7.0396486509039,9.8474869646438,0.00711053417724994,0.0149547722758587,-0.00042833238598039,0.0139397403700521,0.00258459643471998,0.0194989794047018,-0.0115991791773933,0.00327903409904451,-0.0246632014856543,-0.00586340802287832,-0.0196339987126537,-0.0115217419974556,-0.0130521879919874,-0.00374509684393765,-0.0373779565611425,-0.0158773286704204,-0.0457841367772351,-0.0136038692512148,0.00515924624492125,0.0124644465044321,0.0124044639508405,0.00563950846149285,0.00371491654107991,0.00590822181824624,0.854948027196834,0.985566075151156,0.951722296932063,0.909346385667334,0.834309091892554,0.769525305577934,0.772730076835996,0.654147497887147,0.683833531253073,0.68289126367239,0.624119020673639,0.672208229514499,0.430865034931742,0.30454348743589,0.308177197062242,0.378382232850673,0.319315100304342,0.427819536617328,0.341865041904254,0.349604010451257,0.375656334190831,0.304509030821718,0.304803920369297,0.244388692897171,0.0158571601016067,0.0156160547617055,0.025256344771329,0.0154881594143608,0.0238760275538503,0.0385950006396091,NA,NA,NA,NA,NA,0.019675,2787.838,2425.519,2639.88,551.489000000001,1349.65,19989.134,2231.8192,3195.21,1704.8567,720.175,1122.967,18804.913,-84.0252,36.2369999999999,-40.996,1.63499999999999,-47.401,-1023.08925,-41.5945,74.1249999999999,25.262,10.191,-16.175,-286.01725,28.0058000000004,35.5349999999996,-24.5359999999999,0.702000000000908,-5.58999999999986,-131.558250000001,-23.9943,34.888,-115.618,23.541,-38.136,-2227.436995,42.4307,37.888,66.258,8.556,31.226,737.072,0.02,0.02,0.02,0.02,0.02,0.02,1.24913254622059,0.759110981750808,1.54844685773297,0.765770819592462,1.20186078486723,1.0629740217357,1.21550152411991,0.785940207902094,1.57725916724549,0.790105481460293,1.20303979718741,1.04386898969605,0.00255921151896485,-0.0143044354437455,0.000870383480921709,-0.0108241255852845,-0.00999023075847222,0.0112827125881402,-0.00559922199570886,-0.0131392840596984,0.0152548247876436,-0.0106249286486165,-0.0227488482540737,-0.000140882495453311,-0.0186370383407402,0.023198788186066,0.0148176676667312,0.0141507272537925,-0.0144038070575538,-0.015209708760684,-0.0107510052785638,0.0109188441448293,-0.06781684349189,0.0326878883604679,-0.0339600362254634,-0.118449736778894,-0.0107510052785638,0.0109188441448293,-0.06781684349189,0.0326878883604679,-0.0339600362254634,-0.118449736778894,-0.00788603306217638,0.0122799440412367,0.0826345111586211,-0.0185371611066755,0.0195562291679096,0.10324002801821,0.576862325547849,0.47066441821248,-4.57675560129839,2.30997939358257,2.35771251931994,7.78777152426995,-0.021196249859705,0.0375032236298114,0.0139472841858095,0.024974852839077,-0.00441357629908157,-0.0264924213488241,0.0125484179005183,0.0111213347479507,-0.014391825424389,0.0009747630784197,-0.00497788447924103,-0.00699595100493158,0.00856354299184403,0.0219789032188409,0.0122864226895079,0.0239536610175941,0.0287347344993014,0.021581106658461,-4.14413413923699,-4.1594557425485,-3.67867787675338,-4.16767945573482,-3.73488035463677,-3.25463252800799,0.0171612340070914,0.0173742821109228,0.0264757749147124,0.0166423067292033,0.026037017385062,0.0381269715674789,0.00255921151896485,-0.0143044354437455,0.000870383480921709,-0.0108241255852845,-0.00999023075847222,0.0112827125881402,0.0760967511276681,0.533166158542376,-0.0302087370171895,0.44480279381212,8.4733896223869,0.590562348428492,0.55416211511339,0.86468346329678,0.514282538173146,0.581504987850226,-12.2168418523101,0.796110089169929,-0.000127895347344789,0.00873494611950154,0.00528573921951644,0.000241105339901184,0.498056638647084,0.436031329494807,0.00825997279214473,0.4594783010876,0.425726078882038,0.00964029000962348,0.712859692557363,0.696563197240006,0,-0.0115217419974556,0.00327903409904451,0,0,-0.00586340802287832,0,-0.0115991791773933,0,-0.0196339987126537,0,-0.0246632014856543
2017,7.72603511117514,8.08453845294847,7.44474164066668,6.60129037343649,7.04856364453907,9.8654671640166,0.02062204078406,0.0275948071017087,0.0159097653528679,0.0274356438655463,0.0285489923478295,0.0295019413702562,7.72467405590483,8.06772137643689,7.45583517003289,6.59675693236075,7.04495370221049,9.8670711000873,0.00766180633635116,0.0140567646891707,0.00234009323341944,0.0170387947669228,0.00530505130658909,0.0195841354435,0.0013610552703156,0.0168170765115825,-0.0110935293662058,0.00453344107574516,0.00360994232858669,-0.00160393607069942,-0.0115991791773933,0.00327903409904451,-0.0246632014856543,-0.00586340802287832,-0.0196339987126537,-0.0115217419974556,0.00584631279201453,0.0146581816105682,0.00707314339019138,0.0142906661842534,0.0125009793217758,0.0125267178201591,0.862237062936637,0.983387912351133,0.978847853051321,0.912893155400699,0.861924479715175,0.76640514874846,0.780999759604446,0.659862928297638,0.687277584688407,0.687681581495881,0.62910932287224,0.677829931164609,0.430661991847939,0.306417683386885,0.306650217729327,0.376806701770473,0.319695520875261,0.427176847423243,0.350337767756507,0.353445244910753,0.38062736695908,0.310874879725408,0.309413801996979,0.250653083741365,0.0147139467931781,0.0142192248339428,0.0247484734154583,0.013878789966799,0.021941244026229,0.0384030643848803,NA,NA,NA,NA,NA,0.020475,2863.171,2396.376,2648.524,525.330000000001,1386.224,20638.232,2291.6805,3333.11,1744.493,750.861,1170.024,19612.102,-77.0577000000001,44.5710000000001,-43.7669999999999,9.88399999999996,-35.903,-876.98075,-36.0376000000001,79.0600000000001,21.5660000000001,17.538,-6.29000000000002,-109.33675,-1.72470000000044,15.4280000000006,-35.1230000000002,-16.275,0.670999999999822,-227.882749999998,-18.632,39.908,-115.412,24.316,-34.916,-2264.70598,41.0201,34.489,65.333,7.654,29.613,767.644,0.02,0.02,0.02,0.02,0.02,0.02,1.24937616740204,0.718960970385016,1.51821990687266,0.699636816934161,1.18478253437536,1.05232126571644,1.24913254622059,0.759110981750808,1.54844685773297,0.765770819592462,1.20186078486723,1.0629740217357,-0.0143042033618272,-0.0204180158275634,0.00267246211616542,-0.0204706534450086,-0.0220604495732805,-0.00369847130175656,0.00255921151896485,-0.0143044354437455,0.000870383480921709,-0.0108241255852845,-0.00999023075847222,0.0112827125881402,-0.0157254032575658,0.0237195892124773,0.012362331061231,0.0233571859505287,-0.0053759581000048,-0.00557496335680896,-0.00813027819541162,0.0119732022045477,-0.0661579037577107,0.0323841563218758,-0.0298421228966243,-0.115474923595645,-0.00813027819541162,0.0119732022045477,-0.0661579037577107,0.0323841563218758,-0.0298421228966243,-0.115474923595645,-0.0075951250621542,0.0117463870079296,0.0785202348189417,-0.00902697037134708,0.0244661647966195,0.109899960238836,0.517015561524629,0.504781178851505,-5.351571918761,1.38647508267762,5.55103338632749,20.7131269221008,-0.00142119989573867,0.0441376050400407,0.00968986894506559,0.0438278393955374,0.0166844914732757,-0.0018764920550524,-0.000752591820718656,0.00462871012357845,-0.0201336434138745,-0.0216751169657234,0.000573492509555207,-0.0116194964721272,0.02062204078406,0.0275948071017087,0.0159097653528679,0.0274356438655463,0.0285489923478295,0.0295019413702562,-4.21895947354642,-4.25316036847386,-3.69899147205324,-4.27739350588823,-3.81938712445586,-3.25961802088285,0.0158571601016067,0.0156160547617055,0.025256344771329,0.0154881594143608,0.0238760275538503,0.0385950006396091,-0.0143042033618272,-0.0204180158275634,0.00267246211616542,-0.0204706534450086,-0.0220604495732805,-0.00369847130175656,-58.7149412725649,0.508543214136161,-0.0884132219791383,0.309532957664393,1.29172772022433,0.347184455841311,64.5485879499854,0.590774159348963,0.408983728407157,0.353179680824855,-0.314783888581836,-0.523335308415046,-0.000340434867143805,-0.027245705603932,0.00873494611950154,0.000494721959235325,0.552592566587308,0.498056638647084,0.00772201919228627,0.499507448377438,0.4594783010876,0.0105292485815155,0.747486740595253,0.712859692557363,0,-0.00160393607069942,0.0168170765115825,0,0.00453344107574516,0,0.0013610552703156,0,0.00360994232858669,0,0,-0.0110935293662058
2018,7.74236021579385,8.09583140728712,7.45297412768595,6.62362645643594,7.07223535808969,9.88649561567795,0.0163251046187041,0.01129295433865,0.0082324870192636,0.0223360829994412,0.0236717135506153,0.0210284516613477,7.73328655206767,8.08134333232261,7.4598880332934,6.61500829795901,7.0518526182406,9.88798305445029,0.00861249616283732,0.0136219558857213,0.00405286326050724,0.0182513655982577,0.00689891603011095,0.0209119543629832,0.00907366372618235,0.0144880749645111,-0.00691390560744942,0.0086181584769287,0.020382739849091,-0.00148743877233493,0.0013610552703156,0.0168170765115825,-0.0110935293662058,0.00453344107574516,0.00360994232858669,-0.00160393607069942,0.0110842749561497,0.0185357421848726,0.0106489136824672,0.0250184440966912,0.0118036095240965,0.0308555380932223,0.867161528825442,0.974654124397481,1.00614697013184,0.909486272058336,0.886772094500682,0.759722853074562,0.786093512925491,0.663839409496261,0.689753996172638,0.691133510135378,0.632679543688376,0.683674899731704,0.428170713294864,0.306949826329532,0.304385078174619,0.374028931596635,0.319166852870201,0.426215977637814,0.357922799630626,0.356889583166729,0.385368917998019,0.317104578538743,0.313512690818175,0.257458922093891,0.0145505106051996,0.0132646128988105,0.0243025926893621,0.0135724211448042,0.0213479206823717,0.0400541577398684,NA,NA,NA,NA,NA,0.02,2892.366,2362.967,2610.974,513.872000000001,1415.993,22010.942,2355.3628,3434.03,1777.7444,787.273,1212.276,20656.516,-54.6161999999999,64.6670000000001,-38.967999999999,11.603,-30.943,-1275.548,-12.9555999999999,96.4540000000002,25.3980000000009,18.733,-1.34999999999998,-448.901,-25.4211999999998,31.258,-76.5179999999988,0.145000000000039,-1.17399999999998,97.1619999999994,-34.168,49.3349999999999,-114.332,30.162,-35.829,-2335.262994,41.6606,31.787,64.366,7.13,29.593,826.647,0.02,0.02,0.02,0.02,0.02,0.02,1.22799171320868,0.688103190711788,1.46870044985095,0.652724023305767,1.16804506564512,1.06556894686403,1.24937616740204,0.718960970385016,1.51821990687266,0.699636816934161,1.18478253437536,1.05232126571644,-0.0156369649234462,-0.0115639908623284,0.00807803694221102,-0.0225665755631478,-0.0161644601638948,-0.011834749763449,-0.0143042033618272,-0.0204180158275634,0.00267246211616542,-0.0204706534450086,-0.0220604495732805,-0.00369847130175656,-0.00550046897233833,0.0280876987096793,0.0142866432317272,0.0237947954521494,-0.00111360779228491,-0.0217316898938814,-0.0145064700860521,0.0143665023310804,-0.0643129574757766,0.0383119959658213,-0.0295551508072419,-0.11305212331063,-0.0145064700860521,0.0143665023310804,-0.0643129574757766,0.0383119959658213,-0.0295551508072419,-0.11305212331063,0.00900600111371381,0.013721196378599,0.0785996007075038,-0.0145172005136719,0.028441543014957,0.0913204334167485,2.63731513785546,0.511487341115971,-4.50161430033844,1.61009982384028,26.5400000000003,5.20217819519226,0.0101364959511079,0.0396516895720077,0.00620860628951618,0.0463613710152972,0.0150508523716099,-0.00989694013043244,-0.0107929020531358,0.00910242484777362,-0.0430421831169873,0.000184180074764457,-0.000968426331957391,0.00470369737084411,0.0163251046187041,0.01129295433865,0.0082324870192636,0.0223360829994412,0.0236717135506153,0.0210284516613477,-4.23012919283952,-4.32265547396596,-3.71717223929167,-4.29971540212572,-3.84680093597679,-3.21752279712649,0.0147139467931781,0.0142192248339428,0.0247484734154583,0.013878789966799,0.021941244026229,0.0384030643848803,-0.0156369649234462,-0.0115639908623284,0.00807803694221102,-0.0225665755631478,-0.0161644601638948,-0.011834749763449,0.731230490245604,0.374751229180663,-0.163128544375386,0.481032439506851,0.965764920873841,-0.893345003672964,-0.257218113803716,0.91023071028172,0.288505651939273,0.507213355073946,-0.0665338236165008,1.64041462439941,0.000307808245993659,-0.0527844021770393,-0.027245705603932,0.00128589770638909,0.579196547296736,0.552592566587308,0.00808330778356115,0.529147933057931,0.499507448377438,0.0110379797905515,0.758194427865507,0.747486740595253,0,-0.00148743877233493,0.0144880749645111,0,0.0086181584769287,0,0.00907366372618235,0,0.020382739849091,0,0,-0.00691390560744942
2019,7.76243188987597,8.10556126529377,7.45725656480605,6.6463668371859,7.09165731007956,9.91946390506708,0.020071674082125,0.00972985800664539,0.0042824371201009,0.022740380749962,0.0194219519898731,0.0329682893891245,7.74264960719401,8.09259810124448,7.46420530020145,6.63576092651318,7.06151037489884,9.90885437615779,0.00936305512634572,0.0112547689218729,0.00431726690805689,0.0207526285541739,0.00965775665823987,0.0208713217075047,0.0197822826819616,0.0129631640492835,-0.00694873539540541,0.0106059106727168,0.0301469351807242,0.0106095289092849,0.00907366372618235,0.0144880749645111,-0.00691390560744942,0.0086181584769287,0.020382739849091,-0.00148743877233493,0.0120325484966441,0.0198937136112027,0.0104156429323057,0.0298294825606966,0.0141856190135394,0.00891173225672936,0.870008172827731,0.964039891502256,1.03470117030174,0.899577584724179,0.910413625254495,0.751700837263855,0.790786955994433,0.668855409686622,0.69271911161978,0.692873528956234,0.634173610882277,0.689688092563415,0.425285746685638,0.307908797961436,0.30163039194424,0.370129672371306,0.31744089846905,0.424865216775275,0.365501209308796,0.360946611725186,0.391088719675539,0.322743856584928,0.316732712413227,0.264822875788141,0.0127467270739595,0.0118715157681,0.023061891845725,0.0125439798237693,0.0199372454524846,0.0401287800403999,NA,NA,NA,NA,NA,0.02,2988.69700000001,2387.712,2782.161,509.721000000001,1501.255,23203.514,2432.2068,3537.28,1804.0668,829.767,1253.71,21539.982,-58.2255,46.95,-26.1609999999999,14.785,-38.422,-1452.87725,-21.3573,75.002,34.0530000000001,21.231,-10.191,-569.605,38.1055000000097,71.6949999999999,145.026,10.634,46.8400000000001,-260.305249999999,-64.4864,48.26,-119.183,31.683,-36.231,-2447.91161,36.8682,28.052,60.214,6.446,28.231,883.27225,0.02,0.02,0.02,0.02,0.02,0.02,1.22880052798142,0.675013569748507,1.54216074482386,0.614294133172325,1.19744996849351,1.07722996240201,1.22799171320868,0.688103190711788,1.46870044985095,0.652724023305767,1.16804506564512,1.06556894686403,-0.0230314376672035,-0.0118637981963755,0.012105999197989,-0.0248210181733271,-0.0154483739801002,-0.00179105908018111,-0.0156369649234462,-0.0115639908623284,0.00807803694221102,-0.0225665755631478,-0.0161644601638948,-0.011834749763449,-0.00878103786240545,0.0212032974488873,0.0188756868648101,0.025586700844936,-0.00812867409528521,-0.0264440796654333,-0.0265135349510576,0.0136432513117424,-0.0660635182688357,0.0381830080010413,-0.0288990276858285,-0.113645016509299,-0.0265135349510576,0.0136432513117424,-0.0660635182688357,0.0381830080010413,-0.0288990276858285,-0.113645016509299,0.0177324970886522,0.00756004613714494,0.0849392051336458,-0.0125963071561052,0.0207703535905432,0.0872009368438655,3.01940788395537,0.643449508013119,-3.49992658502921,1.49229899675003,3.55519576096555,4.29755990554859,0.0142503998047981,0.0330670956452628,0.00676968766682113,0.0504077190182631,0.00731969988481501,-0.0246530205852522,0.0156670477197949,0.0202683983173512,0.0803883758628006,0.012815645837928,0.0373611122189343,-0.0120847477959823,0.020071674082125,0.00972985800664539,0.0042824371201009,0.022740380749962,0.0194219519898731,0.0329682893891245,-4.36248074041241,-4.43361338111638,-3.76957372736214,-4.37851442381214,-3.91516566579208,-3.21566149535479,0.0145505106051996,0.0132646128988105,0.0243025926893621,0.0135724211448042,0.0213479206823717,0.0400541577398684,-0.0230314376672035,-0.0118637981963755,0.012105999197989,-0.0248210181733271,-0.0154483739801002,-0.00179105908018111,-28.4755403133236,0.906351545981078,0.164796495881925,0.645877937385201,-0.525367285168355,-0.153593747847048,10.8566734416153,1.61985572449865,-0.256950872192517,0.665802081559183,0.276439413426902,2.26773385039265,0.0006724640556693,-0.0942589363049062,-0.0527844021770393,0.000875211305859502,0.599060998064116,0.579196547296736,0.00806572968438457,0.573216754447016,0.529147933057931,0.011190376077625,0.826206999062076,0.758194427865507,0.0106095289092849,0,0.0129631640492835,0,0.0106059106727168,0,0.0197822826819616,0,0.0301469351807242,0,0,-0.00694873539540541
2020,7.68511180857823,8.06336421714962,7.36439296172058,6.60691937419197,6.9757966308673,9.91019896533833,-0.077320081297743,-0.042197048144148,-0.0928636030854673,-0.0394474629939294,-0.115860679212266,-0.00926493972874454,7.75125239356042,8.09914506907008,7.4675497648761,6.6538231035624,7.06446907738602,9.9284242749356,0.00860278636640466,0.00654696782559228,0.00334446467464566,0.0180621770492229,0.00295870248718444,0.0195698987778083,-0.0661405849821861,-0.0357808519204568,-0.103156803155518,-0.0469037293704355,-0.0886724465187259,-0.018225309597268,0.0197822826819616,0.0129631640492835,-0.00694873539540541,0.0106059106727168,0.0301469351807242,0.0106095289092849,0.0293449801768961,0.0174218828429753,0.0156509054575302,0.0232841205181611,0.011275339192677,0.00158926459069164,0.868248833626889,0.954639383683627,1.06137457764292,0.886663065790792,0.936117276621418,0.744193849763386,0.795485035483258,0.675042848149603,0.694893855494557,0.693228284438465,0.634136469062789,0.694716847911613,0.422967838858777,0.309134292119726,0.298640667990986,0.365243273630373,0.314505649398501,0.422343448416206,0.37251719662448,0.365908556029877,0.396253187503572,0.327985010808092,0.319630819664288,0.272373399495407,0.00994550467979856,0.00937717781709017,0.020532959810737,0.0111021519615633,0.0167373297674279,0.0350579657891473,NA,NA,NA,NA,NA,0.019275,3352.177,2778.214,3059.699,562.818000000001,1656.401,28088.152,2318.2762,3450.72,1670.0119,816.463,1129.214,21375.281,-207.0844,-151.133,-156.627,-29.457,-111.897,-3198.235,-177.3603,-128.743,-99.5010000000001,-23.798,-86.77,-2384.767,156.39559999999,239.369,120.911,23.64,43.249,1686.403,-127.1255,12.664,-168.838,27.336,-65.847,-3605.307391,29.7241,22.39,57.126,5.659,25.127,813.468,0.02,0.02,0.02,0.02,0.02,0.02,1.44597826609271,0.805111397041777,1.832142034437,0.68933681011877,1.46686190571495,1.31404831590284,1.22880052798142,0.675013569748507,1.54216074482386,0.614294133172325,1.19744996849351,1.07722996240201,0.0747594638256111,0.0236389540373569,0.163352394957583,0.0170242012663397,0.162246424597504,0.046390033234057,-0.0230314376672035,-0.0118637981963755,0.012105999197989,-0.0248210181733271,-0.0154483739801002,-0.00179105908018111,-0.0765052498921397,-0.0373090253628229,-0.0595810125664374,-0.0291476772370579,-0.076841059356331,-0.111566580107181,-0.0548362183936496,0.00366995873324987,-0.101099878390088,0.0334810028133547,-0.058312241966536,-0.168667134294047,-0.0548362183936496,0.00366995873324987,-0.101099878390088,0.0334810028133547,-0.058312241966536,-0.168667134294047,-0.0216690314984901,-0.0409789840960727,0.0415188658236507,-0.0626286800504126,-0.018528817389795,0.0571005541868666,0.716764123651122,-0.0983665131308109,1.69684726786665,-1.14866795529036,0.758868272444393,1.51180697778861,-0.151264713717751,-0.0609479794001797,-0.22293340752402,-0.0461718785033976,-0.239087483953835,-0.157956613341238,0.0674620219972023,0.0693678420735383,0.0724012804938694,0.0289541595883709,0.038300091922346,0.0788950096141425,-0.077320081297743,-0.042197048144148,-0.0928636030854673,-0.0394474629939294,-0.115860679212266,-0.00926493972874454,-4.61063462087495,-4.66947643361363,-3.88572388831177,-4.50061631904318,-4.0901137387453,-3.35075242201809,0.0127467270739595,0.0118715157681,0.023061891845725,0.0125439798237693,0.0199372454524846,0.0401287800403999,0.0747594638256111,0.0236389540373569,0.163352394957583,0.0170242012663397,0.162246424597504,0.046390033234057,0.344231708441969,0.181701374490055,0.563320465177286,0.226860260841833,0.602224334492459,0.195888673948974,0.352270221420836,0.286776698266605,0.205465023781099,0.388414678461693,0.285217723271011,0.47110613876804,0.0017249741444731,-0.155250658622998,-0.0942589363049062,0.000568326862708388,0.585560722978005,0.599060998064116,0.00736015195033775,0.599899990648715,0.573216754447016,0.0111557819936469,0.822260422680228,0.826206999062076,0,-0.018225309597268,0,-0.0357808519204568,0,-0.0469037293704355,0,-0.0661405849821861,0,-0.0886724465187259,0,-0.103156803155518
2021,7.75167020961818,8.1017191704683,7.44993800015111,6.66779649961495,7.04048961699388,9.96616502764647,0.0665584010399538,0.0383549533186844,0.0855450384305323,0.0608771254229783,0.0646929861265857,0.0559660623081371,7.76422763851926,8.1054620312119,7.46842817126109,6.67263711775498,7.07446088566431,9.94860945166548,0.0129752449588478,0.00631696214182575,0.000878406384988928,0.0188140141925794,0.00999180827828638,0.0201851767298855,-0.0125574289010801,-0.00374286074359809,-0.018490171109975,-0.00484061814003667,-0.0339712686704265,0.0175555759809836,-0.0661405849821861,-0.0357808519204568,-0.103156803155518,-0.0469037293704355,-0.0886724465187259,-0.018225309597268,0.012144118109819,0.0266105614264465,0.0127515707732044,0.0271027995438144,0.0252399005084882,0.048355307395183,0.86260609730075,0.949458488071611,1.08113960197859,0.871619599988736,0.965427911235474,0.737139005928335,0.799551544131401,0.683325973469717,0.697158671727738,0.693726357064666,0.63493943564326,0.699286139990372,0.420732375982276,0.31072955688479,0.295577435681838,0.360709118621127,0.311002634978155,0.41934964924197,0.378819168149125,0.372596416584927,0.4015812360459,0.333017238443539,0.323936800665105,0.279936490748401,0.0103812835658738,0.00782301147427808,0.0205882996987612,0.00860135958693573,0.0157993142964777,0.0303313742392166,NA,NA,NA,NA,NA,0.020575,3428.603,2865.298,3134.228,574.348000000002,1721.023,29425.676,2508.1023,3682.34,1842.5074,891.55,1235.474,23725.645,-165.1493,-116.436,-163.13,-19.599,-82.174,-2803.751,-130.3494,-94.7019999999999,-100.136,-14.758,-56.004,-1951.79875,-88.7233000000001,-29.3520000000001,-88.6010000000001,-8.06899999999899,-17.5520000000001,-1466.227,-88.2501,26.054,-150.299,27.804,-55.801,-3412.646297,34.7999,21.734,62.994,4.841,26.17,851.95225,0.02,0.02,0.02,0.02,0.02,0.02,1.36701082726969,0.778118804890369,1.70106670942,0.644212887667548,1.39300624699508,1.24024767292944,1.44597826609271,0.805111397041777,1.832142034437,0.68933681011877,1.46686190571495,1.31404831590284,-0.0915831937101477,-0.043199596608413,-0.129630428680214,-0.0502937285836639,-0.0997710175841857,-0.0880417889218102,0.0747594638256111,0.0236389540373569,0.163352394957583,0.0170242012663397,0.162246424597504,0.046390033234057,-0.0519713250930793,-0.0257178859095032,-0.0543476786036247,-0.0165531938758342,-0.0453299705214355,-0.0822653609627894,-0.0351860049727637,0.00707539227773643,-0.0815730780782753,0.0311861365038416,-0.0451656611146815,-0.143837872352891,-0.0351860049727637,0.00707539227773643,-0.0815730780782753,0.0311861365038416,-0.0451656611146815,-0.143837872352891,-0.0167853201203157,-0.0327932781872396,0.0272253994746506,-0.0477393303796758,-0.000164309406754,0.0615725113901013,0.677027282058835,-0.275115625857954,1.50094870975473,-1.88399512129015,0.996375258910078,1.74846217982259,0.0396118686170684,0.0174817106989099,0.0752827500765894,0.0337405347078297,0.0544410470627502,0.00577642795902077,-0.0353746735131179,-0.00797101842849929,-0.048087188143722,-0.00905052997588357,-0.0142066931396372,-0.0617992471859036,0.0665584010399538,0.0383549533186844,0.0855450384305323,0.0608771254229783,0.0646929861265857,0.0559660623081371,-4.56775075129074,-4.85068569954397,-3.88303234033424,-4.75583499671367,-4.14778873884808,-3.49557264873946,0.00994550467979856,0.00937717781709017,0.020532959810737,0.0111021519615633,0.0167373297674279,0.0350579657891473,-0.0915831937101477,-0.043199596608413,-0.129630428680214,-0.0502937285836639,-0.0997710175841857,-0.0880417889218102,1.15975894717055,1.60042415956554,0.988976595430157,1.11456907670272,1.35089198733726,1.19296777608756,-0.658136136459384,-0.952775701023639,-0.414629363662276,-0.366838540991817,-0.613764352077208,-1.11469707645283,0.000778348112657647,-0.188849975644535,-0.155250658622998,0.00255827209159568,0.563502539118512,0.585560722978005,0.00797630282219965,0.5823402402972,0.599899990648715,0.0127652882244831,0.782131591358181,0.822260422680228,0.0175555759809836,0,0,-0.00374286074359809,0,-0.00484061814003667,0,-0.0125574289010801,0,-0.0339712686704265,0,-0.018490171109975
2022,7.77847534270226,8.11965002870808,7.49702363337687,6.71665555586518,7.10224600237265,9.97924979035998,0.0268051330840748,0.0179308582397759,0.0470856332257581,0.0488590562502331,0.0617563853787635,0.0130847627135147,7.7770363462659,8.1123843441449,7.48101993243477,6.69307826009794,7.09375112999767,9.9705299253004,0.0128087077466414,0.00692231293299272,0.0125917611736854,0.0204411423429605,0.0192902443333614,0.0219204736349141,0.00143899643635326,0.0072656845631851,0.0160037009420977,0.023577295767236,0.00849487237497559,0.00871986505958411,-0.0125574289010801,-0.00374286074359809,-0.018490171109975,-0.00484061814003667,-0.0339712686704265,0.0175555759809836,0.0297353364015889,0.062159059102143,0.0339700213212755,0.0597355265090265,0.0458700831086789,0.0805535800845449,0.858440644330641,0.948218065193908,1.09493218899036,0.850360682188164,0.997399376296488,0.731666265984407,0.804139240516149,0.692712035384402,0.699360807662721,0.694043166524057,0.638628178238481,0.705474109807228,0.418462096534506,0.312547424082565,0.292717536485387,0.356906841123274,0.307821933918671,0.416914364584155,0.385677143981644,0.380164611301837,0.406643271177334,0.337136325400782,0.33080624431981,0.288559745223073,0.0148495174273604,0.00972708597849159,0.0261132885035805,0.00983724153300783,0.0184628561036081,0.0327594682956477,NA,NA,NA,NA,NA,0.023375,3064.6,2532.29,2894.58,523.817000000001,1561.739,30784.56,2653.9972,3989.39,1998.0726,993.82,1375.863,26054.614,-125.7736,-84.874,-161.575,0.115000000000009,-63.105,-959.715749999999,-74.8605,-57.003,-79.73,5.76500000000001,-31.33,4.25375000000065,-489.7766,-417.882,-401.223,-50.416000000001,-222.389,399.168250000002,-68.9029,53.21,-146.63,32.98,-48.399,-3073.456372,50.9131,27.871,81.845,5.65,31.775,963.9695,0.02,0.02,0.02,0.02,0.02,0.02,1.15471109012474,0.634756190796087,1.44868609879341,0.527074319293233,1.135097753192,1.18153966894309,1.36701082726969,0.778118804890369,1.70106670942,0.644212887667548,1.39300624699508,1.24024767292944,-0.053942072744858,-0.0506908187643793,-0.0864531159151526,-0.0573886549322502,-0.11213660253618,-0.0690400834328847,-0.0915831937101477,-0.043199596608413,-0.129630428680214,-0.0502937285836639,-0.0997710175841857,-0.0880417889218102,-0.0282066989369846,-0.0142886506458381,-0.0399034549595445,0.00580084924835484,-0.0227711625358048,0.000163262829378345,-0.0259619339462754,0.0133378787233136,-0.0733857218201181,0.0331850838179952,-0.0351771942409964,-0.117962076582674,-0.0259619339462754,0.0133378787233136,-0.0733857218201181,0.0331850838179952,-0.0351771942409964,-0.117962076582674,-0.00224476499070911,-0.0276265293691517,0.0334822668605735,-0.0273842345696404,0.0124060317051916,0.118125339412052,0.920417309529057,-0.933459642474957,1.83908190141728,5.72072853425844,1.5448132780083,-722.528679870592,0.0257353738078734,0.0364021681185412,0.0465496609556081,0.063189504180605,0.0893654400003752,0.0692033462622631,-0.184542998010699,-0.104748344985073,-0.20080501579372,-0.0507295083616761,-0.161636005910472,0.0153204438185115,0.0268051330840748,0.0179308582397759,0.0470856332257581,0.0488590562502331,0.0617563853787635,0.0130847627135147,-4.2097879107355,-4.63284091597572,-3.64531095615208,-4.62157993922974,-3.99199434336979,-3.41856325042057,0.0103812835658738,0.00782301147427808,0.0205882996987612,0.00860135958693573,0.0157993142964777,0.0303313742392166,-0.053942072744858,-0.0506908187643793,-0.0864531159151526,-0.0573886549322502,-0.11213660253618,-0.0690400834328847,0.254084500858468,0.353584643281146,0.342550545782867,0.489921088576614,0.434792204330415,1.17599098495901,-0.132862618278827,-0.0996678997248279,-0.158108243182687,0.0495212578475291,-0.0882916347578334,0.00278092965681998,0.000110155554516236,-0.185899411736889,-0.188849975644535,0.00512243144886877,0.598364479583705,0.563502539118512,0.00873577012511655,0.581233078704993,0.5823402402972,0.0163862025250889,0.825171312197333,0.782131591358181,0.00871986505958411,0,0.0072656845631851,0,0.023577295767236,0,0.00143899643635326,0,0.00849487237497559,0,0.0160037009420977,0
2023,7.79276490826014,8.1109155179025,7.50673329012309,6.71065663553249,7.12655666836096,10.0125964940298,0.0142895655578785,-0.00873451080558496,0.00970965674622093,-0.00599892033268645,0.0243106659883141,0.0333467036698245,7.78968456731261,8.11870204789433,7.49156082842819,6.71326584270555,7.11732275379047,9.99306162374253,0.0126482210467014,0.00631770374944018,0.0105408959934179,0.0201875826076021,0.0235716237928045,0.0225316984421298,0.0030803409475304,-0.00778652999184004,0.0151724616949007,-0.00260920717305257,0.00923391457048517,0.0195348702872788,0.00143899643635326,0.0072656845631851,0.0160037009420977,0.023577295767236,0.00849487237497559,0.00871986505958411,0.048697433038873,0.0647677813671734,0.0601281656257804,0.0611149183900617,0.0605794897156269,0.0319086383751799,0.85682725845455,0.947971616421377,1.10437875231836,0.828521763068845,1.02977506397033,0.728238642040873,0.80868302483044,0.702245040411348,0.701622304441046,0.693971664622996,0.64416434327297,0.71259436500327,0.415309978349593,0.31430264764237,0.289510088425115,0.352521931133509,0.304583448601491,0.414058006830935,0.393373046480847,0.387942392768978,0.412112216015931,0.341449733489486,0.339580894671479,0.298536358172335,0.0172270769431573,0.0144402892243779,0.0269462236317531,0.0139533463022391,0.0228636154952908,0.0395182520068502,NA,NA,NA,NA,NA,0.022825,3300.685,2700.24990660616,3152.595,531.582,1663.988,33417.432,2826.5415,4219.31,2142.6017,1050.133,1497.761,27811.517,-154.8449,-107.522,-152.735,-3.81999999999999,-52.669,-2113.10650000004,-102.0508,-70.9549999999999,-74.737,3.48900000000001,-16.962,-896.55450000004,81.2401,60.4379066061604,105.28,3.94499999999897,49.58,519.76549999996,-68.8464,52.876,-155.022,24.702,-54.899,-3297.356162,52.7941,36.567,77.998,7.309,35.707,1216.552,0.02,0.02,0.02,0.02,0.02,0.02,1.16774687369706,0.63997428646062,1.47138639906801,0.50620445219796,1.11098366161223,1.20156811295119,1.15471109012474,0.634756190796087,1.44868609879341,0.527074319293233,1.135097753192,1.18153966894309,-0.0497084998089324,-0.025000540355533,-0.0580802637097424,-0.0205624563499065,-0.0648970645174931,-0.028546576246087,-0.053942072744858,-0.0506908187643793,-0.0864531159151526,-0.0573886549322502,-0.11213660253618,-0.0690400834328847,-0.0361044760885344,-0.0168167306976733,-0.0348814247650415,0.0033224363009257,-0.0113249043071625,-0.0322368067876355,-0.024357116285043,0.0125319068757688,-0.0723522248675524,0.023522734739314,-0.036654045605407,-0.11856081644162,-0.024357116285043,0.0125319068757688,-0.0723522248675524,0.023522734739314,-0.036654045605407,-0.11856081644162,-0.0117473598034913,-0.0293486375734421,0.0374708001025109,-0.0202002984383883,0.0253291412982445,0.0863240096539847,0.67462871432659,-0.745204707208795,2.07423364598525,7.07996560619087,3.23658766654876,3.67780894747598,0.0136040237203981,0.00818380965785969,0.0231988389447009,0.0238848926508322,0.0535721602103307,-0.00369023054154849,0.028741874124261,0.0143241209122251,0.0491365240679124,0.00375666701265361,0.0331027446969176,0.0186888582884551,0.0142895655578785,-0.00873451080558496,0.00970965674622093,-0.00599892033268645,0.0243106659883141,0.0333467036698245,-4.06127289209975,-4.23773311632899,-3.61391211642688,-4.27203592118425,-3.77820847497195,-3.23099263767657,0.0148495174273604,0.00972708597849159,0.0261132885035805,0.00983724153300783,0.0184628561036081,0.0327594682956477,-0.0497084998089324,-0.025000540355533,-0.0580802637097424,-0.0205624563499065,-0.0648970645174931,-0.028546576246087,-3.81323451199895,-4.79112342179858,-2.55856808091297,0.985270114852012,2.69125064499445,-1.42530174758155,2.76964371863221,3.22277163524869,1.53660631547085,0.159197769959835,-0.469638438159802,1.60955123496338,-0.000486942922138821,-0.234487354735178,-0.185899411736889,0.00278678771877941,0.60140342403507,0.598364479583705,0.00842332627091289,0.5515730853706,0.581233078704993,0.0125059344073752,0.832532365782816,0.825171312197333,0.0195348702872788,0,0,-0.00778652999184004,0,-0.00260920717305257,0.0030803409475304,0,0.00923391457048517,0,0.0151724616949007,0
2024,7.80459928479558,8.10594466468474,7.51363617974985,6.72140868844277,7.16052566602279,10.0363109550646,0.0118343765354405,-0.00497085321775614,0.00690288962675378,0.0107520529102727,0.0339689976618258,0.0237144610347606,7.80263623361299,8.12359085612138,7.50435629086826,6.73134371077479,7.14277142101851,10.0160445999496,0.0129516663003848,0.00488880822704907,0.0127954624400681,0.0180778680692475,0.025448667228039,0.0229829762070803,0.00196305118258611,-0.0176461914366453,0.00927988888158637,-0.00993502233202737,0.017754245004272,0.0202663551149591,0.0030803409475304,-0.00778652999184004,0.0151724616949007,-0.00260920717305257,0.00923391457048517,0.0195348702872788,0.020661078840325,0.0306288840764859,0.0193606174967398,0.0558529386298972,0.0285132613232228,0.0283550215073864,0.853846644456308,0.946983611467097,1.11093165324912,0.81243967941537,1.05718169269112,0.724228402277965,0.813481638440403,0.71449639027984,0.706841622040169,0.697448176532644,0.65042522785203,0.719529311326478,0.411857804857764,0.316808885491214,0.286535683591127,0.349537881362064,0.301435487297162,0.411239540158362,0.401623833582639,0.397687504788626,0.420305938449041,0.34791029517058,0.348989740554869,0.308289771168116,0.0184612625437878,0.0165246330123934,0.0280963115527904,0.0167273418870606,0.0242952793303773,0.0410567441019929,NA,NA,NA,NA,NA,0.0211,3526.61228320973,2851.67074517617,3243.69248376623,563.440884379008,1739.03945369638,35585.77656709,2919.8999,4328.97,2199.6194,1122.459,1594.33,29298.013,-177.71180279703,-99.6197065783599,-77.05192715149,-14.63404898745,-47.603636695239,-2226.36521214312,-116.776990437688,-54.9990678299435,11.5243641682791,-5.74209513244255,-7.17658343284305,-854.35425797337,48.2154804126999,51.80113199165,14.0455566147402,17.224835391558,27.4478170011409,-58.0206450531241,-71.817724443059,53.9768494079549,-164.544587236339,19.60883028784,-56.962428936921,NA,60.9348123593422,44.6206387484164,88.5762913197691,8.89195385500745,40.4270532623959,1372.01095416975,0.02,0.02,0.02,0.02,0.02,0.02,1.20778533648011,0.658741165953141,1.474660790756,0.501970124858911,1.0907650572318,1.21461399334794,1.16774687369706,0.63997428646062,1.47138639906801,0.50620445219796,1.11098366161223,1.20156811295119,-0.0158725975199951,-0.00569891678689068,0.00262774958935999,-0.0236716390039724,-0.0399301824796452,-0.0125776439346827,-0.0497084998089324,-0.025000540355533,-0.0580802637097424,-0.0205624563499065,-0.0648970645174931,-0.028546576246087,-0.0399934910226504,-0.0127048854184583,0.00523925374011483,-0.00511563908565262,-0.00450131618475664,-0.0291608259568105,-0.0245959542801652,0.0124687510904337,-0.0748059356251991,0.0174695292102785,-0.0357281296450051,NA,-0.0245959542801652,0.0124687510904337,-0.0748059356251991,0.0174695292102785,-0.0357281296450051,NA,-0.0153975367424852,-0.025173636508892,0.0800451893653139,-0.0225851682959311,0.0312268134602485,NA,0.614998932357149,-0.981413895501842,-14.277975325463,-3.41492605670204,7.93726283125715,NA,-0.0241208935026553,-0.00700596863156764,0.00261150415075484,0.0185559999183198,0.0354288662948885,-0.0165831820221277,0.0165127168957744,0.0119661563816913,0.00638544859839854,0.0153456254451682,0.0172158944516762,-0.00198036109319509,0.0118343765354405,-0.00497085321775614,0.00690288962675378,0.0107520529102727,0.0339689976618258,0.0237144610347606,-3.9920806587582,-4.10290310151559,-3.57211697272451,-4.09071065962753,-3.71747321374738,-3.19280016663889,0.0172270769431573,0.0144402892243779,0.0269462236317531,0.0139533463022391,0.0228636154952908,0.0395182520068502,-0.0158725975199951,-0.00569891678689068,0.00262774958935999,-0.0236716390039724,-0.0399301824796452,-0.0125776439346827,-0.396433739377133,-0.303668853906257,0.802515349340235,5.59041309481973,1.97492278538736,-0.964108481158051,0.99887678603848,0.676984440781511,-1.60006933786809,-1.20813500611448,-0.222632388470562,2.23525167102323,0.000202708874667185,-0.271790083760281,-0.234487354735178,0.00193662953139437,0.606212971666806,0.60140342403507,0.0077706463179839,0.504303926936236,0.5515730853706,0.0115716785403969,0.805852580509563,0.832532365782816,0.0202663551149591,0,0,-0.0176461914366453,0,-0.00993502233202737,0.00196305118258611,0,0.017754245004272,0,0.00927988888158637,0
1949,NA,NA,NA,NA,NA,7.68982710484003,NA,NA,NA,NA,NA,NA,NA,NA,NA,NA,NA,7.73124839821342,NA,NA,NA,NA,NA,NA,NA,NA,NA,NA,NA,-0.0414212933733955,NA,NA,NA,NA,NA,NA,NA,NA,NA,NA,NA,-2.46812852720408,NA,NA,NA,NA,NA,NA,NA,NA,NA,NA,NA,NA,NA,NA,NA,NA,NA,NA,NA,NA,NA,NA,NA,NA,NA,NA,NA,NA,NA,NA,NA,NA,NA,NA,NA,NA,NA,NA,NA,NA,NA,NA,NA,NA,NA,NA,NA,272.475,NA,NA,NA,NA,NA,NA,NA,NA,NA,NA,NA,NA,NA,NA,NA,NA,NA,NA,NA,NA,NA,NA,NA,NA,NA,NA,NA,NA,NA,NA,NA,NA,NA,NA,NA,0.02,NA,NA,NA,NA,NA,NA,NA,NA,NA,NA,NA,NA,NA,NA,NA,NA,NA,NA,NA,NA,NA,NA,NA,NA,NA,NA,NA,NA,NA,NA,NA,NA,NA,NA,NA,NA,NA,NA,NA,NA,NA,NA,NA,NA,NA,NA,NA,NA,NA,NA,NA,NA,NA,NA,NA,NA,NA,NA,NA,NA,NA,NA,NA,NA,NA,NA,NA,NA,NA,NA,NA,NA,NA,NA,NA,NA,NA,NA,NA,NA,NA,NA,NA,NA,NA,NA,NA,NA,NA,NA,NA,NA,NA,NA,NA,NA,NA,NA,NA,NA,NA,NA,NA,NA,-0.271790083760281,NA,NA,0.606212971666806,NA,NA,0.504303926936236,NA,NA,0.805852580509563,0,-0.0414212933733955,NA,NA,NA,NA,NA,NA,NA,NA,NA,NA
