"Year","y_France","y_Germany","y_Italy","y_Netherlands","y_Spain","y_US","ypot_France","ypot_Germany","ypot_Italy","ypot_Netherlands","ypot_Spain","ypot_US","dy_France","dy_Germany","dy_Italy","dy_Netherlands","dy_Spain","dy_US","dypot_France","dypot_Germany","dypot_Italy","dypot_Netherlands","dypot_Spain","dypot_US","n_France","n_Germany","n_Italy","n_Netherlands","n_Spain","n_US","dn_France","dn_Germany","dn_Italy","dn_Netherlands","dn_Spain","dn_US","pi_France","pi_Germany","pi_Italy","pi_Netherlands","pi_Spain","pi_US","YM_France","YM_Germany","YM_Italy","YM_Netherlands","YM_Spain","YM_US","MY_France","MY_Germany","MY_Italy","MY_Netherlands","MY_Spain","MY_US","D_France","D_Germany","D_Italy","D_Netherlands","D_Spain","D_US","D_Y_France","D_Y_Germany","D_Y_Italy","D_Y_Netherlands","D_Y_Spain","D_Y_US","D_R_France","D_R_Germany","D_R_Italy","D_R_Netherlands","D_R_Spain","D_R_US","ygap_France","ygap_Germany","ygap_Italy","ygap_Netherlands","ygap_Spain","ygap_US","ygap_lag_France","ygap_lag_Germany","ygap_lag_Italy","ygap_lag_Netherlands","ygap_lag_Spain","ygap_lag_US","dypot_lag_France","dypot_lag_Germany","dypot_lag_Italy","dypot_lag_Netherlands","dypot_lag_Spain","dypot_lag_US","g_France","g_Germany","g_Italy","g_Netherlands","g_Spain","g_US"
1950,NA,NA,NA,NA,NA,7.81533484002481,NA,NA,NA,NA,NA,7.78203603208129,NA,NA,NA,NA,NA,0.12550773518478,NA,NA,NA,NA,NA,0.0507876338678672,10.642638136901,11.1540736104229,10.7448752716802,9.22165190468648,10.2427077422164,11.9460231232288,NA,NA,NA,NA,NA,NA,NA,NA,NA,NA,NA,-0.0298489603067931,1.44953530731472,1.4138151320224,1.90645541976805,1.86625340878436,2.04732726071026,1.87473259629244,0.689876262381293,0.707306052503162,0.524533639565339,0.535832912772215,0.48844169624991,0.533409405681455,0.712474951859139,0.688643143148927,0.76829199008824,0.820028368217447,0.76870160757104,0.733210261433476,0.517521171849131,0.536986254806137,0.625213131246081,0.679162550929714,0.640475939097857,0.594992158090486,0.194953780010008,0.15165688834279,0.14307885884216,0.140865817287733,0.128225668473183,0.13821810334299,NA,NA,NA,NA,NA,0.0332988079435168,NA,NA,NA,NA,NA,-0.0414212933733955,NA,NA,NA,NA,NA,NA,NA,NA,NA,NA,NA,0.0956587748779865
1951,NA,NA,NA,NA,NA,7.86857379147752,NA,NA,NA,NA,NA,7.83453625497346,NA,NA,NA,NA,NA,0.0532389514527161,NA,NA,NA,NA,NA,0.052500222892168,10.653337840522,11.15313211385,10.7526101542127,9.23645022371099,10.2476040862124,11.9606919399875,0.0106997036210483,-0.000941496572869127,0.00773488253254939,0.014798319024516,0.00489634399598771,0.0146688167587428,NA,NA,NA,NA,NA,0.0926323175070016,1.43699086649851,1.36656393300337,1.88194283938629,1.84008830113422,2.03110547240859,1.85279717393596,0.695898647175598,0.731762324359204,0.531365766840242,0.543452180736982,0.49234272349931,0.53972448472364,0.718101435271856,0.687068437286984,0.76071681726398,0.82383435247895,0.756479763077318,0.746104425200238,0.522208060847267,0.530539852072769,0.616122381532062,0.680490497643167,0.627219457621394,0.605218974741186,0.195893374424589,0.156528585214215,0.144594435731918,0.143343854835782,0.129260305455925,0.140885450459052,NA,NA,NA,NA,NA,0.0340375365040648,NA,NA,NA,NA,NA,0.0332988079435168,NA,NA,NA,NA,NA,0.0507876338678672,NA,NA,NA,NA,NA,0.145871268959718
1952,NA,NA,NA,NA,NA,7.92082542622391,NA,NA,NA,NA,NA,7.89255217484502,NA,NA,NA,NA,NA,0.0522516347463888,NA,NA,NA,NA,NA,0.0580159198715613,10.6638323641027,11.153775360347,10.7582896037775,9.24785723054716,10.254357130399,11.9753644417428,0.0104945235807037,0.000643246497014971,0.00567944956481803,0.0114070068361638,0.00675304418656886,0.0146725017552765,NA,NA,NA,NA,NA,0.00496202661085831,1.42533565586578,1.32228452200823,1.85170849277359,1.80758756052162,2.01635347790429,1.82667060088963,0.701589128065821,0.756266887614505,0.540041806743644,0.55322354603471,0.495944788926274,0.547444076404895,0.723955815028459,0.68865471006011,0.753219652287509,0.828942536776211,0.749584993083834,0.760127375786642,0.527308657992984,0.527248925288701,0.607084385371109,0.68250806745615,0.619543672240866,0.616528177491762,0.196647157035475,0.161405784771409,0.1461352669164,0.146434469320061,0.130041320842968,0.14359919829488,NA,NA,NA,NA,NA,0.0282732513788924,NA,NA,NA,NA,NA,0.0340375365040648,NA,NA,NA,NA,NA,0.052500222892168,NA,NA,NA,NA,NA,0.0572136613572471
1953,NA,NA,NA,NA,NA,7.92605235703718,NA,NA,NA,NA,NA,7.93069699177529,NA,NA,NA,NA,NA,0.0052269308132642,NA,NA,NA,NA,NA,0.0381448169302701,10.6742409248741,11.1553231983435,10.7666071226698,9.25851420339446,10.2623045955416,11.9902045357652,0.0104085607713493,0.0015478379965046,0.00831751889231569,0.0106569728473005,0.00794746514261746,0.0148400940223983,NA,NA,NA,NA,NA,0.0526220951741343,1.41276125596746,1.28113284321163,1.8190407034801,1.77408187948181,2.0034016815715,1.79718424369879,0.707833680868602,0.780559178775819,0.549740309871487,0.563671841511672,0.499151023580844,0.556425977751672,0.730771978784411,0.69150274353254,0.744848991677546,0.835151384465415,0.742078775308034,0.775507315178712,0.533271279264789,0.525292869717804,0.596935132980884,0.685553534770058,0.61050124492446,0.629140489814896,0.197500699519622,0.166209873814736,0.147913858696662,0.149597849695356,0.131577530383573,0.146366825363816,NA,NA,NA,NA,NA,-0.0046446347381135,NA,NA,NA,NA,NA,0.0282732513788924,NA,NA,NA,NA,NA,0.0580159198715613,NA,NA,NA,NA,NA,0.0578490259873985
1954,NA,NA,NA,NA,NA,7.95297291931786,NA,NA,NA,NA,NA,7.95553242521917,NA,NA,NA,NA,NA,0.0269205622806803,NA,NA,NA,NA,NA,0.0248354334438785,10.6845745914135,11.1577439980964,10.7754550635776,9.27009261337945,10.2701365869468,12.0054016131235,0.0103336665394185,0.00242079975282294,0.00884794090776708,0.0115784099849972,0.00783199140518143,0.0151970773583425,NA,NA,NA,NA,NA,-0.0235067186769919,1.39929065503172,1.24929005698862,1.7810694339036,1.74254613729515,1.98625582271483,1.76718295736895,0.71464780844787,0.800454621731703,0.561460424262226,0.573872897019668,0.503459820514557,0.565872365297613,0.73818524154432,0.691222450195184,0.738338841722595,0.841760924234525,0.736937432713814,0.791955665596205,0.539769183806365,0.520754484933016,0.588134594635544,0.68930837687297,0.604176583508994,0.642719613164507,0.198416057737955,0.170467965262168,0.150204247087051,0.152452547361554,0.13276084920482,0.149236052431699,NA,NA,NA,NA,NA,-0.00255950590131171,NA,NA,NA,NA,NA,-0.0046446347381135,NA,NA,NA,NA,NA,0.0381448169302701,NA,NA,NA,NA,NA,0.00341384360368835
1955,NA,NA,NA,NA,NA,8.01668938948277,NA,NA,NA,NA,NA,7.98061085425684,NA,NA,NA,NA,NA,0.0637164701649136,NA,NA,NA,NA,NA,0.0250784290376762,10.6950331054305,11.1610127706417,10.7816779577895,9.28277544561515,10.2781420684071,12.0209473088162,0.010458514017019,0.00326877254533464,0.00622289421194111,0.0126828322356971,0.00800548146037983,0.0155456956927083,NA,NA,NA,NA,NA,0.0219433310726203,1.38515835702134,1.22989532959959,1.74067076830036,1.71567471603674,1.95468422006407,1.73775471631096,0.72193911615305,0.813077321242909,0.57449117789025,0.582861069556373,0.511591585860975,0.575455207005783,0.745800294083048,0.686378624723738,0.734281088207755,0.84813489944417,0.735544766868727,0.808927534966812,0.546453041525485,0.512528096758707,0.581484368764662,0.693143456189302,0.600905133224817,0.656773998618761,0.199347252557563,0.173850527965031,0.152796719443094,0.154991443254869,0.13463963364391,0.152153536348051,NA,NA,NA,NA,NA,0.0360785352259256,NA,NA,NA,NA,NA,-0.00255950590131171,NA,NA,NA,NA,NA,0.0248354334438785,NA,NA,NA,NA,NA,0.0856598012375338
1956,NA,NA,NA,NA,NA,8.03646089500123,NA,NA,NA,NA,NA,8.0064579703968,NA,NA,NA,NA,NA,0.0197715055184648,NA,NA,NA,NA,NA,0.0258471161399516,10.7052316833449,11.1649823304395,10.7872954121398,9.29557900358081,10.2861503016484,12.0366177175113,0.0101985779143856,0.00396955979779356,0.00561745435027028,0.0128035579656629,0.00800823324126121,0.0156704086950512,NA,NA,NA,NA,NA,0.0348240220749103,1.37387537121963,1.21987255417866,1.70008559736769,1.69622617680827,1.92177606881707,1.70924750069846,0.72786805917648,0.819757766149019,0.588205677142573,0.589544020527774,0.52035198909285,0.585052778834759,0.753594659078804,0.681140888044479,0.731173120257405,0.85483030455035,0.734816619048991,0.826439432051796,0.553609127993439,0.504312854620979,0.576546250368508,0.697331942890795,0.598934558328187,0.671508875280657,0.199985531085366,0.1768280334235,0.154626869888897,0.157498361659555,0.135882060720804,0.154930556771139,NA,NA,NA,NA,NA,0.0300029246044389,NA,NA,NA,NA,NA,0.0360785352259256,NA,NA,NA,NA,NA,0.0250784290376762,NA,NA,NA,NA,NA,0.0545955275933752
1957,NA,NA,NA,NA,NA,8.04000160494047,NA,NA,NA,NA,NA,8.03949093552074,NA,NA,NA,NA,NA,0.00354070993923905,NA,NA,NA,NA,NA,0.0330329651239492,10.7152258088668,11.1716758789661,10.7925516609245,9.30809102594487,10.2945143953957,12.0523340353739,0.00999412552187628,0.00669354852656845,0.00525624878467035,0.0125120223640529,0.00836409374726621,0.0157163178625979,NA,NA,NA,NA,NA,0.049940116459839,1.36320323025505,1.19827246771334,1.66016239369978,1.67491575875838,1.89518165374813,1.68281015668994,0.733566336849792,0.834534738086984,0.60235071207187,0.597044952721266,0.527653904849851,0.594244095820637,0.761718477933493,0.680370513751404,0.729356885084143,0.862037329811966,0.737738147400806,0.844821316067363,0.561014081992492,0.498358109438136,0.572978839765726,0.701851630609382,0.601407663640244,0.687045864998046,0.200704395941001,0.182012404313268,0.156378045318416,0.160185699202584,0.136330483760562,0.157775451069317,NA,NA,NA,NA,NA,0.000510669419728771,NA,NA,NA,NA,NA,0.0300029246044389,NA,NA,NA,NA,NA,0.0258471161399516,NA,NA,NA,NA,NA,0.053480826399078
1958,NA,NA,NA,NA,NA,8.0662279564877,NA,NA,NA,NA,NA,8.07515978176087,NA,NA,NA,NA,NA,0.0262263515472299,NA,NA,NA,NA,NA,0.0356688462401245,10.7253246936288,11.1801717281512,10.7980866937456,9.32253962507182,10.3039286949699,12.0680472241543,0.010098884762046,0.00849584918515767,0.0055350328211432,0.0144485991269541,0.00941429957423701,0.0157131887804187,NA,NA,NA,NA,NA,-0.0111727000523665,1.35004083848809,1.18112813066728,1.62114128124464,1.6532365086335,1.86683064931103,1.65858793537123,0.740718333469007,0.846648195090444,0.616849383560356,0.604874133118776,0.53566722850252,0.602922509367088,0.770705886725962,0.679836292593414,0.726884428774932,0.870182442695835,0.747177179135294,0.863785328385842,0.568585990469127,0.492803797564968,0.568155686608823,0.707015618040273,0.608782805894417,0.70306583610054,0.202119896256835,0.187032495028446,0.158728742166109,0.163166824655562,0.138394373240877,0.160719492285302,NA,NA,NA,NA,NA,-0.00893182527316583,NA,NA,NA,NA,NA,0.000510669419728771,NA,NA,NA,NA,NA,0.0330329651239492,NA,NA,NA,NA,NA,0.0150536514948634
1959,NA,NA,NA,NA,NA,8.11105729291051,NA,NA,NA,NA,NA,8.11582703569381,NA,NA,NA,NA,NA,0.0448293364228061,NA,NA,NA,NA,NA,0.0406672539329396,10.735608604155,11.1877729627252,10.804044058136,9.3368058723768,10.3136319291051,12.0847282008912,0.0102839105262174,0.00760123457397022,0.00595736439032457,0.0142662473049793,0.00970323413520369,0.0166809767369251,NA,NA,NA,NA,NA,0.0358319481521225,1.33975833450165,1.18874262751862,1.58831181228104,1.63493354144085,1.83523757064329,1.63444195635494,0.746403268595426,0.841224985838524,0.62959929672994,0.611645656935212,0.544888583361705,0.611829619346139,0.780320095178129,0.674861115490335,0.72383943925344,0.878196084175456,0.762166431663061,0.883932273190281,0.5761227880288,0.485322187487249,0.562551779027071,0.711816448879494,0.620847419055302,0.719725607823167,0.204197307149329,0.189538928003086,0.161287660226368,0.166379635295963,0.14131901260776,0.164206665367114,NA,NA,NA,NA,NA,-0.00476974278329934,NA,NA,NA,NA,NA,-0.00893182527316583,NA,NA,NA,NA,NA,0.0356688462401245,NA,NA,NA,NA,NA,0.0806612845749286
1960,6.13230749844905,NA,6.07377332213194,5.03414394722391,5.16468843135519,8.11986936595057,NA,NA,NA,NA,NA,8.15631502493235,NA,NA,NA,NA,NA,0.00881207304005649,NA,NA,NA,NA,NA,0.0404879892385459,10.7456608799044,11.1956311183806,10.8100219457394,9.34896349222647,10.3223603248585,12.1022362733309,0.0100522757493611,0.00785815565544823,0.00597788760345885,0.0121576198496705,0.00872839575342432,0.0175080724397141,NA,NA,-3.75549685560357,-2.17615936046177,-3.88923412851473,0.0301539443335668,1.34901137823965,1.21696599675311,1.56447032905621,1.62145653202564,1.81606464221781,1.6121126977772,0.741283591918192,0.821715645850435,0.639193969631412,0.616729452963336,0.550641192363497,0.620304027986885,0.790921871373736,0.668450963083083,0.722025361385563,0.884923286457393,0.773220191877918,0.904677640450882,0.584741870163668,0.476988143334788,0.558346988255257,0.715275102147979,0.628568055168051,0.736467522508863,0.206180001210068,0.191462819748295,0.163678373130306,0.169648184309414,0.144652136709867,0.168210117942019,NA,NA,NA,NA,NA,-0.0364456589817888,NA,NA,NA,NA,NA,-0.00476974278329934,NA,NA,NA,NA,NA,0.0406672539329396,NA,NA,NA,NA,NA,0.0389660173736233
1961,6.1805872986888,NA,6.15504820762114,5.06431433750697,5.27656664796483,8.18188125086062,NA,NA,NA,NA,NA,8.19228102688901,0.048279800239758,NA,0.0812748854891954,0.0301703902830601,0.111878216609644,0.0620118849100546,NA,NA,NA,NA,NA,0.0359660019566608,10.7556414959007,11.2033537597406,10.816076430998,9.36214816653274,10.3320038129544,12.1199126423826,0.00998061599630162,0.00772264135992273,0.00605448525856644,0.0131846743062702,0.00964348809589133,0.0176763690516619,0.0325148630756908,NA,0.0394290736412919,0.0240904533452118,0.018305837342099,-0.0261087682626866,1.38713552729935,1.26860807384136,1.55854254138254,1.61600878685289,1.80972975042169,1.59522372496898,0.720910091566126,0.788265517633029,0.641625091037251,0.618808516473141,0.552568691412066,0.626871318641806,0.805295218913219,0.664408730651146,0.722881568368779,0.892313673955913,0.779808362950603,0.922455468141275,0.595920601301627,0.469928515667473,0.556535669989196,0.719279379345781,0.63154281214098,0.75073694507736,0.209374617611592,0.194480214983672,0.166345898379583,0.173034294610132,0.148265550809623,0.171718523063915,NA,NA,NA,NA,NA,-0.0103997760283949,NA,NA,NA,NA,NA,-0.0364456589817888,NA,NA,NA,NA,NA,0.0404879892385459,0.0807946633154488,NA,0.120703959130487,0.0542608436282719,0.130184053951743,0.035903116647368
1962,6.24690172302184,NA,6.22253726351117,5.10329056215254,5.36553320204658,8.22407683103857,NA,NA,NA,NA,NA,8.23439365455785,0.0663144243330391,NA,0.0674890558900314,0.0389762246455634,0.0889665540817415,0.0421955801779497,NA,NA,NA,NA,NA,0.0421126276688337,10.7653774825082,11.2117798713662,10.8231842674591,9.37649452104953,10.3430353731316,12.1373883291138,0.0097359866074882,0.0084261116255977,0.00710783646111679,0.0143463545167908,0.0110315601771642,0.0174756867311832,0.0476822187123558,NA,0.0520462737767282,0.0347759304725086,0.0556422169918675,0.0293758034626665,1.43800059232298,1.33049431049284,1.57978520649929,1.61588113408899,1.79854536248628,1.58408388839856,0.695410005627728,0.751600357937329,0.632997445403314,0.618857401639129,0.556004880865287,0.631279698836502,0.81976086284707,0.668085434545796,0.725758062225901,0.899431966525743,0.788508211178081,0.93354168445796,0.606332778320997,0.469531484240592,0.556827303490166,0.723466984451831,0.637257801000904,0.759321760120959,0.213428084526074,0.198553950305204,0.168930758735735,0.175964982073912,0.151250410177176,0.174219924337001,NA,NA,NA,NA,NA,-0.010316823519279,NA,NA,NA,NA,NA,-0.0103997760283949,NA,NA,NA,NA,NA,0.0359660019566608,0.113996643045395,NA,0.11953532966676,0.073752155118072,0.144608771073609,0.0715713836406162
1963,6.30614506826053,NA,6.28284979499605,5.13889535273893,5.44949358018987,8.27438783668313,NA,NA,NA,NA,NA,8.27737256648276,0.0592433452386878,NA,0.060312531484878,0.0356047905863885,0.0839603781432929,0.0503110056445593,NA,NA,NA,NA,NA,0.042978911924914,10.7751537360037,11.2212087241795,10.8311331037551,9.39008828645875,10.3539205132062,12.153859067285,0.00977625349557165,0.00942885281337702,0.0079488362960074,0.0135937654092171,0.0108851400745955,0.0164707381712077,0.0550150671899678,NA,0.0817204829063316,0.0458959601059061,0.0816991163807734,0.00371978641677239,1.49138542994299,1.39620768302075,1.61865219582113,1.6238936594772,1.78814763751504,1.5754401975174,0.670517479869859,0.716225825255784,0.617797944846768,0.61580387001569,0.559237939317855,0.634743230225948,0.83190439628983,0.677360412415308,0.729180143035348,0.903062572721355,0.792214282387419,0.93913927847035,0.615283394274126,0.474680698246486,0.558212920504589,0.724872317279596,0.639357779487949,0.763189534362623,0.216621002015704,0.202679714168822,0.170967222530758,0.17819025544176,0.152856502899471,0.175949744107727,NA,NA,NA,NA,NA,-0.00298472979963371,NA,NA,NA,NA,NA,-0.010316823519279,NA,NA,NA,NA,NA,0.0421126276688337,0.114258412428656,NA,0.14203301439121,0.0815007506922947,0.165659494524066,0.0540307920613316
1964,6.36989707732356,NA,6.32168100939462,5.21840110639225,5.50952891764692,8.32467985146726,NA,NA,NA,NA,NA,8.32057066040558,0.063752009063025,NA,0.038831214398571,0.0795057536533248,0.0600353374570517,0.0502920147841319,NA,NA,NA,NA,NA,0.0431980939228129,10.7855819375626,11.2294144814198,10.8399647301956,9.4035923484862,10.3653829455738,12.1695095481855,0.0104282015588897,0.00820575724022099,0.00883162644047886,0.0135040620274509,0.0114624323676438,0.0156504809005078,0.0398120685684042,NA,0.0591303198528932,0.0832030303695412,0.0613135255667396,0.0208623488375497,1.54087292753126,1.44763179579801,1.65098067497085,1.63831678488172,1.77993947132338,1.56518207907176,0.648982782507686,0.690783390433029,0.605700608832174,0.610382564121869,0.561816857320718,0.638903302926301,0.845478263659356,0.68856077784187,0.734927733303971,0.90333792516149,0.79456164735018,0.94395792904982,0.625094490883578,0.480981690220674,0.561372538444677,0.723103505810201,0.640576302544136,0.76623676647156,0.220383772775779,0.207579087621196,0.173555194859294,0.180234419351289,0.153985344806044,0.17772116257826,NA,NA,NA,NA,NA,0.00410919106168528,NA,NA,NA,NA,NA,-0.00298472979963371,NA,NA,NA,NA,NA,0.042978911924914,0.103564077631429,NA,0.0979615342514641,0.162708784022866,0.121348863023791,0.0711543636216816
1965,6.41715034786242,NA,6.3666948361601,5.26955627536362,5.57018542843859,8.40591204212135,6.42071085252015,NA,6.41605470400577,5.25655173174506,5.58301097634433,8.36388879841872,0.0472532705388602,NA,0.0450138267654783,0.0511551689713734,0.0606565107916657,0.081232190654088,NA,NA,NA,NA,NA,0.0433181380131415,10.7949286744965,11.2380538405554,10.8489627933118,9.41744600059262,10.3769435903552,12.1841019170002,0.00934673693384092,0.00863935913561598,0.00899806311625895,0.0138536521064196,0.0115606447813565,0.0145923688146823,0.0297941964995951,NA,0.0327836073162058,0.0593612703578259,0.0877545582789863,-0.000123741652611642,1.55208904935922,1.46239417735409,1.64356658441231,1.64039145434973,1.76968759112802,1.55571957925635,0.644292929205866,0.683810162462009,0.608432910162607,0.609610588587473,0.565071487766148,0.642789364699012,0.859381253114793,0.705326158345649,0.742748809210413,0.903274679153482,0.799737897252629,0.950077941063602,0.634469487111036,0.492039875068699,0.565912914197222,0.721101610564653,0.64244444160468,0.769543142927884,0.224911766003756,0.21328628327695,0.17683589501319,0.182173068588829,0.157293455647949,0.180534798135718,-0.00356050465773627,NA,-0.0493598678456788,0.0130045436185631,-0.0128255479057469,0.0420232437026318,NA,NA,NA,NA,NA,0.00410919106168528,NA,NA,NA,NA,NA,0.0431980939228129,0.0770474670384553,NA,0.077797434081684,0.110516439329199,0.148411069070652,0.0811084490014764
1966,6.46749686480793,NA,6.43138660572815,5.29660047040085,5.64013988444939,8.44997105964082,6.47107754112107,NA,6.47083314237628,5.31156362114237,5.64234560934461,8.40698912940773,0.0503465169455168,NA,0.0646917695680589,0.0270441950372247,0.0699544560108052,0.0440590175194711,0.0503666886009153,NA,0.0547784383705041,0.0550118893973099,0.0593346330002795,0.043100330989013,10.8033369839202,11.2464963531934,10.8574413812627,9.43062291450504,10.3879450938958,12.19736184644,0.00840830942368598,0.00844251263807472,0.00847858795089174,0.0131769139124174,0.0110015035405819,0.0132599294398208,0.0301248001770427,NA,0.0238441048720759,0.0581156090624217,0.0785336504042657,0.047442532302203,1.5429189593523,1.45601072663878,1.61682472544968,1.64707305039909,1.74891489157942,1.55131097245318,0.648122180324873,0.686808126962438,0.618496231693807,0.607137612844612,0.571783112382854,0.644616081338378,0.866359031172835,0.726552922292913,0.747322084868676,0.893320813765813,0.8067959668114,0.948860650664326,0.63735582147579,0.506516832616496,0.567181988985683,0.710177328387785,0.64519672906765,0.76626714261436,0.229003209697045,0.220036089676416,0.180140095882994,0.183143485378028,0.16159923774375,0.182593508049966,-0.00358067631313475,NA,-0.039446536648124,-0.0149631507415222,-0.0022057248952212,0.0429819302330898,-0.00356050465773627,NA,-0.0493598678456788,0.0130045436185631,-0.0128255479057469,0.0420232437026318,NA,NA,NA,NA,NA,0.0433181380131415,0.0804713171225595,NA,0.0885358744401348,0.0851598040996464,0.148488106415071,0.091501549821674
1967,6.51439733301825,NA,6.50569937497474,5.34804986819028,5.68262746802037,8.4763298660359,6.52082899008011,NA,6.52561855638248,5.36599718441984,5.70104474391939,8.45214645259018,0.0469004682103167,NA,0.0743127692465864,0.0514493977894332,0.0424875835709742,0.0263588063950788,0.0497514489590438,NA,0.0547854140062043,0.0544335632774651,0.0586991345747805,0.0451573231824529,10.8112401177837,11.2511812912068,10.8654843452375,9.44207360610945,10.3988162315368,12.2095660938277,0.00790313386352715,0.00468493801330361,0.00804296397472193,0.0114506916044093,0.0108711376410451,0.0122042473876807,0.0310988142467954,NA,0.0303725771712302,0.0412111615900685,0.0818471275025852,0.0292857022684458,1.5516566599678,1.45134415560424,1.59821332281318,1.66712410374459,1.72079964743327,1.55362422437807,0.644472469844425,0.689016451500207,0.625698700996811,0.599835367837262,0.581125177176546,0.643656287221134,0.865089118786757,0.747134789110434,0.747727301983982,0.876779702407105,0.813791908611736,0.937600775256907,0.63256877455858,0.51921165149198,0.564453143881321,0.692630989468802,0.648753799543274,0.754525066108829,0.232520344228176,0.227923137618455,0.183274158102661,0.184148712938303,0.165038109068462,0.183075709148077,-0.00643165706186188,NA,-0.019919181407742,-0.017947316229554,-0.0184172758990275,0.0241834134457157,-0.00358067631313475,NA,-0.039446536648124,-0.0149631507415222,-0.0022057248952212,0.0429819302330898,0.0503666886009153,NA,0.0547784383705041,0.0550118893973099,0.0593346330002795,0.043100330989013,0.0779992824571121,NA,0.104685346417817,0.0926605593795018,0.124334711073559,0.0556445086635247
1968,6.55883535665201,NA,6.57634147776122,5.41024338311523,5.74651160445548,8.52471857967946,6.57010111829659,NA,6.57815734434986,5.41723006912306,5.76094184655598,8.4967926821719,0.044438023633762,NA,0.0706421027864828,0.0621935149249451,0.0638841364351181,0.0483887136435612,0.0492721282164785,NA,0.0525387879673742,0.0512328847032197,0.0598971026365911,0.044646229581712,10.8187227475272,11.2557244748306,10.8726013625817,9.45256829270112,10.4094047647352,12.2210155398019,0.00748262974349068,0.00454318362381478,0.00711701734425851,0.0104946865916773,0.0105885331984155,0.0114494459741934,0.0425482959906187,NA,0.0127781808343259,0.0411018995267924,0.057426229453843,0.041298761415193,1.56581699472253,1.46185871125896,1.58052174228334,1.67942174635723,1.69707538449231,1.55989318293246,0.638644237079062,0.684060636160106,0.632702463526585,0.59544304589902,0.589249015770244,0.641069536646151,0.86015151255866,0.762248045232139,0.74681197895514,0.865400859974719,0.818677697269613,0.925208838258329,0.625195487266134,0.527994603216029,0.560742571187175,0.679715821963842,0.650008619086385,0.741710932212335,0.234956025292526,0.23425344201611,0.186069407767965,0.185685038010877,0.168669078183228,0.183497906045994,-0.0112657616445784,NA,-0.00181586658863342,-0.0069866860078287,-0.0144302421005005,0.0279258975075649,-0.00643165706186188,NA,-0.019919181407742,-0.017947316229554,-0.0184172758990275,0.0241834134457157,0.0497514489590438,NA,0.0547854140062043,0.0544335632774651,0.0586991345747805,0.0451573231824529,0.0869863196243807,NA,0.0834202836208087,0.103295414451738,0.121310365888961,0.0896874750587542
1969,6.62736882777689,NA,6.6402014798626,5.4725506614191,5.83184098394028,8.54495451846227,6.61979396612302,NA,6.63072971071446,5.46576384488588,5.81950691950708,8.53587404240296,0.0685334711248764,NA,0.0638600021013715,0.0623072783038703,0.0853293794847971,0.0202359387828057,0.0496928478264316,NA,0.0525723663646023,0.0485337757628193,0.0585650729510911,0.0390813602310676,10.8268590564704,11.2637461621145,10.8791812096711,9.46425639650227,10.4192092360169,12.2322277613119,0.00813630894322515,0.00802168728391628,0.006579847089343,0.0116881038011449,0.0098044712816634,0.0112122215100587,0.071500346763985,NA,0.0367979992521159,0.0621599315398385,0.0500788769054488,0.0584088055092065,1.58300620430402,1.49580257648087,1.56419447813491,1.69222941503545,1.67617015947719,1.56665734004571,0.631709463475954,0.668537423135526,0.63930669362314,0.590936424526724,0.596598140317634,0.638301672253886,0.853470429590188,0.769014113628192,0.747539749674964,0.857206651094178,0.822621459995676,0.914895522668575,0.617199423876082,0.531116820480759,0.55829278256749,0.670232476519884,0.650810504135335,0.730758144373259,0.236271005714107,0.237897293147434,0.189246967107474,0.186974174574293,0.17181095586034,0.184137378295316,0.00757486165386645,NA,0.00947176914813586,0.00678681653322233,0.0123340644332055,0.00908047605930307,-0.0112657616445784,NA,-0.00181586658863342,-0.0069866860078287,-0.0144302421005005,0.0279258975075649,0.0492721282164785,NA,0.0525387879673742,0.0512328847032197,0.0598971026365911,0.044646229581712,0.140033817888861,NA,0.100658001353487,0.124467209843709,0.135408256390246,0.0786447442920122
1970,6.68752439264948,7.13937870494681,6.6988063132453,5.53214116643748,5.87342076206972,8.54327959177764,6.66967091109321,7.13753505010671,6.67883934953477,5.51497719450254,5.87455108439586,8.56810074009525,0.060155564872586,NA,0.0586048333827058,0.0595905050183791,0.041579778129436,-0.00167492668462899,0.0498769449701841,NA,0.0481096388203062,0.0492133496166645,0.0550441648887796,0.032226697692284,10.8359089823393,11.2670901737654,10.8853831524229,9.47670263379097,10.4285924307612,12.2443137395902,0.00904992586889541,0.00334401165088671,0.00620194275182406,0.0124462372887031,0.00938319474428795,0.0120859782783054,0.0519652317078516,NA,0.0630899949381143,0.0549133145675271,0.0577518917227426,0.0549540822428085,1.6000957756609,1.523372990627,1.54895200991295,1.71024550423894,1.65271405500266,1.57622319804965,0.624962589871823,0.656438053026272,0.645597793605109,0.584711374783004,0.605065345074706,0.634427916831422,0.847519257386562,0.773934137873392,0.750550060961596,0.850852944287844,0.829398050178874,0.906466998621631,0.609969982810312,0.531564593682001,0.557033785844211,0.662647622791277,0.653665135933861,0.721186110715682,0.23754927457625,0.242369544191391,0.193516275117385,0.188205321496567,0.175732914245013,0.185280887905949,0.0178534815562683,0.00184365484009774,0.0199669637105355,0.017163971934937,-0.00113032232613808,-0.02482114831761,0.00757486165386645,NA,0.00947176914813586,0.00678681653322233,0.0123340644332055,0.00908047605930307,0.0496928478264316,NA,0.0525723663646023,0.0485337757628193,0.0585650729510911,0.0390813602310676,0.112120796580438,NA,0.12169482832082,0.114503819585906,0.0993316698521787,0.0532791555581795
1971,6.73910538481756,7.17026767990535,6.71482565159955,5.57440511213354,5.91886354554281,8.58600907649511,6.71822484054341,7.16808275455317,6.72368667807929,5.56087256189478,5.92685366963749,8.60146334451281,0.0515809921680885,0.0308889749585424,0.0160193383542486,0.0422639456960647,0.0454427834730939,0.0427294847174764,0.0485539294502049,0.030547704446457,0.044847328544523,0.0458953673922373,0.052302585241633,0.0333626044175652,10.8453107198604,11.2688885597338,10.8913134189397,9.48860482503385,10.4387360256804,12.2568913769555,0.00940173752114859,0.0017983859683941,0.00593026651677242,0.0119021912428767,0.0101435949192243,0.012577637365295,0.0575496958493211,0.0734060814521902,0.0721249801301611,0.0842494787521972,0.0755128643954301,0.0391220290263994,1.61244759545303,1.54336802317884,1.53490801466326,1.72919886782767,1.630814900419,1.59173988157439,0.620175193798495,0.647933600399679,0.651504839669099,0.578302483656068,0.61319037478936,0.628243352808942,0.844286925741945,0.778633968468141,0.754766878174693,0.844513745294402,0.835647522603164,0.89604621706122,0.60505153106417,0.531435771051435,0.556395045904427,0.655181124908129,0.65616771869139,0.710024367576026,0.239235394677775,0.247198197416706,0.198371832270266,0.189332620386273,0.179479803911774,0.186021849485194,0.020880544274152,0.00218492535218306,-0.00886102647973885,0.0135325502387644,-0.00799012409467714,-0.0154542680176988,0.0178534815562683,0.00184365484009774,0.0199669637105355,0.017163971934937,-0.00113032232613808,-0.02482114831761,0.0498769449701841,NA,0.0481096388203062,0.0492133496166645,0.0550441648887796,0.032226697692284,0.10913068801741,0.104295056410733,0.0881443184844097,0.126513424448262,0.120955647868524,0.0818515137438758
1972,6.78325726207907,7.21241127544031,6.74850676851738,5.60913378675978,5.99720468486151,8.65265605532987,6.76406194268313,7.19772597740823,6.76400942422593,5.60037076983095,5.98048529935344,8.63260200621097,0.0441518772615046,0.0421435955349603,0.0336811169178262,0.0347286746262361,0.0783411393187023,0.0666469788347577,0.0458371021397159,0.0296432228550607,0.0403227461466455,0.0394982079361688,0.0536316297159569,0.0311386616981579,10.854061317646,11.2736514964106,10.8979897009086,9.49873009398494,10.4498695010853,12.2683080751811,0.0087505977855038,0.00476293667679428,0.00667628196897496,0.0101252689510964,0.0111334754048666,0.011416698225613,0.0658081528543528,0.0442825446096995,0.0583904956339332,0.0784564124117226,0.081787280270456,0.0269252213917492,1.62204517645438,1.5709484031804,1.52141181059926,1.7465423485703,1.61315410963312,1.61197125319527,0.616505640234939,0.636558144096581,0.657284236281904,0.572559835619554,0.619903575255703,0.620358457396672,0.84248900633788,0.78021424375948,0.761036291018064,0.837584274262659,0.839083708954139,0.881079247601081,0.601520220942547,0.529131409006885,0.557997322563483,0.647014108654829,0.656646461604494,0.694893270060758,0.240968785395333,0.251082834752595,0.203038968454581,0.190570165607831,0.182437247349645,0.186185977540323,0.0191953193959407,0.0146852980320826,-0.0155026557085582,0.00876301692883175,0.0167193855080683,0.020054049118901,0.020880544274152,0.00218492535218306,-0.00886102647973885,0.0135325502387644,-0.00799012409467714,-0.0154542680176988,0.0485539294502049,0.030547704446457,0.044847328544523,0.0458953673922373,0.052302585241633,0.0333626044175652,0.109960030115857,0.0864261401446598,0.0920716125517593,0.113185087037959,0.160128419589158,0.0935722002265069
1973,6.84336018610689,7.25899821524782,6.81354204666659,5.66214576483457,6.0722074116967,8.69210804233166,6.81023314945471,7.22651911862865,6.80518517894916,5.63743759753297,6.0336858911684,8.66535392067781,0.0601029240278219,0.0465869398075016,0.0650352781492094,0.0530119780747889,0.0750027268351916,0.0394519870017849,0.0461712067715787,0.0287931412204134,0.0411757547232252,0.0370668277020201,0.0532005918149494,0.0327519144668393,10.8621135653349,11.2767849617499,10.90504854153,9.50701267344172,10.461001805221,12.278423776413,0.00805224768891577,0.00313346533935643,0.00705884062140072,0.00828257945677535,0.0111323041357281,0.0101157012319018,0.0770715016487569,0.0611723281850267,0.122117772995679,0.0814048424176974,0.111928436357783,0.0688191279734376,1.6314782454251,1.59354747384914,1.51119762931621,1.76134605575656,1.59542289084354,1.63762298726322,0.612941056863088,0.62753072400444,0.661726818915462,0.567747602313427,0.626793062666462,0.610641159642728,0.840398226109099,0.779130260772214,0.767887031733972,0.829316822666013,0.842163098296146,0.863277261763677,0.597648200555956,0.524314126246874,0.560567568620575,0.637182001594122,0.656547958037434,0.676848792555344,0.242750025553143,0.25481613452534,0.207319463113397,0.192134821071891,0.185615140258712,0.186428469208334,0.0331270366521839,0.0324790966191708,0.00835686771742594,0.0247081673016005,0.0385215205283105,0.0267541216538465,0.0191953193959407,0.0146852980320826,-0.0155026557085582,0.00876301692883175,0.0167193855080683,0.020054049118901,0.0458371021397159,0.0296432228550607,0.0403227461466455,0.0394982079361688,0.0536316297159569,0.0311386616981579,0.137174425676579,0.107759267992528,0.187153051144888,0.134416820492486,0.186931163192975,0.108271114975222
1974,6.88656060207422,7.26789821207796,6.86280470521734,5.6959548768005,6.12687147545988,8.67245861629616,6.85393720185909,7.25452068642243,6.84611006359582,5.66973598109009,6.08280336812301,8.69920777308987,0.0432004159673252,0.00889999683014597,0.0492626585507532,0.0338091119659314,0.0546640637631732,-0.0196494260354925,0.0437040524043804,0.0280015677937868,0.040924884646663,0.032298383557122,0.0491174769546117,0.0338538524120597,10.8686586826037,11.2771612634841,10.9118306815804,9.51485518804101,10.4733863316873,12.2880049967023,0.00654511726887108,0.000376301734185347,0.00678214005041511,0.00784251459929486,0.0123845264662723,0.00958122028928088,0.110740919245192,0.0701894626812654,0.185538990422951,0.121293766523679,0.147996920093501,0.100394967006249,1.64066233488023,1.60636018775207,1.50422187130577,1.77616152395147,1.58294745242449,1.6688277839801,0.609509939211838,0.622525388530323,0.664795545840543,0.563011858164384,0.631732909685894,0.599223005273218,0.837145018630119,0.778083832329938,0.774243306829777,0.819919599468345,0.845202116011617,0.844263509092652,0.5924698091585,0.518981997182812,0.562390417740208,0.625943250678426,0.65752795308035,0.657483234244332,0.244675209471619,0.259101835147126,0.211852889089569,0.193976348789918,0.187674162931266,0.18678027484832,0.0326234002151287,0.01337752565553,0.0166946416215161,0.0262188957104099,0.0440681073368721,-0.0267491567937057,0.0331270366521839,0.0324790966191708,0.00835686771742594,0.0247081673016005,0.0385215205283105,0.0267541216538465,0.0461712067715787,0.0287931412204134,0.0411757547232252,0.0370668277020201,0.0532005918149494,0.0327519144668393,0.153941335212517,0.0790894595114113,0.234801648973704,0.15510287848961,0.202660983856674,0.0807455409707569
1975,6.87705952284355,7.25919339221797,6.83838756379455,5.6959751915639,6.13227775024597,8.69768567258501,6.8927162436013,7.28180365568262,6.87807386912862,5.69689556250061,6.12225534257013,8.73040402159746,-0.00950107923066223,-0.00870481985999394,-0.0244171414227861,2.03147634012524e-05,0.00540627478608702,0.0252270562888484,0.038779041742214,0.027282969260189,0.0319638055327971,0.0271595814105234,0.0394519744471253,0.031196248507591,10.8732493806649,11.2734221317105,10.9181029161855,9.52369278620241,10.4855849810469,12.2974172500971,0.00459069806118251,-0.00373913177362084,0.00627223460502968,0.00883759816139928,0.0121986493596626,0.0094122533947516,0.128718647472997,0.0551185428399981,0.160585406231999,0.0778438793528844,0.155093279395941,0.0613003530630101,1.6458942083115,1.60804857529032,1.49611085277015,1.79129695723432,1.56874409253201,1.70266681762497,0.607572464226535,0.621871761441942,0.6683996698162,0.558254730440648,0.637452599669055,0.587313965156666,0.83284355067415,0.777173309797222,0.77898133939875,0.808690670009739,0.848359305894157,0.825343332428239,0.586076329926625,0.513471348834562,0.56268620158529,0.613512827787974,0.658210206478134,0.637856916808182,0.246767220747525,0.26370196096266,0.21629513781346,0.195177842221764,0.190149099416022,0.187486415620057,-0.0156567207577476,-0.022610263464653,-0.039686305334067,-0.000920370936712267,0.0100224076758337,-0.0327183490124483,0.0326234002151287,0.01337752565553,0.0166946416215161,0.0262188957104099,0.0440681073368721,-0.0267491567937057,0.0437040524043804,0.0280015677937868,0.040924884646663,0.032298383557122,0.0491174769546117,0.0338538524120597,0.119217568242334,0.0464137229800041,0.136168264809213,0.0778641941162856,0.160499554182028,0.0865274093518584
1976,6.91952070562516,7.30753552875168,6.90276580193325,5.73957390602791,6.16478147143053,8.73989725470735,6.92997415236024,7.30844243292375,6.90790010354104,5.72396596662444,6.1569825960129,8.76046314579203,0.0424611827816062,0.0483421365337167,0.0643782381386941,0.0435987144640126,0.0325037211845656,0.0422115821223414,0.0372579087589404,0.0266387772411338,0.0298262344124218,0.0270704041238252,0.0347272534427665,0.0300591241945707,10.87727543254,11.2691263614728,10.9234067799869,9.53145506867436,10.4961589344259,12.3066812976965,0.00402605187503724,-0.00429577023767891,0.00530386380145842,0.00776228247194766,0.01057395337895,0.00926404759938393,0.102282095701924,0.0324918114397401,0.163313005512906,0.0861156342713341,0.152649404087908,0.0638411962285175,1.64755629489035,1.6117966089191,1.48877714111781,1.80444213419405,1.54754990394318,1.74015395403222,0.606959533401892,0.620425675588572,0.671692204549284,0.554187901651192,0.646182715951186,0.574661797987952,0.826745576315378,0.773635531744678,0.781205689191105,0.795760970327808,0.851626947965468,0.806752016525522,0.578607522947884,0.506471190796293,0.560952466904345,0.600055970030179,0.658150499212696,0.618420775580496,0.248138053367493,0.267164340948385,0.22025322228676,0.19570500029763,0.193476448752772,0.188331240945026,-0.0104534467350819,-0.000906904172070178,-0.00513430160779471,0.0156079394034752,0.0077988754176328,-0.0205658910846775,-0.0156567207577476,-0.022610263464653,-0.039686305334067,-0.000920370936712267,0.0100224076758337,-0.0327183490124483,0.038779041742214,0.027282969260189,0.0319638055327971,0.0271595814105234,0.0394519744471253,0.031196248507591,0.14474327848353,0.0808339479734568,0.2276912436516,0.129714348735347,0.185153125272474,0.106052778350859
1977,6.95444523887778,7.34034934864174,6.92441898787729,5.76446587401705,6.19277627126258,8.78881380347725,6.9645812296978,7.3344915398572,6.93631893340384,5.74862909359976,6.18669369999495,8.79278837878429,0.0349245332526174,0.0328138198900554,0.0216531859440385,0.0248919679891415,0.0279947998320491,0.0489165487698955,0.0346070773375615,0.0260491069334492,0.0284188298627974,0.0246631269753248,0.0297111039820503,0.0323252329922585,10.8817598674911,11.2668402419611,10.9279967023722,9.53738289541361,10.5064712114963,12.3160896882183,0.00448443495118234,-0.00228611951172475,0.00458992238523415,0.00592782673925107,0.01031227707041,0.00940839052183406,0.083244831215211,0.0306465340271713,0.173290455252863,0.0520672237414144,0.210111669523383,0.0565674772050149,1.65190139634914,1.62899839468379,1.48699848559951,1.8186238688204,1.52989073655708,1.78261121193533,0.605363009081591,0.61387414699946,0.672495641175338,0.549866312185059,0.653641450402163,0.560974817898923,0.820038819548255,0.768894685037188,0.782113565506271,0.783087099198153,0.852603473812396,0.789054507033767,0.570545079296208,0.498470788638811,0.557829255427869,0.58613881206293,0.656154956000803,0.599742498405254,0.249493740252047,0.270423896398377,0.224284310078402,0.196948287135223,0.196448517811593,0.189312008628512,-0.010135990820026,0.00585780878453601,-0.0118999455265536,0.0158367804172919,0.00608257126763156,-0.0039745753070406,-0.0104534467350819,-0.000906904172070178,-0.00513430160779471,0.0156079394034752,0.0077988754176328,-0.0205658910846775,0.0372579087589404,0.0266387772411338,0.0298262344124218,0.0270704041238252,0.0347272534427665,0.0300591241945707,0.118169364467828,0.0634603539172267,0.194943641196902,0.0769591917305559,0.238106469355432,0.10548402597491
1978,6.99317893118093,7.37006152464344,6.95299423982264,5.79107129942047,6.2072956403338,8.85328569476646,6.9970960896698,7.36000038789497,6.96681228888697,5.77162678957315,6.20965597424916,8.82727527815013,0.038733692303154,0.0297121760016967,0.0285752519453597,0.0266054254034165,0.0145193690712206,0.064471891289207,0.032514859972002,0.0255088480377621,0.0304933554831344,0.0229976959733884,0.0229622742542075,0.0344868993658434,10.8861214511949,11.2659419810245,10.9320164735567,9.54351578719185,10.5161014415643,12.3256145601184,0.00436158370376916,-0.000898260936581963,0.00401977118453978,0.00613289177823972,0.00963023006799624,0.00952487190008355,0.0890155779866566,0.034773322710322,0.134751589242321,0.0519744915689286,0.187589221878418,0.0573782378009904,1.66094867224074,1.65432648248389,1.48852229367641,1.83808049379497,1.51289703773877,1.82959587810834,0.602065564525198,0.604475604173699,0.671807203861326,0.544045814846423,0.660983513785338,0.546568787110476,0.814435511783343,0.763156989216149,0.782294343357039,0.770794116346303,0.850720771248505,0.77235597651932,0.563041430513514,0.489935069782742,0.553604130895596,0.572201927262891,0.651410179760534,0.581885373101392,0.251394081269829,0.273221919433407,0.228690212461444,0.198592189083412,0.199310591487971,0.190470603417929,-0.00391715848887397,0.0100611367484706,-0.0138180490643283,0.0194445098473199,-0.00236033391535528,0.0260104166163231,-0.010135990820026,0.00585780878453601,-0.0118999455265536,0.0158367804172919,0.00608257126763156,-0.0039745753070406,0.0346070773375615,0.0260491069334492,0.0284188298627974,0.0246631269753248,0.0297111039820503,0.0323252329922585,0.127749270289811,0.0644854987120187,0.163326841187681,0.0785799169723451,0.202108590949639,0.121850129090197
1979,7.02946564037767,7.41079267527724,7.00708764398778,5.81101275129213,6.20771568087707,8.86604483125827,7.02774440383188,7.38501783130641,6.99445036459286,5.79366762169709,6.22977642846131,8.86051007041726,0.0362867091967392,0.0407311506338015,0.0540934041651369,0.0199414518716567,0.000420040543266609,0.0127591364918178,0.0306483141620744,0.0250174434114472,0.0276380757058821,0.0220408321239427,0.0201204542121554,0.0332347922671232,10.8904398122489,11.2663584768837,10.9354681086051,9.5503897031593,10.5248801721887,12.3352355002854,0.00431836105395078,0.000416495859184352,0.00345163504840507,0.00687391596744824,0.0087787306244369,0.00962094016704818,0.0972240421929755,0.0418258924448867,0.147860912110581,0.0466074028284487,0.156407253631567,0.0981146044380394,1.67171897361826,1.66760915458163,1.4895965468706,1.86282571651993,1.49990349039855,1.8773983315404,0.598186666408173,0.599660896111403,0.671322716275652,0.5368188720672,0.666709562582779,0.532652012734828,0.80816978195036,0.754445027753529,0.78002663933328,0.758025634583314,0.846824092087691,0.75699922184052,0.555406556450348,0.480183892329724,0.547235029946339,0.558133329562904,0.644813519509991,0.565196131494847,0.252763225500012,0.274261135423805,0.232791609386942,0.19989230502041,0.2020105725777,0.191803090345674,0.00172123654579082,0.025774843970825,0.0126372793949265,0.017345129595034,-0.022060747584244,0.00553476084101767,-0.00391715848887397,0.0100611367484706,-0.0138180490643283,0.0194445098473199,-0.00236033391535528,0.0260104166163231,0.032514859972002,0.0255088480377621,0.0304933554831344,0.0229976959733884,0.0229622742542075,0.0344868993658434,0.133510751389715,0.0825570430786882,0.201954316275718,0.0665488547001054,0.156827294174834,0.110873740929857
1980,7.04609080696637,7.42464894060335,7.03760896917089,5.82434269264269,6.22063764039738,8.86565423967243,7.05552790045185,7.4095947542133,7.02457741294494,5.81545421615919,6.24697329430059,8.88253268058034,0.0166251665887005,0.0138562653261074,0.0305213251831065,0.0133299413505599,0.0129219595203125,-0.000390591585844646,0.027783496619973,0.0245769229068822,0.0301270483520808,0.0217865944620996,0.0171968658392805,0.022022610163086,10.895647266504,11.268499222856,10.9404386787193,9.55836607382855,10.5330974305718,12.3452198555178,0.00520745425511393,0.00214074597234237,0.0049705701141427,0.00797637066924928,0.00821725838310705,0.00998435523239927,0.109267661120087,0.0532117038817272,0.191797811583483,0.0603927945440708,0.125962843763091,0.0843009012009928,1.6724876339696,1.65561521225738,1.49519588053882,1.88677030490144,1.48952596610002,1.92348224717344,0.597911745168801,0.604005080767848,0.668808691232904,0.530006221426215,0.671354526714474,0.519890423459589,0.797482820447661,0.739924123541997,0.771644373670619,0.745132714902178,0.842189836434681,0.743057483734762,0.54715958647645,0.468555523753311,0.537552785616262,0.544568192696588,0.637403556957578,0.549991523910629,0.250323233971211,0.271368599788686,0.234091588054357,0.20056452220559,0.204786279477103,0.193065959824133,-0.00943709348548172,0.0150541863900502,0.0130315562259522,0.00888847648349422,-0.026335653903212,-0.016878440907913,0.00172123654579082,0.025774843970825,0.0126372793949265,0.017345129595034,-0.022060747584244,0.00553476084101767,0.0306483141620744,0.0250174434114472,0.0276380757058821,0.0220408321239427,0.0201204542121554,0.0332347922671232,0.125892827708788,0.0670679692078346,0.22231913676659,0.0737227358946306,0.138884803283404,0.0839103096151481
1981,7.05790390419781,7.42999338064747,7.0431609168855,5.81647570755807,6.21930134974302,8.87856873758913,7.07691019422577,7.43379340859806,7.04411912259893,5.83004057814558,6.25864853283051,8.90574366801303,0.0118130972314408,0.00534444004411938,0.00555194771461398,-0.00786698508462091,-0.00133629065435592,0.0129144979167037,0.0213822937739216,0.0241986543847617,0.0195417096539954,0.0145863619863906,0.0116752385299188,0.0232109874326838,10.9014506542321,11.2701917737828,10.9445898949958,9.56540224561627,10.5404006345921,12.3553613141993,0.0058033877280792,0.00169255092676757,0.0041512162765347,0.00703617178772298,0.00730320402028894,0.0101414586814421,0.108681977053666,0.0408382931671682,0.175650589950858,0.0619422536478105,0.116448031036784,0.102554634397936,1.66083117168858,1.62223579443609,1.49594278819599,1.90682334750567,1.48175569994071,1.97131448114222,0.602108159484562,0.616433198817199,0.668474762464636,0.524432429101577,0.674875082336458,0.50727573381421,0.780268311690443,0.718051073010476,0.757791345147331,0.731316895316833,0.833990401415015,0.729957056089555,0.537444476345947,0.454620209901372,0.524938198763117,0.53057364976066,0.627157848853995,0.536075794090949,0.242823835344495,0.263430863109103,0.232853146384214,0.200743245556173,0.206832552561021,0.193881261998606,-0.0190062900279626,-0.00380002795059209,-0.000958205713429194,-0.0135648705875173,-0.0393471830874867,-0.0271749304238931,-0.00943709348548172,0.0150541863900502,0.0130315562259522,0.00888847648349422,-0.026335653903212,-0.016878440907913,0.027783496619973,0.0245769229068822,0.0301270483520808,0.0217865944620996,0.0171968658392805,0.022022610163086,0.120495074285107,0.0461827332112876,0.181202537665472,0.0540752685631896,0.115111740382428,0.11546913231464
1982,7.08203550761685,7.42600425016656,7.04471704063996,5.80399050590274,6.23168698807585,8.86403174814136,7.09516421529846,7.45767983223809,7.06144259263871,5.8391738590727,6.26995168950476,8.93600597014342,0.0241316034190397,-0.00398913048090233,0.00155612375446257,-0.0124852016553261,0.0123856383328249,-0.0145369894477749,0.0182540210726847,0.0238864236400316,0.0173234700397789,0.00913328092711563,0.0113031566742459,0.030262302130394,10.9074669028535,11.2694985206855,10.9458676247816,9.57038264010983,10.5465801843042,12.3655653946344,0.00601624862141925,-0.000693253097248103,0.00127772978580687,0.00498039449355581,0.00617954971206913,0.0102040804351411,0.113620726622707,0.0448251720573411,0.164580296151143,0.0451995268549545,0.127368625717086,0.0562928794302073,1.64819433292967,1.57702539382059,1.48259610506846,1.92109189759783,1.48456430874785,2.01950071212106,0.606724571260051,0.634105198253875,0.674492531432777,0.520537305503406,0.673598303628522,0.495171897686389,0.762578220444473,0.691824906423096,0.7403509453968,0.716321989951172,0.821776401783581,0.71863802030535,0.527968287908231,0.438463632994232,0.510430935200012,0.515450986984827,0.613555125611236,0.523907413250781,0.234609932536242,0.253361273428864,0.229920010196788,0.200871002966346,0.208221276172344,0.194730607054568,-0.0131287076816076,-0.031675582071526,-0.0167255519987455,-0.035183353169959,-0.0382647014289077,-0.071974222002062,-0.0190062900279626,-0.00380002795059209,-0.000958205713429194,-0.0135648705875173,-0.0393471830874867,-0.0271749304238931,0.0213822937739216,0.0241986543847617,0.0195417096539954,0.0145863619863906,0.0116752385299188,0.0232109874326838,0.137752330041747,0.0408360415764388,0.166136419905605,0.0327143251996285,0.139754264049911,0.0417558899824324
1983,7.0945771158957,7.44157349026482,7.05392512333068,5.82447879068159,6.24924544782585,8.9400633201421,7.11070750069272,7.48131217860294,7.08195546614925,5.85438513342154,6.28690485390557,8.96771887391338,0.0125416082788439,0.0155692400982552,0.00920808269071038,0.0204882847788523,0.0175584597500063,0.0760315720007387,0.0155432853942594,0.0236323463648551,0.0205128735105369,0.015211274348844,0.016953164400813,0.0317129037699644,10.9130756671698,11.2673334914543,10.9466947981345,9.57476825407012,10.551983646116,12.3757578868167,0.00560876431629609,-0.00216502923121986,0.000827173352897503,0.00438561396029336,0.00540346181180773,0.0101924921822771,0.0917815647420994,0.0277249056782818,0.143901028884857,0.0137950746618714,0.112285888548175,0.00720825956992499,1.6424485914418,1.52865937842215,1.46067431678839,1.93151929494663,1.5039544908176,2.06527939847773,0.608847062374209,0.65416796842746,0.684615309865049,0.517727160487741,0.664913736489704,0.484195988560714,0.746411989812476,0.664040853086242,0.718897274121215,0.700404440853404,0.8075901906879,0.709060013644492,0.518757952639621,0.420686270387691,0.494207143459722,0.499793722527094,0.598202642217582,0.513210822233423,0.227654037172855,0.243354582698551,0.224690130661493,0.200610718326309,0.209387548470319,0.19584919141107,-0.0161303847970231,-0.0397386883381259,-0.028030342818572,-0.0299063427399506,-0.0376594060797144,-0.0276555537712877,-0.0131287076816076,-0.031675582071526,-0.0167255519987455,-0.035183353169959,-0.0382647014289077,-0.071974222002062,0.0182540210726847,0.0238864236400316,0.0173234700397789,0.00913328092711563,0.0113031566742459,0.030262302130394,0.104323173020943,0.043294145776537,0.153109111575568,0.0342833594407237,0.129844348298181,0.0832398315706637
1984,7.11054368366945,7.4694443784658,7.08360717746146,5.85463623677596,6.2669216125286,8.99432083274339,7.12632982289329,7.50472506686623,7.10158154179696,5.86673309171755,6.299358388141,9.00271777151348,0.0159665677737504,0.0278708882009875,0.0296820541307801,0.0301574460943677,0.0176761647027481,0.0542575126012945,0.0156223222005751,0.0234128882632838,0.0196260756477118,0.0123479582960089,0.0124535342354273,0.034998897600099,10.918294573694,11.2644410092512,10.9474738504254,9.57933559858865,10.5567883692642,12.385698770827,0.00521890652421497,-0.00289248220315663,0.000779052290932114,0.00456734451852725,0.00480472314822222,0.00994088401030524,0.0683432251252523,0.0196636951133309,0.104814716274969,0.0228090006975146,0.103152661179438,0.0510517364557082,1.64474151270409,1.48544479617985,1.43792942571809,1.94343009423464,1.53838907429678,2.1102150040413,0.607998273452657,0.673199032755522,0.695444423150744,0.514554139594005,0.650030617551751,0.473885361484439,0.731282715929646,0.639979642756876,0.697242256869464,0.683501753656511,0.791375676246082,0.700659927890017,0.509005731938655,0.403050642847445,0.477054120181633,0.483414847815254,0.580907382351655,0.503520625655702,0.222276983990992,0.236928999909431,0.220188136687831,0.200086905841258,0.210468293894427,0.197139302234315,-0.0157861392238479,-0.0352806884004222,-0.0179743643355037,-0.0120968549415919,-0.0324367756123936,-0.00839693877009218,-0.0161303847970231,-0.0397386883381259,-0.028030342818572,-0.0299063427399506,-0.0376594060797144,-0.0276555537712877,0.0155432853942594,0.0236323463648551,0.0205128735105369,0.015211274348844,0.016953164400813,0.0317129037699644,0.0843097928990026,0.0475345833143184,0.134496770405749,0.0529664467918822,0.120828825882186,0.105309249057003
1985,7.12611259266742,7.49242599343413,7.10947967087684,5.88011078279744,6.28986986520154,9.03529443233692,7.14426744909436,7.52792703122186,7.12346559316387,5.88366959050778,6.31902512088868,9.03777093938397,0.0155689089979756,0.0229816149683231,0.0258724934153838,0.0254745460214814,0.0229482526729372,0.0409735995935261,0.0179376262010686,0.0232019643556365,0.0218840513669063,0.0169364987902236,0.0196667327476838,0.0350531678704868,10.9235462326055,11.2627115965654,10.9482682491157,9.58458715292607,10.5610417776653,12.3954130272256,0.00525165891149015,-0.00172941268580828,0.000794398690244336,0.00525155433742519,0.0042534084010466,0.00971425639858658,0.0535800328017846,0.0210555873927909,0.0902068683223534,0.00862155870776959,0.0824631921115326,0.0310117916129022,1.66983380934596,1.45736855428744,1.43435442867173,1.95937636066894,1.56619333042611,2.15081507927248,0.598861991177242,0.686168229071563,0.697177754682323,0.510366471737259,0.638490779250052,0.464940017222798,0.724119093296778,0.624035401163426,0.68256257276897,0.669232961238416,0.776007071394858,0.694418322589651,0.501808498652922,0.388037215097409,0.46120602111502,0.468469043040821,0.563655401730439,0.495833266205915,0.222310594643856,0.235998186066018,0.22135655165395,0.200763918197595,0.21235166966442,0.198585056383736,-0.0181548564269409,-0.0355010377877356,-0.0139859222870262,-0.00355880771033412,-0.0291552556871402,-0.00247650704705293,-0.0157861392238479,-0.0352806884004222,-0.0179743643355037,-0.0120968549415919,-0.0324367756123936,-0.00839693877009218,0.0156223222005751,0.0234128882632838,0.0196260756477118,0.0123479582960089,0.0124535342354273,0.034998897600099,0.0691489417997602,0.044037202361114,0.116079361737737,0.034096104729251,0.10541144478447,0.0719853912064283
1986,7.14972692211653,7.51507262636729,7.13621775169463,5.90759924541445,6.32189141695639,9.06395224305623,7.16600015092229,7.55090540533955,7.14575134757447,5.90451905484026,6.34798369520445,9.07072728348624,0.0236143294491074,0.0226466329331627,0.0267380808177888,0.027488462617006,0.032021551754851,0.0286578107193094,0.0217327018279292,0.0229783741176837,0.0222857544106017,0.0208494643324801,0.0289585743157659,0.0329563441022724,10.9286835131429,11.2634868013423,10.9486285187399,9.59058978654432,10.5645170764021,12.4047341728287,0.00513728053744522,0.000775204776957139,0.000360269624215093,0.0060026336182446,0.00347529873687691,0.00932114560309927,0.0510677112254978,0.0295234521218344,0.0754926818073054,0.00211476326740811,0.103253550196085,0.0253215494957875,1.71745724555694,1.44429272480011,1.44296368337765,1.97920923434928,1.59257454521695,2.17969834651009,0.582256124620859,0.692380417645874,0.6930181344961,0.505252290988212,0.627914092312569,0.458779079041419,0.723111200251614,0.612597519020328,0.672405847317393,0.658626805174228,0.762180060223289,0.690944610998407,0.496718103583637,0.37553574418748,0.446658398533731,0.456170088220297,0.546816168024891,0.490516456226482,0.226393096667977,0.237061774832848,0.225747448783662,0.202456716953931,0.215363892198398,0.200428154771925,-0.0162732288057628,-0.0358327789722566,-0.00953359587983904,0.00308019057419173,-0.026092278248055,-0.00677504043001598,-0.0181548564269409,-0.0355010377877356,-0.0139859222870262,-0.00355880771033412,-0.0291552556871402,-0.00247650704705293,0.0179376262010686,0.0232019643556365,0.0218840513669063,0.0169364987902236,0.0196667327476838,0.0350531678704868,0.0746820406746052,0.0521700850549971,0.102230762625094,0.0296032258844141,0.135275101950936,0.0539793602150969
1987,7.17493399953186,7.52899674136777,7.16642667059356,5.92672759344291,6.37587746522396,9.10772561223615,7.19116370497347,7.57362808375391,7.16834402017046,5.92707072978568,6.37739254242506,9.10247213318739,0.0252070774153337,0.0139241150004796,0.0302089188989365,0.0191283480284659,0.0539860482675651,0.0437733691799203,0.025163554051181,0.0227226784143637,0.022592672595998,0.0225516749454213,0.0294088472206164,0.031744849701143,10.9339702398495,11.2652628122617,10.9489087119792,9.59729840919243,10.5675150790398,12.4137422545386,0.00528672670660058,0.0017760109193965,0.000280193239269977,0.00670862264810879,0.00299800263770855,0.00900808170987588,0.0244026437462566,0.0127154594288639,0.0609253332606565,-0.0105315825352727,0.0577419590621631,0.0146615886311454,1.75933322816311,1.43675678405137,1.4575734892504,1.996377021335,1.62497033882725,2.18871835828389,0.568397154099159,0.696012025904759,0.686071753757184,0.50090738839064,0.615395848223117,0.456888386856713,0.721854502795545,0.601609276008398,0.663492113431293,0.649150091061972,0.749927349116546,0.68943145888604,0.491734818740646,0.36385262555773,0.432904239606333,0.445246927935913,0.530535778871069,0.48686558174225,0.230119684054899,0.237756650450667,0.230587873824959,0.203903163126058,0.219391570245477,0.20256587714379,-0.0162297054416101,-0.0446313423861406,-0.00191734957690048,-0.000343136342763728,-0.00151507720110633,0.00525347904876128,-0.0162732288057628,-0.0358327789722566,-0.00953359587983904,0.00308019057419173,-0.026092278248055,-0.00677504043001598,0.0217327018279292,0.0229783741176837,0.0222857544106017,0.0208494643324801,0.0289585743157659,0.0329563441022724,0.0496097211615902,0.0266395744293435,0.091134252159593,0.00859676549319311,0.111728007329728,0.0584349578110657
1988,7.22195330142796,7.56536971087774,7.20592646792865,5.96056094222351,6.42556329094433,9.14501502737123,7.21897809012656,7.59604505422214,7.19282433490677,5.95352783433177,6.41377929972149,9.13359684783352,0.0470193018961025,0.0363729695099719,0.0394997973350888,0.0338333487805977,0.0496858257203749,0.0372894151350867,0.0278143851530848,0.0224169704682255,0.0244803147363024,0.0264571045460906,0.0363867572964249,0.0311247146461344,10.9395477635585,11.2694005232838,10.9495557824809,9.60413248162433,10.570092175412,12.4227683943711,0.00557752370899678,0.00413771102208749,0.000647070501695879,0.00683407243190182,0.00257709637211789,0.00902613983252643,0.0312954515859918,0.0167920523347975,0.06714164298447,0.00816293722764882,0.0576609720154075,0.0382986960506186,1.78819500341007,1.43749885884791,1.47823984492996,2.00412283824375,1.64451647981271,2.18152368594171,0.559223126165216,0.695652726153434,0.676480209507124,0.498971410792524,0.608081470922011,0.458395206269936,0.720415426406668,0.591223510135748,0.65596659848199,0.640357813619378,0.739475012743873,0.689023830276388,0.486828280089097,0.353992211700508,0.420069722871997,0.434937003670522,0.515602295616309,0.484498862517886,0.233587146317571,0.23723129843524,0.235896875609993,0.205420809948856,0.223872717127564,0.204524967758503,0.00297521130140765,-0.0306753433443943,0.0131021330218859,0.00703310789174338,0.0117839912228437,0.0114181795377135,-0.0162297054416101,-0.0446313423861406,-0.00191734957690048,-0.000343136342763728,-0.00151507720110633,0.00525347904876128,0.025163554051181,0.0227226784143637,0.022592672595998,0.0225516749454213,0.0294088472206164,0.031744849701143,0.0783147534820943,0.0531650218447695,0.106641440319559,0.0419962860082466,0.107346797735782,0.0755881111857053
1989,7.26506231032672,7.60367928003765,7.2379327104754,6.00381309690687,6.4727110996219,9.17207762863584,7.24748313684365,7.61808490216101,7.21528557392815,5.98247145656367,6.45159365849002,9.16412198594461,0.0431090088987558,0.0383095691599102,0.0320062425467418,0.0432521546833593,0.0471478086775674,0.0270626012646087,0.0285050467170906,0.0220398479388697,0.0224612390213785,0.028943622231905,0.0378143587685287,0.030525138111086,10.9452663510415,11.2772925578302,10.9503986566232,9.61053233479243,10.5720745226776,12.4319127698212,0.00571858748294218,0.00789203454645104,0.000842874142396255,0.00639985316810154,0.00198234726568103,0.00914437545016256,0.0313435525864332,0.0282999571550313,0.0622436738020262,0.0133906675666875,0.0666935156511776,0.047460070665406,1.81156122725368,1.44882351442297,1.49583507797704,2.0006363693619,1.65611811813508,2.17272572533237,0.552010047993795,0.690215191874682,0.66852289715815,0.499840958264169,0.603821665284405,0.460251373811586,0.718083344334335,0.582481267575927,0.648481798645258,0.631155349200859,0.729302686120915,0.688974087743801,0.481405650499254,0.346986258170369,0.407711384913808,0.424571460055193,0.500924498444474,0.482617403078865,0.236677693835081,0.235495009405558,0.240770413731449,0.206583889145666,0.228378187676441,0.206356684664936,0.0175791734830728,-0.0144056221233537,0.0226471365472491,0.0213416403431976,0.0211174411318824,0.00795564269123616,0.00297521130140765,-0.0306753433443943,0.0131021330218859,0.00703310789174338,0.0117839912228437,0.0114181795377135,0.0278143851530848,0.0224169704682255,0.0244803147363024,0.0264571045460906,0.0363867572964249,0.0311247146461344,0.074452561485189,0.0666095263149415,0.094249916348768,0.0566428222500468,0.113841324328745,0.0745226719300147
1990,7.29296563115213,7.65478725900674,7.25756328735289,6.04479403121466,6.50984472487337,9.17809014452232,7.27535655208621,7.6396646371183,7.23826885944648,6.0127808208531,6.4864574387545,9.19247832264463,0.0279033208254145,0.0511079789690845,0.0196305768774936,0.0409809343077905,0.0371336252514718,0.00601251588647855,0.0278734152425626,0.0215797349572933,0.0229832855183316,0.0303093642894261,0.0348637802644873,0.0283563367000248,10.950635277765,11.2861247217749,10.9513582104118,9.61786189754118,10.5734935033638,12.4426195176758,0.00536892672355549,0.00883216394461783,0.000959553788566936,0.00732956274874397,0.00141898068611823,0.0107067478545773,0.0263107804638487,0.0335101845953618,0.0812997238738329,0.0154771087709031,0.0706779377098767,0.0494211747597006,1.83353367580193,1.47493085983896,1.51089645365188,1.99775676858254,1.66516541281268,2.17260025079886,0.545394945943728,0.6779978826324,0.661858724721322,0.500561437571566,0.600540938639165,0.460277954783583,0.714839420734543,0.577484303297776,0.641083178222602,0.621517521210244,0.718484101430408,0.688006752096641,0.475057352773535,0.342954878311069,0.395521539732444,0.414566633761745,0.485724439156573,0.480296173970684,0.239782067961007,0.234529424986707,0.245561638490157,0.206950887448499,0.232759662273835,0.207710578125957,0.0176090790659247,0.0151226218884375,0.0192944279064111,0.032013210361562,0.0233872861188669,-0.0143881781223101,0.0175791734830728,-0.0144056221233537,0.0226471365472491,0.0213416403431976,0.0211174411318824,0.00795564269123616,0.0285050467170906,0.0220398479388697,0.0224612390213785,0.028943622231905,0.0378143587685287,0.030525138111086,0.0542141012892632,0.0846181635644463,0.100930300751326,0.0564580430786936,0.107811562961349,0.0554336906461792
1991,7.3052564139105,7.71409038293804,7.27185055529163,6.0688926438799,6.53496066921954,9.18968665596939,7.30149549924792,7.67452010967445,7.26085150945888,6.04420661934837,6.52071651114011,9.21777147570775,0.012290782758364,0.059303123931306,0.0142872679387374,0.0240986126652389,0.0251159443461733,0.0115965114470686,0.0261389471617104,0.0348554725561536,0.0225826500123993,0.031425798495273,0.0342590723856091,0.0252931530631191,10.9555595317126,11.29356469989,10.9521283658114,9.62609172810838,10.5764768972208,12.4547725241307,0.00492425394761575,0.00743997811515662,0.000770155399559158,0.00822983056720794,0.00298339385702917,0.0121530064548612,0.0242546208394554,0.0245591199432234,0.0743635568611447,0.0306945757113475,0.06708567531944,0.020578627427966,1.832051513219,1.5086659922432,1.52110124956522,1.96441127178875,1.68012360506486,2.15591114127742,0.545836180251806,0.662837238422222,0.657418433050287,0.509058369986556,0.595194304148471,0.463841009424665,0.711103347071083,0.575113800139842,0.627792409428879,0.613231120411367,0.707129362156687,0.687345420662726,0.468013399960269,0.340389532892898,0.378255464335956,0.406116414239099,0.470565315344249,0.478925640030033,0.243089947110814,0.234724267246945,0.249536945092923,0.207114706172267,0.236564046812438,0.208419780632693,0.00376091466257833,0.0395702732635899,0.0109990458327491,0.0246860245315279,0.014244158079431,-0.0280848197383605,0.0176090790659247,0.0151226218884375,0.0192944279064111,0.032013210361562,0.0233872861188669,-0.0143881781223101,0.0278734152425626,0.0215797349572933,0.0229832855183316,0.0303093642894261,0.0348637802644873,0.0283563367000248,0.0365454035978194,0.0838622438745293,0.0886508247998821,0.0547931883765864,0.0922016196656132,0.0321751388750346
1992,7.32030325149154,7.73402647023466,7.27905307981975,6.0858094554383,6.54422022750541,9.23257989970559,7.32568183546271,7.70630299764105,7.28106702123366,6.07600823748114,6.55302087368976,9.24267547938131,0.0150468375810453,0.0199360872966192,0.00720252452812264,0.0169168115583949,0.00925955828586211,0.0428932437361969,0.0241863362147914,0.031782887966596,0.0202155117747793,0.0318016181327732,0.0323043625496453,0.0249040036735622,10.9604940326376,11.3014003820967,10.952996944389,9.63408963482295,10.5820373452548,12.4669204511395,0.00493450092491798,0.00783568220665742,0.000868578577675194,0.00799790671456968,0.00556044803401257,0.0121479270088614,0.0200021211855823,0.0517468711268947,0.0443771570057683,0.0246510552753607,0.0649431923387427,0.0142582866762062,1.80372204957526,1.53124700612489,1.51998050030553,1.90077262726837,1.69929879861305,2.10918712105516,0.554409145375521,0.653062501346985,0.657903176915093,0.526101852296302,0.588478024474677,0.474116302919455,0.706652453179446,0.573731172660353,0.616807255807753,0.607032309093983,0.69556655384495,0.689350983418458,0.460525125588095,0.338493337995843,0.363104451640791,0.399551124954227,0.455778381672901,0.480095467201258,0.246127327591351,0.23523783466451,0.253702804166962,0.207481184139755,0.239788172172048,0.2092555162172,-0.00537858397116775,0.0277234725936131,-0.00201394141390754,0.00980121795714961,-0.00880064618435217,-0.0100955796757258,0.00376091466257833,0.0395702732635899,0.0109990458327491,0.0246860245315279,0.014244158079431,-0.0280848197383605,0.0261389471617104,0.0348554725561536,0.0225826500123993,0.031425798495273,0.0342590723856091,0.0252931530631191,0.0350489587666276,0.0716829584235139,0.0515796815338909,0.0415678668337556,0.0742027506246048,0.0571515304124031
1993,7.31670681395088,7.72424849039656,7.27066797939017,6.09830656708644,6.53385350861235,9.25832279723591,7.34698695263689,7.73181521556075,7.29362346788121,6.10685452680924,6.57447527399885,9.26873893054475,-0.00359643754066674,-0.00977797983810103,-0.00838510042957807,0.0124971116481483,-0.0103667188930512,0.0257428975303231,0.021305117174176,0.0255122179196956,0.0125564466475501,0.0308462893280925,0.021454400309092,0.0260634511634343,10.9647659661851,11.3081959854433,10.9537979190753,9.64145503303519,10.5878871089512,12.4785137789222,0.00427193354756561,0.00679560334660856,0.000800974686210765,0.00736539821223658,0.00584976369634482,0.011593327782693,0.0154571621165722,0.0371502410296216,0.0387163995302,0.0158487983501416,0.0443636482293872,0.0248299357779409,1.76921878009391,1.53957973383945,1.51125611271783,1.84629754140247,1.71123052533353,2.05630527306927,0.565221221508242,0.649527905583797,0.661701211055223,0.541624509362877,0.584374802340025,0.486309116207919,0.702357112119878,0.57606394767686,0.612466916065928,0.603611076913202,0.684006953878698,0.692356325657958,0.453204804064315,0.338910069060794,0.354138640603623,0.395579183749195,0.441017296528888,0.482395145307201,0.249152308055563,0.237153878616065,0.258328275462306,0.208031893164007,0.24298965734981,0.209961180350757,-0.0302801386860105,-0.00756672516418355,-0.0229554884910357,-0.00854795972279465,-0.0406217653864953,-0.0104161333088371,-0.00537858397116775,0.0277234725936131,-0.00201394141390754,0.00980121795714961,-0.00880064618435217,-0.0100955796757258,0.0241863362147914,0.031782887966596,0.0202155117747793,0.0318016181327732,0.0323043625496453,0.0249040036735622,0.0118607245759055,0.0273722611915206,0.0303312991006219,0.0283459099982899,0.033996929336336,0.050572833308264
1994,7.34026376593353,7.74988559044681,7.29119832171377,6.12748755748836,6.55740371954927,9.29865987761003,7.36783717029738,7.75240682606155,7.30890135673302,6.13815447998324,6.59950944803286,9.2958168521813,0.0235569519826555,0.0256371000502469,0.0205303423235961,0.0291809904019154,0.0235502109369143,0.040337080374119,0.0208502176604943,0.0205916105008033,0.0152778888518101,0.031299953174007,0.0250341740340128,0.0270779216365504,10.9681959878018,11.3117099338899,10.9581503570159,9.64765608778932,10.5930964934021,12.4892752375735,0.00343002161665318,0.00351394844659403,0.00435243794068896,0.00620105475413268,0.00520938445094821,0.0107614586512756,0.00948341934958296,0.0192505030652574,0.0357951012537274,0.0204174787239903,0.0380721197514378,0.0202898828677851,1.73056407248019,1.53214897291814,1.50446267062663,1.7971835676258,1.72465189945391,2.00593225054867,0.577846273306038,0.652678047419498,0.664689140863485,0.556426187070623,0.57982715254982,0.498521323303155,0.70019522390025,0.580956446015514,0.614514501093232,0.603126881561915,0.671934330720737,0.694401805399101,0.447517095135903,0.340364018601179,0.344677084027925,0.394004189438656,0.425627532415846,0.48416990696711,0.252678128764347,0.240592427414336,0.269837417065307,0.209122692123259,0.246306798304891,0.210231898431991,-0.0275734043638494,-0.00252123561473994,-0.0177030350192497,-0.0106669224948863,-0.0421057284835937,0.00284302542873149,-0.0302801386860105,-0.00756672516418355,-0.0229554884910357,-0.00854795972279465,-0.0406217653864953,-0.0104161333088371,0.021305117174176,0.0255122179196956,0.0125564466475501,0.0308462893280925,0.021454400309092,0.0260634511634343,0.0330403713322385,0.0448876031155043,0.0563254435773235,0.0495984691259057,0.0616223306883521,0.0606269632419041
1995,7.3630501020883,7.76482339823807,7.31767258241759,6.1581722898896,6.58460422460567,9.32041933054357,7.38805705818954,7.76915688681254,7.32476067364048,6.17053334942819,6.62444930190599,9.32391725279672,0.0227863361547724,0.014937807791263,0.0264742607038233,0.0306847324012427,0.0272005050564053,0.021759452933539,0.0202198878921589,0.0167500607509927,0.0158593169074646,0.0323788694449467,0.0249398538731276,0.0281004006154255,10.9715066556727,11.3147170639049,10.9578578297402,9.65278217089152,10.5979523022205,12.4995098547417,0.00331066787093803,0.00300713001504249,-0.000292527275785659,0.00512608310219598,0.00485580881843362,0.0102346171682264,0.0114407660137053,0.0181903303300697,0.0506186777154554,0.0204359939313257,0.048152457616836,0.0254809716967399,1.68921527055742,1.51634442338675,1.5006864577245,1.75153914662803,1.74628660638545,1.95710313610462,0.591990859560496,0.659480777966332,0.666361713902789,0.570926434573355,0.572643686519389,0.510959275243093,0.701559464510648,0.585990639026782,0.610471729352591,0.604739554613276,0.659524603764307,0.695542180855961,0.444610027583723,0.34178297626662,0.335983288765984,0.393760973279467,0.40965809210308,0.48520407473351,0.256949436926925,0.244207662760162,0.274488440586607,0.21097858133381,0.249866511661227,0.210338106122451,-0.0250069561012358,-0.00433348857446969,-0.007088091222891,-0.0123610595385903,-0.0398450773003161,-0.00349792225315504,-0.0275734043638494,-0.00252123561473994,-0.0177030350192497,-0.0106669224948863,-0.0421057284835937,0.00284302542873149,0.0208502176604943,0.0205916105008033,0.0152778888518101,0.031299953174007,0.0250341740340128,0.0270779216365504,0.0342271021684777,0.0331281381213326,0.0770929384192787,0.0511207263325684,0.0753529626732412,0.0472404246302789
1996,7.376924208736,7.7751486683185,7.33103870421407,6.19180606469881,6.610344202382,9.36368428206556,7.40781757790243,7.784075340413,7.33958540067827,6.20428587474832,6.64563253555181,9.35563391562965,0.0138741066476982,0.0103252700804255,0.0133661217964773,0.0336337748092053,0.025739977776329,0.043264951521989,0.0197605197128858,0.0149184536004601,0.0148247270377846,0.0337525253201241,0.0211832336458198,0.0317166628329275,10.9747396326999,11.3176790144342,10.9536462216473,9.65758874044052,10.6025514944899,12.5093599307992,0.00323297702720282,0.00296195052923309,-0.00421160809284871,0.0048065695490056,0.00459919226932293,0.00985007605746802,0.0130875575311524,0.00463129697671593,0.0427988082684605,0.0115902101305032,0.034722701641015,0.0119105716431687,1.65020204642705,1.49875929358479,1.498615043883,1.7101937150045,1.77053028847561,1.90670018723351,0.605986401583468,0.667218548222083,0.667282771570839,0.584729081405478,0.564802537696761,0.524466303981924,0.704956080267854,0.590191560297572,0.601776873275853,0.607023110421768,0.647139562911731,0.695612518416013,0.443593770203329,0.343062079678634,0.329000007299643,0.394145267343091,0.393776578311138,0.48555552936751,0.261362310064526,0.247129480618939,0.27277686597621,0.212877843078677,0.253362984600593,0.210056989048504,-0.0308933691664235,-0.00892667209450426,-0.00854669646419826,-0.0124798100495092,-0.0352883331698068,0.0080503664359064,-0.0250069561012358,-0.00433348857446969,-0.007088091222891,-0.0123610595385903,-0.0398450773003161,-0.00349792225315504,0.0202198878921589,0.0167500607509927,0.0158593169074646,0.0323788694449467,0.0249398538731276,0.0281004006154255,0.0269616641788506,0.0149565670571414,0.0561649300649378,0.0452239849397085,0.060462679417344,0.0551755231651576
1997,7.40188080242114,7.79352206282617,7.35011284295321,6.23341316864761,6.64558874916368,9.40754376577506,7.4280070979898,7.79811034628463,7.35676692760097,6.23880472971451,6.66791840551221,9.39386151847148,0.0249565936851326,0.0183733945076723,0.0190741387391391,0.0416071039488086,0.0352445467816818,0.0438594837095003,0.0201895200873725,0.0140350058716274,0.017181526922708,0.0345188549661959,0.0222858699603972,0.0382276028418342,10.9779550202153,11.3192149555629,10.9541216510447,9.66291944656823,10.6071746425888,12.51893993788,0.00321538751540373,0.00153594112872213,0.000475429397354787,0.00533070612770992,0.00462314809898423,0.00958000708074991,0.00870958183706616,0.00145404018046058,0.0251232565455357,0.0265629559097791,0.0243514042078727,0.0167488019943169,1.61448611204497,1.47838496099718,1.49604659557523,1.66931463565847,1.78942275891556,1.85363552678242,0.619392135082142,0.67641380721669,0.66842837847273,0.599048243296296,0.558839433005775,0.53948038087931,0.707747680615944,0.59438962035605,0.601898866659681,0.609495102944293,0.635505759392941,0.693818606342097,0.442365419070663,0.344878875542249,0.323811479741128,0.39485966659701,0.378691672296867,0.48456002385795,0.265382261545281,0.249510744813801,0.278087386918553,0.214635436347284,0.256814087096073,0.209258582484147,-0.0261262955686634,-0.00458828345845941,-0.00665408464776718,-0.00539156106689642,-0.0223296563485222,0.0136822473035725,-0.0308933691664235,-0.00892667209450426,-0.00854669646419826,-0.0124798100495092,-0.0352883331698068,0.0080503664359064,0.0197605197128858,0.0149184536004601,0.0148247270377846,0.0337525253201241,0.0211832336458198,0.0317166628329275,0.0336661755221987,0.0198274346881329,0.0441973952846748,0.0681700598585877,0.0595959509895545,0.0606082857038173
1998,7.4358240985392,7.81426162666531,7.3679957197056,6.27884324755639,6.68770888428674,9.45522022971079,7.4488524752181,7.81282977517319,7.37301457893227,6.27417754788409,6.69249001635147,9.43562053350358,0.0339432961180659,0.0207395638391441,0.0178828767523918,0.0454300789087752,0.0421201351230502,0.0476764639357334,0.0208453772282962,0.0147194288885633,0.0162476513313008,0.0353728181695825,0.0245716108392644,0.0417590150320919,10.9815367968643,11.3146201132091,10.9545747802042,9.66947938190941,10.611952822317,12.5285884153873,0.00358177664897319,-0.00459484235380891,0.000453129159550869,0.00655993534117272,0.00477817972816652,0.00964847750732645,0.00904411428570561,0.00689981342503465,0.023409221798083,0.0204643437117094,0.0260066740189542,0.00735497683906505,1.58035064010934,1.44503691606093,1.49073503403043,1.6293205848338,1.80398658778311,1.79868061945374,0.632770965265538,0.692023843048891,0.670810021346547,0.613752756399383,0.554327846322231,0.555963070477571,0.708677794390904,0.596537089555028,0.602821654067945,0.612031867027775,0.625073759572391,0.69058247343957,0.439960051947991,0.343815321955185,0.320069649878856,0.395982098592188,0.364684569890547,0.482615673664825,0.268717742442913,0.252721767599843,0.282752004189089,0.216049768435586,0.260389189681844,0.207966799774745,-0.0130283766788937,0.00143185149212144,-0.00501885922667622,0.00466569967229624,-0.0047811320647364,0.019599696207214,-0.0261262955686634,-0.00458828345845941,-0.00665408464776718,-0.00539156106689642,-0.0223296563485222,0.0136822473035725,0.0201895200873725,0.0140350058716274,0.017181526922708,0.0345188549661959,0.0222858699603972,0.0382276028418342,0.0429874104037715,0.0276393772641788,0.0412920985504748,0.0658944226204845,0.0681268091420044,0.0550314407747985
1999,7.46925218299855,7.83533374353398,7.38463640803771,6.32804592060736,6.73085328827459,9.50232873564465,7.47032940069534,7.82898661642148,7.38926408346703,6.3094819495687,6.72076561680387,9.47858679167016,0.033428084459346,0.0210721168686661,0.0166406883321164,0.0492026730509654,0.0431444039878581,0.0471085059338634,0.021476925477244,0.0161568412482831,0.0162495045347564,0.0353044016846074,0.0282756004523987,0.0429662581665848,10.9867189934159,11.3105434805324,10.955022183608,9.67659849556491,10.6167524210495,12.5381978905159,0.00518219655161545,-0.00407663267663061,0.00044740340380578,0.007119113655504,0.0047995987325411,0.00960947512860955,0.00219925659248598,0.00572755022775606,0.0146649544652639,0.0129143695930409,0.0258488274967963,0.0137164166030059,1.54677922840221,1.41635373103058,1.48320774992429,1.59116856838612,1.81434861739828,1.74351185201827,0.64650467347753,0.706038313799175,0.674214384364596,0.62846892520902,0.551161993020929,0.573555034250218,0.708805424197205,0.599366094950157,0.605258108876683,0.614473046992524,0.615457068829072,0.686533309139879,0.437431405374383,0.341671874881441,0.317578372920571,0.397426515104442,0.352140242733441,0.480086981495431,0.271374018822822,0.257694220068716,0.287679735956112,0.217046531888083,0.263316826095631,0.206446327644448,-0.0010772176967917,0.0063471271125044,-0.00462767542931619,0.0185639710386543,0.010087671470723,0.0237419439744926,-0.0130283766788937,0.00143185149212144,-0.00501885922667622,0.00466569967229624,-0.0047811320647364,0.019599696207214,0.0208453772282962,0.0147194288885633,0.0162476513313008,0.0353728181695825,0.0245716108392644,0.0417590150320919,0.035627341051832,0.0267996670964221,0.0313056427973803,0.0621170426440063,0.0689932314846544,0.0608249225368693
2000,7.50982774681193,7.86369302202055,7.42272281320905,6.36937741792806,6.78155249815651,9.53097055748629,7.49181742876446,7.8456594389792,7.40490645241329,6.34233006635854,6.74842520236474,9.51892277783692,0.0405755638133822,0.0283592784865725,0.0380864051713354,0.0413314973207006,0.0506992098819152,0.0286418218416387,0.021488028069121,0.016672822557724,0.0156423689462608,0.0328481167898342,0.0276595855608743,0.0403359861667578,10.9934578818097,11.3119990073593,10.9555705580661,9.68400974292345,10.6218095342929,12.5478313501948,0.00673888839382286,0.00145552682684347,0.000548374458057665,0.00741124735853482,0.00505711324333191,0.00963345967889495,0.0140761972308079,-0.003437025414037,0.0174078877021282,0.0321780301081613,0.0335580961753799,0.0337238360624132,1.51374189297432,1.40554703055878,1.47212843028014,1.55453413133431,1.81657650285344,1.69109179478948,0.660614603216881,0.711466765791854,0.679288558953856,0.643279539408804,0.550486037020308,0.591333955425221,0.708594383593934,0.605443036657929,0.608656664924795,0.616602593186571,0.607047734438094,0.681869631652325,0.435071560082014,0.341175370893324,0.315611431034819,0.398671958043204,0.341115445349381,0.476920076320556,0.273522823511921,0.264267665764605,0.293045233889975,0.217930635143367,0.265932289088713,0.204949555331768,0.0180103180474696,0.0180335830413529,0.0178163607957584,0.0270473515695207,0.0331272957917639,0.0120477796493734,-0.0010772176967917,0.0063471271125044,-0.00462767542931619,0.0185639710386543,0.010087671470723,0.0237419439744926,0.021476925477244,0.0161568412482831,0.0162495045347564,0.0353044016846074,0.0282756004523987,0.0429662581665848,0.0546517610441901,0.0249222530725355,0.0554942928734636,0.073509527428862,0.0842573060572951,0.0623656579040519
2001,7.52864427053704,7.87992203338325,7.44258851006902,6.39234733319754,6.81999491628686,9.53264234221246,7.51151319364186,7.8612654560219,7.41822173773259,6.37290096825438,6.78060911464959,9.55053716720033,0.018816523725107,0.0162290113626966,0.0198656968599717,0.0229699152694876,0.0384424181303471,0.00167178472616847,0.0196957648773948,0.0156060170426953,0.0133152853192939,0.0305709018958407,0.0321839122848484,0.031614389363412,11.0005173814417,11.3136679144372,10.956156429936,9.69169835834499,10.6272997072844,12.5577136753064,0.00705949963192865,0.00166890707788525,0.000585871869928312,0.00768861542154298,0.00549017299148069,0.0098823251116329,0.0188452865948605,0.0142321213100951,0.0301797719316257,0.0428199207647779,0.040780201098567,0.0301053709062549,1.48268914086748,1.39720767812625,1.45697855287713,1.51869354657737,1.80948599419964,1.6385802517889,0.674450208365949,0.715713215476361,0.686351901354539,0.658460689619488,0.552643128051572,0.610284420862671,0.707877224458666,0.611080018175063,0.611736030420105,0.618204396350409,0.601754619108521,0.676708905358067,0.432581985843736,0.339521120369756,0.313359176549241,0.399446282619355,0.332494688112093,0.473139334539766,0.275295238614929,0.271558897805307,0.298376853870864,0.218758113731054,0.269259930996428,0.203569570818301,0.0171310768951818,0.0186565773613543,0.0243667723364362,0.0194463649431675,0.0393858016372626,-0.0178948249878701,0.0180103180474696,0.0180335830413529,0.0178163607957584,0.0270473515695207,0.0331272957917639,0.0120477796493734,0.021488028069121,0.016672822557724,0.0156423689462608,0.0328481167898342,0.0276595855608743,0.0403359861667578,0.0376618103199675,0.0304611326727917,0.0500454687915974,0.0657898360342655,0.079222619228914,0.0317771556324233
2002,7.53926517126731,7.87763686722083,7.44528417014837,6.39480217569517,6.84717668314746,9.55237168076618,7.52964050280117,7.87485236524149,7.42890022136473,6.39740169812607,6.81043815633045,9.57606767310682,0.0106209007302729,-0.00228516616241681,0.00269566007934774,0.00245484249762296,0.0271817668606014,0.0197293385537183,0.0181273091593122,0.0135869092195948,0.0106784836321445,0.0245007298716962,0.0298290416808547,0.0255305059064899,11.0075391546145,11.3153074292863,10.9581588818633,9.69818705048484,10.6395913437015,12.5675313122004,0.0070217731728448,0.00163951484916325,0.00200245192732673,0.0064886921398486,0.0122916364170926,0.00981763689393667,0.0204326045374374,0.014881256113263,0.0325156654851222,0.0380439961630588,0.040102077237278,0.0125526151046831,1.45170753121454,1.38739721503368,1.44322301724659,1.48011252768419,1.79856217311935,1.58529792650446,0.688843984410119,0.720774115130199,0.692893605527316,0.675624306460414,0.555999684050755,0.630796258091989,0.707267015129543,0.616733270527603,0.614822510953506,0.620092888482894,0.596120081174267,0.671183661889657,0.430431779968325,0.337603681759098,0.311255423320167,0.40026786950495,0.326081853873207,0.4687487046856,0.276835235161218,0.279129588768504,0.30356708763334,0.219825018977944,0.27003822730106,0.202434957204057,0.00962466846614252,0.00278450197934266,0.0163839487836395,-0.00259952243090567,0.0367385268170093,-0.0236959923406417,0.0171310768951818,0.0186565773613543,0.0243667723364362,0.0194463649431675,0.0393858016372626,-0.0178948249878701,0.0196957648773948,0.0156060170426953,0.0133152853192939,0.0305709018958407,0.0321839122848484,0.031614389363412,0.0310535052677103,0.0125960899508462,0.0352113255644699,0.0404988386606817,0.0672838440978794,0.0322819536584014
2003,7.54889690862801,7.87232476903435,7.44594948686484,6.39578002562005,6.8761458999908,9.59447708161824,7.54788855856282,7.8871531748056,7.43800292464225,6.41805209372369,6.84487817492098,9.60049834685873,0.00963173736070289,-0.00531209818648648,0.000665316716474074,0.000977849924888474,0.0289692168433424,0.0421054008520656,0.0182480557616511,0.012300809564108,0.00910270327752194,0.0206503955976203,0.0344400185905354,0.0244306737519118,11.0143762682272,11.3158347653357,10.9637002401794,9.70301701481886,10.6574132960041,12.5773192534639,0.00683711361271122,0.000527336049408689,0.00554135831609948,0.00482996433401972,0.0178219523026915,0.00978794126356597,0.0178534686073792,0.0131299406416927,0.0311814109604178,0.0226034676071709,0.0392588346178924,0.00501780070989177,1.41998400115366,1.37549966227293,1.43491231705273,1.43942351090946,1.7781341258704,1.53402638841692,0.704233286563479,0.727008539098849,0.696906694657116,0.694722569432104,0.562387271832206,0.651879268538515,0.707346584091164,0.623628289965093,0.617846452458084,0.622846131654707,0.587910094042107,0.66633886575718,0.429333843597695,0.335949658033356,0.3096051966149,0.401170424697259,0.320913311213104,0.464660023661006,0.278012740493469,0.287678631931737,0.308241255843184,0.221675706957448,0.266996782829004,0.201678842096174,0.00100835006519429,-0.0148284057712518,0.0079465622225916,-0.0222720681036375,0.0312677250698163,-0.00602126524048785,0.00962466846614252,0.00278450197934266,0.0163839487836395,-0.00259952243090567,0.0367385268170093,-0.0236959923406417,0.0181273091593122,0.0135869092195948,0.0106784836321445,0.0245007298716962,0.0298290416808547,0.0255305059064899,0.0274852059680821,0.00781784245520622,0.0318467276768919,0.0235813175320594,0.0682280514612348,0.0471232015619574
2004,7.57717577097946,7.8838786337878,7.4605821228208,6.41574254590261,6.90681603079908,9.62743887298239,7.56700982132034,7.89914761147151,7.44836701629541,6.43631273791375,6.87756494251719,9.62568372692468,0.0282788623514429,0.011553864753453,0.0146326359559543,0.0199625202825553,0.0306701308082795,0.0329617913641478,0.0191212627575199,0.0119944366659173,0.0103640916531544,0.0182606441900592,0.0326867675962088,0.0251853800659489,11.0214979177265,11.3156044790726,10.9712408545058,9.70659427198388,10.6743955931806,12.5871981115382,0.0071216494993287,-0.000230286263150248,0.00754061432631481,0.00357725716502699,0.0169822971764777,0.00987885807429478,0.0162043899248108,0.0114871757204513,0.0259577673344431,0.0119033660240619,0.0383709943464696,0.0313297859744708,1.38835353434327,1.36042014074258,1.42643953707438,1.39767649432722,1.74256157585153,1.48507165939292,0.72027763481225,0.735067035580753,0.701046188085191,0.715473147082835,0.573867812683367,0.673368179693625,0.708440720187456,0.632922800765843,0.622498152241058,0.62578897540219,0.57857332197085,0.662325563834375,0.428842446081249,0.334656287356924,0.308882042636137,0.401203289869926,0.316214376315795,0.461001332747499,0.279598274106207,0.298266513408919,0.31361610960492,0.224585685532263,0.262358945655055,0.201324231086877,0.0101659496591173,-0.015268977683716,0.0122151065253915,-0.0205701920111414,0.029251088281887,0.00175514605771099,0.00100835006519429,-0.0148284057712518,0.0079465622225916,-0.0222720681036375,0.0312677250698163,-0.00602126524048785,0.0182480557616511,0.012300809564108,0.00910270327752194,0.0206503955976203,0.0344400185905354,0.0244306737519118,0.0444832522762537,0.0230410404739043,0.0405904032903974,0.0318658863066172,0.0690411251547491,0.0642915773386186
2005,7.59588530931753,7.89269451240866,7.46817731297441,6.43587808719786,6.94171226826204,9.65673294789346,7.58603194712286,7.91148010282399,7.45347331985809,6.45213176338727,6.91224180058031,9.64910850408086,0.0187095383380713,0.0088158786208643,0.00759519015361576,0.0201355412952529,0.0348962374629629,0.0292940749110677,0.0190221258025218,0.0123324913524785,0.00510630356268571,0.0158190254735144,0.0346768580631194,0.0234247771561797,11.0288234306146,11.3150442480704,10.9771186090506,9.70903531565421,10.6910100442286,12.5971570569752,0.00732551288809447,-0.000560231002161515,0.00587775454482653,0.0024410436703235,0.0166144510480208,0.00995894543694753,0.019431022607125,0.00533104202507228,0.0206278213392643,0.0196025152419077,0.0412659606541199,0.0358214324250285,1.3568566698143,1.34351282674707,1.40587608830551,1.35616035359376,1.71224040944916,1.43974369797537,0.736997519521986,0.744317419299386,0.71130024069567,0.737375928554504,0.584030136469975,0.694568068890488,0.708149651904228,0.643443112263265,0.630078918852006,0.628428434546453,0.572928378686029,0.658559333544619,0.427368592877772,0.333511351721928,0.310009085258533,0.400147348369711,0.312673621159214,0.457364009829481,0.280781059026456,0.309931760541337,0.320069833593473,0.228281086176742,0.260254757526815,0.201195323715138,0.00985336219466681,-0.0187855904153302,0.0147039931163215,-0.016253676189403,0.0294704676817306,0.00762444381259897,0.0101659496591173,-0.015268977683716,0.0122151065253915,-0.0205701920111414,0.029251088281887,0.00175514605771099,0.0191212627575199,0.0119944366659173,0.0103640916531544,0.0182606441900592,0.0326867675962088,0.0251853800659489,0.0381405609451963,0.0141469206459366,0.0282230114928801,0.0397380565371606,0.0761621981170828,0.0651155073360963
2006,7.62266417818599,7.93063250337195,7.48601212227184,6.4706405505042,6.98135053995688,9.68273748369557,7.60452815552696,7.92559043275976,7.45921666848902,6.47045001941313,6.94645574054267,9.66902937724472,0.0267788688684609,0.0379379909632824,0.0178348092974261,0.0347624633063424,0.0396382716948382,0.0260045358021088,0.0184962084040956,0.014110329935769,0.00574334863092751,0.0183182560258635,0.0342139399623571,0.0199208731638585,11.0356931717736,11.3108334054041,10.9811218844789,9.71074295407885,10.7076269297775,12.6072961356821,0.0068697411589298,-0.00421084266633187,0.00400327542836543,0.00170763842464616,0.0166168855488138,0.0101390787069722,0.0197769360971449,0.00435464424838283,0.0219169731174436,0.0254398670012055,0.0399174782535692,0.0318326473417558,1.32521809517486,1.31149471906772,1.37725822140386,1.31395778769372,1.68343074058192,1.39879422640693,0.754592775061719,0.762488773657322,0.726080254565976,0.761059456677992,0.594025032270901,0.714901435194433,0.705407155275021,0.652746661127705,0.638758086347194,0.630381827019715,0.570657063808749,0.656088385729408,0.425007526623248,0.330533418095412,0.31206190585207,0.398315088902524,0.310934483803954,0.454310575290264,0.280399628651773,0.322213243032293,0.326696180495124,0.232066738117191,0.259722580004796,0.201777810439144,0.0181360226590321,0.0050420706121832,0.0267954537828201,0.000190531091075918,0.0348947994142117,0.0137081064508493,0.00985336219466681,-0.0187855904153302,0.0147039931163215,-0.016253676189403,0.0294704676817306,0.00762444381259897,0.0190221258025218,0.0123324913524785,0.00510630356268571,0.0158190254735144,0.0346768580631194,0.0234247771561797,0.0465558049656058,0.0422926352116653,0.0397517824148697,0.0602023303075478,0.0795557499484074,0.0578371831438647
2007,7.647654135274,7.95911419577582,7.50052915887177,6.5087578283276,7.01607558707314,9.70384675384888,7.62240549581898,7.93965880896129,7.46649730916853,6.49029168467202,6.98349312502916,9.68854094548309,0.0249899570880086,0.0284816924038758,0.0145170365999281,0.0381172778233951,0.034725047116261,0.021109270153314,0.0178773402920287,0.0140683762015295,0.00728064067951095,0.0198416652588946,0.0370373844864877,0.0195115682383662,11.0418402750486,11.3058833679459,10.9871337390416,9.71301428060955,10.725830330355,12.6176663536788,0.00614710327498891,-0.00495003745816724,0.00601185456262776,0.0022713265307015,0.0182034005775566,0.010370217996682,0.0235703220312429,0.0182380186680406,0.0243681201475869,0.020287097707179,0.0349928855707882,0.0254632605584799,1.29653639012268,1.26662581308173,1.34653301564871,1.27346961628232,1.65059631230851,1.36498985908596,0.771285717561213,0.789499147792494,0.742647962120882,0.785256269340237,0.605841654039206,0.732606175308607,0.703181700386305,0.65685448505303,0.644714909584215,0.631747005020245,0.567261924130369,0.655998850999549,0.422799021348506,0.325629487598477,0.313738764477095,0.395888601593601,0.309724208565819,0.452143604790149,0.280382679037799,0.331224997454553,0.33097614510712,0.235858403426644,0.257537715564549,0.2038552462094,0.025248639455012,0.0194553868145295,0.0340318497032372,0.0184661436555764,0.032582462043985,0.0153058083657971,0.0181360226590321,0.0050420706121832,0.0267954537828201,0.000190531091075918,0.0348947994142117,0.0137081064508493,0.0184962084040956,0.014110329935769,0.00574334863092751,0.0183182560258635,0.0342139399623571,0.0199208731638585,0.0485602791192514,0.0467197110719164,0.038885156747515,0.0584043755305741,0.0697179326870492,0.0465725307117939
2008,7.65144864136286,7.96795403234496,7.49024507335982,6.52970505595014,7.02371796703452,9.6781067676479,7.63849250242063,7.95268803162509,7.46944285171163,6.5078503004779,7.01283408025172,9.70765478532215,0.00379450608886778,0.00883983656914022,-0.0102840855119455,0.0209472276225391,0.00764237996137851,-0.0257399862009873,0.0160870066016434,0.0130292226637998,0.00294554254309709,0.0175586158058776,0.0293409552225681,0.0191138398390613,11.0473948568329,11.3035711104374,10.9947677604076,9.71699277997791,10.7414935339574,12.6279697803667,0.00555458178435586,-0.00231225750854946,0.00763402136607283,0.00397849936835115,0.0156632036024025,0.0103034266878428,0.0227472991516864,0.00950229316817541,0.0237613983494223,0.0238363046810877,0.0242246363173235,0.0459590507338019,1.27131002464742,1.22454386085052,1.31324243418124,1.23941997217221,1.61648687155621,1.33887283728173,0.786590194848293,0.816630609952544,0.761474023357663,0.806829018776743,0.618625500519711,0.746896921167114,0.703019498958152,0.656854982914038,0.646820925038726,0.63373857399883,0.56764730997749,0.656809434532051,0.421186900900855,0.320723598084248,0.314091643988727,0.393503398836074,0.309865226736176,0.449929260121823,0.281832598057297,0.33613138482979,0.332729281049998,0.240235175162756,0.257782083241314,0.206880174410227,0.0129561389422364,0.0152660007198699,0.0208022216481947,0.0218547554722379,0.0108838867827954,-0.0295480176742515,0.025248639455012,0.0194553868145295,0.0340318497032372,0.0184661436555764,0.032582462043985,0.0153058083657971,0.0178773402920287,0.0140683762015295,0.00728064067951095,0.0198416652588946,0.0370373844864877,0.0195115682383662,0.0265418052405542,0.0183421297373156,0.0134773128374768,0.0447835323036267,0.031867016278702,0.0202190645328146
2009,7.62279654264352,7.9109120932829,7.43573446145397,6.49236355760712,6.98530834093942,9.67916193599675,7.65038188337553,7.96084755553243,7.46728644413099,6.51890187643711,7.02512877828477,9.72283973917824,-0.0286520987193448,-0.0570419390620582,-0.0545106119058536,-0.0373414983430234,-0.0384096260951035,0.00105516834885577,0.0118893809549068,0.00815952390733976,-0.00215640758063618,0.0110515759592049,0.0122946980330472,0.015184953856096,11.0525784680069,11.301405138995,11.0004987351177,9.72221444592615,10.7501104709155,12.6379312100304,0.00518361117400623,-0.00216597144233077,0.00573097471005113,0.00522166594823936,0.00861693695807908,0.00996142966373448,0.0010590548620728,0.0195379125918311,0.0175700914923977,0.0043670530462343,0.00231016044111509,-0.0210090380138723,1.24640161612563,1.18728332490843,1.2756665248079,1.20961279610548,1.56778678690548,1.3168026237008,0.802309614382916,0.84225894444961,0.783903928301783,0.826710831118554,0.637841834331193,0.759415254800719,0.704277759534211,0.657182589371144,0.648675713519857,0.636889731439768,0.572508629164698,0.656646651112262,0.420339473834771,0.317102279514404,0.31377170199344,0.391469344035877,0.31108750530806,0.446731412631153,0.28393828569944,0.340080309856741,0.334904011526417,0.245420387403892,0.261421123856638,0.209915238481109,-0.0275853407320152,-0.049935462249528,-0.0315519826770227,-0.0265383188299904,-0.0398204373453552,-0.0436778031814917,0.0129561389422364,0.0152660007198699,0.0208022216481947,0.0218547554722379,0.0108838867827954,-0.0295480176742515,0.0160870066016434,0.0130292226637998,0.00294554254309709,0.0175586158058776,0.0293409552225681,0.0191138398390613,-0.027593043857272,-0.0375040264702271,-0.0369405204134559,-0.0329744452967891,-0.0360994656539884,-0.0199538696650165
2010,7.64260235386003,7.95142656326052,7.45090978882602,6.50547048847297,6.98624912138306,9.70654323238949,7.66205964922734,7.96607836817749,7.46710783250572,6.52611318583155,7.03795591425331,9.73740900361676,0.019805811216508,0.040514469977615,0.015175327372047,0.013106930865856,0.000940780443640321,0.0273812963927416,0.0116777658518092,0.00523081264505887,-0.000178611625267777,0.00721130939444325,0.0128271359685357,0.0145692644385154,11.0574929594004,11.3001148940618,11.004832986092,9.72742049551657,10.7545028838437,12.647750067889,0.00491449139344269,-0.00129024493326391,0.00433425097425655,0.00520604959042004,0.00439241292824377,0.0098188578586047,0.010835547090104,0.00697323066681843,0.00596059732089671,0.00707762254180011,0.00292409796821235,0.0112934368003907,1.22266195899308,1.14876023093575,1.23552596197536,1.18205494146171,1.51172983402078,1.30001074812709,0.817887554809958,0.870503672629251,0.809371903768979,0.845984365805717,0.661493857894092,0.769224409444835,0.706316910964396,0.652259856520359,0.650732551818151,0.639396719062893,0.579199957843472,0.654755919546814,0.419957998158409,0.312465258710571,0.313009819360058,0.388912120925979,0.312434233676154,0.442206465564823,0.286358912805987,0.339794597809788,0.337722732458093,0.250484598136915,0.266765724167318,0.212549453981992,-0.0194572953673164,-0.0146518049169719,-0.016198043679708,-0.0206426973585776,-0.0517067928702506,-0.0308657712272655,-0.0275853407320152,-0.049935462249528,-0.0315519826770227,-0.0265383188299904,-0.0398204373453552,-0.0436778031814917,0.0118893809549068,0.00815952390733976,-0.00215640758063618,0.0110515759592049,0.0122946980330472,0.015184953856096,0.0306413583066121,0.0474877006444334,0.0211359246929437,0.0201845534076561,0.00386487841185267,0.0386747331931323
2011,7.66668577153656,7.98831734157719,7.45784034846351,6.52304853959612,6.97982935232659,9.72185614767779,7.67350623224629,7.97475313125676,7.47048521814716,6.53443702075082,7.04463301667018,9.75350011625261,0.0240834176765334,0.0368907783166721,0.00693055963749423,0.0175780511231434,-0.00641976905646668,0.0153129152882965,0.0114465830189436,0.00867476307927184,0.00337738564144008,0.00832383491926958,0.00667710241687658,0.0160911126358521,11.0624699522042,11.3004482443083,11.0082124461115,9.73216866378339,10.7578612308887,12.6574828522219,0.00497699280381347,0.000333350246476627,0.00337946001950229,0.00474816826682734,0.00335834704494431,0.00973278433290403,0.00847873733497728,0.0122223462849043,0.0171401026747002,0.0024236164264737,-0.00146065395400007,0.0206312025680626,1.20726262490159,1.10831398872894,1.19965539045467,1.16521198114783,1.45535255810839,1.29377639222552,0.828320184335627,0.902271387142595,0.833572714261714,0.858212939944982,0.687118729017633,0.772931092273082,0.712047137415553,0.643968809354571,0.654053741921152,0.64557592203721,0.586054025646178,0.653746559781681,0.420049417019101,0.306601780849718,0.311864197335515,0.386722119259467,0.313749081168227,0.437662569220857,0.291997720396452,0.337367028504853,0.342189544585637,0.258853802777744,0.272304944477951,0.216083990560824,-0.00682046070972664,0.0135642103204283,-0.0126448696836539,-0.0113884811547038,-0.0648036643435939,-0.0316439685748211,-0.0194572953673164,-0.0146518049169719,-0.016198043679708,-0.0206426973585776,-0.0517067928702506,-0.0308657712272655,0.0116777658518092,0.00523081264505887,-0.000178611625267777,0.00721130939444325,0.0128271359685357,0.0145692644385154,0.0325621550115107,0.0491131246015764,0.0240706623121945,0.0200016675496171,-0.00788042301046675,0.0359441178563591
2012,7.66852243648414,7.99294175285307,7.4260891853941,6.51322164471178,6.95075975943295,9.73725548694351,7.68374657889631,7.99050818238929,7.46335694929573,6.53974927357377,7.04185610716006,9.77088494454772,0.00183666494757517,0.0046244112758842,-0.0317511630694103,-0.0098268948843323,-0.0290695928936406,0.0153993392657252,0.0102403466500238,0.0157550511325315,-0.0071282688514307,0.00531225282295189,-0.00277690951012843,0.0173848282951123,11.0675514687707,11.3011716845033,11.0109194174838,9.73596752070007,10.7582926451497,12.6670208809877,0.00508151656654832,0.000723440195061542,0.00270697137234244,0.00379885691667958,0.000431414261008456,0.00953802876579601,0.0107623466325251,0.0142611864190183,0.0168805172171709,0.0132037418323856,-0.00203161224960535,0.0256841127433214,1.20101173699917,1.06669666743387,1.17081894870416,1.15590771172912,1.39781839761772,1.29648489852501,0.832631330063925,0.937473632879796,0.85410302003293,0.865120969306541,0.715400513903867,0.771316350184782,0.722685717922335,0.640816379873966,0.659410206970536,0.656027209248662,0.592774848449366,0.655777365692563,0.421506920603867,0.302190447662335,0.310989745427816,0.385432521652687,0.314731834914142,0.434290517500794,0.301178797318468,0.338625932211632,0.348420461542719,0.270594687595974,0.278043013535224,0.221486848191769,-0.0152241424121753,0.00243357046378101,-0.0372677639016334,-0.026527628861988,-0.0910963477271061,-0.0336294576042082,-0.00682046070972664,0.0135642103204283,-0.0126448696836539,-0.0113884811547038,-0.0648036643435939,-0.0316439685748211,0.0114465830189436,0.00867476307927184,0.00337738564144008,0.00832383491926958,0.00667710241687658,0.0160911126358521,0.0125990115801002,0.0188855976949025,-0.0148706458522394,0.00337684694805329,-0.031101205143246,0.0410834520090466
2013,7.67630960646816,7.99690384611343,7.40774164285196,6.51291927340327,6.93638369475122,9.76690307126493,7.69384765814769,8.00588636626414,7.45813287311926,6.54440752594553,7.03679943489763,9.78922983731465,0.00778716998402729,0.00396209326035191,-0.0183475425421351,-0.000302371308509741,-0.0143760646817244,0.0296475843214115,0.0101010792513758,0.0153781838748515,-0.00522407617646881,0.00465825237175821,-0.00505667226242767,0.0183448927669243,11.072678428113,11.3027176537864,11.0129386963447,9.73902927312616,10.7549280133504,12.6764223367646,0.0051269593422969,0.00154596928311967,0.00201927886087994,0.00306175242609008,-0.00336463179927193,0.00940145577684781,0.00745092646745071,0.0197604616746512,0.0111949425000244,0.0113842274905327,0.00437217840998815,0.00818517948335006,1.19568053344495,1.03251165426358,1.14296207940199,1.1433572459406,1.3434453354908,1.30088857005282,0.836343799224394,0.968512070416515,0.874919665334135,0.874617276052979,0.744354811902093,0.768705347268443,0.73536417167013,0.640790118967616,0.665519988788869,0.664741269927861,0.601789949518057,0.659001668015435,0.424220698655952,0.299292863426072,0.310253375884998,0.383730219312928,0.315857332494959,0.431698652294318,0.311143473014178,0.341497255541545,0.35526661290387,0.281011050614933,0.285932617023098,0.227303015721117,-0.0175380516795238,-0.00898252015071854,-0.0503912302672997,-0.031488252542256,-0.100415740146403,-0.0223267660497211,-0.0152241424121753,0.00243357046378101,-0.0372677639016334,-0.026527628861988,-0.0910963477271061,-0.0336294576042082,0.0102403466500238,0.0157550511325315,-0.0071282688514307,0.00531225282295189,-0.00277690951012843,0.0173848282951123,0.015238096451478,0.0237225549350031,-0.00715260004211072,0.0110818561820229,-0.0100038862717362,0.0378327638047615
2014,7.68623847677209,8.01847144765268,7.40772776658264,6.5289167383423,6.95147411876609,9.79340706768563,7.70271290142523,8.02178618581108,7.45378722688265,6.55093864931381,7.03562291519404,9.80830606993625,0.00992887030392531,0.021567601539255,-1.38762693202565e-05,0.0159974649390264,0.015090424014863,0.0265039964207041,0.00886524327753957,0.015899819546938,-0.00434564623660982,0.00653112336828432,-0.00117651970358601,0.0190762326216021,11.0774004382077,11.3068366513122,11.0131085474241,9.74273697035492,10.7519316307646,12.6857647427569,0.00472201009464612,0.00411899752575806,0.000169851079439454,0.0037076972287533,-0.0029963825858168,0.00934240599232794,0.00569172627136715,0.0187697789096672,0.00898502062414241,0.00343486546701843,-0.00220930668884467,0.0156872346848536,1.18851991237704,1.01510589292691,1.11259022478351,1.1273102123283,1.29207099470845,1.30285965307965,0.841382621852752,0.985118899385609,0.898803510694678,0.887067276659048,0.773951279840969,0.767542380820712,0.74904672988109,0.643233591606513,0.672779705498237,0.671782543353106,0.611506117852156,0.662715086320511,0.427434234733602,0.298833707341124,0.309822072569685,0.38168746968192,0.317315284353287,0.429786550296558,0.321612495147488,0.344399884265388,0.362957632928552,0.290095073671186,0.29419083349887,0.232928536023953,-0.0164744246531381,-0.00331473815840155,-0.0460594603000102,-0.0220219109715138,-0.0841487964279537,-0.014899002250619,-0.0175380516795238,-0.00898252015071854,-0.0503912302672997,-0.031488252542256,-0.100415740146403,-0.0223267660497211,0.0101010792513758,0.0153781838748515,-0.00522407617646881,0.00465825237175821,-0.00505667226242767,0.0183448927669243,0.0156205965752925,0.0403373804489222,0.00897114435482215,0.0194323304060449,0.0128811173260184,0.0421912311055577
2015,7.69684952739924,8.03496474262792,7.41654545262431,6.54990106855335,6.99127991769194,9.81438411598789,7.70990171539123,8.03870983947186,7.45392340918545,6.56577839722377,7.03706405446918,9.8279879852391,0.0106110506271504,0.0164932949752412,0.00881768604166311,0.0209843302110535,0.0398057989258547,0.0209770483022567,0.00718881396599969,0.0169236536607773,0.00013618230279544,0.01483974790996,0.00144113927513612,0.0196819153028525,11.080854581342,11.315419817123,11.0116427623447,9.74726832640805,10.7511500464365,12.6950406111598,0.00345414313436621,0.00858316581083152,-0.00146578507945172,0.00453135605313726,-0.000781584328152007,0.0092758684029377,0.0112805357396102,0.0172939920294963,0.00779728677315016,0.00884509898527508,0.00550921453088815,0.0172906071633845,1.18046824420849,1.01236208068435,1.08136509470961,1.11098627263254,1.24323815296446,1.3009533078088,0.847121474809771,0.987788874237572,0.924757054663888,0.900101130530127,0.804351119385722,0.768667095119888,0.761847901713952,0.64798399793514,0.679180182910903,0.677762926928345,0.618633690476005,0.667151323884862,0.42971090764823,0.301028098232857,0.309281546235933,0.379847749834785,0.318510603588624,0.428578223119856,0.332136994065722,0.346955899702283,0.36989863667497,0.29791517709356,0.30012308688738,0.238573100765006,-0.0130521879919874,-0.00374509684393765,-0.0373779565611425,-0.0158773286704204,-0.0457841367772351,-0.0136038692512148,-0.0164744246531381,-0.00331473815840155,-0.0460594603000102,-0.0220219109715138,-0.0841487964279537,-0.014899002250619,0.00886524327753957,0.015899819546938,-0.00434564623660982,0.00653112336828432,-0.00117651970358601,0.0190762326216021,0.0218915863667606,0.0337872870047375,0.0166149728148133,0.0298294291963286,0.0453150134567428,0.0382676554656411
2016,7.70541307039108,8.05694364584676,7.42883187531381,6.57385472957095,7.02001465219124,9.83596522264635,7.71701224956848,8.05366461174772,7.45349507679947,6.57971813759383,7.0396486509039,9.8474869646438,0.00856354299184403,0.0219789032188409,0.0122864226895079,0.0239536610175941,0.0287347344993014,0.021581106658461,0.00711053417724994,0.0149547722758587,-0.00042833238598039,0.0139397403700521,0.00258459643471998,0.0194989794047018,11.0834778953672,11.3237013703797,11.0100367190279,9.75293747442228,10.7522009320319,12.7043582503886,0.00262331402517546,0.00828155325670465,-0.00160604331681391,0.00566914801422591,0.00105088559539901,0.00931763922881501,0.00515924624492125,0.0124644465044321,0.0124044639508405,0.00563950846149285,0.00371491654107991,0.00590822181824624,1.1696617433913,1.01464531421359,1.05072667018894,1.0996909601902,1.19859655098759,1.29950242409374,0.854948027196834,0.985566075151156,0.951722296932063,0.909346385667334,0.834309091892554,0.769525305577934,0.772730076835996,0.654147497887147,0.683833531253073,0.68289126367239,0.624119020673639,0.672208229514499,0.430865034931742,0.30454348743589,0.308177197062242,0.378382232850673,0.319315100304342,0.427819536617328,0.341865041904254,0.349604010451257,0.375656334190831,0.304509030821718,0.304803920369297,0.244388692897171,-0.0115991791773933,0.00327903409904451,-0.0246632014856543,-0.00586340802287832,-0.0196339987126537,-0.0115217419974556,-0.0130521879919874,-0.00374509684393765,-0.0373779565611425,-0.0158773286704204,-0.0457841367772351,-0.0136038692512148,0.00718881396599969,0.0169236536607773,0.00013618230279544,0.01483974790996,0.00144113927513612,0.0196819153028525,0.0137227892367653,0.034443349723273,0.0246908866403483,0.029593169479087,0.0324496510403813,0.0274893284767073
2017,7.72603511117514,8.08453845294847,7.44474164066668,6.60129037343649,7.04856364453907,9.8654671640166,7.72467405590483,8.06772137643689,7.45583517003289,6.59675693236075,7.04495370221049,9.8670711000873,0.02062204078406,0.0275948071017087,0.0159097653528679,0.0274356438655463,0.0285489923478295,0.0295019413702562,0.00766180633635116,0.0140567646891707,0.00234009323341944,0.0170387947669228,0.00530505130658909,0.0195841354435,11.0865141487265,11.3278481986943,11.0085840730606,9.75934982536363,10.7551031246047,12.713506502252,0.00303625335929958,0.00414682831453916,-0.00145264596729078,0.00641235094134984,0.00290219257288982,0.00914825186337609,0.00584631279201453,0.0146581816105682,0.00707314339019138,0.0142906661842534,0.0125009793217758,0.0125267178201591,1.1597738522097,1.016892710842,1.02160922852591,1.0954184441892,1.16019445268622,1.30479290442268,0.862237062936637,0.983387912351133,0.978847853051321,0.912893155400699,0.861924479715175,0.76640514874846,0.780999759604446,0.659862928297638,0.687277584688407,0.687681581495881,0.62910932287224,0.677829931164609,0.430661991847939,0.306417683386885,0.306650217729327,0.376806701770473,0.319695520875261,0.427176847423243,0.350337767756507,0.353445244910753,0.38062736695908,0.310874879725408,0.309413801996979,0.250653083741365,0.0013610552703156,0.0168170765115825,-0.0110935293662058,0.00453344107574516,0.00360994232858669,-0.00160393607069942,-0.0115991791773933,0.00327903409904451,-0.0246632014856543,-0.00586340802287832,-0.0196339987126537,-0.0115217419974556,0.00711053417724994,0.0149547722758587,-0.00042833238598039,0.0139397403700521,0.00258459643471998,0.0194989794047018,0.0264683535760746,0.0422529887122769,0.0229829087430593,0.0417263100497998,0.0410499716696053,0.0420286591904153
2018,7.74236021579385,8.09583140728712,7.45297412768595,6.62362645643594,7.07223535808969,9.88649561567795,7.73328655206767,8.08134333232261,7.4598880332934,6.61500829795901,7.0518526182406,9.88798305445029,0.0163251046187041,0.01129295433865,0.0082324870192636,0.0223360829994412,0.0236717135506153,0.0210284516613477,0.00861249616283732,0.0136219558857213,0.00405286326050724,0.0182513655982577,0.00689891603011095,0.0209119543629832,11.0901037359018,11.3310258851315,11.0067141538701,9.76544769776658,10.7598758480052,12.7220544458412,0.00358958717533753,0.00317768643719774,-0.00186991919048651,0.00609787240294679,0.00477272340043555,0.0085479435892406,0.0110842749561497,0.0185357421848726,0.0106489136824672,0.0250184440966912,0.0118036095240965,0.0308555380932223,1.15318768967356,1.02600499497007,0.993890584264216,1.09952181877008,1.12768546304231,1.31626947373381,0.867161528825442,0.974654124397481,1.00614697013184,0.909486272058336,0.886772094500682,0.759722853074562,0.786093512925491,0.663839409496261,0.689753996172638,0.691133510135378,0.632679543688376,0.683674899731704,0.428170713294864,0.306949826329532,0.304385078174619,0.374028931596635,0.319166852870201,0.426215977637814,0.357922799630626,0.356889583166729,0.385368917998019,0.317104578538743,0.313512690818175,0.257458922093891,0.00907366372618235,0.0144880749645111,-0.00691390560744942,0.0086181584769287,0.020382739849091,-0.00148743877233493,0.0013610552703156,0.0168170765115825,-0.0110935293662058,0.00453344107574516,0.00360994232858669,-0.00160393607069942,0.00766180633635116,0.0140567646891707,0.00234009323341944,0.0170387947669228,0.00530505130658909,0.0195841354435,0.0274093795748538,0.0298286965235226,0.0188814007017308,0.0473545270961324,0.0354753230747118,0.05188398975457
2019,7.76243188987597,8.10556126529377,7.45725656480605,6.6463668371859,7.09165731007956,9.91946390506708,7.74264960719401,8.09259810124448,7.46420530020145,6.63576092651318,7.06151037489884,9.90885437615779,0.020071674082125,0.00972985800664539,0.0042824371201009,0.022740380749962,0.0194219519898731,0.0329682893891245,0.00936305512634572,0.0112547689218729,0.00431726690805689,0.0207526285541739,0.00965775665823987,0.0208713217075047,11.0933024905833,11.3333104801037,11.0042664257972,9.77209712355533,10.7671181405199,12.7301798764699,0.00319875468141007,0.00228459497225053,-0.00244772807284477,0.00664942578875127,0.00724229251476416,0.00812543062868798,0.0120325484966441,0.0198937136112027,0.0104156429323057,0.0298294825606966,0.0141856190135394,0.00891173225672936,1.14941448969354,1.03730147353312,0.966462616166156,1.11163285633291,1.09840183874715,1.33031646424652,0.870008172827731,0.964039891502256,1.03470117030174,0.899577584724179,0.910413625254495,0.751700837263855,0.790786955994433,0.668855409686622,0.69271911161978,0.692873528956234,0.634173610882277,0.689688092563415,0.425285746685638,0.307908797961436,0.30163039194424,0.370129672371306,0.31744089846905,0.424865216775275,0.365501209308796,0.360946611725186,0.391088719675539,0.322743856584928,0.316732712413227,0.264822875788141,0.0197822826819616,0.0129631640492835,-0.00694873539540541,0.0106059106727168,0.0301469351807242,0.0106095289092849,0.00907366372618235,0.0144880749645111,-0.00691390560744942,0.0086181584769287,0.020382739849091,-0.00148743877233493,0.00861249616283732,0.0136219558857213,0.00405286326050724,0.0182513655982577,0.00689891603011095,0.0209119543629832,0.0321042225787691,0.0296235716178481,0.0146980800524066,0.0525698633106586,0.0336075710034125,0.0418800216458539
2020,7.68511180857823,8.06336421714962,7.36439296172058,6.60691937419197,6.9757966308673,9.91019896533833,7.75125239356042,8.09914506907008,7.4675497648761,6.6538231035624,7.06446907738602,9.9284242749356,-0.077320081297743,-0.042197048144148,-0.0928636030854673,-0.0394474629939294,-0.115860679212266,-0.00926493972874454,0.00860278636640466,0.00654696782559228,0.00334446467464566,0.0180621770492229,0.00295870248718444,0.0195698987778083,11.0959738007439,11.3341421432335,11.0006449333389,9.77773899492706,10.7722565843999,12.7350411626427,0.00267131016062727,0.000831663129764237,-0.00362149245834686,0.00564187137173633,0.00513844387998041,0.00486128617277437,0.0293449801768961,0.0174218828429753,0.0156509054575302,0.0232841205181611,0.011275339192677,0.00158926459069164,1.15174355699708,1.04751597000046,0.942174441581951,1.12782412912184,1.06824222239455,1.34373591009647,0.868248833626889,0.954639383683627,1.06137457764292,0.886663065790792,0.936117276621418,0.744193849763386,0.795485035483258,0.675042848149603,0.694893855494557,0.693228284438465,0.634136469062789,0.694716847911613,0.422967838858777,0.309134292119726,0.298640667990986,0.365243273630373,0.314505649398501,0.422343448416206,0.37251719662448,0.365908556029877,0.396253187503572,0.327985010808092,0.319630819664288,0.272373399495407,-0.0661405849821861,-0.0357808519204568,-0.103156803155518,-0.0469037293704355,-0.0886724465187259,-0.018225309597268,0.0197822826819616,0.0129631640492835,-0.00694873539540541,0.0106059106727168,0.0301469351807242,0.0106095289092849,0.00936305512634572,0.0112547689218729,0.00431726690805689,0.0207526285541739,0.00965775665823987,0.0208713217075047,-0.0479751011208469,-0.0247751653011727,-0.077212697627937,-0.0161633424757683,-0.104585340019589,-0.0076756751380529
2021,7.75167020961818,8.1017191704683,7.44993800015111,6.66779649961495,7.04048961699388,9.96616502764647,7.76422763851926,8.1054620312119,7.46842817126109,6.67263711775498,7.07446088566431,9.94860945166548,0.0665584010399538,0.0383549533186844,0.0855450384305323,0.0608771254229783,0.0646929861265857,0.0559660623081371,0.0129752449588478,0.00631696214182575,0.000878406384988928,0.0188140141925794,0.00999180827828638,0.0201851767298855,11.0986750916812,11.3349593992392,10.9975788033634,9.78304518085311,10.7734340599899,12.7371756103685,0.0027012909373596,0.00081725600574778,-0.0030661299754442,0.00530618592604881,0.00117747558995518,0.00213444772580473,0.012144118109819,0.0266105614264465,0.0127515707732044,0.0271027995438144,0.0252399005084882,0.048355307395183,1.15927768552666,1.05323193437455,0.924949930767405,1.14728948272036,1.03581011939077,1.35659623484532,0.86260609730075,0.949458488071611,1.08113960197859,0.871619599988736,0.965427911235474,0.737139005928335,0.799551544131401,0.683325973469717,0.697158671727738,0.693726357064666,0.63493943564326,0.699286139990372,0.420732375982276,0.31072955688479,0.295577435681838,0.360709118621127,0.311002634978155,0.41934964924197,0.378819168149125,0.372596416584927,0.4015812360459,0.333017238443539,0.323936800665105,0.279936490748401,-0.0125574289010801,-0.00374286074359809,-0.018490171109975,-0.00484061814003667,-0.0339712686704265,0.0175555759809836,-0.0661405849821861,-0.0357808519204568,-0.103156803155518,-0.0469037293704355,-0.0886724465187259,-0.018225309597268,0.00860278636640466,0.00654696782559228,0.00334446467464566,0.0180621770492229,0.00295870248718444,0.0195698987778083,0.0787025191497728,0.0649655147451309,0.0982966092037367,0.0879799249667927,0.0899328866350739,0.10432136970332
2022,7.77847534270226,8.11965002870808,7.49702363337687,6.71665555586518,7.10224600237265,9.97924979035998,7.7770363462659,8.1123843441449,7.48101993243477,6.69307826009794,7.09375112999767,9.9705299253004,0.0268051330840748,0.0179308582397759,0.0470856332257581,0.0488590562502331,0.0617563853787635,0.0130847627135147,0.0128087077466414,0.00692231293299272,0.0125917611736854,0.0204411423429605,0.0192902443333614,0.0219204736349141,11.1016043715003,11.3395980632271,10.9957315147232,9.79280294457373,10.7753745184149,12.7412026470209,0.00292927981906566,0.00463866398790813,-0.00184728864019768,0.00975776372061965,0.00194045842499158,0.00402703665242221,0.0297353364015889,0.062159059102143,0.0339700213212755,0.0597355265090265,0.0458700831086789,0.0805535800845449,1.16490290459131,1.0546097324095,0.913298567760718,1.17597158587669,1.00260740458167,1.36674334527992,0.858440644330641,0.948218065193908,1.09493218899036,0.850360682188164,0.997399376296488,0.731666265984407,0.804139240516149,0.692712035384402,0.699360807662721,0.694043166524057,0.638628178238481,0.705474109807228,0.418462096534506,0.312547424082565,0.292717536485387,0.356906841123274,0.307821933918671,0.416914364584155,0.385677143981644,0.380164611301837,0.406643271177334,0.337136325400782,0.33080624431981,0.288559745223073,0.00143899643635326,0.0072656845631851,0.0160037009420977,0.023577295767236,0.00849487237497559,0.00871986505958411,-0.0125574289010801,-0.00374286074359809,-0.018490171109975,-0.00484061814003667,-0.0339712686704265,0.0175555759809836,0.0129752449588478,0.00631696214182575,0.000878406384988928,0.0188140141925794,0.00999180827828638,0.0201851767298855,0.0565404694856637,0.080089917341919,0.0810556545470336,0.10859458275926,0.107626468487442,0.0936383427980596
2023,7.79276490826014,8.1109155179025,7.50673329012309,6.71065663553249,7.12655666836096,10.0125964940298,7.78968456731261,8.11870204789433,7.49156082842819,6.71326584270555,7.11732275379047,9.99306162374253,0.0142895655578785,-0.00873451080558496,0.00970965674622093,-0.00599892033268645,0.0243106659883141,0.0333467036698245,0.0126482210467014,0.00631770374944018,0.0105408959934179,0.0201875826076021,0.0235716237928045,0.0225316984421298,11.1040368332871,11.3450774315768,10.9937223982142,9.80325412089164,10.7771124973989,12.7468764059348,0.00243246178678369,0.0054793683496559,-0.00200911650908964,0.0104511763179076,0.00173797898398753,0.00567375891390931,0.048697433038873,0.0647677813671734,0.0601281656257804,0.0611149183900617,0.0605794897156269,0.0319086383751799,1.16709638977136,1.05488390440954,0.905486453719572,1.20696889879633,0.971085856501968,1.37317623958751,0.85682725845455,0.947971616421377,1.10437875231836,0.828521763068845,1.02977506397033,0.728238642040873,0.80868302483044,0.702245040411348,0.701622304441046,0.693971664622996,0.64416434327297,0.71259436500327,0.415309978349593,0.31430264764237,0.289510088425115,0.352521931133509,0.304583448601491,0.414058006830935,0.393373046480847,0.387942392768978,0.412112216015931,0.341449733489486,0.339580894671479,0.298536358172335,0.0030803409475304,-0.00778652999184004,0.0151724616949007,-0.00260920717305257,0.00923391457048517,0.0195348702872788,0.00143899643635326,0.0072656845631851,0.0160037009420977,0.023577295767236,0.00849487237497559,0.00871986505958411,0.0128087077466414,0.00692231293299272,0.0125917611736854,0.0204411423429605,0.0192902443333614,0.0219204736349141,0.0629869985967515,0.0560332705615885,0.0698378223720013,0.0551159980573752,0.084890155703941,0.0652553420450044
2024,7.80459928479558,8.10594466468474,7.51363617974985,6.72140868844277,7.16052566602279,10.0363109550646,7.80263623361299,8.12359085612138,7.50435629086826,6.73134371077479,7.14277142101851,10.0160445999496,0.0118343765354405,-0.00497085321775614,0.00690288962675378,0.0107520529102727,0.0339689976618258,0.0237144610347606,0.0129516663003848,0.00488880822704907,0.0127954624400681,0.0180778680692475,0.025448667228039,0.0229829762070803,11.1056867424375,11.3451248708291,10.9910872074738,9.8107548307313,10.7770905191718,12.7525353699351,0.00164990915038032,4.7439252291781e-05,-0.00263519074037077,0.00750070983965578,-2.19782270285407e-05,0.00565896400023469,0.020661078840325,0.0306288840764859,0.0193606174967398,0.0558529386298972,0.0285132613232228,0.0283550215073864,1.17117049823011,1.05598448367102,0.900145384349542,1.23086061074663,0.945911196640607,1.38077987117687,0.853846644456308,0.946983611467097,1.11093165324912,0.81243967941537,1.05718169269112,0.724228402277965,0.813481638440403,0.71449639027984,0.706841622040169,0.697448176532644,0.65042522785203,0.719529311326478,0.411857804857764,0.316808885491214,0.286535683591127,0.349537881362064,0.301435487297162,0.411239540158362,0.401623833582639,0.397687504788626,0.420305938449041,0.34791029517058,0.348989740554869,0.308289771168116,0.00196305118258611,-0.0176461914366453,0.00927988888158637,-0.00993502233202737,0.017754245004272,0.0202663551149591,0.0030803409475304,-0.00778652999184004,0.0151724616949007,-0.00260920717305257,0.00923391457048517,0.0195348702872788,0.0126482210467014,0.00631770374944018,0.0105408959934179,0.0201875826076021,0.0235716237928045,0.0225316984421298,0.0324954553757655,0.0256580308587297,0.0262635071234936,0.0666049915401699,0.0624822589850487,0.052069482542147
2025,7.81154654984274,8.10765008451129,7.51722788406275,6.73823306984484,7.18880249114804,NA,7.81450916285286,8.1280708249475,7.51350648348795,6.7477709821409,7.17013170854967,NA,0.00694726504716492,0.00170541982654981,0.00359170431290412,0.0168243814020741,0.0282768251252552,NA,0.0118729292398703,0.00447996882611434,0.00915019261969263,0.0164272713661067,0.0273602875311552,NA,11.1072223960516,11.3394654227217,10.9877686383289,9.81721148695697,10.7766611163265,12.7578745775094,0.00153565361416952,-0.00565944810742636,-0.0033185691449038,0.00645665622567648,-0.000429402845369964,0.00533920757436768,0.0147504013022202,0.0293624188436299,0.0221231058233373,0.0310565825315345,0.0246080084742202,NA,1.17530805246463,1.0530151411096,0.897802898224181,1.24962345656893,0.926022580058606,1.38920430525725,0.850840762898707,0.949653961239591,1.11383022039466,0.800241060411659,1.07988727438667,0.719836525279717,0.818365970312294,0.729830782475582,0.714377018243183,0.704045194469912,0.657029102684737,0.72592346649174,0.40847190078744,0.319805564517611,0.284100307107383,0.348431918371464,0.298413522130553,0.408574038340132,0.409894069524854,0.410025217957971,0.4302767111358,0.355613276098448,0.358615580554184,0.317349428151608,-0.00296261301011924,-0.0204207404362098,0.00372140057479786,-0.00953791229605994,0.0186707825983721,NA,0.00196305118258611,-0.0176461914366453,0.00927988888158637,-0.00993502233202737,0.017754245004272,0.0202663551149591,0.0129516663003848,0.00488880822704907,0.0127954624400681,0.0180778680692475,0.025448667228039,0.0229829762070803,0.0216976663493851,0.0310678386701797,0.0257148101362414,0.0478809639336086,0.0528848335994754,NA
2026,7.82074884206348,8.11973268756276,7.5251178888439,6.75111573008063,7.21133843678283,NA,7.82544769344812,8.13282806934466,7.52247491608876,6.76193279845666,7.19621666636016,NA,0.00920229222073754,0.0120826030514767,0.00789000478115298,0.012882660235789,0.0225359456347913,NA,0.0109385305952596,0.00475724439715997,0.00896843260080793,0.0141618163157586,0.0260849578104931,NA,11.1086556497149,11.3343280609029,10.9840405239597,9.8227532787025,10.7758429589174,12.762928898019,0.00143325366321712,-0.00513736181875224,-0.00372811436919562,0.00554179174552516,-0.000818157409050002,0.00505432050954724,0.0165500334215212,0.026449726240779,0.0175976344011124,0.0321082666678398,0.0203563329818959,NA,1.17986885995096,1.05069659253011,0.897383241463443,1.26615175981939,0.9115260682761,1.39755965209677,0.847551820328205,0.95174954131332,1.11435109749677,0.789794740041781,1.09706132913042,0.715532963834273,0.822051489748005,0.746304516913228,0.722264829429596,0.71191999931333,0.663352790936355,0.731314802081723,0.404284568797953,0.322966910946866,0.281379299742298,0.347866952253052,0.294710695250833,0.405142851597261,0.417766920950053,0.423337605966362,0.440885529687298,0.364053047060278,0.368642095685522,0.326171950484462,-0.00469885138464132,-0.0130953817818931,0.00264297275514291,-0.0108170683760296,0.0151217704226703,NA,-0.00296261301011924,-0.0204207404362098,0.00372140057479786,-0.00953791229605994,0.0186707825983721,NA,0.0118729292398703,0.00447996882611434,0.00915019261969263,0.0164272713661067,0.0273602875311552,NA,0.0257523256422587,0.0385323292922557,0.0254876391822654,0.0449909269036288,0.0428922786166872,NA
2027,7.83155516215634,8.13204323705341,7.53341282350671,6.76794151616276,7.23116480940905,NA,7.83563837556638,8.13847854467985,7.53164861836586,6.77477875489533,7.22021525375373,NA,0.0108063200928639,0.0123105494906461,0.00829493466280962,0.0168257860821299,0.0198263726262162,NA,0.0101906821182558,0.00565047533518914,0.00917370227710013,0.0128459564386683,0.0239985873935655,NA,11.1100309724967,11.3319155136456,10.9800038291104,9.82757887547064,10.7748284278112,12.7677672854404,0.00137532278188779,-0.00241254725727913,-0.00403669484930447,0.00482559676814098,-0.00101453110619509,0.00483838742143305,0.0181579944183614,0.0210172270041999,0.0185394631357676,0.0208150350459579,0.0202654521136294,NA,1.1867924634756,1.05508069423242,0.899317953891361,1.28322277278459,0.903701045983192,1.40573806470645,0.842607305637445,0.947794804195059,1.1119537819444,0.779287915713969,1.10656063135574,0.711370080320635,0.824836839193906,0.762404794759947,0.730785758725363,0.721014502676422,0.669632603623287,0.735391693121499,0.399743800877711,0.326105483202344,0.27847024492809,0.347836829815839,0.290523874035628,0.400953747999767,0.425093038316195,0.436299311557603,0.452315513797273,0.373177672860583,0.379108729587659,0.334437945121732,-0.00408321341003326,-0.00643530762643607,0.0017642051408524,-0.00683723873256792,0.010949555655321,NA,-0.00469885138464132,-0.0130953817818931,0.00264297275514291,-0.0108170683760296,0.0151217704226703,NA,0.0109385305952596,0.00475724439715997,0.00896843260080793,0.0141618163157586,0.0260849578104931,NA,0.0289643145112253,0.0333277764948461,0.0268343977985772,0.0376408211280879,0.0400918247398456,NA
2028,NA,NA,NA,NA,NA,NA,NA,NA,NA,NA,NA,NA,NA,NA,NA,NA,NA,NA,NA,NA,NA,NA,NA,NA,11.1113821963861,11.3293521090025,10.9758556726565,9.83194308026862,10.7737043140443,12.7725337663368,0.0013512238893103,-0.0025634046431211,-0.00414815645384614,0.00436420479798727,-0.00112411376690069,0.00476648089634857,NA,NA,NA,NA,NA,NA,1.19872046545474,1.06230290838581,0.905780957377253,1.30091146372213,0.901383289755626,1.41285428181137,0.834222847459808,0.941351089323021,1.10401967700399,0.768691819456207,1.10940596676815,0.707787075336557,0.827929474405352,0.779029260897422,0.741002823291715,0.730734765983929,0.676196766275355,0.738682192063453,0.395344876389247,0.328801332950719,0.27569988649014,0.348075579701085,0.285837114382205,0.396668088563951,0.432584598016106,0.450227927946703,0.465302936801575,0.382659186282844,0.390359651893149,0.342014103499502,NA,NA,NA,NA,NA,NA,-0.00408321341003326,-0.00643530762643607,0.0017642051408524,-0.00683723873256792,0.010949555655321,NA,0.0101906821182558,0.00565047533518914,0.00917370227710013,0.0128459564386683,0.0239985873935655,NA,NA,NA,NA,NA,NA,NA
2029,NA,NA,NA,NA,NA,NA,NA,NA,NA,NA,NA,NA,NA,NA,NA,NA,NA,NA,NA,NA,NA,NA,NA,NA,11.1127214281246,11.3266614629418,10.9716582624301,9.83587832159125,10.7723881941798,12.7771941806226,0.00133923173855699,-0.00269064606068881,-0.00419741022640885,0.00393524132262257,-0.00131611986454239,0.00466041428585839,NA,NA,NA,NA,NA,NA,1.21477783062706,1.07176299935893,0.915883725011142,1.31766208428746,0.90402413679048,1.41860704142145,0.823195793327743,0.933042100350678,1.09184165270306,0.758919917272086,1.10616515566748,0.704916845046813,0.831610132035545,0.796872977128357,0.752665521622083,0.741002965128411,0.684386391160315,0.742108468029572,0.391142143158632,0.331608967933993,0.273150199176235,0.348451649350641,0.281353293842756,0.392934836593929,0.440467988876914,0.465264009194364,0.479515322445848,0.39255131577777,0.403033097317559,0.349173631435643,NA,NA,NA,NA,NA,NA,NA,NA,NA,NA,NA,NA,NA,NA,NA,NA,NA,NA,NA,NA,NA,NA,NA,NA
2030,NA,NA,NA,NA,NA,NA,NA,NA,NA,NA,NA,NA,NA,NA,NA,NA,NA,NA,NA,NA,NA,NA,NA,NA,11.1140539363616,11.3239532776791,10.9672680638994,9.83933386400765,10.7708090137022,12.781702045563,0.00133250823699171,-0.0027081852627493,-0.00439019853074818,0.00345554241640755,-0.00157918047753647,0.00450786494034716,NA,NA,NA,NA,NA,NA,1.22969326992955,1.08097905069458,0.92881981785564,1.33111034493867,0.908406686050687,1.42021320616165,0.813210923775559,0.925087307989416,1.07663508118151,0.751252519223772,1.10082853347053,0.704119631940797,0.835038499877284,0.814678636729052,0.765955479819696,0.75141649083764,0.694086762341969,0.745436679054944,0.386925807300136,0.33429740953661,0.270963994389702,0.349037712489966,0.277539355330341,0.389860570162431,0.448112692577148,0.480381227192442,0.494991485429994,0.402378778347674,0.416547407011628,0.355576108892513,NA,NA,NA,NA,NA,NA,NA,NA,NA,NA,NA,NA,NA,NA,NA,NA,NA,NA,NA,NA,NA,NA,NA,NA
2031,NA,NA,NA,NA,NA,NA,NA,NA,NA,NA,NA,NA,NA,NA,NA,NA,NA,NA,NA,NA,NA,NA,NA,NA,11.1153519610802,11.3211889704146,10.9626678524005,9.84235466563738,10.7689793730585,12.7861147191876,0.00129802471858298,-0.00276430726443344,-0.00460021149887879,0.00302080162972196,-0.001829640643777,0.00441267362461772,NA,NA,NA,NA,NA,NA,1.24258814489084,1.08780224055969,0.943080075077403,1.339634431042,0.91431327063149,1.41782546090694,0.804771882068657,0.919284740106329,1.06035534672697,0.746472303807668,1.09371703563848,0.705305432560319,0.838280937836356,0.832188027678295,0.780111916897092,0.761485689680669,0.704456557678761,0.748111110373806,0.3830082808176,0.336822677366018,0.269167653896844,0.349889729046307,0.274074533153245,0.387221301667639,0.455272657018756,0.495365350312277,0.510944263000249,0.411595960634362,0.430382024525516,0.360889808706167,NA,NA,NA,NA,NA,NA,NA,NA,NA,NA,NA,NA,NA,NA,NA,NA,NA,NA,NA,NA,NA,NA,NA,NA
2032,NA,NA,NA,NA,NA,NA,NA,NA,NA,NA,NA,NA,NA,NA,NA,NA,NA,NA,NA,NA,NA,NA,NA,NA,11.1166477160333,11.3184140305894,10.9580870148626,9.84499792655576,10.7670844834553,12.7904367211611,0.00129575495309631,-0.00277493982527055,-0.00458083753793659,0.00264326091838107,-0.00189488960316453,0.00432200197353083,NA,NA,NA,NA,NA,NA,1.25347465748645,1.09133836991893,0.958624556045612,1.3437291140224,0.92221822037574,1.41314233862923,0.797782383574682,0.916306094941281,1.04316126025924,0.744197613614651,1.08434205473903,0.707642799075722,0.841317640211235,0.849147990102738,0.794562544190905,0.771545697941425,0.715922955101288,0.750128543748358,0.379667924794951,0.339108061341173,0.267739215981544,0.351162633885393,0.271149486053581,0.38479431068521,0.461649715416283,0.510039928761566,0.526823328209361,0.420383064056033,0.444773469047707,0.365334233063148,NA,NA,NA,NA,NA,NA,NA,NA,NA,NA,NA,NA,NA,NA,NA,NA,NA,NA,NA,NA,NA,NA,NA,NA
2033,NA,NA,NA,NA,NA,NA,NA,NA,NA,NA,NA,NA,NA,NA,NA,NA,NA,NA,NA,NA,NA,NA,NA,NA,11.1179450226557,11.3156903234507,10.9535474800074,9.84735186847092,10.7651965469103,12.7946756674,0.00129730662238003,-0.002723707138653,-0.00453953485512137,0.00235394191516392,-0.00188793654495001,0.00423894623889431,NA,NA,NA,NA,NA,NA,1.26362199276238,1.09164502024364,0.972622734460264,1.34570688056622,0.9302953091272,1.40601070543635,0.791375906503433,0.916048698483336,1.02814787745521,0.743103876811005,1.07492748828133,0.711232137944253,0.844230347867449,0.864476987499485,0.810257583581273,0.781979967374722,0.72831409881598,0.751828172253774,0.376786528885367,0.340761002510681,0.266928999302251,0.352861864869452,0.269033162644994,0.382598089082027,0.467443818982082,0.523715984988803,0.543328584279023,0.42911810250527,0.459280936170986,0.369230083171747,NA,NA,NA,NA,NA,NA,NA,NA,NA,NA,NA,NA,NA,NA,NA,NA,NA,NA,NA,NA,NA,NA,NA,NA
2034,NA,NA,NA,NA,NA,NA,NA,NA,NA,NA,NA,NA,NA,NA,NA,NA,NA,NA,NA,NA,NA,NA,NA,NA,11.1192626771691,11.313042397581,10.9488909676518,9.84935773902922,10.76325321232,12.7988518574587,0.00131765451348009,-0.00264792586975027,-0.00465651235559505,0.0020058705582997,-0.00194333459029927,0.00417619005869341,NA,NA,NA,NA,NA,NA,1.27528918313751,1.0906199551343,0.983973411352485,1.34774969616012,0.939249324575793,1.39780464388278,0.784135875393973,0.916909685442954,1.01628762369248,0.741977536963356,1.06468003099352,0.715407553105728,0.847925236799994,0.877373777552644,0.826578742295419,0.793193096623272,0.741421569914625,0.753680296952523,0.374579146150475,0.341535136963891,0.266610076493696,0.354674816754581,0.267414979678715,0.380596954680579,0.47334609064952,0.535838640588753,0.559968665801723,0.438518279868691,0.47400659023591,0.373083342271945,NA,NA,NA,NA,NA,NA,NA,NA,NA,NA,NA,NA,NA,NA,NA,NA,NA,NA,NA,NA,NA,NA,NA,NA
2035,NA,NA,NA,NA,NA,NA,NA,NA,NA,NA,NA,NA,NA,NA,NA,NA,NA,NA,NA,NA,NA,NA,NA,NA,11.120592928418,11.3104409082337,10.9441176558047,9.85100154715152,10.7611782766789,12.8029421474097,0.00133025124890374,-0.0026014893472972,-0.00477331184713492,0.00164380812229403,-0.00207493564115957,0.00409028995093941,NA,NA,NA,NA,NA,NA,1.28831652813457,1.08777233339529,0.995213899409729,1.34687387269877,0.950447227905657,1.38935266347931,0.776206761429942,0.919310014880299,1.00480911751043,0.742460018172504,1.05213626873691,0.719759659506271,0.85335635278338,0.886547815793544,0.843070399390582,0.804513405872914,0.755017489063288,0.756282126633477,0.373583457988258,0.341094125026724,0.26661364883015,0.356437893660249,0.265914731232661,0.378892625846927,0.479772894795122,0.54545369076682,0.576456750560432,0.448075512212665,0.489102757830627,0.377389500786549,NA,NA,NA,NA,NA,NA,NA,NA,NA,NA,NA,NA,NA,NA,NA,NA,NA,NA,NA,NA,NA,NA,NA,NA
2036,NA,NA,NA,NA,NA,NA,NA,NA,NA,NA,NA,NA,NA,NA,NA,NA,NA,NA,NA,NA,NA,NA,NA,NA,11.121885544257,11.3076634996294,10.9393143426244,9.85243315066412,10.7589548697109,12.8069171827356,0.00129261583895612,-0.00277740860427578,-0.00480331318034288,0.00143160351260363,-0.00222340696802981,0.00397503532597554,NA,NA,NA,NA,NA,NA,1.30480076642936,1.08641744049913,1.00711323517248,1.34114124309949,0.963359672203326,1.38055712990606,0.766400530815551,0.92045650476724,0.992937005567934,0.745633619982422,1.03803390244982,0.724345250433818,0.858529547404346,0.892346634182117,0.86063009461449,0.814424898579974,0.769708174840639,0.759127175448885,0.372320055348667,0.339515326184074,0.267128219288676,0.357966303580356,0.264926081690839,0.377584968119528,0.486209492055678,0.552831307998042,0.593501875325814,0.456458594999618,0.5047820931498,0.381542207329357,NA,NA,NA,NA,NA,NA,NA,NA,NA,NA,NA,NA,NA,NA,NA,NA,NA,NA,NA,NA,NA,NA,NA,NA
2037,NA,NA,NA,NA,NA,NA,NA,NA,NA,NA,NA,NA,NA,NA,NA,NA,NA,NA,NA,NA,NA,NA,NA,NA,11.1231532271346,11.3048785894785,10.9344395813958,9.8535915709259,10.7566427040243,12.8108048372253,0.00126768287759482,-0.00278491015093252,-0.00487476122857267,0.00115842026177937,-0.00231216568656478,0.00388765448969863,NA,NA,NA,NA,NA,NA,1.32381947472652,1.08871651408083,1.01986918568941,1.3324425942388,0.977040408202955,1.37082508903196,0.755390005277407,0.918512750625695,0.980517907621673,0.750501375686869,1.02349912204683,0.729487669872001,0.864952139508691,0.89466888923568,0.878954929784649,0.822213669776769,0.786271163466567,0.760963550310389,0.371987123779543,0.337034886883164,0.268127982114725,0.359019353427462,0.264893682927035,0.376577583360452,0.492965015729148,0.557634002352516,0.610826947669923,0.463194316349307,0.521377480539531,0.384385966949936,NA,NA,NA,NA,NA,NA,NA,NA,NA,NA,NA,NA,NA,NA,NA,NA,NA,NA,NA,NA,NA,NA,NA,NA
2038,NA,NA,NA,NA,NA,NA,NA,NA,NA,NA,NA,NA,NA,NA,NA,NA,NA,NA,NA,NA,NA,NA,NA,NA,11.1243458879791,11.3021303136238,10.9294620851888,9.85446869596858,10.7542832633058,12.8146186027998,0.0011926608444881,-0.00274827585465864,-0.00497749620697263,0.000877125042684668,-0.00235944071852145,0.00381376557450075,NA,NA,NA,NA,NA,NA,1.3431829748852,1.08939326926059,1.03394350231511,1.31979998441726,0.991278151027428,1.36080017630484,0.744500204884945,0.917942150201399,0.967170834538728,0.757690568121605,1.00879858893645,0.734861750764488,0.873886243965318,0.893430410549985,0.898096605308903,0.82741247760088,0.805142187148714,0.762067783605155,0.373798522048768,0.334058387810117,0.269831422069064,0.35960706617223,0.266217772793709,0.3759673593373,0.50008772191655,0.559372022739868,0.628265183239839,0.46780541142865,0.538924414355006,0.386100424267855,NA,NA,NA,NA,NA,NA,NA,NA,NA,NA,NA,NA,NA,NA,NA,NA,NA,NA,NA,NA,NA,NA,NA,NA
2039,NA,NA,NA,NA,NA,NA,NA,NA,NA,NA,NA,NA,NA,NA,NA,NA,NA,NA,NA,NA,NA,NA,NA,NA,11.1253995284143,11.2993609998638,10.9243421258074,9.8551062247817,10.7518131952883,12.8182993653874,0.00105364043523437,-0.00276931375995915,-0.00511995938139087,0.000637528813115296,-0.00247006801743765,0.0036807625875781,NA,NA,NA,NA,NA,NA,1.36312774757972,1.090136942038,1.05021448329736,1.30392977638572,1.00851659531714,1.35265527319,0.733606957803872,0.91731594576596,0.952186449438692,0.766912465770848,0.991555324566116,0.739286660703786,0.881588248655319,0.890756736967173,0.918522293083445,0.830121844800155,0.826350545196939,0.763368954647861,0.375652221305655,0.331116378194425,0.272407631307794,0.359597220464118,0.268674494248361,0.375822778471806,0.505936027349664,0.559640358772748,0.646114661775651,0.470524624336037,0.557676050948579,0.387546176176055,NA,NA,NA,NA,NA,NA,NA,NA,NA,NA,NA,NA,NA,NA,NA,NA,NA,NA,NA,NA,NA,NA,NA,NA
2040,NA,NA,NA,NA,NA,NA,NA,NA,NA,NA,NA,NA,NA,NA,NA,NA,NA,NA,NA,NA,NA,NA,NA,NA,11.1263641097034,11.296654940204,10.9191016279626,9.85550367073369,10.7491771346225,12.8218238435807,0.000964581289066402,-0.00270605965980053,-0.00524049784486635,0.000397445951993092,-0.00263606066578959,0.00352447819329171,NA,NA,NA,NA,NA,NA,1.37796119869886,1.09263660753607,1.06656931647172,1.28732409683222,1.02870614899996,1.3463078786266,0.725709839249645,0.915217367881379,0.937585569504349,0.776805159214178,0.972094898987566,0.74277215180537,0.887608362456659,0.888188548686813,0.939347861886091,0.831010006594351,0.850045739238454,0.765415136460151,0.377615115335871,0.328592085849946,0.275548901631311,0.359082917030238,0.272241761914061,0.376352860752718,0.509993247120788,0.559596462836867,0.66379896025478,0.471927089564113,0.577803977324393,0.389062275707434,NA,NA,NA,NA,NA,NA,NA,NA,NA,NA,NA,NA,NA,NA,NA,NA,NA,NA,NA,NA,NA,NA,NA,NA
2041,NA,NA,NA,NA,NA,NA,NA,NA,NA,NA,NA,NA,NA,NA,NA,NA,NA,NA,NA,NA,NA,NA,NA,NA,11.1273008510883,11.2940933062319,10.9138503708205,9.85566963308359,10.7464138357744,12.8252219809491,0.00093674138495814,-0.00256163397217612,-0.00525125714209729,0.00016596234990196,-0.002763298848107,0.00339813736841421,NA,NA,NA,NA,NA,NA,1.39010710481315,1.09644278935577,1.08181194747769,1.27222876453991,1.05082084238552,1.34171780185404,0.719369030298145,0.912040290389945,0.924375074920883,0.786022158806983,0.951637005723876,0.74531320864802,0.891272260596213,0.88557870512457,0.958687876820336,0.8297048848694,0.875456723519159,0.767746342648099,0.378849930016537,0.326080898375342,0.278666068514884,0.35747082148951,0.276674046091658,0.377185267179541,0.512422330579676,0.559497806749228,0.680021808305452,0.47223406337989,0.598782677427501,0.390561075468558,NA,NA,NA,NA,NA,NA,NA,NA,NA,NA,NA,NA,NA,NA,NA,NA,NA,NA,NA,NA,NA,NA,NA,NA
2042,NA,NA,NA,NA,NA,NA,NA,NA,NA,NA,NA,NA,NA,NA,NA,NA,NA,NA,NA,NA,NA,NA,NA,NA,11.1282016611102,11.291644047558,10.9084475072471,9.85560291575299,10.7434933798423,12.8285418892491,0.000900810021871479,-0.00244925867385781,-0.00540286357337827,-6.67173306005964e-05,-0.00292045593213253,0.00331990829996087,NA,NA,NA,NA,NA,NA,1.40168153686663,1.09981104888999,1.09504744811851,1.25696084857707,1.07434335127671,1.34045358514662,0.71342881653092,0.909247093861509,0.913202438595864,0.795569727674523,0.930801124995686,0.746016132957424,0.894134094194405,0.884656328571084,0.976135118904482,0.827689850550743,0.901272588677828,0.769999376257737,0.379615430768344,0.324514619181735,0.281642297744614,0.355503153660449,0.281311056858412,0.377709713484984,0.514518663426061,0.560141709389349,0.694492821159868,0.472186696890295,0.619961531819416,0.392289662772753,NA,NA,NA,NA,NA,NA,NA,NA,NA,NA,NA,NA,NA,NA,NA,NA,NA,NA,NA,NA,NA,NA,NA,NA
2043,NA,NA,NA,NA,NA,NA,NA,NA,NA,NA,NA,NA,NA,NA,NA,NA,NA,NA,NA,NA,NA,NA,NA,NA,11.1289642714421,11.2890583456938,10.9027172001752,9.85537152108816,10.7404736359707,12.8317454729454,0.000762610331893399,-0.00258570186416307,-0.00573030707191613,-0.000231394664828244,-0.00301974387162218,0.00320358369629758,NA,NA,NA,NA,NA,NA,1.40590119959456,1.10361756215937,1.10466169854473,1.23868047668288,1.09903207850905,1.34053541141198,0.711287535915316,0.906110988342167,0.905254523912066,0.807310697814454,0.909891548713124,0.745970596141662,0.898841941401101,0.886051010536784,0.992319978405807,0.82695776379679,0.926866556529825,0.772717135729347,0.381661195310763,0.324436981391114,0.284833838774852,0.354459757969454,0.286093707705145,0.378325249689885,0.517180746090337,0.561614029145669,0.707486139630955,0.472498005827336,0.64077284882468,0.394391886039462,NA,NA,NA,NA,NA,NA,NA,NA,NA,NA,NA,NA,NA,NA,NA,NA,NA,NA,NA,NA,NA,NA,NA,NA
2044,NA,NA,NA,NA,NA,NA,NA,NA,NA,NA,NA,NA,NA,NA,NA,NA,NA,NA,NA,NA,NA,NA,NA,NA,11.1295703568899,11.2862709198242,10.8968198408235,9.85496231826967,10.7372878000409,12.8347592899116,0.00060608544780294,-0.00278742586961656,-0.00589735935168179,-0.000409202818493881,-0.00318583592978072,0.00301381696626457,NA,NA,NA,NA,NA,NA,1.40830341218071,1.11039732786266,1.11111384821532,1.21883653533806,1.12272421056874,1.34028297604688,0.710074257685377,0.900578536085676,0.899997782951049,0.820454565486615,0.890690688404614,0.746111095844451,0.904603517005406,0.888322944585316,1.00687936302021,0.826682271988487,0.951352749644286,0.776149275097406,0.384603751178831,0.324893461543472,0.28809685430822,0.353598312209183,0.290883688894654,0.379241055992606,0.519999765826575,0.563429483041844,0.718782508711988,0.473083959779304,0.660469060749632,0.3969082191048,NA,NA,NA,NA,NA,NA,NA,NA,NA,NA,NA,NA,NA,NA,NA,NA,NA,NA,NA,NA,NA,NA,NA,NA
2045,NA,NA,NA,NA,NA,NA,NA,NA,NA,NA,NA,NA,NA,NA,NA,NA,NA,NA,NA,NA,NA,NA,NA,NA,11.1300672030703,11.2834090940589,10.8908045365103,9.85440100569969,10.7337837865874,12.8376275538291,0.000496846180437771,-0.00286182576528482,-0.00601530431320718,-0.000561312569978156,-0.00350401345352047,0.0028682639174491,NA,NA,NA,NA,NA,NA,1.41238605078243,1.12019686417445,1.11530236804717,1.19954541119758,1.14330878936492,1.33953430033722,0.708021719306857,0.892700231523117,0.896617839833822,0.83364913963669,0.874654344742227,0.746528102899832,0.911227901754227,0.892097614655306,1.01959043870007,0.82654814838973,0.975193436618208,0.780160854336793,0.387728802154469,0.325900383013175,0.291129893948541,0.352506375229434,0.295703931531338,0.380220860486502,0.523499099599758,0.566197231642132,0.728460544751529,0.474041773160296,0.67948950508687,0.399939993850291,NA,NA,NA,NA,NA,NA,NA,NA,NA,NA,NA,NA,NA,NA,NA,NA,NA,NA,NA,NA,NA,NA,NA,NA
2046,NA,NA,NA,NA,NA,NA,NA,NA,NA,NA,NA,NA,NA,NA,NA,NA,NA,NA,NA,NA,NA,NA,NA,NA,11.1304149599886,11.2805451041235,10.8845558051102,9.85380036240918,10.7300500674236,12.8403498152151,0.00034775691825395,-0.00286398993548787,-0.00624873140009718,-0.000600643290507463,-0.00373371916378318,0.00272226138598697,NA,NA,NA,NA,NA,NA,1.41292191229084,1.13377625407012,1.11821906051266,1.18295001787699,1.16009138507234,1.33783559108598,0.707753196621215,0.882008241405766,0.894279158094064,0.845344253677495,0.862001056871601,0.747476002778682,0.917904533808631,0.897017158531733,1.03136167300538,0.826523711093234,0.996952929620628,0.784341843016308,0.390818384744659,0.327426804199457,0.294065941472495,0.351312787428768,0.300350713123821,0.381162857155524,0.527086149063973,0.569590354332275,0.737295731532885,0.475210923664467,0.696602216496807,0.403178985860784,NA,NA,NA,NA,NA,NA,NA,NA,NA,NA,NA,NA,NA,NA,NA,NA,NA,NA,NA,NA,NA,NA,NA,NA
2047,NA,NA,NA,NA,NA,NA,NA,NA,NA,NA,NA,NA,NA,NA,NA,NA,NA,NA,NA,NA,NA,NA,NA,NA,11.1306261019443,11.2776369677083,10.8780255885273,9.85305036526849,10.7261187665137,12.8429609789892,0.000211141955661631,-0.00290813641511356,-0.006530216582874,-0.000749997140696124,-0.00393130090989935,0.00261116377417103,NA,NA,NA,NA,NA,NA,1.41001093179507,1.15006928415788,1.12025008759618,1.16916181976287,1.17230345540645,1.33590361916482,0.70921435958437,0.86951283177016,0.892657819064126,0.855313595685857,0.853021455654835,0.748556995919493,0.923352695759177,0.902167907515506,1.04205998522827,0.825937533111807,1.0154756160812,0.788469933674982,0.393549247699014,0.329324640730737,0.296829001484687,0.349914021526953,0.304623813660381,0.381998984016127,0.529803448060163,0.572843266784769,0.74523098374358,0.476023511584853,0.710851802420817,0.406470949658855,NA,NA,NA,NA,NA,NA,NA,NA,NA,NA,NA,NA,NA,NA,NA,NA,NA,NA,NA,NA,NA,NA,NA,NA
2048,NA,NA,NA,NA,NA,NA,NA,NA,NA,NA,NA,NA,NA,NA,NA,NA,NA,NA,NA,NA,NA,NA,NA,NA,11.1307171513539,11.2745551222362,10.871246478502,9.85212754539702,10.7219912727889,12.8454596612149,9.10494096526548e-05,-0.0030818454721242,-0.00677911002532028,-0.000922819871473024,-0.00412749372479304,0.002498682225621,NA,NA,NA,NA,NA,NA,1.40142312044506,1.16592389767444,1.118577479285,1.15614186049426,1.17880262766039,1.33203835567262,0.713560369749306,0.85768891262509,0.893992609827264,0.864945759833049,0.848318434770316,0.750729133092451,0.926832941652465,0.907337890764832,1.0507309535262,0.825030746615135,1.03166524350647,0.792357519960497,0.395726842861687,0.331538598823114,0.29924866608057,0.348384677594975,0.30859705857722,0.382681690782813,0.531106098790778,0.575799291941717,0.751482287445627,0.476646069020159,0.723068184929247,0.409675829177684,NA,NA,NA,NA,NA,NA,NA,NA,NA,NA,NA,NA,NA,NA,NA,NA,NA,NA,NA,NA,NA,NA,NA,NA
2049,NA,NA,NA,NA,NA,NA,NA,NA,NA,NA,NA,NA,NA,NA,NA,NA,NA,NA,NA,NA,NA,NA,NA,NA,11.130659782032,11.2713746216766,10.8642426295107,9.85111275247946,10.7175387157491,12.8478394384364,-5.73693218832716e-05,-0.00318050055964036,-0.00700384899133688,-0.00101479291755169,-0.00445255703975356,0.00237977722150617,NA,NA,NA,NA,NA,NA,1.387862106302,1.17930560393304,1.11232698450008,1.14520969506099,1.17787820289899,1.32547807067401,0.720532677892999,0.847956625208049,0.899016219092655,0.873202527286273,0.848984213765742,0.754444771380861,0.928865534151695,0.912281329879498,1.05759454943979,0.824488774197691,1.04538888813244,0.795862937482665,0.397386887942069,0.334002993511866,0.301355869757621,0.346888060262129,0.312156112991624,0.383151278728913,0.531478646209626,0.578278336367631,0.756238679682166,0.477600713935562,0.733232775140815,0.412711658753752,NA,NA,NA,NA,NA,NA,NA,NA,NA,NA,NA,NA,NA,NA,NA,NA,NA,NA,NA,NA,NA,NA,NA,NA
2050,NA,NA,NA,NA,NA,NA,NA,NA,NA,NA,NA,NA,NA,NA,NA,NA,NA,NA,NA,NA,NA,NA,NA,NA,11.1304882919625,11.268234080123,10.8569025419199,9.8500063400847,10.7128288960514,12.8501527610247,-0.000171490069570623,-0.00314054155362342,-0.00734008759071259,-0.00110641239476905,-0.00470981969777462,0.00231332258829653,NA,NA,NA,NA,NA,NA,1.37224106360125,1.19132881023269,1.10258442617508,1.13776649006789,1.17180053129879,1.31730755498258,0.728734933332811,0.839398822063811,0.906960026153329,0.878914969573707,0.853387563232821,0.759124166727506,0.931028769819128,0.917487857340059,1.06280963353446,0.824559321690535,1.05721924901074,0.799309930104758,0.398823255692369,0.336800576040249,0.303117654700689,0.345480621183461,0.315392230393975,0.383476045729763,0.532205514126758,0.58068728129981,0.759691978833771,0.479078700507073,0.74182701861676,0.415833884374995,NA,NA,NA,NA,NA,NA,NA,NA,NA,NA,NA,NA,NA,NA,NA,NA,NA,NA,NA,NA,NA,NA,NA,NA
2051,NA,NA,NA,NA,NA,NA,NA,NA,NA,NA,NA,NA,NA,NA,NA,NA,NA,NA,NA,NA,NA,NA,NA,NA,11.1302035754961,11.2650849065247,10.8493275526258,9.84873441135434,10.7080034520483,12.8524122361335,-0.000284716466316226,-0.00314917359821543,-0.00757498929414346,-0.00127192873035042,-0.00482544400310836,0.00225947510883096,NA,NA,NA,NA,NA,NA,1.35462124718245,1.20388366126845,1.09045919765451,1.13292807378031,1.16123186288159,1.30666015343831,0.738213727327809,0.830645046670349,0.917044857937755,0.8826685675316,0.861154461881975,0.765309937223251,0.933084886556756,0.923674119580442,1.06636895289166,0.825338733917439,1.06695193710352,0.802608124374448,0.399950255845806,0.340003538842531,0.304533646675426,0.344195316037177,0.318261155655227,0.383641705755197,0.533134630710949,0.583670580737911,0.761835306216229,0.481143417880261,0.748690781448288,0.418966418619251,NA,NA,NA,NA,NA,NA,NA,NA,NA,NA,NA,NA,NA,NA,NA,NA,NA,NA,NA,NA,NA,NA,NA,NA
2052,NA,NA,NA,NA,NA,NA,NA,NA,NA,NA,NA,NA,NA,NA,NA,NA,NA,NA,NA,NA,NA,NA,NA,NA,11.1298445094468,11.2619079825965,10.841580411374,9.84739946569182,10.7028117228482,12.8545983139422,-0.000359066049373524,-0.00317692392821911,-0.00774714125179266,-0.00133494566252068,-0.00519172920006916,0.00218607780868396,NA,NA,NA,NA,NA,NA,1.33639722596265,1.21615745625717,1.07632225554563,1.13055503327615,1.14658782290391,1.29374423723754,0.748280511641792,0.822261948775603,0.929089772925914,0.884521293140573,0.872152991706601,0.772950302862988,0.934481408708768,0.93110637247991,1.06815518684487,0.826734145313199,1.07471560711722,0.805701975532761,0.400618371594229,0.343609934313338,0.305579609417446,0.343055004364659,0.320655835135269,0.38361779763763,0.533863037114539,0.587496438166572,0.76257557742742,0.483679140948539,0.754059771981949,0.422084177895131,NA,NA,NA,NA,NA,NA,NA,NA,NA,NA,NA,NA,NA,NA,NA,NA,NA,NA,NA,NA,NA,NA,NA,NA
2053,NA,NA,NA,NA,NA,NA,NA,NA,NA,NA,NA,NA,NA,NA,NA,NA,NA,NA,NA,NA,NA,NA,NA,NA,11.1294214104323,11.2585474121519,10.8335307640647,9.846086750499,10.6971551229704,12.8567280319802,-0.000423099014428274,-0.0033605704446682,-0.00804964730926372,-0.00131271519281917,-0.00565659987781508,0.0021297180379829,NA,NA,NA,NA,NA,NA,1.31852649612444,1.22725432970062,1.06311253494391,1.12932822923695,1.12792751508371,1.28166933338022,0.758422377509526,0.814827029572541,0.940634191706486,0.885482160200378,0.886581794155259,0.780232446822025,0.935071921116159,0.939691532206848,1.07053883954327,0.828459015631547,1.08107093135703,0.80892169605711,0.400799892244438,0.34752199145491,0.306542030613335,0.342066137247873,0.322618251276137,0.383461474711355,0.534272028871721,0.592169540751938,0.763996808929932,0.486392878383674,0.758452680080893,0.425460221345756,NA,NA,NA,NA,NA,NA,NA,NA,NA,NA,NA,NA,NA,NA,NA,NA,NA,NA,NA,NA,NA,NA,NA,NA
2054,NA,NA,NA,NA,NA,NA,NA,NA,NA,NA,NA,NA,NA,NA,NA,NA,NA,NA,NA,NA,NA,NA,NA,NA,11.1288942191472,11.2549159229205,10.8251939730592,9.8447023956787,10.6912443266381,12.8587777593881,-0.000527191285151218,-0.0036314892313225,-0.00833679100551521,-0.00138435482030097,-0.00591079633232638,0.00204972740797871,NA,NA,NA,NA,NA,NA,1.30033504827199,1.23811001708342,1.05151380429693,1.12865742458042,1.108759016676,1.2725429950966,0.769032566897964,0.807682666485222,0.951009863982366,0.886008436414396,0.901909238129979,0.785828065419583,0.93455634802102,0.94843631682602,1.07352552124679,0.830754053420541,1.08583757869474,0.812449221011172,0.400412419911029,0.351462276390186,0.307404584617372,0.341277994069476,0.324134873697039,0.383221197334695,0.534143928109991,0.596974040435834,0.766120936629415,0.489476059351065,0.761702704997706,0.429228023676476,NA,NA,NA,NA,NA,NA,NA,NA,NA,NA,NA,NA,NA,NA,NA,NA,NA,NA,NA,NA,NA,NA,NA,NA
2055,NA,NA,NA,NA,NA,NA,NA,NA,NA,NA,NA,NA,NA,NA,NA,NA,NA,NA,NA,NA,NA,NA,NA,NA,11.1282570634271,11.2511750810395,10.8166231923378,9.84326450632742,10.685165907733,12.8607240236256,-0.000637155720097482,-0.00374084188101342,-0.00857078072144546,-0.00143788935128875,-0.00607841890508354,0.00194626423743394,NA,NA,NA,NA,NA,NA,1.28154405702346,1.2486194149899,1.04063512507483,1.13006214944395,1.09202324840373,1.26717478614136,0.780308717846673,0.800884551365147,0.960951611092399,0.884907082758283,0.91573142006066,0.78915711623735,0.932936277687447,0.956962658332146,1.07538530687819,0.834249276606849,1.08862257668917,0.816447658581386,0.399448027669752,0.355314084809617,0.307926652874345,0.340809065556687,0.32514250194219,0.382926884248622,0.533488250017695,0.60164857352253,0.767458654003841,0.493440211050162,0.763480074746985,0.433520774332764,NA,NA,NA,NA,NA,NA,NA,NA,NA,NA,NA,NA,NA,NA,NA,NA,NA,NA,NA,NA,NA,NA,NA,NA
2056,NA,NA,NA,NA,NA,NA,NA,NA,NA,NA,NA,NA,NA,NA,NA,NA,NA,NA,NA,NA,NA,NA,NA,NA,11.1275887619692,11.2474875075447,10.8077316744987,9.84170469772675,10.6786460210741,12.8626656411883,-0.000668301457851683,-0.00368757349486692,-0.00889151783910336,-0.00155980860066762,-0.00651988665890002,0.00194161756268763,NA,NA,NA,NA,NA,NA,1.26389931249794,1.25680223463816,1.03127009705668,1.13364770884336,1.07605810982935,1.26422768615534,0.791202265965022,0.795670132053754,0.969678072557392,0.882108253030638,0.929317841541655,0.790996757111938,0.930308385507992,0.963535849500577,1.07641352172444,0.838805024265335,1.08970576178237,0.820263301631157,0.397960896177276,0.35873004269686,0.308127266552453,0.340648182355413,0.325588456341347,0.382442318974937,0.532347489330716,0.604805806803717,0.768286255171985,0.498156841909921,0.764117305441021,0.437820982656221,NA,NA,NA,NA,NA,NA,NA,NA,NA,NA,NA,NA,NA,NA,NA,NA,NA,NA,NA,NA,NA,NA,NA,NA
2057,NA,NA,NA,NA,NA,NA,NA,NA,NA,NA,NA,NA,NA,NA,NA,NA,NA,NA,NA,NA,NA,NA,NA,NA,11.1269492437704,11.2438442325981,10.7986117249814,9.84005977429521,10.6717796932847,12.8646936638686,-0.000639518198838118,-0.00364327494655647,-0.00911994951725781,-0.00164492343154166,-0.00686632778941032,0.00202802268036706,NA,NA,NA,NA,NA,NA,1.24809843076941,1.26053626458291,1.0230945956822,1.13871864024967,1.06190451854397,1.26151558098273,0.801218858502636,0.79331315416846,0.977426724977668,0.878180056647483,0.941704251688415,0.792697304000788,0.926289259786332,0.966916314505281,1.07615381016945,0.843637451179428,1.08954025150686,0.823128617186732,0.395919204666687,0.361424727063691,0.307963043772282,0.340667382677162,0.325554424571297,0.381643413339393,0.530370055119645,0.605491587441591,0.768190766397169,0.502970068502266,0.763985826935568,0.441485203847339,NA,NA,NA,NA,NA,NA,NA,NA,NA,NA,NA,NA,NA,NA,NA,NA,NA,NA,NA,NA,NA,NA,NA,NA
2058,NA,NA,NA,NA,NA,NA,NA,NA,NA,NA,NA,NA,NA,NA,NA,NA,NA,NA,NA,NA,NA,NA,NA,NA,11.1263191491802,11.2401860134059,10.7893178501207,9.83845616329236,10.6648641882549,12.8668353269874,-0.000630094590176711,-0.00365821919215925,-0.00929387486072031,-0.00160361100284945,-0.00691550502974003,0.00214166311873143,NA,NA,NA,NA,NA,NA,1.2326577317191,1.2608623071357,1.01581004177125,1.14510532550564,1.05125251055331,1.25855183242351,0.811255204318051,0.793108013730457,0.984436025318586,0.873282114515044,0.951246241945872,0.79456401733917,0.920684035425017,0.968884422445854,1.07384715817489,0.848592786292758,1.08760981087615,0.824978160969832,0.393340795922812,0.36365490817994,0.307344504513157,0.340851526494393,0.325061033226142,0.380540145057773,0.527343239502205,0.605229514265915,0.766502653661733,0.507741259798365,0.762548777650012,0.44443801591206,NA,NA,NA,NA,NA,NA,NA,NA,NA,NA,NA,NA,NA,NA,NA,NA,NA,NA,NA,NA,NA,NA,NA,NA
2059,NA,NA,NA,NA,NA,NA,NA,NA,NA,NA,NA,NA,NA,NA,NA,NA,NA,NA,NA,NA,NA,NA,NA,NA,11.1256875084538,11.2366630855743,10.7798357259894,9.83690932594634,10.6577560903426,12.8690004287662,-0.000631640726451721,-0.00352292783166241,-0.00948212413131522,-0.00154683734602123,-0.00710809791235611,0.00216510177881268,NA,NA,NA,NA,NA,NA,1.21786631796063,1.2574755162278,1.00870762750448,1.15130822923737,1.04100379004238,1.25450723523681,0.821108183428984,0.795244111789801,0.991367540735241,0.86857713217459,0.960611296102283,0.797125733444841,0.913912982820397,0.969439765112902,1.06920392519745,0.853882264997011,1.08311929909873,0.825893368126328,0.390369148556758,0.365396820064512,0.306245313792755,0.341225580031907,0.323969308012504,0.379155288179952,0.523543834263639,0.60404294504839,0.762958611404691,0.512656684965104,0.759149991086228,0.446738079946376,NA,NA,NA,NA,NA,NA,NA,NA,NA,NA,NA,NA,NA,NA,NA,NA,NA,NA,NA,NA,NA,NA,NA,NA
2060,NA,NA,NA,NA,NA,NA,NA,NA,NA,NA,NA,NA,NA,NA,NA,NA,NA,NA,NA,NA,NA,NA,NA,NA,11.1250590057105,11.2332724663976,10.7702615058205,9.83538803189246,10.6504322916948,12.8711248178167,-0.000628502743289516,-0.00339061917669348,-0.00957422016886333,-0.00152129405387669,-0.00732379864771282,0.002124389050568,NA,NA,NA,NA,NA,NA,1.20721047184847,1.24972386316126,1.00240659299149,1.15661023096308,1.02937180423995,1.24921326714391,0.828355968838478,0.800176766626217,0.997599184793555,0.864595499183271,0.971466282523993,0.800503826129156,0.907451863405112,0.968687728337431,1.06355623752247,0.859184835911577,1.0764890371574,0.826105333380459,0.387344751381526,0.366643922677624,0.304934260340362,0.341725463956591,0.322367219377622,0.377574371859043,0.520107112023586,0.602043805659807,0.758621977182104,0.517459371954986,0.754121817779775,0.448530961521416,NA,NA,NA,NA,NA,NA,NA,NA,NA,NA,NA,NA,NA,NA,NA,NA,NA,NA,NA,NA,NA,NA,NA,NA
2061,NA,NA,NA,NA,NA,NA,NA,NA,NA,NA,NA,NA,NA,NA,NA,NA,NA,NA,NA,NA,NA,NA,NA,NA,11.1244731771453,11.230051382256,10.7606037513318,9.83389031095436,10.6428681195886,12.8733000254061,-0.000585828565141,-0.0032210841416056,-0.00965775448872641,-0.00149772093810085,-0.00756417210627447,0.00217520758936729,NA,NA,NA,NA,NA,NA,1.19541382099051,1.239421677177,0.99738432372348,1.16146562640821,1.01845784899851,1.2440404193776,0.836530398461852,0.806827908866072,1.00262253598167,0.860981140778539,0.981876668713718,0.803832403211066,0.901452849733814,0.967773981014641,1.057555510523,0.864484763538933,1.06854040215136,0.825854722840812,0.384354755300018,0.367588962684489,0.303532132893922,0.342341357313643,0.320411384865688,0.375902158769844,0.517098094433796,0.600185018330153,0.75402337762908,0.522143406225291,0.74812901728567,0.449952564070968,NA,NA,NA,NA,NA,NA,NA,NA,NA,NA,NA,NA,NA,NA,NA,NA,NA,NA,NA,NA,NA,NA,NA,NA
2062,NA,NA,NA,NA,NA,NA,NA,NA,NA,NA,NA,NA,NA,NA,NA,NA,NA,NA,NA,NA,NA,NA,NA,NA,11.1239134985361,11.2269883625057,10.7508721913008,9.83250932761007,10.6350431572974,12.8755609528508,-0.000559678609240777,-0.00306301975025747,-0.0097315600309571,-0.00138098334428527,-0.007824962291199,0.00226092744469852,NA,NA,NA,NA,NA,NA,1.18698639059956,1.2284469309515,0.993691756969709,1.16643578197264,1.01017873864259,1.24022534756752,0.842469642381397,0.814035978929467,1.00634828958381,0.857312520290516,0.989923824118224,0.806305081541286,0.896246553235564,0.967194935224288,1.05145461041741,0.870397308905591,1.0600841187426,0.825387464895267,0.381515367915689,0.368289375626867,0.302087174669272,0.343181603693076,0.318268927014454,0.374232343243635,0.514731185319875,0.598905559597421,0.749367435748138,0.527215705212514,0.741815191728147,0.451155121651632,NA,NA,NA,NA,NA,NA,NA,NA,NA,NA,NA,NA,NA,NA,NA,NA,NA,NA,NA,NA,NA,NA,NA,NA
2063,NA,NA,NA,NA,NA,NA,NA,NA,NA,NA,NA,NA,NA,NA,NA,NA,NA,NA,NA,NA,NA,NA,NA,NA,11.1234271662177,11.2240368649567,10.7412244270156,9.83123425556246,10.6271710064861,12.8778573099747,-0.000486332318361704,-0.00295149754901125,-0.00964776428525305,-0.00127507204761557,-0.00787215081124693,0.00229635712391385,NA,NA,NA,NA,NA,NA,1.18821883754498,1.21701126101329,0.992915848028904,1.1728689888059,1.00620997388133,1.23837285192573,0.841595814173535,0.821685083807189,1.00713469523642,0.85261014618359,0.99382835189222,0.807511242228018,0.893077904231078,0.965687184062365,1.04560414810195,0.87750384955351,1.05093348393298,0.825112698124685,0.379124489884377,0.368488846438266,0.300698048392885,0.344324580769634,0.316020382673435,0.372674605662463,0.513953414346701,0.597198337624098,0.744906099709067,0.533179268783876,0.73491310125955,0.452438092462223,NA,NA,NA,NA,NA,NA,NA,NA,NA,NA,NA,NA,NA,NA,NA,NA,NA,NA,NA,NA,NA,NA,NA,NA
2064,NA,NA,NA,NA,NA,NA,NA,NA,NA,NA,NA,NA,NA,NA,NA,NA,NA,NA,NA,NA,NA,NA,NA,NA,11.123043019088,11.2212584966902,10.7317017257706,9.83000136011424,10.6192302703114,12.8801497118407,-0.000384147129780743,-0.00277836826651523,-0.00952270124498256,-0.00123289544821503,-0.00794073617477409,0.00229240186600776,NA,NA,NA,NA,NA,NA,1.19008783653212,1.20511886691506,0.995542260490983,1.18002938043347,1.00567851997949,1.23822178394676,0.840274111963007,0.829793663889655,1.0044776999289,0.847436527074148,0.994353543536351,0.807609761809036,0.890177554626079,0.962694261842635,1.04021010120275,0.885875962848923,1.04179057075963,0.825362237812504,0.376879611386357,0.368102941169902,0.299435655754689,0.345735698703201,0.313804760751735,0.371319559257538,0.513297943239722,0.594591320672733,0.74077444544806,0.540140264145722,0.727985810007891,0.454042678554966,NA,NA,NA,NA,NA,NA,NA,NA,NA,NA,NA,NA,NA,NA,NA,NA,NA,NA,NA,NA,NA,NA,NA,NA
2065,NA,NA,NA,NA,NA,NA,NA,NA,NA,NA,NA,NA,NA,NA,NA,NA,NA,NA,NA,NA,NA,NA,NA,NA,11.1227203954425,11.218594900192,10.7222245827919,9.82883291560382,10.6112862731554,12.8824617125052,-0.000322623645466535,-0.00266359649821091,-0.00947714297867464,-0.00116844451041764,-0.00794399715595517,0.00231200066445325,NA,NA,NA,NA,NA,NA,1.19322872483895,1.19420722159101,1.00041242544906,1.18744664646063,1.00937770797132,1.240896128859,0.838062291984274,0.837375609458905,0.999587744575568,0.842143100054773,0.990709416408488,0.80586922365492,0.88768660329695,0.959081261753436,1.03556587596004,0.895234548725308,1.03389701756744,0.826443648735477,0.374848187709519,0.367293350507163,0.298373288545453,0.347356115559682,0.311869262571343,0.370240779279436,0.51283841558743,0.591787911246274,0.737192587414587,0.547878433165626,0.722027754996098,0.456202869456042,NA,NA,NA,NA,NA,NA,NA,NA,NA,NA,NA,NA,NA,NA,NA,NA,NA,NA,NA,NA,NA,NA,NA,NA
2066,NA,NA,NA,NA,NA,NA,NA,NA,NA,NA,NA,NA,NA,NA,NA,NA,NA,NA,NA,NA,NA,NA,NA,NA,11.1225060924793,11.2159832090588,10.7128901358486,9.82776498916971,10.6034080051116,12.884852989304,-0.00021430296318492,-0.00261169113320747,-0.00933444694334362,-0.00106792643411779,-0.00787826804384828,0.00239127679880546,NA,NA,NA,NA,NA,NA,1.19594282238629,1.18141950819045,1.00568897927983,1.19119876315604,1.01601013424218,1.24515101824262,0.836160375965699,0.846439383358137,0.994343202126066,0.839490461986826,0.984242151035114,0.80311543366955,0.886813795690672,0.954460376839797,1.03161348072147,0.904555965939702,1.02685004983346,0.828255545853071,0.373321981145439,0.366001017541913,0.297555852087022,0.349010197196333,0.310218926487207,0.36945411418188,0.513491814545233,0.588459359297884,0.734057628634452,0.555545768743369,0.716631123346252,0.458801431671191,NA,NA,NA,NA,NA,NA,NA,NA,NA,NA,NA,NA,NA,NA,NA,NA,NA,NA,NA,NA,NA,NA,NA,NA
2067,NA,NA,NA,NA,NA,NA,NA,NA,NA,NA,NA,NA,NA,NA,NA,NA,NA,NA,NA,NA,NA,NA,NA,NA,11.1223842125771,11.2134118281212,10.7037903752997,9.82686093047571,10.5955498698447,12.8873173366647,-0.000121879902181377,-0.00257138093754428,-0.00909976054889938,-0.000904058693999232,-0.00785813526687207,0.00246434736072665,NA,NA,NA,NA,NA,NA,1.19712359378739,1.1699825650598,1.01109567297062,1.19271252237173,1.02284976202448,1.24802480564759,0.835335637180332,0.854713591350726,0.98902608994654,0.838425002876203,0.977660685984562,0.801266125059998,0.886954043729204,0.948777116279329,1.02822668610697,0.912988645810206,1.02054459383374,0.830551061747907,0.372201994415965,0.3642590248771,0.29700090136222,0.350522478610855,0.308866549772649,0.368948039336705,0.514752049313239,0.584518091402229,0.731225784744753,0.562466167199352,0.711678044061095,0.461603022411202,NA,NA,NA,NA,NA,NA,NA,NA,NA,NA,NA,NA,NA,NA,NA,NA,NA,NA,NA,NA,NA,NA,NA,NA
2068,NA,NA,NA,NA,NA,NA,NA,NA,NA,NA,NA,NA,NA,NA,NA,NA,NA,NA,NA,NA,NA,NA,NA,NA,11.1223136977978,11.2110139863338,10.6948082188156,9.82603598911361,10.5876976788297,12.8897962773504,-7.05147793098604e-05,-0.00239784178742752,-0.00898215648403777,-0.000824941362095544,-0.0078521910149334,0.00247894068566445,NA,NA,NA,NA,NA,NA,1.20321716569433,1.16399402411395,1.01897704194168,1.19768806368347,1.03110564290736,1.25160091575423,0.831105164147938,0.8591109398188,0.981376379289643,0.834941943835121,0.969832729438228,0.798976724459642,0.888481925285736,0.943008205977862,1.02657407944071,0.921324406809377,1.01632999464589,0.833729250881963,0.371557769678695,0.362323833599508,0.296845599664991,0.351974501142424,0.308073119884583,0.36878888746288,0.51692415560704,0.580684372378354,0.729728479775715,0.569349905666953,0.708256874761304,0.464940363419083,NA,NA,NA,NA,NA,NA,NA,NA,NA,NA,NA,NA,NA,NA,NA,NA,NA,NA,NA,NA,NA,NA,NA,NA
2069,NA,NA,NA,NA,NA,NA,NA,NA,NA,NA,NA,NA,NA,NA,NA,NA,NA,NA,NA,NA,NA,NA,NA,NA,11.1223702843996,11.2087525360504,10.6858972878243,9.82520193153129,10.5799214663077,12.8922893784212,5.6586601763442e-05,-0.00226145028337754,-0.0089109309913713,-0.000834057582322245,-0.00777621252204419,0.00249310107080447,NA,NA,NA,NA,NA,NA,1.2137090981515,1.16061184198689,1.02932653533328,1.20289002728002,1.04157653405993,1.25705767970856,0.823920659013774,0.861614506955286,0.971509006785889,0.831331191814106,0.960083073398486,0.79550844495206,0.891585210034722,0.938031652353454,1.02744688190399,0.929443715481105,1.01489537233322,0.83793959813848,0.371461529834546,0.360418680542386,0.297198674109944,0.353325545591414,0.307972594838307,0.368999277593964,0.520123680200176,0.577612971811069,0.730248207794043,0.576118169889691,0.706922777494908,0.468940320544516,NA,NA,NA,NA,NA,NA,NA,NA,NA,NA,NA,NA,NA,NA,NA,NA,NA,NA,NA,NA,NA,NA,NA,NA
2070,NA,NA,NA,NA,NA,NA,NA,NA,NA,NA,NA,NA,NA,NA,NA,NA,NA,NA,NA,NA,NA,NA,NA,NA,11.1225298150712,11.2066155668725,10.6771388304669,9.82436068368749,10.5722336586293,12.8947550939904,0.000159530671625774,-0.00213696917792738,-0.0087584573574162,-0.000841247843798243,-0.0076878076783693,0.00246571556922959,NA,NA,NA,NA,NA,NA,1.22558401651101,1.15894907078626,1.04046631235579,1.20569900339453,1.05388667011494,1.26318449943344,0.815937533884295,0.862850685338207,0.961107522775851,0.829394398755075,0.948868629196097,0.791649992893766,0.896345209004412,0.933822625252226,1.03037776057176,0.936732614890056,1.01570098668001,0.843058480213493,0.371933222126728,0.358601479418403,0.298028401795166,0.354472683313375,0.308458501673022,0.369536397291375,0.524411986877684,0.575221145833823,0.732349358776593,0.582259931576681,0.707242485006986,0.473522082922118,NA,NA,NA,NA,NA,NA,NA,NA,NA,NA,NA,NA,NA,NA,NA,NA,NA,NA,NA,NA,NA,NA,NA,NA
2071,NA,NA,NA,NA,NA,NA,NA,NA,NA,NA,NA,NA,NA,NA,NA,NA,NA,NA,NA,NA,NA,NA,NA,NA,11.1228177880146,11.204490894638,10.668629806794,9.8235217606545,10.5646543950519,12.8972000865387,0.000287972943391779,-0.00212467223448698,-0.0085090236728611,-0.000838923032993932,-0.00757926357747607,0.00244499254828057,NA,NA,NA,NA,NA,NA,1.23881253374381,1.1583186969665,1.05256663446856,1.20712487375329,1.06808470237399,1.27049741286862,0.807224638725525,0.863320261184491,0.950058616008575,0.82841470815751,0.936255334223344,0.787093298948265,0.902664290519038,0.930030865160077,1.03504118631354,0.943322441524946,1.01876500289884,0.849234471677937,0.372933501686104,0.356832563081494,0.299280497033672,0.35542955806077,0.309542898871929,0.370406571462045,0.529730788832934,0.573198302078583,0.735760689279865,0.587892883464176,0.709222104026908,0.478827900215891,NA,NA,NA,NA,NA,NA,NA,NA,NA,NA,NA,NA,NA,NA,NA,NA,NA,NA,NA,NA,NA,NA,NA,NA
2072,NA,NA,NA,NA,NA,NA,NA,NA,NA,NA,NA,NA,NA,NA,NA,NA,NA,NA,NA,NA,NA,NA,NA,NA,11.123203483465,11.2023377157402,10.6603487542707,9.82264825266726,10.5572069094969,12.8995992628449,0.000385695450361823,-0.00215317889781197,-0.00828105252329969,-0.000873507987238398,-0.00744748555495356,0.00239917630618613,NA,NA,NA,NA,NA,NA,1.25235573261617,1.1594041027548,1.06546138480174,1.20732606687311,1.08380506319423,1.27887606836848,0.798495167112783,0.86251204185318,0.938560528109691,0.828276658177298,0.922675150688777,0.781936596308152,0.909885565377425,0.927201335140148,1.04141036708298,0.94915304293019,1.02392832033139,0.856345182377078,0.374298240678895,0.355260519068912,0.300923977382468,0.356171407997282,0.311194009897327,0.371574089002534,0.53558732469853,0.571940816071236,0.740486389700507,0.592981634932908,0.712734310434068,0.484771093374544,NA,NA,NA,NA,NA,NA,NA,NA,NA,NA,NA,NA,NA,NA,NA,NA,NA,NA,NA,NA,NA,NA,NA,NA
2073,NA,NA,NA,NA,NA,NA,NA,NA,NA,NA,NA,NA,NA,NA,NA,NA,NA,NA,NA,NA,NA,NA,NA,NA,11.1236142695111,11.2001942732204,10.6522785950255,9.82169576611579,10.5499009755724,12.9019175153023,0.000410786046105116,-0.00214344251975263,-0.00807015924516463,-0.000952486551469178,-0.00730593392451162,0.00231825245739614,NA,NA,NA,NA,NA,NA,1.26547438401439,1.16253097781711,1.07860933006949,1.20684494344154,1.10143405136832,1.28700792708666,0.790217496799707,0.860192131720827,0.927119738465059,0.828606860752401,0.907907285740525,0.776995991208583,0.917597808687349,0.925495169134742,1.04919525941164,0.954552172286914,1.03152132556384,0.863573604313092,0.375903935714492,0.353982504142585,0.302933949733645,0.356752980557275,0.313430988683722,0.37284694761843,0.541693872972858,0.571512664992157,0.746261309677992,0.597799191729639,0.718090336880119,0.490726656694663,NA,NA,NA,NA,NA,NA,NA,NA,NA,NA,NA,NA,NA,NA,NA,NA,NA,NA,NA,NA,NA,NA,NA,NA
2074,NA,NA,NA,NA,NA,NA,NA,NA,NA,NA,NA,NA,NA,NA,NA,NA,NA,NA,NA,NA,NA,NA,NA,NA,11.12409008082,11.1980111583173,10.6444279838457,9.82070994593354,10.5428068741486,12.9041908202006,0.000475811308929153,-0.00218311490310619,-0.00785061117978891,-0.000985820182245689,-0.00709410142381905,0.00227330489828503,NA,NA,NA,NA,NA,NA,1.27814956853488,1.16621599265719,1.09168403202849,1.20619539839177,1.11947207870734,1.29379987122397,0.782381048836315,0.857474092531975,0.916015963100484,0.829053071611208,0.893278196946815,0.772917065646305,0.925821632111236,0.924013579183576,1.05799038337573,0.959699380555427,1.04017132380036,0.870200877552782,0.377751141919648,0.352865251626864,0.305228632037981,0.357233757834597,0.316048781138956,0.374064934681572,0.548070490191588,0.571148327556712,0.752761751337747,0.60246562272083,0.724122542661401,0.49613594287121,NA,NA,NA,NA,NA,NA,NA,NA,NA,NA,NA,NA,NA,NA,NA,NA,NA,NA,NA,NA,NA,NA,NA,NA
2075,NA,NA,NA,NA,NA,NA,NA,NA,NA,NA,NA,NA,NA,NA,NA,NA,NA,NA,NA,NA,NA,NA,NA,NA,11.1246457533722,11.195999453169,10.6368577442616,9.81964591932387,10.5359453677776,12.9064688954828,0.000555672552231101,-0.0020117051482913,-0.0075702395841315,-0.00106402660967042,-0.00686150637099914,0.0022780752822289,NA,NA,NA,NA,NA,NA,1.29042330569269,1.17088285460266,1.10427894462825,1.20486238421928,1.13610269025558,1.29886586614789,0.77493950674055,0.854056403737632,0.90556829401166,0.829970304573811,0.880202123080126,0.769902440323378,0.934621169404139,0.922685189945121,1.06718195986486,0.964290549075843,1.04840244904225,0.875917243183752,0.379845254007192,0.351961318158354,0.307693258529318,0.357564874243847,0.318782646317166,0.375167829889541,0.554775915396948,0.570723871786768,0.759488701335546,0.606725674831996,0.72961980272508,0.500749413294211,NA,NA,NA,NA,NA,NA,NA,NA,NA,NA,NA,NA,NA,NA,NA,NA,NA,NA,NA,NA,NA,NA,NA,NA
2076,NA,NA,NA,NA,NA,NA,NA,NA,NA,NA,NA,NA,NA,NA,NA,NA,NA,NA,NA,NA,NA,NA,NA,NA,11.1252600384245,11.1939754663563,10.6296326632955,9.81837107000857,10.5293694844804,12.9087268062026,0.000614285052302321,-0.00202398681269855,-0.00722508096613161,-0.0012748493153083,-0.00657588329718806,0.00225791071982506,NA,NA,NA,NA,NA,NA,1.30134772893237,1.17603902620409,1.11592056165359,1.20228173433896,1.15183345519859,1.30245456662012,0.768434122385108,0.850311917987712,0.896121134750112,0.831751802791733,0.868181068614291,0.767781100107784,0.943412435168038,0.921620588819167,1.07613619317829,0.96804305669352,1.05677368076293,0.880834551325622,0.382023529705546,0.351268861475351,0.310223346941416,0.357686547022597,0.321692821479034,0.376145898920041,0.561388905462492,0.570351727343816,0.765912846236873,0.610356509670924,0.7350808592839,0.504688652405581,NA,NA,NA,NA,NA,NA,NA,NA,NA,NA,NA,NA,NA,NA,NA,NA,NA,NA,NA,NA,NA,NA,NA,NA
2077,NA,NA,NA,NA,NA,NA,NA,NA,NA,NA,NA,NA,NA,NA,NA,NA,NA,NA,NA,NA,NA,NA,NA,NA,11.1258696315402,11.1917964547316,10.6226321769506,9.81688249298839,10.5230796042502,12.9108604651908,0.00060959311570663,-0.0021790116247562,-0.00700048634490535,-0.00148857702017935,-0.00628988023021471,0.00213365898819262,NA,NA,NA,NA,NA,NA,1.30990726058073,1.18137161020398,1.12627544829486,1.19836812836713,1.16611671137085,1.3049159358143,0.763412823253353,0.846473701723146,0.887882268510749,0.83446812071227,0.857547096486109,0.766332889770387,0.951657633747847,0.921023728956308,1.08483999785694,0.970696332007522,1.0650937973109,0.885361453608886,0.38411866839085,0.350803490330585,0.312739307481342,0.357552897342392,0.324702621168,0.37705080687916,0.567538965356996,0.570220238625723,0.772100690375597,0.61314343466513,0.740391176142901,0.508310646729725,NA,NA,NA,NA,NA,NA,NA,NA,NA,NA,NA,NA,NA,NA,NA,NA,NA,NA,NA,NA,NA,NA,NA,NA
2078,NA,NA,NA,NA,NA,NA,NA,NA,NA,NA,NA,NA,NA,NA,NA,NA,NA,NA,NA,NA,NA,NA,NA,NA,11.1264568357785,11.1897280428192,10.6157566385576,9.81531033257925,10.5171045294866,12.9129222723125,0.000587204238287953,-0.00206841191238105,-0.0068755383929453,-0.00157216040913966,-0.00597507476361336,0.0020618071217271,NA,NA,NA,NA,NA,NA,1.31644504636307,1.18784192864385,1.13468955673536,1.19377632734225,1.17784072672991,1.30639154632681,0.759621529787884,0.841862857242031,0.881298319936181,0.837677860664515,0.8490112264808,0.76546729256761,0.959568776764098,0.92126193962293,1.09296527089914,0.972273531234497,1.07242537212224,0.889610239893665,0.386123929800206,0.350695794633469,0.315149326961458,0.357193855010102,0.327619176434021,0.377904332127071,0.573444846963892,0.570566144989461,0.777815943937684,0.615079676224396,0.744806195688215,0.511705907766595,NA,NA,NA,NA,NA,NA,NA,NA,NA,NA,NA,NA,NA,NA,NA,NA,NA,NA,NA,NA,NA,NA,NA,NA
2079,NA,NA,NA,NA,NA,NA,NA,NA,NA,NA,NA,NA,NA,NA,NA,NA,NA,NA,NA,NA,NA,NA,NA,NA,11.1270395915609,11.187807014492,10.6089499757357,9.81368168367959,10.5113311016241,12.9148961319665,0.000582755782392752,-0.00192102832723151,-0.00680666282194764,-0.00162864889965775,-0.00577342786246682,0.00197385965400443,NA,NA,NA,NA,NA,NA,1.32087369019448,1.1956665892227,1.14099024918479,1.18974840168552,1.18764028430416,1.3072789793647,0.757074660070458,0.836353552916536,0.87643167916157,0.840513841904137,0.842005793518452,0.764947662882156,0.967070195667245,0.922644270220649,1.10051271754407,0.973571054175698,1.07967787116868,0.89376974557496,0.388004568036651,0.350996486373834,0.317440013619007,0.356764131823414,0.330520536679812,0.378713293555384,0.579065627630595,0.571647783846815,0.783072703925063,0.616806922352284,0.749157334488869,0.515056452019576,NA,NA,NA,NA,NA,NA,NA,NA,NA,NA,NA,NA,NA,NA,NA,NA,NA,NA,NA,NA,NA,NA,NA,NA
2080,NA,NA,NA,NA,NA,NA,NA,NA,NA,NA,NA,NA,NA,NA,NA,NA,NA,NA,NA,NA,NA,NA,NA,NA,11.1276296375209,11.1859828657726,10.6022655875375,9.81199432887754,10.5057395055317,12.9167645533062,0.000590045960001007,-0.00182414871936309,-0.00668438819821482,-0.00168735480204951,-0.00559159609239046,0.00186842133961207,NA,NA,NA,NA,NA,NA,1.32216766827939,1.20492650456832,1.14571670661523,1.18638864925178,1.19671025617522,1.30765276035487,0.756333726796809,0.829926137576551,0.872816110846708,0.842894106101459,0.835624157844258,0.764729009350021,0.973408466717786,0.925475006150905,1.10769816643655,0.974642275381311,1.08784172123348,0.89784152410972,0.389592154329881,0.351738939574994,0.319623723360496,0.356281559481996,0.333510137622389,0.379442112849257,0.583816312387905,0.573736066575911,0.78807444307605,0.618360715899315,0.754331583611094,0.518399411260463,NA,NA,NA,NA,NA,NA,NA,NA,NA,NA,NA,NA,NA,NA,NA,NA,NA,NA,NA,NA,NA,NA,NA,NA
2081,NA,NA,NA,NA,NA,NA,NA,NA,NA,NA,NA,NA,NA,NA,NA,NA,NA,NA,NA,NA,NA,NA,NA,NA,11.128245082624,11.1842991960874,10.5957150978612,9.8102144115587,10.500342049543,12.9186946656011,0.000615445103065326,-0.00168366968521738,-0.00655048967627891,-0.00177991731883509,-0.00539745598872798,0.00193011229496598,NA,NA,NA,NA,NA,NA,1.32369978543797,1.21549439228349,1.14877446382792,1.18343470656211,1.20392491017345,1.30719279524172,0.755458307843672,0.822710500639454,0.870492887409613,0.844998033651563,0.830616587089247,0.7649980964094,0.980570514795222,0.929698367502171,1.11435125523502,0.975299878661297,1.0958462462206,0.901397506566261,0.391223561296404,0.352906399813236,0.321656631673262,0.355728237949844,0.336359108819311,0.380015342315645,0.589346953498818,0.576791967688935,0.792694623561762,0.619571640711453,0.759487137401293,0.521382164250615,NA,NA,NA,NA,NA,NA,NA,NA,NA,NA,NA,NA,NA,NA,NA,NA,NA,NA,NA,NA,NA,NA,NA,NA
2082,NA,NA,NA,NA,NA,NA,NA,NA,NA,NA,NA,NA,NA,NA,NA,NA,NA,NA,NA,NA,NA,NA,NA,NA,11.1288564125061,11.182773221056,10.5892300106807,9.80830083011063,10.4951403039302,12.9206286639647,0.000611329882163503,-0.00152597503136498,-0.00648508718050067,-0.0019135814480773,-0.00520174561280129,0.00193399836352803,NA,NA,NA,NA,NA,NA,1.32274270180778,1.22675641275007,1.14992874540709,1.18105970847655,1.20801337328619,1.30536130963059,0.756004927211704,0.815157752269876,0.869619099439061,0.846697243858995,0.827805405232954,0.766071426065932,0.986764986220531,0.934908084271809,1.1204165575103,0.97581310637349,1.10265117581391,0.904174903363112,0.39251756253268,0.354396296722,0.323518049978987,0.35514601424495,0.338853807804335,0.380371011684754,0.594247423687851,0.580511787549809,0.796898507531315,0.62066709212854,0.763797368009571,0.523803891678358,NA,NA,NA,NA,NA,NA,NA,NA,NA,NA,NA,NA,NA,NA,NA,NA,NA,NA,NA,NA,NA,NA,NA,NA
2083,NA,NA,NA,NA,NA,NA,NA,NA,NA,NA,NA,NA,NA,NA,NA,NA,NA,NA,NA,NA,NA,NA,NA,NA,11.1295151006508,11.181295615047,10.5828478543458,9.80630668658904,10.490078794872,12.9224520044727,0.000658688144641317,-0.00147760600903624,-0.00638215633493111,-0.00199414352158911,-0.00506150905818181,0.00182334050808031,NA,NA,NA,NA,NA,NA,1.31661162199567,1.23726970691841,1.1485730391907,1.17898015548112,1.20760738086953,1.3018998763262,0.759525423666119,0.808231216208015,0.870645545279921,0.848190697146994,0.828083709856057,0.768108222593799,0.98994124163196,0.940428403467355,1.12503021392577,0.975980160755069,1.10724436132361,0.906152596125084,0.393074637793572,0.356051590068092,0.325074451826136,0.354532646510392,0.340808757868581,0.380483755078207,0.596866603838388,0.584376813399264,0.799955762099635,0.621447514244677,0.766435603455033,0.525668841046877,NA,NA,NA,NA,NA,NA,NA,NA,NA,NA,NA,NA,NA,NA,NA,NA,NA,NA,NA,NA,NA,NA,NA,NA
2084,NA,NA,NA,NA,NA,NA,NA,NA,NA,NA,NA,NA,NA,NA,NA,NA,NA,NA,NA,NA,NA,NA,NA,NA,11.1301843378462,11.1798690517759,10.5765140122135,9.80427606501767,10.4851087359699,12.924240839629,0.00066923719544576,-0.00142656327105151,-0.00633384213226407,-0.00203062157136991,-0.00497005890205848,0.00178883515631156,NA,NA,NA,NA,NA,NA,1.30959786189674,1.24647452025918,1.14439946749276,1.17764342671561,1.20360812398465,1.29730740976774,0.763593183140709,0.802262688684618,0.873820749140055,0.849153468116364,0.830835202980695,0.770827324711753,0.992720511238329,0.946023508030496,1.12780301155511,0.97617070313003,1.11024907753675,0.90749151618233,0.393392869070564,0.357803773277121,0.326212028444983,0.353999189935826,0.342301493791663,0.380386008768222,0.599327642167765,0.588219734753375,0.80159098311013,0.622171513194204,0.767947583745089,0.527105507414108,NA,NA,NA,NA,NA,NA,NA,NA,NA,NA,NA,NA,NA,NA,NA,NA,NA,NA,NA,NA,NA,NA,NA,NA
2085,NA,NA,NA,NA,NA,NA,NA,NA,NA,NA,NA,NA,NA,NA,NA,NA,NA,NA,NA,NA,NA,NA,NA,NA,11.1307517955837,11.1785180491386,10.5701728221576,9.80224947239696,10.4802455552559,12.9259347448792,0.00056745773749256,-0.00135100263735666,-0.00634119005591316,-0.00202659262070526,-0.0048631807140449,0.00169390525014812,NA,NA,NA,NA,NA,NA,1.30120332754955,1.25413179054254,1.13832481220987,1.17722083453317,1.19641718718451,1.29128536863765,0.768519399564726,0.797364365963006,0.878483881993806,0.849458292501724,0.835828848591907,0.774422156626022,0.994806965313824,0.951453138659898,1.12925969463766,0.976457395302808,1.11167092280788,0.908049304120348,0.393393611764738,0.359567076730262,0.326979882763761,0.353559472160484,0.343331815443405,0.38003611880854,0.601413353549086,0.591886061929637,0.802279811873898,0.622897923142324,0.768339107364478,0.528013185311808,NA,NA,NA,NA,NA,NA,NA,NA,NA,NA,NA,NA,NA,NA,NA,NA,NA,NA,NA,NA,NA,NA,NA,NA
2086,NA,NA,NA,NA,NA,NA,NA,NA,NA,NA,NA,NA,NA,NA,NA,NA,NA,NA,NA,NA,NA,NA,NA,NA,11.1313202203741,11.1771513685924,10.563933193876,9.80013917783092,10.4755096628081,12.9276131107877,0.00056842479039787,-0.00136668054619449,-0.00623962828160884,-0.00211029456604628,-0.00473589244782424,0.00167836590846804,NA,NA,NA,NA,NA,NA,1.29385847738825,1.26128242084209,1.13211916487465,1.17900185155623,1.18693076135731,1.28484509062786,0.772882055863307,0.792843841692771,0.883299241834428,0.848175088682041,0.842509127370208,0.778303942860016,0.997451464132225,0.957655447170699,1.130314706135,0.978044520726347,1.11186879055822,0.90821375744624,0.393345104320626,0.36145895150442,0.327560794271469,0.353396960482989,0.343959733943429,0.379529025427766,0.604106359811599,0.596196495666279,0.802753911863528,0.624647560243359,0.767909056614793,0.528684732018475,NA,NA,NA,NA,NA,NA,NA,NA,NA,NA,NA,NA,NA,NA,NA,NA,NA,NA,NA,NA,NA,NA,NA,NA
2087,NA,NA,NA,NA,NA,NA,NA,NA,NA,NA,NA,NA,NA,NA,NA,NA,NA,NA,NA,NA,NA,NA,NA,NA,11.131903545666,11.1758759267425,10.557699785108,9.79803300467963,10.4708898609705,12.9293531634974,0.00058332529185634,-0.0012754418498897,-0.00623340876793144,-0.00210617315128125,-0.00461980183760247,0.0017400527097795,NA,NA,NA,NA,NA,NA,1.28782450427377,1.26603672816694,1.12587341894377,1.18185919272448,1.17717725606185,1.27965531090039,0.776503317557169,0.789866500514459,0.888199315459589,0.846124484334512,0.849489738992592,0.781460438199084,1.00067056266086,0.963237756486165,1.13101117693621,0.979952035551842,1.11211582245675,0.908810683663228,0.393260129962204,0.363237588728842,0.327938634903783,0.353355170957709,0.344378797750056,0.379040588705822,0.607410432698659,0.600000167757323,0.803072542032427,0.626596864594133,0.767737024706694,0.529770094957406,NA,NA,NA,NA,NA,NA,NA,NA,NA,NA,NA,NA,NA,NA,NA,NA,NA,NA,NA,NA,NA,NA,NA,NA
2088,NA,NA,NA,NA,NA,NA,NA,NA,NA,NA,NA,NA,NA,NA,NA,NA,NA,NA,NA,NA,NA,NA,NA,NA,11.1324618656415,11.1748752770384,10.5514133096395,9.79591498097454,10.4662173583098,12.9311514904779,0.000558319975553445,-0.00100064970408553,-0.00628647546849237,-0.0021180237050995,-0.00467250266063424,0.00179832698044535,NA,NA,NA,NA,NA,NA,1.27956473161754,1.26719870048729,1.1185003398708,1.18314908449289,1.16706922790838,1.27498064966839,0.781515757108953,0.789142223406211,0.894054265656739,0.845202023233287,0.856847199880508,0.784325628989031,1.00193973443206,0.966974072088233,1.13041507684433,0.980319555143815,1.11232593312695,0.909323994764393,0.392643524107982,0.364677047098631,0.327941926493404,0.353117552532384,0.344535757145417,0.378472604254331,0.609296210324083,0.602297024989602,0.80247315035093,0.627202002611431,0.767790175981534,0.530851390510061,NA,NA,NA,NA,NA,NA,NA,NA,NA,NA,NA,NA,NA,NA,NA,NA,NA,NA,NA,NA,NA,NA,NA,NA
2089,NA,NA,NA,NA,NA,NA,NA,NA,NA,NA,NA,NA,NA,NA,NA,NA,NA,NA,NA,NA,NA,NA,NA,NA,11.1329774124327,11.1740764550598,10.5450764693967,9.79368499114072,10.4614306136724,12.932970657158,0.000515546791200805,-0.000798821978614583,-0.00633684024281678,-0.00222998983381473,-0.00478674463744788,0.00181916668013393,NA,NA,NA,NA,NA,NA,1.26992024762437,1.26690842683918,1.11059500153762,1.18421565285739,1.15667763154035,1.27032893603258,0.787451024480233,0.789323031416647,0.900418243027832,0.844440788793077,0.864545118477221,0.787197686863015,1.00161902407655,0.970389778881763,1.12897494941854,0.980534360826043,1.11242454520819,0.909497001069786,0.391568805720857,0.365990931407232,0.327642037248273,0.35291356284077,0.344427216155544,0.37779143813087,0.610050218355693,0.604398847474532,0.801332912170269,0.627620797985273,0.767997329052644,0.531705562938916,NA,NA,NA,NA,NA,NA,NA,NA,NA,NA,NA,NA,NA,NA,NA,NA,NA,NA,NA,NA,NA,NA,NA,NA
2090,NA,NA,NA,NA,NA,NA,NA,NA,NA,NA,NA,NA,NA,NA,NA,NA,NA,NA,NA,NA,NA,NA,NA,NA,11.1334479720379,11.1732537855861,10.5387035354415,9.79137680524142,10.4566320755013,12.934726052919,0.000470559605188825,-0.000822669473667048,-0.00637293395523209,-0.00230818589929704,-0.00479853817104647,0.00175539576099659,NA,NA,NA,NA,NA,NA,1.26096370344365,1.26514672867245,1.10333222973012,1.18610592386359,1.14645948731455,1.26607301082174,0.793044238520931,0.790422152100352,0.906345317443145,0.843095022021834,0.872250621208072,0.789843864810729,1.00101470763836,0.973847008570786,1.12743446032193,0.981378665207065,1.11222056500634,0.909739443008551,0.390309538398027,0.367196828700149,0.327167329145297,0.352875618650791,0.344089221182438,0.377077175152495,0.610705169240331,0.606650179870637,0.80026713117663,0.628503046556274,0.768131343823905,0.532662267856057,NA,NA,NA,NA,NA,NA,NA,NA,NA,NA,NA,NA,NA,NA,NA,NA,NA,NA,NA,NA,NA,NA,NA,NA
2091,NA,NA,NA,NA,NA,NA,NA,NA,NA,NA,NA,NA,NA,NA,NA,NA,NA,NA,NA,NA,NA,NA,NA,NA,11.133874097218,11.1724843226523,10.5323908885371,9.78908845053754,10.45195021784,12.9364828285046,0.000426125180107206,-0.000769462933826404,-0.00631264690440325,-0.00228835470388766,-0.00468185766133722,0.00175677558555698,NA,NA,NA,NA,NA,NA,1.25291230628114,1.26208245370921,1.09689792764439,1.18863437670733,1.13696287245169,1.26240737916545,0.798140456428407,0.792341258735546,0.911661855490525,0.841301597527518,0.879536196150053,0.792137321520631,1.00016725759822,0.977218243064037,1.12562210315257,0.982580547857022,1.1114710910278,0.910004066252263,0.388917951016696,0.36828909519269,0.326556579982987,0.352973819945886,0.343527140608479,0.37634711800058,0.611249306581527,0.608929147871347,0.79906552316958,0.629606727911135,0.767943950419321,0.533656948251684,NA,NA,NA,NA,NA,NA,NA,NA,NA,NA,NA,NA,NA,NA,NA,NA,NA,NA,NA,NA,NA,NA,NA,NA
2092,NA,NA,NA,NA,NA,NA,NA,NA,NA,NA,NA,NA,NA,NA,NA,NA,NA,NA,NA,NA,NA,NA,NA,NA,11.1342280539989,11.1719730292281,10.5260112292791,9.7868861497266,10.4473649099848,12.9382698516002,0.000353956780873688,-0.000511293424253267,-0.00637965925796102,-0.00220230081094108,-0.00458530785523692,0.00178702309559675,NA,NA,NA,NA,NA,NA,1.24590775137766,1.25821268969095,1.09121890007499,1.19164710346059,1.12838870712858,1.25951905301337,0.802627641488104,0.794778186703572,0.916406414818587,0.839174615618969,0.886219432791652,0.793953848977134,0.999173970069385,0.9802416039202,1.12378237588831,0.984097940801886,1.11019731850615,0.910283378036811,0.38745334896483,0.369219640794536,0.325861696533328,0.353211083831017,0.342739313561559,0.375630859650645,0.611720621104555,0.611021963125664,0.797920679354981,0.630886856970869,0.767458004944592,0.534652518386166,NA,NA,NA,NA,NA,NA,NA,NA,NA,NA,NA,NA,NA,NA,NA,NA,NA,NA,NA,NA,NA,NA,NA,NA
2093,NA,NA,NA,NA,NA,NA,NA,NA,NA,NA,NA,NA,NA,NA,NA,NA,NA,NA,NA,NA,NA,NA,NA,NA,11.1345700532674,11.1716433906027,10.5196296664908,9.78465567641383,10.442761818855,12.940030924151,0.000341999268544058,-0.000329638625331086,-0.00638156278829527,-0.00223047331276227,-0.00460309112970769,0.00176107255083835,NA,NA,NA,NA,NA,NA,1.24011508698141,1.25353814686621,1.08656735063743,1.19471253258434,1.12091220358945,1.25725662986344,0.806376771396374,0.797741977378154,0.920329512398249,0.837021436308913,0.89213053154185,0.795382562515192,0.998065850149102,0.982770350979833,1.12190039289532,0.985993317525136,1.1085150676314,0.910646383399661,0.385959744947452,0.369915311027139,0.325109672571188,0.353562145137503,0.341762826200824,0.374954998915173,0.61210610520165,0.612855039952695,0.796790720324137,0.632431172387633,0.766752241430578,0.535691384484488,NA,NA,NA,NA,NA,NA,NA,NA,NA,NA,NA,NA,NA,NA,NA,NA,NA,NA,NA,NA,NA,NA,NA,NA
2094,NA,NA,NA,NA,NA,NA,NA,NA,NA,NA,NA,NA,NA,NA,NA,NA,NA,NA,NA,NA,NA,NA,NA,NA,11.1348643950914,11.1713609738008,10.5133024028341,9.7824304880919,10.4381084986431,12.9417801859774,0.000294341823961375,-0.000282416801969276,-0.00632726365672553,-0.00222518832192797,-0.00465332021195408,0.00174926182637947,NA,NA,NA,NA,NA,NA,1.23564576544493,1.24807111513177,1.08311312917178,1.19782465395473,1.11476029498,1.25570482504377,0.809293430176502,0.801236394205325,0.923264590804715,0.834846733783955,0.897053837047487,0.796365499324368,0.996961796150571,0.984845193164503,1.11990419657272,0.988236979174118,1.10650694595761,0.91110482839185,0.384473111398287,0.370362254724724,0.324326882220154,0.354024401129165,0.340642017664014,0.374331906580673,0.612488684752284,0.614482938439779,0.795577314352562,0.634212578044953,0.765864928293592,0.536772921811177,NA,NA,NA,NA,NA,NA,NA,NA,NA,NA,NA,NA,NA,NA,NA,NA,NA,NA,NA,NA,NA,NA,NA,NA
2095,NA,NA,NA,NA,NA,NA,NA,NA,NA,NA,NA,NA,NA,NA,NA,NA,NA,NA,NA,NA,NA,NA,NA,NA,11.1350217335379,11.1710812571143,10.5068590161096,9.78026521000998,10.4333554116324,12.9435130548995,0.000157338446445721,-0.000279716686419462,-0.0064433867245306,-0.00216527808192879,-0.00475308701068222,0.00173286892210101,NA,NA,NA,NA,NA,NA,1.23239203074173,1.24201409062688,1.08062709156663,1.20100428727201,1.10980826283465,1.25484615988544,0.811430109133485,0.805143844620374,0.92538860797045,0.832636494805049,0.901056545971121,0.79691043569141,0.995975524082073,0.986421124095079,1.11798914495337,0.990807457192584,1.10427239839898,0.911657471117305,0.383027331447511,0.370542216848742,0.323518694261915,0.354610894509003,0.33943425410053,0.373766964998518,0.612948192634562,0.615878907246337,0.794470450691453,0.636196562683581,0.764838144298449,0.537890506118787,NA,NA,NA,NA,NA,NA,NA,NA,NA,NA,NA,NA,NA,NA,NA,NA,NA,NA,NA,NA,NA,NA,NA,NA
2096,NA,NA,NA,NA,NA,NA,NA,NA,NA,NA,NA,NA,NA,NA,NA,NA,NA,NA,NA,NA,NA,NA,NA,NA,11.1350199751732,11.1707150816294,10.5003246247798,9.77818566162374,10.4285468699498,12.9451489907865,-1.7583646094721e-06,-0.000366175484980857,-0.00653439132975819,-0.00207954838623969,-0.00480854168257849,0.00163593588702504,NA,NA,NA,NA,NA,NA,1.23033256493506,1.2354502730153,1.07919988600046,1.20414914942213,1.10630753297842,1.25445594916845,0.81278836999066,0.809421489348455,0.926612403292615,0.830461907879021,0.903907792535572,0.797158322428838,0.995204357954713,0.987568593378741,1.11620623275867,0.993654795091377,1.10183428825341,0.912357487276456,0.381673366718664,0.370465107945073,0.322742202935006,0.355301758658155,0.338191461268919,0.373274544123168,0.613530991236049,0.617103485433668,0.793464029823663,0.638353036433221,0.763642826984495,0.539082943153288,NA,NA,NA,NA,NA,NA,NA,NA,NA,NA,NA,NA,NA,NA,NA,NA,NA,NA,NA,NA,NA,NA,NA,NA
2097,NA,NA,NA,NA,NA,NA,NA,NA,NA,NA,NA,NA,NA,NA,NA,NA,NA,NA,NA,NA,NA,NA,NA,NA,11.1349372336914,11.1701946411866,10.4937232300462,9.77619207610747,10.4236492046487,12.946725873277,-8.27414818829197e-05,-0.000520440442771886,-0.00660139473362342,-0.00199358551626716,-0.00489766530108682,0.00157688249047716,NA,NA,NA,NA,NA,NA,1.22961828253052,1.22845852560899,1.07883831352713,1.20716184251474,1.10435988519856,1.25462805791097,0.813260516867097,0.814028295749153,0.926922957278581,0.828389338348214,0.905501923243259,0.797048968970976,0.994716090108411,0.988407025549725,1.11468756266285,0.996706695359938,1.09932804763753,0.913199530012496,0.380466357412833,0.37016950177134,0.322075857690712,0.356055787919549,0.336952875046273,0.372869572355696,0.614249732695578,0.618237523778384,0.792611704972139,0.640650907440388,0.762375172591252,0.5403299576568,NA,NA,NA,NA,NA,NA,NA,NA,NA,NA,NA,NA,NA,NA,NA,NA,NA,NA,NA,NA,NA,NA,NA,NA
2098,NA,NA,NA,NA,NA,NA,NA,NA,NA,NA,NA,NA,NA,NA,NA,NA,NA,NA,NA,NA,NA,NA,NA,NA,11.1348311628156,11.1697732327752,10.4871455394983,9.77425775192736,10.4185760224491,12.9482381070961,-0.000106070875743214,-0.000421408411350299,-0.00657769054792112,-0.00193432418011064,-0.00507318219967345,0.00151223381907784,NA,NA,NA,NA,NA,NA,1.23017118446274,1.22179273117683,1.07979039598986,1.20979963212876,1.10374453816506,1.25533751343341,0.812894995940532,0.818469429783564,0.926105662463576,0.826583157609662,0.906006748321009,0.796598515776808,0.994586706849945,0.988823344445791,1.11346445672469,0.999884049455013,1.09692962027987,0.914217610240894,0.379460326227813,0.369715820308613,0.321566405489634,0.356834502330646,0.335762837086599,0.372551257981105,0.615126380622132,0.619107524137178,0.79189805123506,0.643049547124367,0.761166783193271,0.541666352259789,NA,NA,NA,NA,NA,NA,NA,NA,NA,NA,NA,NA,NA,NA,NA,NA,NA,NA,NA,NA,NA,NA,NA,NA
2099,NA,NA,NA,NA,NA,NA,NA,NA,NA,NA,NA,NA,NA,NA,NA,NA,NA,NA,NA,NA,NA,NA,NA,NA,11.1346437234842,11.1694597649913,10.4805423783704,9.77234809694799,10.4134025217821,12.9496821343043,-0.000187439331407191,-0.000313467783948695,-0.00660316112787562,-0.00190965497936624,-0.00517350066694533,0.00144402720820835,NA,NA,NA,NA,NA,NA,1.23183589631332,1.21583337195791,1.0819719647105,1.21192676505234,1.10461091734172,1.2564692927574,0.811796443822456,0.822481125345043,0.924238365332846,0.825132366770376,0.905296140297558,0.795880970401944,0.994945521381872,0.988858114999933,1.11262821359613,1.0031770996684,1.09473799713676,0.91542450396355,0.378684089713413,0.369131394498884,0.321208116575572,0.357619954725587,0.334666789991411,0.372332301387823,0.616261431668459,0.619726720501049,0.791420097020557,0.645557144942811,0.760071207145346,0.543092202575726,NA,NA,NA,NA,NA,NA,NA,NA,NA,NA,NA,NA,NA,NA,NA,NA,NA,NA,NA,NA,NA,NA,NA,NA
2100,NA,NA,NA,NA,NA,NA,NA,NA,NA,NA,NA,NA,NA,NA,NA,NA,NA,NA,NA,NA,NA,NA,NA,NA,11.134363575481,11.1690237802193,10.473812124786,9.77038563910079,10.408118383131,12.9510503387126,-0.000280148003225733,-0.000435984771947062,-0.00673025358441137,-0.00196245784720617,-0.00528413865117017,0.00136820440833318,NA,NA,NA,NA,NA,NA,1.23459643450609,1.21039468296725,1.08503562590512,1.21344539328739,1.10689108721378,1.25791598432722,0.809981279753215,0.826176795116556,0.921628724555302,0.824099712712135,0.903431251323161,0.794965651489704,0.995804645004798,0.988695241458222,1.11231418749727,1.00659226361032,1.09289724766539,0.916873691891673,0.378138904614858,0.368403461996928,0.321011100050021,0.358377936962751,0.333723493899558,0.372226667926689,0.617665740389939,0.620291779461294,0.791303087447245,0.648214326647565,0.759173753765827,0.544647023964984,NA,NA,NA,NA,NA,NA,NA,NA,NA,NA,NA,NA,NA,NA,NA,NA,NA,NA,NA,NA,NA,NA,NA,NA
1949,NA,NA,NA,NA,NA,7.68982710484003,NA,NA,NA,NA,NA,7.73124839821342,NA,NA,NA,NA,NA,NA,NA,NA,NA,NA,NA,NA,NA,NA,NA,NA,NA,NA,NA,NA,NA,NA,NA,NA,NA,NA,NA,NA,NA,-2.46812852720408,NA,NA,NA,NA,NA,NA,NA,NA,NA,NA,NA,NA,NA,NA,NA,NA,NA,NA,NA,NA,NA,NA,NA,NA,NA,NA,NA,NA,NA,NA,NA,NA,NA,NA,NA,-0.0414212933733955,NA,NA,NA,NA,NA,NA,NA,NA,NA,NA,NA,NA,NA,NA,NA,NA,NA,NA
